Fri May 24 12:35:47 CST 2024
AP0 >> [CLI] Running.

>> Ethernet PHY Tx/Rx is stable
XPCS VR_MII_DIG_STS: 0x00000010
COP PORSR1: 0x4d73d43f
COP PORSR2: 0x9fd7ffff
[INIT] Kernel is ready.
[MP] Running
[MP] Ruqual Starts
[MP] BOARD_CFG State
[SYS] ORAN CP info: e02821f8
[SYS] ORAN UP info: e0282250
Recv socket error! [Errno 100] Network is down
[MP] RF master path is set.
[MP] Center of Channel Bandwidth is 3450720kHz.
[MP] RF Frequency is set to 6901440, unit : 500Hz.
[MP] TX array channel bandwidth = 100 MHz.
[MP] RX array channel bandwidth = 100 MHz.
[RF_MON] Diora if is llcp
[RF_MON] Diora init successfully
[MP] Start Cal Task
[CAL] CAL starts and wait to trigger.
[MP] Board CFG Done
[MP] Idle State
[MP] CMD-SYNC
[MP] SP Starts
[MP] STAT-SYNC
[SP] SP is running
[MP] STAT-SYNC_DONE
[MP] CMD-CALI
[MP] STAT-CALI
[CAL] Start RF Calibration.
[CAL] TX BW index = 1, DPD BW index = 3.
Start to calibrate BB TX BW.
BW calibration done with ftune = 8, Gain difference = 0.3769dB
Start to calibrate BB RX BW.
BW calibration done with ftune = 9, Gain difference = 0.2286dB
Start to calibrate CH_RX RX DC.
Set RX gain to 0x0.
Rx DC value:  421 + -138j in Q13. Rx ADC compensation: -421 +  138j in Q13.
Set RX gain to 0x2.
Rx DC value: -170 +   52j in Q13. Adjust RX coarse DC with I =-16, Q = 16.
Rx DC value:  339 + -433j in Q13. Adjust RX coarse DC with I = -8, Q =  8.
Rx DC value:   83 + -191j in Q13. Adjust RX coarse DC with I = -4, Q =  4.
Rx DC value:  -44 +  -67j in Q13. Adjust RX coarse DC with I = -6, Q =  2.
Rx DC value:   21 +   -7j in Q13. Adjust RX coarse DC with I = -5, Q =  1.
Rx DC value:  -11 +   20j in Q13. Adjust RX fine DC with I =-16, Q = 16.
Rx DC value:    5 +    2j in Q13. Adjust RX fine DC with I = -8, Q = 24.
Rx DC value:   -4 +   -4j in Q13. Adjust RX fine DC with I =-12, Q = 20.
Rx DC value:    1 +    0j in Q13. Adjust RX fine DC with I =-10, Q = 18.
Rx DC value:    0 +    3j in Q13. Adjust RX fine DC with I =-11, Q = 19.
Set RX gain to 0x12.
Rx DC value: -172 +   55j in Q13. Adjust RX coarse DC with I =-16, Q = 16.
Rx DC value:  336 + -433j in Q13. Adjust RX coarse DC with I = -8, Q =  8.
Rx DC value:   81 + -190j in Q13. Adjust RX coarse DC with I = -4, Q =  4.
Rx DC value:  -44 +  -66j in Q13. Adjust RX coarse DC with I = -6, Q =  2.
Rx DC value:   17 +   -7j in Q13. Adjust RX coarse DC with I = -5, Q =  1.
Rx DC value:  -14 +   23j in Q13. Adjust RX fine DC with I =-16, Q = 16.
Rx DC value:    3 +    6j in Q13. Adjust RX fine DC with I = -8, Q = 24.
Rx DC value:   -5 +   -1j in Q13. Adjust RX fine DC with I =-12, Q = 20.
Rx DC value:   -2 +    1j in Q13. Adjust RX fine DC with I =-14, Q = 22.
Rx DC value:    0 +    0j in Q13. Adjust RX fine DC with I =-13, Q = 23.
Set RX gain to 0x22.
Rx DC value: -173 +   53j in Q13. Adjust RX coarse DC with I =-16, Q = 16.
Rx DC value:  333 + -432j in Q13. Adjust RX coarse DC with I = -8, Q =  8.
Rx DC value:   80 + -188j in Q13. Adjust RX coarse DC with I = -4, Q =  4.
Rx DC value:  -45 +  -68j in Q13. Adjust RX coarse DC with I = -6, Q =  2.
Rx DC value:   16 +   -6j in Q13. Adjust RX coarse DC with I = -5, Q =  1.
Rx DC value:  -11 +   23j in Q13. Adjust RX fine DC with I =-16, Q = 16.
Rx DC value:    3 +    5j in Q13. Adjust RX fine DC with I = -8, Q = 24.
Rx DC value:   -7 +   -1j in Q13. Adjust RX fine DC with I =-12, Q = 20.
Rx DC value:    0 +    3j in Q13. Adjust RX fine DC with I =-10, Q = 22.
Rx DC value:   -2 +    0j in Q13. Adjust RX fine DC with I =-11, Q = 21.
Set RX gain to 0x32.
Rx DC value: -172 +   52j in Q13. Adjust RX coarse DC with I =-16, Q = 16.
Rx DC value:  333 + -435j in Q13. Adjust RX coarse DC with I = -8, Q =  8.
Rx DC value:   79 + -190j in Q13. Adjust RX coarse DC with I = -4, Q =  4.
Rx DC value:  -48 +  -67j in Q13. Adjust RX coarse DC with I = -6, Q =  2.
Rx DC value:   15 +   -8j in Q13. Adjust RX coarse DC with I = -5, Q =  1.
Rx DC value:  -15 +   20j in Q13. Adjust RX fine DC with I =-16, Q = 16.
Rx DC value:    3 +    2j in Q13. Adjust RX fine DC with I = -8, Q = 24.
Rx DC value:   -4 +   -6j in Q13. Adjust RX fine DC with I =-12, Q = 20.
Rx DC value:   -1 +    0j in Q13. Adjust RX fine DC with I =-14, Q = 18.
Rx DC value:    1 +    2j in Q13. Adjust RX fine DC with I =-13, Q = 19.
Set RX gain to 0x42.
Rx DC value: -176 +   45j in Q13. Adjust RX coarse DC with I =-16, Q = 16.
Rx DC value:  332 + -440j in Q13. Adjust RX coarse DC with I = -8, Q =  8.
Rx DC value:   78 + -197j in Q13. Adjust RX coarse DC with I = -4, Q =  4.
Rx DC value:  -47 +  -72j in Q13. Adjust RX coarse DC with I = -6, Q =  2.
Rx DC value:   13 +  -12j in Q13. Adjust RX coarse DC with I = -5, Q =  1.
Rx DC value:  -16 +   16j in Q13. Adjust RX fine DC with I =-16, Q = 16.
Rx DC value:    1 +   -1j in Q13. Adjust RX fine DC with I = -8, Q =  8.
Rx DC value:   -7 +    6j in Q13. Adjust RX fine DC with I =-12, Q = 12.
Rx DC value:   -1 +    3j in Q13. Adjust RX fine DC with I =-14, Q = 14.
Rx DC value:    0 +    1j in Q13. Adjust RX fine DC with I =-15, Q = 15.
Set RX gain to 0x52.
Rx DC value: -177 +   42j in Q13. Adjust RX coarse DC with I =-16, Q = 16.
Rx DC value:  329 + -446j in Q13. Adjust RX coarse DC with I = -8, Q =  8.
Rx DC value:   75 + -203j in Q13. Adjust RX coarse DC with I = -4, Q =  4.
Rx DC value:  -50 +  -76j in Q13. Adjust RX coarse DC with I = -6, Q =  2.
Rx DC value:   14 +  -19j in Q13. Adjust RX coarse DC with I = -5, Q =  1.
Rx DC value:  -16 +   11j in Q13. Adjust RX fine DC with I =-16, Q = 16.
Rx DC value:    2 +   -6j in Q13. Adjust RX fine DC with I = -8, Q =  8.
Rx DC value:   -8 +    2j in Q13. Adjust RX fine DC with I =-12, Q = 12.
Rx DC value:   -3 +   -1j in Q13. Adjust RX fine DC with I =-14, Q = 10.
Rx DC value:    0 +   -1j in Q13. Adjust RX fine DC with I =-15, Q =  9.
Set RX gain to 0x62.
Rx DC value: -184 +   30j in Q13. Adjust RX coarse DC with I =-16, Q = 16.
Rx DC value:  325 + -456j in Q13. Adjust RX coarse DC with I = -8, Q =  8.
Rx DC value:   71 + -211j in Q13. Adjust RX coarse DC with I = -4, Q =  4.
Rx DC value:  -56 +  -88j in Q13. Adjust RX coarse DC with I = -6, Q =  2.
Rx DC value:    8 +  -26j in Q13. Adjust RX coarse DC with I = -5, Q =  1.
Rx DC value:  -22 +    2j in Q13. Adjust RX fine DC with I =-16, Q = 16.
Rx DC value:   -4 +  -15j in Q13. Adjust RX fine DC with I =-24, Q =  8.
Rx DC value:    5 +   -7j in Q13. Adjust RX fine DC with I =-20, Q =  4.
Rx DC value:   -1 +   -3j in Q13. Adjust RX fine DC with I =-22, Q =  2.
Rx DC value:    0 +    0j in Q13. Adjust RX fine DC with I =-21, Q =  1.
Set RX gain to 0x72.
Rx DC value: -193 +   13j in Q13. Adjust RX coarse DC with I =-16, Q = 16.
Rx DC value:  312 + -474j in Q13. Adjust RX coarse DC with I = -8, Q =  8.
Rx DC value:   60 + -229j in Q13. Adjust RX coarse DC with I = -4, Q =  4.
Rx DC value:  -69 + -107j in Q13. Adjust RX coarse DC with I = -6, Q =  2.
Rx DC value:   -2 +  -48j in Q13. Adjust RX coarse DC with I = -7, Q =  1.
Rx DC value:   26 +  -17j in Q13. Adjust RX fine DC with I = 16, Q =-16.
Rx DC value:    8 +    0j in Q13. Adjust RX fine DC with I = 24, Q = -8.
Rx DC value:   -2 +  -11j in Q13. Adjust RX fine DC with I = 20, Q =-12.
Rx DC value:    5 +   -4j in Q13. Adjust RX fine DC with I = 22, Q =-14.
Rx DC value:    2 +   -1j in Q13. Adjust RX fine DC with I = 23, Q =-15.
Rx DC Calibration done.
Start to calibrate CH_TX RX DC.
Set RX gain to 0x5.
Rx DC value: -262 +  -57j in Q13. Adjust RX coarse DC with I =-16, Q =-16.
Rx DC value:  958 + 1097j in Q13. Adjust RX coarse DC with I = -8, Q = -8.
Rx DC value:  348 +  521j in Q13. Adjust RX coarse DC with I = -4, Q = -4.
Rx DC value:   37 +  234j in Q13. Adjust RX coarse DC with I = -2, Q = -2.
Rx DC value: -114 +   84j in Q13. Adjust RX coarse DC with I = -3, Q = -1.
Rx DC value:  -38 +   11j in Q13. Adjust RX fine DC with I =-16, Q = 16.
Rx DC value:    4 +  -27j in Q13. Adjust RX fine DC with I = -8, Q =  8.
Rx DC value:  -14 +   -8j in Q13. Adjust RX fine DC with I =-12, Q =  4.
Rx DC value:   -4 +    0j in Q13. Adjust RX fine DC with I =-14, Q =  6.
Rx DC value:    1 +   -6j in Q13. Adjust RX fine DC with I =-13, Q =  5.
Set RX gain to 0x15.
Rx DC value: -264 +  -57j in Q13. Adjust RX coarse DC with I =-16, Q =-16.
Rx DC value:  957 + 1100j in Q13. Adjust RX coarse DC with I = -8, Q = -8.
Rx DC value:  346 +  522j in Q13. Adjust RX coarse DC with I = -4, Q = -4.
Rx DC value:   35 +  235j in Q13. Adjust RX coarse DC with I = -2, Q = -2.
Rx DC value: -114 +   85j in Q13. Adjust RX coarse DC with I = -3, Q = -1.
Rx DC value:  -39 +   10j in Q13. Adjust RX fine DC with I =-16, Q = 16.
Rx DC value:    2 +  -30j in Q13. Adjust RX fine DC with I = -8, Q =  8.
Rx DC value:  -19 +  -11j in Q13. Adjust RX fine DC with I =-12, Q =  4.
Rx DC value:   -7 +   -1j in Q13. Adjust RX fine DC with I =-14, Q =  2.
Rx DC value:   -4 +    5j in Q13. Adjust RX fine DC with I =-15, Q =  3.
Set RX gain to 0x25.
Rx DC value: -265 +  -62j in Q13. Adjust RX coarse DC with I =-16, Q =-16.
Rx DC value:  958 + 1094j in Q13. Adjust RX coarse DC with I = -8, Q = -8.
Rx DC value:  344 +  518j in Q13. Adjust RX coarse DC with I = -4, Q = -4.
Rx DC value:   36 +  228j in Q13. Adjust RX coarse DC with I = -2, Q = -2.
Rx DC value: -114 +   80j in Q13. Adjust RX coarse DC with I = -3, Q = -1.
Rx DC value:  -38 +   10j in Q13. Adjust RX fine DC with I =-16, Q = 16.
Rx DC value:    1 +  -31j in Q13. Adjust RX fine DC with I = -8, Q =  8.
Rx DC value:  -16 +  -14j in Q13. Adjust RX fine DC with I =-12, Q =  4.
Rx DC value:   -7 +   -3j in Q13. Adjust RX fine DC with I =-14, Q =  2.
Rx DC value:   -2 +    2j in Q13. Adjust RX fine DC with I =-15, Q =  3.
Set RX gain to 0x35.
Rx DC value: -267 +  -63j in Q13. Adjust RX coarse DC with I =-16, Q =-16.
Rx DC value:  959 + 1090j in Q13. Adjust RX coarse DC with I = -8, Q = -8.
Rx DC value:  344 +  513j in Q13. Adjust RX coarse DC with I = -4, Q = -4.
Rx DC value:   37 +  224j in Q13. Adjust RX coarse DC with I = -2, Q = -2.
Rx DC value: -115 +   77j in Q13. Adjust RX coarse DC with I = -3, Q = -1.
Rx DC value:  -40 +    6j in Q13. Adjust RX fine DC with I =-16, Q = 16.
Rx DC value:    1 +  -33j in Q13. Adjust RX fine DC with I = -8, Q =  8.
Rx DC value:  -18 +  -13j in Q13. Adjust RX fine DC with I =-12, Q =  4.
Rx DC value:   -8 +   -4j in Q13. Adjust RX fine DC with I =-14, Q =  2.
Rx DC value:   -2 +    0j in Q13. Adjust RX fine DC with I =-15, Q =  3.
Set RX gain to 0x45.
Rx DC value: -266 +  -69j in Q13. Adjust RX coarse DC with I =-16, Q =-16.
Rx DC value:  957 + 1084j in Q13. Adjust RX coarse DC with I = -8, Q = -8.
Rx DC value:  344 +  509j in Q13. Adjust RX coarse DC with I = -4, Q = -4.
Rx DC value:   35 +  218j in Q13. Adjust RX coarse DC with I = -2, Q = -2.
Rx DC value: -115 +   71j in Q13. Adjust RX coarse DC with I = -3, Q = -1.
Rx DC value:  -40 +   -2j in Q13. Adjust RX fine DC with I =-16, Q =-16.
Rx DC value:    3 +   38j in Q13. Adjust RX fine DC with I = -8, Q = -8.
Rx DC value:  -18 +   18j in Q13. Adjust RX fine DC with I =-12, Q = -4.
Rx DC value:   -7 +    9j in Q13. Adjust RX fine DC with I =-14, Q = -2.
Rx DC value:   -1 +    3j in Q13. Adjust RX fine DC with I =-15, Q = -1.
Set RX gain to 0x55.
Rx DC value: -270 +  -81j in Q13. Adjust RX coarse DC with I =-16, Q =-16.
Rx DC value:  954 + 1072j in Q13. Adjust RX coarse DC with I = -8, Q = -8.
Rx DC value:  340 +  496j in Q13. Adjust RX coarse DC with I = -4, Q = -4.
Rx DC value:   32 +  207j in Q13. Adjust RX coarse DC with I = -2, Q = -2.
Rx DC value: -121 +   61j in Q13. Adjust RX coarse DC with I = -3, Q = -1.
Rx DC value:  -48 +  -12j in Q13. Adjust RX fine DC with I =-16, Q =-16.
Rx DC value:   -2 +   27j in Q13. Adjust RX fine DC with I =-24, Q = -8.
Rx DC value:   19 +    5j in Q13. Adjust RX fine DC with I =-20, Q = -4.
Rx DC value:    9 +   -3j in Q13. Adjust RX fine DC with I =-18, Q = -6.
Rx DC value:    3 +    4j in Q13. Adjust RX fine DC with I =-17, Q = -5.
Set RX gain to 0x65.
Rx DC value: -295 + -116j in Q13. Adjust RX coarse DC with I =-16, Q =-16.
Rx DC value:  930 + 1033j in Q13. Adjust RX coarse DC with I = -8, Q = -8.
Rx DC value:  316 +  459j in Q13. Adjust RX coarse DC with I = -4, Q = -4.
Rx DC value:    7 +  170j in Q13. Adjust RX coarse DC with I = -2, Q = -2.
Rx DC value: -143 +   25j in Q13. Adjust RX coarse DC with I = -3, Q = -1.
Rx DC value:  -70 +  -46j in Q13. Adjust RX fine DC with I =-16, Q =-16.
Rx DC value:  -26 +   -7j in Q13. Adjust RX fine DC with I =-24, Q =-24.
Rx DC value:   -5 +   12j in Q13. Adjust RX fine DC with I =-28, Q =-20.
Rx DC value:    4 +    2j in Q13. Adjust RX fine DC with I =-26, Q =-18.
Rx DC value:    0 +   -4j in Q13. Adjust RX fine DC with I =-27, Q =-19.
Set RX gain to 0x75.
Rx DC value: -331 + -174j in Q13. Adjust RX coarse DC with I =-16, Q =-16.
Rx DC value:  892 +  969j in Q13. Adjust RX coarse DC with I = -8, Q = -8.
Rx DC value:  279 +  399j in Q13. Adjust RX coarse DC with I = -4, Q = -4.
Rx DC value:  -28 +  110j in Q13. Adjust RX coarse DC with I = -6, Q = -2.
Rx DC value:  123 +  -36j in Q13. Adjust RX coarse DC with I = -5, Q = -3.
Rx DC value:   48 +   35j in Q13. Adjust RX fine DC with I = 16, Q = 16.
Rx DC value:    1 +    0j in Q13. Adjust RX fine DC with I = 24, Q =  8.
Rx DC value:  -18 +   17j in Q13. Adjust RX fine DC with I = 20, Q = 12.
Rx DC value:   -6 +    4j in Q13. Adjust RX fine DC with I = 18, Q = 14.
Rx DC value:   -3 +    1j in Q13. Adjust RX fine DC with I = 17, Q = 15.
Rx DC Calibration done.
Start to calibrate TX IQMM.
Image power =   354012 dB, IRR =  -206737 with Q scale = 7372 in Q13.
Image power =   339581 dB, IRR =  -227364 with Q scale = 9011 in Q13.
Image power =   189949 dB, IRR =  -373779 with Q scale = 8191 in Q13.
Image power =   284009 dB, IRR =  -281273 with Q scale = 8601 in Q13.
Image power =   224669 dB, IRR =  -339828 with Q scale = 8396 in Q13.
Image power =   165215 dB, IRR =  -398850 with Q scale = 8294 in Q13.
Image power =   158585 dB, IRR =  -405221 with Q scale = 8243 in Q13.
Image power =   147793 dB, IRR =  -416033 with Q scale = 8268 in Q13.
Image power =   150288 dB, IRR =  -413599 with Q scale = 8255 in Q13.
Image power =   152800 dB, IRR =  -411188 with Q scale = 8262 in Q13.
TxIQMM with Gain_I =     8115, Gain_Q = 8192 ratio =      332 dB in Q13.
Start to calibrate TX LOL.
Set RX gain to 0x2.
Tx LOL PWR =       52 dB with LOL compensation -1638 +    0j in Q13.
Tx LOL PWR =       52 dB with LOL compensation 1638 +    0j in Q13.
Tx LOL PWR =       19 dB with LOL compensation    0 +    0j in Q13.
Tx LOL PWR =       46 dB with LOL compensation -819 +    0j in Q13.
Tx LOL PWR =       40 dB with LOL compensation -409 +    0j in Q13.
Tx LOL PWR =       34 dB with LOL compensation -204 +    0j in Q13.
Tx LOL PWR =       28 dB with LOL compensation -102 +    0j in Q13.
Tx LOL PWR =       22 dB with LOL compensation  -51 +    0j in Q13.
Tx LOL PWR =       19 dB with LOL compensation  -25 +    0j in Q13.
Tx LOL PWR =       19 dB with LOL compensation  -12 +    0j in Q13.
Tx LOL PWR =       19 dB with LOL compensation   -6 +    0j in Q13.
Tx LOL PWR =       19 dB with LOL compensation   -9 +    0j in Q13.
Tx LOL PWR =       52 dB with LOL compensation   -9 + -1638j in Q13.
Tx LOL PWR =       51 dB with LOL compensation   -9 + 1638j in Q13.
Tx LOL PWR =       18 dB with LOL compensation   -9 +    0j in Q13.
Tx LOL PWR =       46 dB with LOL compensation   -9 +  819j in Q13.
Tx LOL PWR =       39 dB with LOL compensation   -9 +  409j in Q13.
Tx LOL PWR =       33 dB with LOL compensation   -9 +  204j in Q13.
Tx LOL PWR =       25 dB with LOL compensation   -9 +  102j in Q13.
Tx LOL PWR =       13 dB with LOL compensation   -9 +   51j in Q13.
Tx LOL PWR =        8 dB with LOL compensation   -9 +   25j in Q13.
Tx LOL PWR =        3 dB with LOL compensation   -9 +   38j in Q13.
Tx LOL PWR =        0 dB with LOL compensation   -9 +   32j in Q13.
Tx LOL PWR =        1 dB with LOL compensation   -9 +   35j in Q13.
Tx LOL PWR =        1 dB with LOL compensation   -9 +   33j in Q13.
Tx LOL PWR =        1 dB with LOL compensation   -9 +   32j in Q13.
Tx LOL PWR =        2 dB with LOL compensation   -9 +   32j in Q13.
Tx LOL PWR =       52 dB with LOL compensation -1638 +   32j in Q13.
Tx LOL PWR =       52 dB with LOL compensation 1638 +   32j in Q13.
Tx LOL PWR =       11 dB with LOL compensation    0 +   32j in Q13.
Tx LOL PWR =       46 dB with LOL compensation -819 +   32j in Q13.
Tx LOL PWR =       40 dB with LOL compensation -409 +   32j in Q13.
Tx LOL PWR =       34 dB with LOL compensation -204 +   32j in Q13.
Tx LOL PWR =       27 dB with LOL compensation -102 +   32j in Q13.
Tx LOL PWR =       19 dB with LOL compensation  -51 +   32j in Q13.
Tx LOL PWR =        9 dB with LOL compensation  -25 +   32j in Q13.
Tx LOL PWR =       -9 dB with LOL compensation  -12 +   32j in Q13.
Tx LOL PWR =        1 dB with LOL compensation  -19 +   32j in Q13.
Tx LOL PWR =       -6 dB with LOL compensation  -15 +   32j in Q13.
Tx LOL PWR =       -6 dB with LOL compensation  -14 +   32j in Q13.
Tx LOL PWR =       52 dB with LOL compensation  -14 + -1638j in Q13.
Tx LOL PWR =       51 dB with LOL compensation  -14 + 1638j in Q13.
Tx LOL PWR =       18 dB with LOL compensation  -14 +    0j in Q13.
Tx LOL PWR =       46 dB with LOL compensation  -14 +  819j in Q13.
Tx LOL PWR =       39 dB with LOL compensation  -14 +  409j in Q13.
Tx LOL PWR =       33 dB with LOL compensation  -14 +  204j in Q13.
Tx LOL PWR =       24 dB with LOL compensation  -14 +  102j in Q13.
Tx LOL PWR =       12 dB with LOL compensation  -14 +   51j in Q13.
Tx LOL PWR =        6 dB with LOL compensation  -14 +   25j in Q13.
Tx LOL PWR =        4 dB with LOL compensation  -14 +   38j in Q13.
Tx LOL PWR =       -6 dB with LOL compensation  -14 +   32j in Q13.
Tx LOL PWR =       -6 dB with LOL compensation  -14 +   35j in Q13.
Tx LOL PWR =       -4 dB with LOL compensation  -14 +   33j in Q13.
Tx LOL calibration done with LOL compensation  -14 +   33j in Q13.
Start to calibrate TX Power, DL gain from M-plane is 240000.
Target AUX value:  589, Init TX RF gain is 0, fine gain is 0 dB in Q13
Current AUX Value:   43. Adjust TX RF gain to  8, fine gain to      0 dB in Q13
Current AUX Value:  108. Adjust TX RF gain to 13, fine gain to      0 dB in Q13
Current AUX Value:  347. Adjust TX RF gain to 14, fine gain to      0 dB in Q13
Current AUX Value:  432. Adjust TX RF gain to 15, fine gain to      0 dB in Q13
Current AUX Value:  557. Adjust TX RF gain to 16, fine gain to      0 dB in Q13
Current AUX Value:  701. Adjust TX RF gain to 16, fine gain to -11900 dB in Q13
Current AUX Value:  588. Adjust TX RF gain to 16, fine gain to -11871 dB in Q13
Current AUX Value:  589. Adjust TX RF gain to 16, fine gain to -11871 dB in Q13
Current AUX Value:  588. Adjust TX RF gain to 16, fine gain to -11842 dB in Q13
Current AUX Value:  588. Adjust TX RF gain to 16, fine gain to -11813 dB in Q13
Current AUX Value:  589. Adjust TX RF gain to 16, fine gain to -11813 dB in Q13
Current AUX Value:  589. Adjust TX RF gain to 16, fine gain to -11813 dB in Q13
Current AUX Value:  589. Adjust TX RF gain to 16, fine gain to -11813 dB in Q13
Current AUX Value:  589. Adjust TX RF gain to 16, fine gain to -11813 dB in Q13
Current AUX Value:  589. Adjust TX RF gain to 16, fine gain to -11813 dB in Q13
Current AUX Value:  589. Adjust TX RF gain to 16, fine gain to -11813 dB in Q13
TX Power calibration is done.
Enter concurrent calibration mode
DPD training start.
DPD enabled, set TX ftune to 0, RX ftune to 9.
Set TX gain to 16.
Set RX gain to 0x3.
DPD struct = 6, InBand Weighting = 1, CFR regrowth drop = 0, MP 1st ord = 0.
DPD training RX PAPR = 15. 0.
DPD Npolys = 4, Taps = 27, is odd = 0, group delay = 0.
DPD polynomial 0, order = 7, input delay = 0, norm delay = 0
DPD polynomial 1, order = 7, input delay = 1, norm delay = 1
DPD polynomial 2, order = 7, input delay = 0, norm delay = 1
DPD polynomial 3, order = 6, input delay = 0, norm delay = 2
CFR on for DPD with 0 dB margin in Q13. beta = 8192 in Q13.
Rx PAPR = 21.49 in DPD loop back with target gain difference = 6.49 dB.
Adjust RX gain to 0x13.
Rx PAPR = 16.22 in DPD loop back with target gain difference = 1.22 dB.
RX gain adjustment done. Calculate delay.
DPD path delay = 27.76 in samples under 2x sampling rate.
TX dump delay =  72, RX dump delay =  64.
DPD fractional delay = 3776 in Q13.
measured left ACLR = 33.23, right ACLR = 29.70 at 0th iteration.
Q matrix is not positive definite. Increase diagonal term.
Q matrix is not positive definite. Increase diagonal term.
TX fine gain = -6461 dB in Q13. Set comp_gain = -5351 dB in Q13. 
a[ 0] =     2139 +   -31593j, tho[ 0] =     -497 +    13046j in Q13.
a[ 1] =   -16697 +    64926j, tho[ 1] =     -208 +    16619j in Q13.
a[ 2] =    24401 +     3322j, tho[ 2] =      108 +    21578j in Q13.
a[ 3] =      481 +  -108770j, tho[ 3] =      367 +    28423j in Q13.
a[ 4] =   -17294 +   114530j, tho[ 4] =      342 +    37467j in Q13.
a[ 5] =     6934 +   -52880j, tho[ 5] =     -412 +    47485j in Q13.
a[ 6] =     -513 +     9363j, tho[ 6] =    -2205 +    49795j in Q13.
a[ 7] =     4266 +    10849j, tho[ 7] =    -6331 +     8693j in Q13.
a[ 8] =   -17740 +   -17495j, tho[ 8] =    -7328 +    11297j in Q13.
a[ 9] =     4089 +    10517j, tho[ 9] =    -8673 +    14965j in Q13.
a[10] =    42209 +   -18557j, tho[10] =   -10497 +    20106j in Q13.
a[11] =   -55711 +    26159j, tho[11] =   -12897 +    27024j in Q13.
a[12] =    28768 +   -13374j, tho[12] =   -15558 +    34915j in Q13.
a[13] =    -6914 +     2572j, tho[13] =   -15950 +    37352j in Q13.
a[14] =    15850 +   -12781j, tho[14] =    -5432 +     9313j in Q13.
a[15] =   -27741 +    12990j, tho[15] =    -6157 +    12305j in Q13.
a[16] =     2018 +    21162j, tho[16] =    -7116 +    16635j in Q13.
a[17] =    26317 +   -37433j, tho[17] =    -8407 +    22939j in Q13.
a[18] =   -23578 +    24989j, tho[18] =   -10128 +    31920j in Q13.
a[19] =     7891 +    -9759j, tho[19] =   -12156 +    43311j in Q13.
a[20] =      864 +     1209j, tho[20] =   -12858 +    49945j in Q13.
a[21] =     4674 +    -5066j, tho[21] =    -7218 +     4446j in Q13.
a[22] =    -9656 +    17312j, tho[22] =    -8918 +     6162j in Q13.
a[23] =     3132 +   -22289j, tho[23] =   -11193 +     9035j in Q13.
a[24] =     4560 +    12837j, tho[24] =   -14158 +    13945j in Q13.
a[25] =    -2674 +    -4630j, tho[25] =   -17556 +    22026j in Q13.
a[26] =      444 +      682j, tho[26] =   -18902 +    31309j in Q13.
Power of tho  =       25.33 dB.
Current AUX Value:  587. Adjust TX RF gain to 16, fine gain to  -6401 dB in Q13
measured left ACLR = 38.20, right ACLR = 36.61 at 1th iteration.
TX fine gain = -3561 dB in Q13. Set comp_gain = -8192 dB in Q13. 
a[ 0] =    14927 +   -25354j, tho[ 0] =     2606 +     3961j in Q13.
a[ 1] =   -47046 +    49799j, tho[ 1] =     3285 +     4911j in Q13.
a[ 2] =    38617 +    12403j, tho[ 2] =     4116 +     6234j in Q13.
a[ 3] =    22253 +  -107264j, tho[ 3] =     5056 +     8073j in Q13.
a[ 4] =   -45832 +   112190j, tho[ 4] =     5914 +    10528j in Q13.
a[ 5] =    18781 +   -52021j, tho[ 5] =     6135 +    13332j in Q13.
a[ 6] =    -1909 +     9475j, tho[ 6] =     4466 +    14373j in Q13.
a[ 7] =     7774 +     8433j, tho[ 7] =      -33 +     5131j in Q13.
a[ 8] =   -19886 +    -2965j, tho[ 8] =      296 +     6691j in Q13.
a[ 9] =    -7021 +     3834j, tho[ 9] =      716 +     8908j in Q13.
a[10] =    61473 +   -47597j, tho[10] =     1195 +    12042j in Q13.
a[11] =   -70956 +    64978j, tho[11] =     1609 +    16294j in Q13.
a[12] =    36030 +   -31377j, tho[12] =     1618 +    21222j in Q13.
a[13] =    -8722 +     5700j, tho[13] =      601 +    23089j in Q13.
a[14] =     6828 +   -21417j, tho[14] =      375 +     4902j in Q13.
a[15] =   -22176 +    15827j, tho[15] =      839 +     6400j in Q13.
a[16] =    16003 +    33941j, tho[16] =     1458 +     8539j in Q13.
a[17] =    23823 +   -36980j, tho[17] =     2232 +    11590j in Q13.
a[18] =   -38826 +    13376j, tho[18] =     3052 +    15782j in Q13.
a[19] =    15429 +    -5674j, tho[19] =     3513 +    20761j in Q13.
a[20] =       90 +       98j, tho[20] =     2579 +    22988j in Q13.
a[21] =    10037 +   -11075j, tho[21] =    -1422 +     4556j in Q13.
a[22] =   -16315 +    34655j, tho[22] =    -1514 +     6221j in Q13.
a[23] =    -1799 +   -41698j, tho[23] =    -1544 +     8767j in Q13.
a[24] =    14879 +    22717j, tho[24] =    -1439 +    12676j in Q13.
a[25] =    -6917 +    -6734j, tho[25] =    -1120 +    18321j in Q13.
a[26] =     1377 +      832j, tho[26] =     -691 +    23508j in Q13.
Power of tho  =       18.77 dB.
Current AUX Value:  597. Adjust TX RF gain to 16, fine gain to  -3789 dB in Q13
Current AUX Value:  596. Adjust TX RF gain to 16, fine gain to  -3989 dB in Q13
measured left ACLR = 40.66, right ACLR = 40.40 at 2th iteration.
TX fine gain = -3989 dB in Q13. Set comp_gain = -8192 dB in Q13. 
a[ 0] =    29518 +    -8703j, tho[ 0] =     1246 +     -327j in Q13.
a[ 1] =   -76298 +    13342j, tho[ 1] =     1510 +     -402j in Q13.
a[ 2] =    44986 +    26018j, tho[ 2] =     1818 +     -486j in Q13.
a[ 3] =    44205 +   -83526j, tho[ 3] =     2145 +     -563j in Q13.
a[ 4] =   -64503 +    85680j, tho[ 4] =     2410 +     -591j in Q13.
a[ 5] =    24842 +   -41152j, tho[ 5] =     2400 +     -462j in Q13.
a[ 6] =    -2564 +     7753j, tho[ 6] =     1704 +       99j in Q13.
a[ 7] =    19730 +     5097j, tho[ 7] =      926 +     1704j in Q13.
a[ 8] =   -42344 +    11492j, tho[ 8] =     1468 +     2259j in Q13.
a[ 9] =    -1250 +    -3543j, tho[ 9] =     2163 +     3071j in Q13.
a[10] =    77082 +   -67413j, tho[10] =     3001 +     4262j in Q13.
a[11] =   -88017 +    91653j, tho[11] =     3871 +     5955j in Q13.
a[12] =    43871 +   -43881j, tho[12] =     4386 +     8059j in Q13.
a[13] =   -10265 +     7869j, tho[13] =     3544 +     9221j in Q13.
a[14] =    -1539 +   -18027j, tho[14] =      971 +     1353j in Q13.
a[15] =   -21552 +     1515j, tho[15] =     1511 +     1769j in Q13.
a[16] =    42835 +    41907j, tho[16] =     2200 +     2369j in Q13.
a[17] =     4091 +   -23159j, tho[17] =     3027 +     3231j in Q13.
a[18] =   -42588 +    -2520j, tho[18] =     3865 +     4411j in Q13.
a[19] =    19640 +     -252j, tho[19] =     4295 +     5777j in Q13.
a[20] =     -402 +     -663j, tho[20] =     3312 +     6298j in Q13.
a[21] =     9802 +   -14230j, tho[21] =      593 +     2613j in Q13.
a[22] =   -12672 +    39680j, tho[22] =     1027 +     3466j in Q13.
a[23] =   -10763 +   -41237j, tho[23] =     1667 +     4732j in Q13.
a[24] =    23336 +    18497j, tho[24] =     2557 +     6595j in Q13.
a[25] =    -9955 +    -4496j, tho[25] =     3582 +     9129j in Q13.
a[26] =     1889 +      186j, tho[26] =     3893 +    11151j in Q13.
Power of tho  =       10.86 dB.
Current AUX Value:  595. Adjust TX RF gain to 16, fine gain to  -4160 dB in Q13
measured left ACLR = 42.87, right ACLR = 41.29 at 3th iteration.
TX fine gain = -4160 dB in Q13. Set comp_gain = -8192 dB in Q13. 
a[ 0] =    47672 +     4423j, tho[ 0] =      346 +     -818j in Q13.
a[ 1] =  -113175 +   -15145j, tho[ 1] =      263 +    -1069j in Q13.
a[ 2] =    54350 +    31698j, tho[ 2] =      134 +    -1401j in Q13.
a[ 3] =    68626 +   -52675j, tho[ 3] =      -58 +    -1830j in Q13.
a[ 4] =   -84574 +    53385j, tho[ 4] =     -323 +    -2341j in Q13.
a[ 5] =    30830 +   -28128j, tho[ 5] =     -634 +    -2799j in Q13.
a[ 6] =    -3394 +     5554j, tho[ 6] =     -788 +    -2558j in Q13.
a[ 7] =    23715 +    14331j, tho[ 7] =      861 +       63j in Q13.
a[ 8] =   -44378 +   -11423j, tho[ 8] =     1150 +       84j in Q13.
a[ 9] =   -11852 +    21039j, tho[ 9] =     1508 +      145j in Q13.
a[10] =    94698 +   -87050j, tho[10] =     1922 +      289j in Q13.
a[11] =   -99751 +   105265j, tho[11] =     2315 +      588j in Q13.
a[12] =    47692 +   -49886j, tho[12] =     2462 +     1130j in Q13.
a[13] =   -10748 +     8890j, tho[13] =     1831 +     1818j in Q13.
a[14] =    -7761 +    -8245j, tho[14] =      843 +     -126j in Q13.
a[15] =   -16134 +   -24584j, tho[15] =     1080 +     -186j in Q13.
a[16] =    49310 +    59990j, tho[16] =     1354 +     -253j in Q13.
a[17] =     -261 +   -18047j, tho[17] =     1632 +     -317j in Q13.
a[18] =   -48111 +   -12747j, tho[18] =     1814 +     -360j in Q13.
a[19] =    23612 +     4176j, tho[19] =     1663 +     -349j in Q13.
a[20] =     -947 +    -1179j, tho[20] =      814 +     -198j in Q13.
a[21] =     2644 +   -19750j, tho[21] =      886 +      749j in Q13.
a[22] =    10568 +    53949j, tho[22] =     1281 +      980j in Q13.
a[23] =   -39782 +   -54004j, tho[23] =     1797 +     1317j in Q13.
a[24] =    41086 +    22992j, tho[24] =     2402 +     1808j in Q13.
a[25] =   -15361 +    -5138j, tho[25] =     2898 +     2480j in Q13.
a[26] =     2597 +      -27j, tho[26] =     2579 +     3083j in Q13.
Power of tho  =        2.46 dB.
Current AUX Value:  599. Adjust TX RF gain to 16, fine gain to  -4445 dB in Q13
Current AUX Value:  596. Adjust TX RF gain to 16, fine gain to  -4645 dB in Q13
measured left ACLR = 43.56, right ACLR = 42.35 at 4th iteration.
TX fine gain = -4645 dB in Q13. Set comp_gain = -8192 dB in Q13. 
a[ 0] =    55522 +    10569j, tho[ 0] =      262 +     -198j in Q13.
a[ 1] =  -129100 +   -31201j, tho[ 1] =       77 +     -261j in Q13.
a[ 2] =    55849 +    44561j, tho[ 2] =     -167 +     -363j in Q13.
a[ 3] =    82439 +   -50424j, tho[ 3] =     -474 +     -525j in Q13.
a[ 4] =   -93498 +    43663j, tho[ 4] =     -822 +     -774j in Q13.
a[ 5] =    32455 +   -22776j, tho[ 5] =    -1115 +    -1099j in Q13.
a[ 6] =    -3501 +     4506j, tho[ 6] =    -1062 +    -1222j in Q13.
a[ 7] =    36288 +    21707j, tho[ 7] =      754 +     -362j in Q13.
a[ 8] =   -59138 +   -24448j, tho[ 8] =      803 +     -439j in Q13.
a[ 9] =   -15784 +    21815j, tho[ 9] =      853 +     -532j in Q13.
a[10] =    99067 +   -74723j, tho[10] =      887 +     -630j in Q13.
a[11] =   -94977 +    94031j, tho[11] =      871 +     -694j in Q13.
a[12] =    44041 +   -45624j, tho[12] =      727 +     -636j in Q13.
a[13] =   -10028 +     8007j, tho[13] =      337 +     -272j in Q13.
a[14] =   -23537 +     4009j, tho[14] =      692 +     -387j in Q13.
a[15] =     4406 +   -48274j, tho[15] =      696 +     -478j in Q13.
a[16] =    49985 +    59605j, tho[16] =      677 +     -597j in Q13.
a[17] =    -2120 +     8373j, tho[17] =      609 +     -745j in Q13.
a[18] =   -56381 +   -31241j, tho[18] =      443 +     -911j in Q13.
a[19] =    29255 +     8903j, tho[19] =      114 +    -1053j in Q13.
a[20] =    -1948 +    -1394j, tho[20] =     -352 +     -986j in Q13.
a[21] =    -4078 +   -14561j, tho[21] =      677 +     -381j in Q13.
a[22] =    27984 +    40001j, tho[22] =      875 +     -414j in Q13.
a[23] =   -56342 +   -38984j, tho[23] =     1100 +     -440j in Q13.
a[24] =    48762 +    14964j, tho[24] =     1299 +     -432j in Q13.
a[25] =   -17681 +    -3090j, tho[25] =     1310 +     -329j in Q13.
a[26] =     3044 +     -340j, tho[26] =      771 +       -8j in Q13.
Power of tho  =       -3.97 dB.
Current AUX Value:  593. Adjust TX RF gain to 16, fine gain to  -4758 dB in Q13
measured left ACLR = 43.29, right ACLR = 42.99 at 5th iteration.
TX fine gain = -4758 dB in Q13. Set comp_gain = -8192 dB in Q13. 
a[ 0] =    60003 +     5316j, tho[ 0] =     -304 +     -341j in Q13.
a[ 1] =  -137677 +   -24133j, tho[ 1] =     -361 +     -307j in Q13.
a[ 2] =    60285 +    49101j, tho[ 2] =     -424 +     -267j in Q13.
a[ 3] =    81708 +   -57988j, tho[ 3] =     -480 +     -231j in Q13.
a[ 4] =   -91905 +    42068j, tho[ 4] =     -497 +     -221j in Q13.
a[ 5] =    30905 +   -18999j, tho[ 5] =     -408 +     -267j in Q13.
a[ 6] =    -3174 +     3324j, tho[ 6] =     -127 +     -311j in Q13.
a[ 7] =    52854 +    14729j, tho[ 7] =       13 +     -140j in Q13.
a[ 8] =   -88400 +   -16021j, tho[ 8] =       -6 +     -187j in Q13.
a[ 9] =   -12793 +    27665j, tho[ 9] =      -37 +     -238j in Q13.
a[10] =   122465 +   -87643j, tho[10] =      -82 +     -285j in Q13.
a[11] =  -112431 +   101059j, tho[11] =     -137 +     -305j in Q13.
a[12] =    48194 +   -47219j, tho[12] =     -194 +     -253j in Q13.
a[13] =   -10252 +     8088j, tho[13] =     -218 +      -48j in Q13.
a[14] =   -28176 +    21063j, tho[14] =      -31 +     -193j in Q13.
a[15] =    10869 +   -79680j, tho[15] =      -72 +     -236j in Q13.
a[16] =    47397 +    65248j, tho[16] =     -132 +     -283j in Q13.
a[17] =      -56 +    28897j, tho[17] =     -214 +     -327j in Q13.
a[18] =   -59904 +   -46271j, tho[18] =     -313 +     -359j in Q13.
a[19] =    32070 +    12636j, tho[19] =     -389 +     -360j in Q13.
a[20] =    -2663 +    -1525j, tho[20] =     -314 +     -284j in Q13.
a[21] =    -3966 +   -17527j, tho[21] =       91 +       96j in Q13.
a[22] =    29400 +    48710j, tho[22] =      111 +       42j in Q13.
a[23] =   -59328 +   -48395j, tho[23] =      110 +      -17j in Q13.
a[24] =    51050 +    19273j, tho[24] =       58 +      -60j in Q13.
a[25] =   -18703 +    -3903j, tho[25] =      -93 +      -32j in Q13.
a[26] =     3292 +     -392j, tho[26] =     -358 +      158j in Q13.
Power of tho  =      -13.03 dB.
Current AUX Value:  588. Adjust TX RF gain to 16, fine gain to  -4727 dB in Q13
measured left ACLR = 43.94, right ACLR = 42.91 at 6th iteration.
TX fine gain = -4727 dB in Q13. Set comp_gain = -8192 dB in Q13. 
a[ 0] =    56585 +    -5861j, tho[ 0] =       57 +     -187j in Q13.
a[ 1] =  -132336 +    -3184j, tho[ 1] =       94 +     -134j in Q13.
a[ 2] =    63094 +    48108j, tho[ 2] =      150 +      -70j in Q13.
a[ 3] =    71947 +   -77652j, tho[ 3] =      233 +       -4j in Q13.
a[ 4] =   -84935 +    55933j, tho[ 4] =      355 +       39j in Q13.
a[ 5] =    28469 +   -22131j, tho[ 5] =      517 +       20j in Q13.
a[ 6] =    -2778 +     3401j, tho[ 6] =      644 +      -63j in Q13.
a[ 7] =    54959 +    13551j, tho[ 7] =      227 +      -50j in Q13.
a[ 8] =   -93445 +   -18183j, tho[ 8] =      211 +      -20j in Q13.
a[ 9] =   -17605 +    32530j, tho[ 9] =      200 +       22j in Q13.
a[10] =   137438 +   -85368j, tho[10] =      204 +       82j in Q13.
a[11] =  -121247 +    94108j, tho[11] =      238 +      161j in Q13.
a[12] =    49121 +   -43366j, tho[12] =      316 +      249j in Q13.
a[13] =    -9900 +     7235j, tho[13] =      396 +      311j in Q13.
a[14] =   -28874 +    31428j, tho[14] =      193 +      -88j in Q13.
a[15] =    13782 +   -97438j, tho[15] =      181 +      -59j in Q13.
a[16] =    46566 +    67695j, tho[16] =      176 +      -16j in Q13.
a[17] =    -1457 +    39827j, tho[17] =      191 +       39j in Q13.
a[18] =   -61236 +   -53469j, tho[18] =      247 +      100j in Q13.
a[19] =    34727 +    13898j, tho[19] =      377 +      129j in Q13.
a[20] =    -3564 +    -1278j, tho[20] =      570 +       54j in Q13.
a[21] =    -8484 +   -18832j, tho[21] =      165 +      142j in Q13.
a[22] =    44230 +    52142j, tho[22] =      168 +      133j in Q13.
a[23] =   -77370 +   -52418j, tho[23] =      177 +      138j in Q13.
a[24] =    61369 +    21723j, tho[24] =      204 +      177j in Q13.
a[25] =   -21735 +    -4573j, tho[25] =      269 +      276j in Q13.
a[26] =     3666 +     -401j, tho[26] =      380 +      421j in Q13.
Power of tho  =      -13.42 dB.
Current AUX Value:  594. Adjust TX RF gain to 16, fine gain to  -4869 dB in Q13
measured left ACLR = 44.40, right ACLR = 42.73 at 7th iteration.
TX fine gain = -4869 dB in Q13. Set comp_gain = -8192 dB in Q13. 
a[ 0] =    56285 +    -6208j, tho[ 0] =      316 +      646j in Q13.
a[ 1] =  -131665 +    -2451j, tho[ 1] =      384 +      657j in Q13.
a[ 2] =    63197 +    47816j, tho[ 2] =      462 +      651j in Q13.
a[ 3] =    70550 +   -78048j, tho[ 3] =      551 +      613j in Q13.
a[ 4] =   -83545 +    56293j, tho[ 4] =      642 +      520j in Q13.
a[ 5] =    27895 +   -22178j, tho[ 5] =      705 +      353j in Q13.
a[ 6] =    -2678 +     3381j, tho[ 6] =      636 +      143j in Q13.
a[ 7] =    55695 +    13045j, tho[ 7] =      362 +       22j in Q13.
a[ 8] =   -94170 +   -17676j, tho[ 8] =      392 +       74j in Q13.
a[ 9] =   -18662 +    33082j, tho[ 9] =      433 +      135j in Q13.
a[10] =   138912 +   -86192j, tho[10] =      485 +      200j in Q13.
a[11] =  -121601 +    94199j, tho[11] =      545 +      262j in Q13.
a[12] =    48992 +   -43147j, tho[12] =      588 +      297j in Q13.
a[13] =    -9856 +     7151j, tho[13] =      509 +      280j in Q13.
a[14] =   -29633 +    32213j, tho[14] =      334 +       91j in Q13.
a[15] =    14583 +   -98757j, tho[15] =      370 +      153j in Q13.
a[16] =    47189 +    68078j, tho[16] =      418 +      223j in Q13.
a[17] =    -2044 +    40269j, tho[17] =      481 +      297j in Q13.
a[18] =   -61604 +   -53683j, tho[18] =      557 +      356j in Q13.
a[19] =    35122 +    13812j, tho[19] =      625 +      359j in Q13.
a[20] =    -3652 +    -1226j, tho[20] =      590 +      248j in Q13.
a[21] =    -9073 +   -18966j, tho[21] =      303 +     -264j in Q13.
a[22] =    45939 +    52489j, tho[22] =      315 +     -225j in Q13.
a[23] =   -79248 +   -52788j, tho[23] =      335 +     -155j in Q13.
a[24] =    62318 +    21935j, tho[24] =      363 +      -41j in Q13.
a[25] =   -21959 +    -4630j, tho[25] =      390 +      125j in Q13.
a[26] =     3691 +     -394j, tho[26] =      357 +      298j in Q13.
Power of tho  =       -8.61 dB.
Current AUX Value:  588. Adjust TX RF gain to 16, fine gain to  -4838 dB in Q13
measured left ACLR = 43.50, right ACLR = 43.21 at 8th iteration.
TX fine gain = -4838 dB in Q13. Set comp_gain = -8192 dB in Q13. 
a[ 0] =    55606 +    -6301j, tho[ 0] =      135 +       24j in Q13.
a[ 1] =  -130154 +    -2544j, tho[ 1] =      183 +       20j in Q13.
a[ 2] =    63073 +    48294j, tho[ 2] =      246 +       10j in Q13.
a[ 3] =    68540 +   -78438j, tho[ 3] =      324 +      -12j in Q13.
a[ 4] =   -81630 +    56323j, tho[ 4] =      412 +      -54j in Q13.
a[ 5] =    27177 +   -22079j, tho[ 5] =      487 +     -116j in Q13.
a[ 6] =    -2563 +     3335j, tho[ 6] =      460 +     -140j in Q13.
a[ 7] =    56810 +    12152j, tho[ 7] =      239 +     -201j in Q13.
a[ 8] =   -95329 +   -16463j, tho[ 8] =      269 +     -151j in Q13.
a[ 9] =   -19098 +    33338j, tho[ 9] =      310 +      -85j in Q13.
a[10] =   139642 +   -87068j, tho[10] =      363 +       -6j in Q13.
a[11] =  -121697 +    94359j, tho[11] =      427 +       80j in Q13.
a[12] =    48930 +   -42968j, tho[12] =      481 +      152j in Q13.
a[13] =    -9850 +     7076j, tho[13] =      434 +      176j in Q13.
a[14] =   -30466 +    33360j, tho[14] =      275 +     -203j in Q13.
a[15] =    14862 +  -100227j, tho[15] =      307 +     -155j in Q13.
a[16] =    48377 +    67406j, tho[16] =      350 +      -97j in Q13.
a[17] =    -2701 +    42144j, tho[17] =      407 +      -30j in Q13.
a[18] =   -61885 +   -54697j, tho[18] =      478 +       27j in Q13.
a[19] =    35373 +    13970j, tho[19] =      544 +       41j in Q13.
a[20] =    -3701 +    -1203j, tho[20] =      520 +      -31j in Q13.
a[21] =    -9302 +   -18923j, tho[21] =      285 +      -73j in Q13.
a[22] =    46607 +    52374j, tho[22] =      319 +      -48j in Q13.
a[23] =   -79999 +   -52790j, tho[23] =      358 +       -3j in Q13.
a[24] =    62709 +    22085j, tho[24] =      400 +       70j in Q13.
a[25] =   -22066 +    -4727j, tho[25] =      429 +      172j in Q13.
a[26] =     3711 +     -376j, tho[26] =      372 +      257j in Q13.
Power of tho  =      -12.02 dB.
Current AUX Value:  584. Adjust TX RF gain to 16, fine gain to  -4690 dB in Q13
measured left ACLR = 44.30, right ACLR = 42.83 at 9th iteration.
TX fine gain = -4690 dB in Q13. Set comp_gain = -8192 dB in Q13. 
a[ 0] =    55126 +    -6615j, tho[ 0] =      233 +      -38j in Q13.
a[ 1] =  -129206 +    -2093j, tho[ 1] =      306 +      -51j in Q13.
a[ 2] =    63081 +    48568j, tho[ 2] =      401 +      -73j in Q13.
a[ 3] =    67268 +   -79304j, tho[ 3] =      522 +     -109j in Q13.
a[ 4] =   -80489 +    56908j, tho[ 4] =      669 +     -165j in Q13.
a[ 5] =    26770 +   -22216j, tho[ 5] =      823 +     -238j in Q13.
a[ 6] =    -2509 +     3336j, tho[ 6] =      868 +     -258j in Q13.
a[ 7] =    56978 +    11077j, tho[ 7] =       38 +      -73j in Q13.
a[ 8] =   -95976 +   -15277j, tho[ 8] =       80 +      -47j in Q13.
a[ 9] =   -19017 +    33753j, tho[ 9] =      137 +      -10j in Q13.
a[10] =   140671 +   -87693j, tho[10] =      216 +       39j in Q13.
a[11] =  -122562 +    94248j, tho[11] =      321 +       97j in Q13.
a[12] =    49175 +   -42756j, tho[12] =      446 +      149j in Q13.
a[13] =    -9882 +     7019j, tho[13] =      515 +      170j in Q13.
a[14] =   -30256 +    34345j, tho[14] =       65 +      -99j in Q13.
a[15] =    14924 +  -101230j, tho[15] =      117 +      -77j in Q13.
a[16] =    47944 +    66833j, tho[16] =      191 +      -48j in Q13.
a[17] =    -2464 +    43116j, tho[17] =      293 +      -15j in Q13.
a[18] =   -61991 +   -55058j, tho[18] =      431 +        8j in Q13.
a[19] =    35444 +    13990j, tho[19] =      598 +       -6j in Q13.
a[20] =    -3712 +    -1184j, tho[20] =      710 +      -82j in Q13.
a[21] =    -9491 +   -18590j, tho[21] =       31 +      -32j in Q13.
a[22] =    47263 +    51593j, tho[22] =       45 +       -6j in Q13.
a[23] =   -80861 +   -52183j, tho[23] =       73 +       34j in Q13.
a[24] =    63208 +    21914j, tho[24] =      125 +       92j in Q13.
a[25] =   -22192 +    -4709j, tho[25] =      219 +      160j in Q13.
a[26] =     3723 +     -380j, tho[26] =      354 +      194j in Q13.
Power of tho  =      -11.42 dB.
Save DPD coefficients back to MIB.
[CAL] DPD training took    27466 ticks.
Turn off DPD for other calibrations.
Start to calibrate RX IQMM.
Set RX gain to 0x72.
IQMM coefficient in Q13:
[0]:     -20
[1]:     297
[2]:   -1054
[3]:    1939
[4]:    5889
[5]:    1672
[6]:    -764
[7]:     181
[CALI] RX IQMC gain diff = -261 dB(Q13).RX IQMC calibrate done.
DPD turned on.
Final TX Gain set to 16.
Final RX Gain set to 0x42 in non-hash mode.
Exit concurrent calibration mode
RF calibration done and back to standby state.
[MP] STAT-READY
[MP] CMD-ORAN_START
[MP] Start ORAN
[RF_MON] Check LLCP health
[RF_MON] Check LLCP stattus rtc : 0, data : 0x1a0, LLCP is ready
	sys_state           1 - SS_STANDBY
	capll_unlock        0
	capll_vtune_det_hi  0	capll_vtune_det_lo  0
	trxpll_unlock       0
	trxpll_vtune_det_hi 0	trxpll_vtune_det_lo 0
	trxpll_vco_det_hi   0	trxpll_vco_det_lo   0
[RF_MON] Active RF setup ...
[RF_MON] Set TX bandwidth index = 3, FTune = 0. DPD enabled.
[RF_MON] Set RX bandwidth index = 9.
[RF_MON] Set PLL freq_msw = 105, freq_lsw = 20159.
[RF_MON] Set PLL accurate.
[RF_MON] Active RF setup is done.
	sys_state           7 - SS-ACTIVE
	capll_unlock        0
	capll_vtune_det_hi  0	capll_vtune_det_lo  0
	trxpll_unlock       0
	trxpll_vtune_det_hi 0	trxpll_vtune_det_lo 0
	trxpll_vco_det_hi   0	trxpll_vco_det_lo   0
[RF_MON] Active VERI setup ...
[RF_MON] Set TX path delay compensate to 131.
[RF_MON] Set ORAN TX parameters, PRBs to 273.
[RF_MON] Set ORAN RX parameters, PRBs to 273.
[RF_MON] Active VERI setup is done.
[ORAN] DL COMP IQ Bitwidth: 9
[ORAN] DL COMP Type: 0
[ORAN] DL COMP Format: 1
[ORAN] DL COMP Format Param1: 0
[ORAN] DL COMP Format Param2: 0
[ORAN] UL COMP IQ Bitwidth: 9
[ORAN] UL COMP TYPE: 0
[ORAN] UL COMP Format: 1
[ORAN] UL COMP Format Param1: 0
[ORAN] UL COMP Format Param2: 0
[ORAN] RU MACADDR 00:e0:0c:00:ae:06
[ORAN] DU MACADDR 00:11:22:33:44:66
[ORAN] VLAN ID: 3
[ORAN] VLAN PCP: 7
[ORAN] L2 MTU: 8000
[ORAN] DL COMP IQ Bitwidth: 9
[ORAN] DL COMP Type: 0
[ORAN] DL COMP Format: 1
[ORAN] DL COMP Format Param1: 0
[ORAN] DL COMP Format Param2: 0
[ORAN] UL COMP IQ Bitwidth: 9
[ORAN] UL COMP TYPE: 0
[ORAN] UL COMP Format: 1
[ORAN] UL COMP Format Param1: 0
[ORAN] UL COMP Format Param2: 0
[ORAN] TDD N_TA Offset: 25600
[RATE] TRXSW settling pre-kick is 0.0 us
[RATE] PA settling pre-kick is 2.0 us
[RATE] DPD settling pre-kick is 0.0 us
[MP] STAT-ORAN
[CALI] Calibration task get into ORAN active mode.
[SYS] ------------------------ Data Direction -------------------
[SYS]                  | Downlink           | Uplink
[SYS] CPlane Total     | 0x0000000000000000 | 0x0000000000000000
[SYS] CPlane OnTime    | 0x0000000000000000 | 0x0000000000000000
[SYS] CPlane Early     | 0x0000000000000000 | 0x0000000000000000
[SYS] CPlane Late      | 0x0000000000000000 | 0x0000000000000000
[SYS] CPlane Corrupt   | 0x0000000000000000 | 0x0000000000000000
[SYS] UPlane Total     | 0x0000000000000000 | 0x0000000000000000
[SYS] UPlane OnTime    | 0x0000000000000000 | N/A
[SYS] UPlane Ealry     | 0x0000000000000000 | N/A
[SYS] UPlane Late      | 0x0000000000000000 | N/A
[SYS] UPlane Corrupt   | 0x0000000000000000 | N/A
[SYS] Eth Pkt Good     | 0x00000672         | 0x00000a81
[SYS] Eth Pkt Drop     | 0x00000000         | 0x00000000
[SYS] AXIQ status      | 0x00000303         | 0x00010101
[SYS] ------------------------ Tasks ---------------------------
[SYS]                  | UP         | CP         | RT
[SYS] Error            | 0x00000000 | 0x00000000 | 0x00000000
[SYS] Heartbeats       | 0x000c165a | N/A        | N/A
[SYS] Counts           | 0x00000000 | N/A        | 0x00000000
[SYS] Drops            | 0x00000000 | N/A        | 0x00000000
[SYS] ------------------------ VSPAs ---------------------------
[SYS]                  | 0          | 1          | 2
[SYS] Error            | 0x00000000 | 0x00000000 | 0x00000000
[SYS] SYM WR           | 0x00000000 | N/A        | 0x00000002
[SYS] SYM RD           | 0x00000000 | N/A        | 0x00000002
[SYS] CMD WR           | 0x00000002 | 0x00000006 | 0x00000007
[SYS] CMD RD           | 0x00000002 | 0x00000006 | 0x00000007
[SYS] ------------------------ Info ----------------------------
[SYS]                  | Downlink           | Uplink
[SYS] RF / fine Gain   |     16 /   -0.5    | 0x42
[SYS] PwrAvg(dBFs/dBm) | N/A                | N/A
[SYS] PwrMax(dBFS)     | N/A                | N/A
[SYS] Showtime 1 seconds

[SYS] ------------------------ Data Direction -------------------
[SYS]                  | Downlink           | Uplink
[SYS] CPlane Total     | 0x0000000000000000 | 0x0000000000000000
[SYS] CPlane OnTime    | 0x0000000000000000 | 0x0000000000000000
[SYS] CPlane Early     | 0x0000000000000000 | 0x0000000000000000
[SYS] CPlane Late      | 0x0000000000000000 | 0x0000000000000000
[SYS] CPlane Corrupt   | 0x0000000000000000 | 0x0000000000000000
[SYS] UPlane Total     | 0x0000000000000000 | 0x0000000000000000
[SYS] UPlane OnTime    | 0x0000000000000000 | N/A
[SYS] UPlane Ealry     | 0x0000000000000000 | N/A
[SYS] UPlane Late      | 0x0000000000000000 | N/A
[SYS] UPlane Corrupt   | 0x0000000000000000 | N/A
[SYS] Eth Pkt Good     | 0x00000673         | 0x00000aa4
[SYS] Eth Pkt Drop     | 0x00000000         | 0x00000000
[SYS] AXIQ status      | 0x00000303         | 0x00010101
[SYS] ------------------------ Tasks ---------------------------
[SYS]                  | UP         | CP         | RT
[SYS] Error            | 0x00000000 | 0x00000000 | 0x00000000
[SYS] Heartbeats       | 0x00125a52 | N/A        | N/A
[SYS] Counts           | 0x00000000 | N/A        | 0x00000000
[SYS] Drops            | 0x00000000 | N/A        | 0x00000000
[SYS] ------------------------ VSPAs ---------------------------
[SYS]                  | 0          | 1          | 2
[SYS] Error            | 0x00000000 | 0x00000000 | 0x00000000
[SYS] SYM WR           | 0x00000000 | N/A        | 0x00000002
[SYS] SYM RD           | 0x00000000 | N/A        | 0x00000002
[SYS] CMD WR           | 0x00000002 | 0x00000006 | 0x00000007
[SYS] CMD RD           | 0x00000002 | 0x00000006 | 0x00000007
[SYS] ------------------------ Info ----------------------------
[SYS]                  | Downlink           | Uplink
[SYS] RF / fine Gain   |     16 /   -0.5    | 0x42
[SYS] PwrAvg(dBFs/dBm) | N/A                | N/A
[SYS] PwrMax(dBFS)     | N/A                | N/A
[SYS] Showtime 2 seconds

[SYS] ------------------------ Data Direction -------------------
[SYS]                  | Downlink           | Uplink
[SYS] CPlane Total     | 0x0000000000000000 | 0x0000000000000000
[SYS] CPlane OnTime    | 0x0000000000000000 | 0x0000000000000000
[SYS] CPlane Early     | 0x0000000000000000 | 0x0000000000000000
[SYS] CPlane Late      | 0x0000000000000000 | 0x0000000000000000
[SYS] CPlane Corrupt   | 0x0000000000000000 | 0x0000000000000000
[SYS] UPlane Total     | 0x0000000000000000 | 0x0000000000000000
[SYS] UPlane OnTime    | 0x0000000000000000 | N/A
[SYS] UPlane Ealry     | 0x0000000000000000 | N/A
[SYS] UPlane Late      | 0x0000000000000000 | N/A
[SYS] UPlane Corrupt   | 0x0000000000000000 | N/A
[SYS] Eth Pkt Good     | 0x00000675         | 0x00000ac7
[SYS] Eth Pkt Drop     | 0x00000000         | 0x00000000
[SYS] AXIQ status      | 0x00000303         | 0x00010101
[SYS] ------------------------ Tasks ---------------------------
[SYS]                  | UP         | CP         | RT
[SYS] Error            | 0x00000000 | 0x00000000 | 0x00000000
[SYS] Heartbeats       | 0x00189712 | N/A        | N/A
[SYS] Counts           | 0x00000000 | N/A        | 0x00000000
[SYS] Drops            | 0x00000000 | N/A        | 0x00000000
[SYS] ------------------------ VSPAs ---------------------------
[SYS]                  | 0          | 1          | 2
[SYS] Error            | 0x00000000 | 0x00000000 | 0x00000000
[SYS] SYM WR           | 0x00000000 | N/A        | 0x00000002
[SYS] SYM RD           | 0x00000000 | N/A        | 0x00000002
[SYS] CMD WR           | 0x00000002 | 0x00000006 | 0x00000007
[SYS] CMD RD           | 0x00000002 | 0x00000006 | 0x00000007
[SYS] ------------------------ Info ----------------------------
[SYS]                  | Downlink           | Uplink
[SYS] RF / fine Gain   |     16 /   -0.5    | 0x42
[SYS] PwrAvg(dBFs/dBm) | N/A                | N/A
[SYS] PwrMax(dBFS)     | N/A                | N/A
[SYS] Showtime 3 seconds

[SYS] ------------------------ Data Direction -------------------
[SYS]                  | Downlink           | Uplink
[SYS] CPlane Total     | 0x0000000000000000 | 0x0000000000000000
[SYS] CPlane OnTime    | 0x0000000000000000 | 0x0000000000000000
[SYS] CPlane Early     | 0x0000000000000000 | 0x0000000000000000
[SYS] CPlane Late      | 0x0000000000000000 | 0x0000000000000000
[SYS] CPlane Corrupt   | 0x0000000000000000 | 0x0000000000000000
[SYS] UPlane Total     | 0x0000000000000000 | 0x0000000000000000
[SYS] UPlane OnTime    | 0x0000000000000000 | N/A
[SYS] UPlane Ealry     | 0x0000000000000000 | N/A
[SYS] UPlane Late      | 0x0000000000000000 | N/A
[SYS] UPlane Corrupt   | 0x0000000000000000 | N/A
[SYS] Eth Pkt Good     | 0x00000676         | 0x00000aeb
[SYS] Eth Pkt Drop     | 0x00000000         | 0x00000000
[SYS] AXIQ status      | 0x00000303         | 0x00010101
[SYS] ------------------------ Tasks ---------------------------
[SYS]                  | UP         | CP         | RT
[SYS] Error            | 0x00000000 | 0x00000000 | 0x00000000
[SYS] Heartbeats       | 0x001ed1f3 | N/A        | N/A
[SYS] Counts           | 0x00000000 | N/A        | 0x00000000
[SYS] Drops            | 0x00000000 | N/A        | 0x00000000
[SYS] ------------------------ VSPAs ---------------------------
[SYS]                  | 0          | 1          | 2
[SYS] Error            | 0x00000000 | 0x00000000 | 0x00000000
[SYS] SYM WR           | 0x00000000 | N/A        | 0x00000002
[SYS] SYM RD           | 0x00000000 | N/A        | 0x00000002
[SYS] CMD WR           | 0x00000002 | 0x00000006 | 0x00000007
[SYS] CMD RD           | 0x00000002 | 0x00000006 | 0x00000007
[SYS] ------------------------ Info ----------------------------
[SYS]                  | Downlink           | Uplink
[SYS] RF / fine Gain   |     16 /   -0.5    | 0x42
[SYS] PwrAvg(dBFs/dBm) | N/A                | N/A
[SYS] PwrMax(dBFS)     | N/A                | N/A
[SYS] Showtime 4 seconds

[SYS] ------------------------ Data Direction -------------------
[SYS]                  | Downlink           | Uplink
[SYS] CPlane Total     | 0x0000000000000000 | 0x0000000000000000
[SYS] CPlane OnTime    | 0x0000000000000000 | 0x0000000000000000
[SYS] CPlane Early     | 0x0000000000000000 | 0x0000000000000000
[SYS] CPlane Late      | 0x0000000000000000 | 0x0000000000000000
[SYS] CPlane Corrupt   | 0x0000000000000000 | 0x0000000000000000
[SYS] UPlane Total     | 0x0000000000000000 | 0x0000000000000000
[SYS] UPlane OnTime    | 0x0000000000000000 | N/A
[SYS] UPlane Ealry     | 0x0000000000000000 | N/A
[SYS] UPlane Late      | 0x0000000000000000 | N/A
[SYS] UPlane Corrupt   | 0x0000000000000000 | N/A
[SYS] Eth Pkt Good     | 0x00000677         | 0x00000b0e
[SYS] Eth Pkt Drop     | 0x00000000         | 0x00000000
[SYS] AXIQ status      | 0x00000303         | 0x00010101
[SYS] ------------------------ Tasks ---------------------------
[SYS]                  | UP         | CP         | RT
[SYS] Error            | 0x00000000 | 0x00000000 | 0x00000000
[SYS] Heartbeats       | 0x00250cf2 | N/A        | N/A
[SYS] Counts           | 0x00000000 | N/A        | 0x00000000
[SYS] Drops            | 0x00000000 | N/A        | 0x00000000
[SYS] ------------------------ VSPAs ---------------------------
[SYS]                  | 0          | 1          | 2
[SYS] Error            | 0x00000000 | 0x00000000 | 0x00000000
[SYS] SYM WR           | 0x00000000 | N/A        | 0x00000002
[SYS] SYM RD           | 0x00000000 | N/A        | 0x00000002
[SYS] CMD WR           | 0x00000002 | 0x00000006 | 0x00000007
[SYS] CMD RD           | 0x00000002 | 0x00000006 | 0x00000007
[SYS] ------------------------ Info ----------------------------
[SYS]                  | Downlink           | Uplink
[SYS] RF / fine Gain   |     16 /   -0.5    | 0x42
[SYS] PwrAvg(dBFs/dBm) | N/A                | N/A
[SYS] PwrMax(dBFS)     | N/A                | N/A
[SYS] Showtime 5 seconds

[SYS] ------------------------ Data Direction -------------------
[SYS]                  | Downlink           | Uplink
[SYS] CPlane Total     | 0x0000000000000000 | 0x0000000000000000
[SYS] CPlane OnTime    | 0x0000000000000000 | 0x0000000000000000
[SYS] CPlane Early     | 0x0000000000000000 | 0x0000000000000000
[SYS] CPlane Late      | 0x0000000000000000 | 0x0000000000000000
[SYS] CPlane Corrupt   | 0x0000000000000000 | 0x0000000000000000
[SYS] UPlane Total     | 0x0000000000000000 | 0x0000000000000000
[SYS] UPlane OnTime    | 0x0000000000000000 | N/A
[SYS] UPlane Ealry     | 0x0000000000000000 | N/A
[SYS] UPlane Late      | 0x0000000000000000 | N/A
[SYS] UPlane Corrupt   | 0x0000000000000000 | N/A
[SYS] Eth Pkt Good     | 0x00000688         | 0x00000b41
[SYS] Eth Pkt Drop     | 0x00000000         | 0x00000000
[SYS] AXIQ status      | 0x00000303         | 0x00010101
[SYS] ------------------------ Tasks ---------------------------
[SYS]                  | UP         | CP         | RT
[SYS] Error            | 0x00000000 | 0x00000000 | 0x00000000
[SYS] Heartbeats       | 0x002b4aaf | N/A        | N/A
[SYS] Counts           | 0x00000000 | N/A        | 0x00000000
[SYS] Drops            | 0x00000000 | N/A        | 0x00000000
[SYS] ------------------------ VSPAs ---------------------------
[SYS]                  | 0          | 1          | 2
[SYS] Error            | 0x00000000 | 0x00000000 | 0x00000000
[SYS] SYM WR           | 0x00000000 | N/A        | 0x00000002
[SYS] SYM RD           | 0x00000000 | N/A        | 0x00000002
[SYS] CMD WR           | 0x00000002 | 0x00000006 | 0x00000007
[SYS] CMD RD           | 0x00000002 | 0x00000006 | 0x00000007
[SYS] ------------------------ Info ----------------------------
[SYS]                  | Downlink           | Uplink
[SYS] RF / fine Gain   |     16 /   -0.5    | 0x42
[SYS] PwrAvg(dBFs/dBm) | N/A                | N/A
[SYS] PwrMax(dBFS)     | N/A                | N/A
[SYS] Showtime 6 seconds

[SYS] ------------------------ Data Direction -------------------
[SYS]                  | Downlink           | Uplink
[SYS] CPlane Total     | 0x0000000000000000 | 0x0000000000000000
[SYS] CPlane OnTime    | 0x0000000000000000 | 0x0000000000000000
[SYS] CPlane Early     | 0x0000000000000000 | 0x0000000000000000
[SYS] CPlane Late      | 0x0000000000000000 | 0x0000000000000000
[SYS] CPlane Corrupt   | 0x0000000000000000 | 0x0000000000000000
[SYS] UPlane Total     | 0x0000000000000000 | 0x0000000000000000
[SYS] UPlane OnTime    | 0x0000000000000000 | N/A
[SYS] UPlane Ealry     | 0x0000000000000000 | N/A
[SYS] UPlane Late      | 0x0000000000000000 | N/A
[SYS] UPlane Corrupt   | 0x0000000000000000 | N/A
[SYS] Eth Pkt Good     | 0x00000698         | 0x00000b73
[SYS] Eth Pkt Drop     | 0x00000000         | 0x00000000
[SYS] AXIQ status      | 0x00000303         | 0x00010101
[SYS] ------------------------ Tasks ---------------------------
[SYS]                  | UP         | CP         | RT
[SYS] Error            | 0x00000000 | 0x00000000 | 0x00000000
[SYS] Heartbeats       | 0x0031859a | N/A        | N/A
[SYS] Counts           | 0x00000000 | N/A        | 0x00000000
[SYS] Drops            | 0x00000000 | N/A        | 0x00000000
[SYS] ------------------------ VSPAs ---------------------------
[SYS]                  | 0          | 1          | 2
[SYS] Error            | 0x00000000 | 0x00000000 | 0x00000000
[SYS] SYM WR           | 0x00000000 | N/A        | 0x00000002
[SYS] SYM RD           | 0x00000000 | N/A        | 0x00000002
[SYS] CMD WR           | 0x00000002 | 0x00000006 | 0x00000007
[SYS] CMD RD           | 0x00000002 | 0x00000006 | 0x00000007
[SYS] ------------------------ Info ----------------------------
[SYS]                  | Downlink           | Uplink
[SYS] RF / fine Gain   |     16 /   -0.5    | 0x42
[SYS] PwrAvg(dBFs/dBm) | N/A                | N/A
[SYS] PwrMax(dBFS)     | N/A                | N/A
[SYS] Showtime 7 seconds

[SYS] ------------------------ Data Direction -------------------
[SYS]                  | Downlink           | Uplink
[SYS] CPlane Total     | 0x0000000000000000 | 0x0000000000000000
[SYS] CPlane OnTime    | 0x0000000000000000 | 0x0000000000000000
[SYS] CPlane Early     | 0x0000000000000000 | 0x0000000000000000
[SYS] CPlane Late      | 0x0000000000000000 | 0x0000000000000000
[SYS] CPlane Corrupt   | 0x0000000000000000 | 0x0000000000000000
[SYS] UPlane Total     | 0x0000000000000000 | 0x0000000000000000
[SYS] UPlane OnTime    | 0x0000000000000000 | N/A
[SYS] UPlane Ealry     | 0x0000000000000000 | N/A
[SYS] UPlane Late      | 0x0000000000000000 | N/A
[SYS] UPlane Corrupt   | 0x0000000000000000 | N/A
[SYS] Eth Pkt Good     | 0x0000069a         | 0x00000b97
[SYS] Eth Pkt Drop     | 0x00000000         | 0x00000000
[SYS] AXIQ status      | 0x00000303         | 0x00010101
[SYS] ------------------------ Tasks ---------------------------
[SYS]                  | UP         | CP         | RT
[SYS] Error            | 0x00000000 | 0x00000000 | 0x00000000
[SYS] Heartbeats       | 0x0037c07f | N/A        | N/A
[SYS] Counts           | 0x00000000 | N/A        | 0x00000000
[SYS] Drops            | 0x00000000 | N/A        | 0x00000000
[SYS] ------------------------ VSPAs ---------------------------
[SYS]                  | 0          | 1          | 2
[SYS] Error            | 0x00000000 | 0x00000000 | 0x00000000
[SYS] SYM WR           | 0x00000000 | N/A        | 0x00000002
[SYS] SYM RD           | 0x00000000 | N/A        | 0x00000002
[SYS] CMD WR           | 0x00000002 | 0x00000006 | 0x00000007
[SYS] CMD RD           | 0x00000002 | 0x00000006 | 0x00000007
[SYS] ------------------------ Info ----------------------------
[SYS]                  | Downlink           | Uplink
[SYS] RF / fine Gain   |     16 /   -0.5    | 0x42
[SYS] PwrAvg(dBFs/dBm) | N/A                | N/A
[SYS] PwrMax(dBFS)     | N/A                | N/A
[SYS] Showtime 8 seconds

[SYS] ------------------------ Data Direction -------------------
[SYS]                  | Downlink           | Uplink
[SYS] CPlane Total     | 0x0000000000000000 | 0x0000000000000000
[SYS] CPlane OnTime    | 0x0000000000000000 | 0x0000000000000000
[SYS] CPlane Early     | 0x0000000000000000 | 0x0000000000000000
[SYS] CPlane Late      | 0x0000000000000000 | 0x0000000000000000
[SYS] CPlane Corrupt   | 0x0000000000000000 | 0x0000000000000000
[SYS] UPlane Total     | 0x0000000000000000 | 0x0000000000000000
[SYS] UPlane OnTime    | 0x0000000000000000 | N/A
[SYS] UPlane Ealry     | 0x0000000000000000 | N/A
[SYS] UPlane Late      | 0x0000000000000000 | N/A
[SYS] UPlane Corrupt   | 0x0000000000000000 | N/A
[SYS] Eth Pkt Good     | 0x0000069b         | 0x00000bba
[SYS] Eth Pkt Drop     | 0x00000000         | 0x00000000
[SYS] AXIQ status      | 0x00000303         | 0x00010101
[SYS] ------------------------ Tasks ---------------------------
[SYS]                  | UP         | CP         | RT
[SYS] Error            | 0x00000000 | 0x00000000 | 0x00000000
[SYS] Heartbeats       | 0x003e08d4 | N/A        | N/A
[SYS] Counts           | 0x00000000 | N/A        | 0x00000000
[SYS] Drops            | 0x00000000 | N/A        | 0x00000000
[SYS] ------------------------ VSPAs ---------------------------
[SYS]                  | 0          | 1          | 2
[SYS] Error            | 0x00000000 | 0x00000000 | 0x00000000
[SYS] SYM WR           | 0x00000000 | N/A        | 0x00000002
[SYS] SYM RD           | 0x00000000 | N/A        | 0x00000002
[SYS] CMD WR           | 0x00000002 | 0x00000006 | 0x00000007
[SYS] CMD RD           | 0x00000002 | 0x00000006 | 0x00000007
[SYS] ------------------------ Info ----------------------------
[SYS]                  | Downlink           | Uplink
[SYS] RF / fine Gain   |     16 /   -0.5    | 0x42
[SYS] PwrAvg(dBFs/dBm) | N/A                | N/A
[SYS] PwrMax(dBFS)     | N/A                | N/A
[SYS] Showtime 9 seconds

[SYS] ------------------------ Data Direction -------------------
[SYS]                  | Downlink           | Uplink
[SYS] CPlane Total     | 0x0000000000000000 | 0x0000000000000000
[SYS] CPlane OnTime    | 0x0000000000000000 | 0x0000000000000000
[SYS] CPlane Early     | 0x0000000000000000 | 0x0000000000000000
[SYS] CPlane Late      | 0x0000000000000000 | 0x0000000000000000
[SYS] CPlane Corrupt   | 0x0000000000000000 | 0x0000000000000000
[SYS] UPlane Total     | 0x0000000000000000 | 0x0000000000000000
[SYS] UPlane OnTime    | 0x0000000000000000 | N/A
[SYS] UPlane Ealry     | 0x0000000000000000 | N/A
[SYS] UPlane Late      | 0x0000000000000000 | N/A
[SYS] UPlane Corrupt   | 0x0000000000000000 | N/A
[SYS] Eth Pkt Good     | 0x0000069d         | 0x00000bdd
[SYS] Eth Pkt Drop     | 0x00000000         | 0x00000000
[SYS] AXIQ status      | 0x00000303         | 0x00010101
[SYS] ------------------------ Tasks ---------------------------
[SYS]                  | UP         | CP         | RT
[SYS] Error            | 0x00000000 | 0x00000000 | 0x00000000
[SYS] Heartbeats       | 0x00444467 | N/A        | N/A
[SYS] Counts           | 0x00000000 | N/A        | 0x00000000
[SYS] Drops            | 0x00000000 | N/A        | 0x00000000
[SYS] ------------------------ VSPAs ---------------------------
[SYS]                  | 0          | 1          | 2
[SYS] Error            | 0x00000000 | 0x00000000 | 0x00000000
[SYS] SYM WR           | 0x00000000 | N/A        | 0x00000002
[SYS] SYM RD           | 0x00000000 | N/A        | 0x00000002
[SYS] CMD WR           | 0x00000002 | 0x00000006 | 0x00000007
[SYS] CMD RD           | 0x00000002 | 0x00000006 | 0x00000007
[SYS] ------------------------ Info ----------------------------
[SYS]                  | Downlink           | Uplink
[SYS] RF / fine Gain   |     16 /   -0.5    | 0x42
[SYS] PwrAvg(dBFs/dBm) | N/A                | N/A
[SYS] PwrMax(dBFS)     | N/A                | N/A
[SYS] Showtime 10 seconds

[SYS] ------------------------ Data Direction -------------------
[SYS]                  | Downlink           | Uplink
[SYS] CPlane Total     | 0x0000000000000000 | 0x0000000000000000
[SYS] CPlane OnTime    | 0x0000000000000000 | 0x0000000000000000
[SYS] CPlane Early     | 0x0000000000000000 | 0x0000000000000000
[SYS] CPlane Late      | 0x0000000000000000 | 0x0000000000000000
[SYS] CPlane Corrupt   | 0x0000000000000000 | 0x0000000000000000
[SYS] UPlane Total     | 0x0000000000000000 | 0x0000000000000000
[SYS] UPlane OnTime    | 0x0000000000000000 | N/A
[SYS] UPlane Ealry     | 0x0000000000000000 | N/A
[SYS] UPlane Late      | 0x0000000000000000 | N/A
[SYS] UPlane Corrupt   | 0x0000000000000000 | N/A
[SYS] Eth Pkt Good     | 0x0000069e         | 0x00000c01
[SYS] Eth Pkt Drop     | 0x00000000         | 0x00000000
[SYS] AXIQ status      | 0x00000303         | 0x00010101
[SYS] ------------------------ Tasks ---------------------------
[SYS]                  | UP         | CP         | RT
[SYS] Error            | 0x00000000 | 0x00000000 | 0x00000000
[SYS] Heartbeats       | 0x004a7f49 | N/A        | N/A
[SYS] Counts           | 0x00000000 | N/A        | 0x00000000
[SYS] Drops            | 0x00000000 | N/A        | 0x00000000
[SYS] ------------------------ VSPAs ---------------------------
[SYS]                  | 0          | 1          | 2
[SYS] Error            | 0x00000000 | 0x00000000 | 0x00000000
[SYS] SYM WR           | 0x00000000 | N/A        | 0x00000002
[SYS] SYM RD           | 0x00000000 | N/A        | 0x00000002
[SYS] CMD WR           | 0x00000002 | 0x00000006 | 0x00000007
[SYS] CMD RD           | 0x00000002 | 0x00000006 | 0x00000007
[SYS] ------------------------ Info ----------------------------
[SYS]                  | Downlink           | Uplink
[SYS] RF / fine Gain   |     16 /   -0.5    | 0x42
[SYS] PwrAvg(dBFs/dBm) | N/A                | N/A
[SYS] PwrMax(dBFS)     | N/A                | N/A
[SYS] Showtime 11 seconds

[SYS] ------------------------ Data Direction -------------------
[SYS]                  | Downlink           | Uplink
[SYS] CPlane Total     | 0x0000000000000000 | 0x0000000000000000
[SYS] CPlane OnTime    | 0x0000000000000000 | 0x0000000000000000
[SYS] CPlane Early     | 0x0000000000000000 | 0x0000000000000000
[SYS] CPlane Late      | 0x0000000000000000 | 0x0000000000000000
[SYS] CPlane Corrupt   | 0x0000000000000000 | 0x0000000000000000
[SYS] UPlane Total     | 0x0000000000000000 | 0x0000000000000000
[SYS] UPlane OnTime    | 0x0000000000000000 | N/A
[SYS] UPlane Ealry     | 0x0000000000000000 | N/A
[SYS] UPlane Late      | 0x0000000000000000 | N/A
[SYS] UPlane Corrupt   | 0x0000000000000000 | N/A
[SYS] Eth Pkt Good     | 0x0000069f         | 0x00000c24
[SYS] Eth Pkt Drop     | 0x00000000         | 0x00000000
[SYS] AXIQ status      | 0x00000303         | 0x00010101
[SYS] ------------------------ Tasks ---------------------------
[SYS]                  | UP         | CP         | RT
[SYS] Error            | 0x00000000 | 0x00000000 | 0x00000000
[SYS] Heartbeats       | 0x0050ba4b | N/A        | N/A
[SYS] Counts           | 0x00000000 | N/A        | 0x00000000
[SYS] Drops            | 0x00000000 | N/A        | 0x00000000
[SYS] ------------------------ VSPAs ---------------------------
[SYS]                  | 0          | 1          | 2
[SYS] Error            | 0x00000000 | 0x00000000 | 0x00000000
[SYS] SYM WR           | 0x00000000 | N/A        | 0x00000002
[SYS] SYM RD           | 0x00000000 | N/A        | 0x00000002
[SYS] CMD WR           | 0x00000002 | 0x00000006 | 0x00000007
[SYS] CMD RD           | 0x00000002 | 0x00000006 | 0x00000007
[SYS] ------------------------ Info ----------------------------
[SYS]                  | Downlink           | Uplink
[SYS] RF / fine Gain   |     16 /   -0.5    | 0x42
[SYS] PwrAvg(dBFs/dBm) | N/A                | N/A
[SYS] PwrMax(dBFS)     | N/A                | N/A
[SYS] Showtime 12 seconds

[SYS] ------------------------ Data Direction -------------------
[SYS]                  | Downlink           | Uplink
[SYS] CPlane Total     | 0x0000000000000000 | 0x0000000000000000
[SYS] CPlane OnTime    | 0x0000000000000000 | 0x0000000000000000
[SYS] CPlane Early     | 0x0000000000000000 | 0x0000000000000000
[SYS] CPlane Late      | 0x0000000000000000 | 0x0000000000000000
[SYS] CPlane Corrupt   | 0x0000000000000000 | 0x0000000000000000
[SYS] UPlane Total     | 0x0000000000000000 | 0x0000000000000000
[SYS] UPlane OnTime    | 0x0000000000000000 | N/A
[SYS] UPlane Ealry     | 0x0000000000000000 | N/A
[SYS] UPlane Late      | 0x0000000000000000 | N/A
[SYS] UPlane Corrupt   | 0x0000000000000000 | N/A
[SYS] Eth Pkt Good     | 0x000006a1         | 0x00000c48
[SYS] Eth Pkt Drop     | 0x00000000         | 0x00000000
[SYS] AXIQ status      | 0x00000303         | 0x00010101
[SYS] ------------------------ Tasks ---------------------------
[SYS]                  | UP         | CP         | RT
[SYS] Error            | 0x00000000 | 0x00000000 | 0x00000000
[SYS] Heartbeats       | 0x0056f807 | N/A        | N/A
[SYS] Counts           | 0x00000000 | N/A        | 0x00000000
[SYS] Drops            | 0x00000000 | N/A        | 0x00000000
[SYS] ------------------------ VSPAs ---------------------------
[SYS]                  | 0          | 1          | 2
[SYS] Error            | 0x00000000 | 0x00000000 | 0x00000000
[SYS] SYM WR           | 0x00000000 | N/A        | 0x00000002
[SYS] SYM RD           | 0x00000000 | N/A        | 0x00000002
[SYS] CMD WR           | 0x00000002 | 0x00000006 | 0x00000007
[SYS] CMD RD           | 0x00000002 | 0x00000006 | 0x00000007
[SYS] ------------------------ Info ----------------------------
[SYS]                  | Downlink           | Uplink
[SYS] RF / fine Gain   |     16 /   -0.5    | 0x42
[SYS] PwrAvg(dBFs/dBm) | N/A                | N/A
[SYS] PwrMax(dBFS)     | N/A                | N/A
[SYS] Showtime 13 seconds

[SYS] ------------------------ Data Direction -------------------
[SYS]                  | Downlink           | Uplink
[SYS] CPlane Total     | 0x0000000000000000 | 0x0000000000000000
[SYS] CPlane OnTime    | 0x0000000000000000 | 0x0000000000000000
[SYS] CPlane Early     | 0x0000000000000000 | 0x0000000000000000
[SYS] CPlane Late      | 0x0000000000000000 | 0x0000000000000000
[SYS] CPlane Corrupt   | 0x0000000000000000 | 0x0000000000000000
[SYS] UPlane Total     | 0x0000000000000000 | 0x0000000000000000
[SYS] UPlane OnTime    | 0x0000000000000000 | N/A
[SYS] UPlane Ealry     | 0x0000000000000000 | N/A
[SYS] UPlane Late      | 0x0000000000000000 | N/A
[SYS] UPlane Corrupt   | 0x0000000000000000 | N/A
[SYS] Eth Pkt Good     | 0x000006a2         | 0x00000c6b
[SYS] Eth Pkt Drop     | 0x00000000         | 0x00000000
[SYS] AXIQ status      | 0x00000303         | 0x00010101
[SYS] ------------------------ Tasks ---------------------------
[SYS]                  | UP         | CP         | RT
[SYS] Error            | 0x00000000 | 0x00000000 | 0x00000000
[SYS] Heartbeats       | 0x005d32e4 | N/A        | N/A
[SYS] Counts           | 0x00000000 | N/A        | 0x00000000
[SYS] Drops            | 0x00000000 | N/A        | 0x00000000
[SYS] ------------------------ VSPAs ---------------------------
[SYS]                  | 0          | 1          | 2
[SYS] Error            | 0x00000000 | 0x00000000 | 0x00000000
[SYS] SYM WR           | 0x00000000 | N/A        | 0x00000002
[SYS] SYM RD           | 0x00000000 | N/A        | 0x00000002
[SYS] CMD WR           | 0x00000002 | 0x00000006 | 0x00000007
[SYS] CMD RD           | 0x00000002 | 0x00000006 | 0x00000007
[SYS] ------------------------ Info ----------------------------
[SYS]                  | Downlink           | Uplink
[SYS] RF / fine Gain   |     16 /   -0.5    | 0x42
[SYS] PwrAvg(dBFs/dBm) | N/A                | N/A
[SYS] PwrMax(dBFS)     | N/A                | N/A
[SYS] Showtime 14 seconds

[SYS] ------------------------ Data Direction -------------------
[SYS]                  | Downlink           | Uplink
[SYS] CPlane Total     | 0x0000000000000000 | 0x0000000000000000
[SYS] CPlane OnTime    | 0x0000000000000000 | 0x0000000000000000
[SYS] CPlane Early     | 0x0000000000000000 | 0x0000000000000000
[SYS] CPlane Late      | 0x0000000000000000 | 0x0000000000000000
[SYS] CPlane Corrupt   | 0x0000000000000000 | 0x0000000000000000
[SYS] UPlane Total     | 0x0000000000000000 | 0x0000000000000000
[SYS] UPlane OnTime    | 0x0000000000000000 | N/A
[SYS] UPlane Ealry     | 0x0000000000000000 | N/A
[SYS] UPlane Late      | 0x0000000000000000 | N/A
[SYS] UPlane Corrupt   | 0x0000000000000000 | N/A
[SYS] Eth Pkt Good     | 0x000006a3         | 0x00000c8e
[SYS] Eth Pkt Drop     | 0x00000000         | 0x00000000
[SYS] AXIQ status      | 0x00000303         | 0x00010101
[SYS] ------------------------ Tasks ---------------------------
[SYS]                  | UP         | CP         | RT
[SYS] Error            | 0x00000000 | 0x00000000 | 0x00000000
[SYS] Heartbeats       | 0x00636dc2 | N/A        | N/A
[SYS] Counts           | 0x00000000 | N/A        | 0x00000000
[SYS] Drops            | 0x00000000 | N/A        | 0x00000000
[SYS] ------------------------ VSPAs ---------------------------
[SYS]                  | 0          | 1          | 2
[SYS] Error            | 0x00000000 | 0x00000000 | 0x00000000
[SYS] SYM WR           | 0x00000000 | N/A        | 0x00000002
[SYS] SYM RD           | 0x00000000 | N/A        | 0x00000002
[SYS] CMD WR           | 0x00000002 | 0x00000006 | 0x00000007
[SYS] CMD RD           | 0x00000002 | 0x00000006 | 0x00000007
[SYS] ------------------------ Info ----------------------------
[SYS]                  | Downlink           | Uplink
[SYS] RF / fine Gain   |     16 /   -0.5    | 0x42
[SYS] PwrAvg(dBFs/dBm) | N/A                | N/A
[SYS] PwrMax(dBFS)     | N/A                | N/A
[SYS] Showtime 15 seconds

[SYS] ------------------------ Data Direction -------------------
[SYS]                  | Downlink           | Uplink
[SYS] CPlane Total     | 0x0000000000000000 | 0x0000000000000000
[SYS] CPlane OnTime    | 0x0000000000000000 | 0x0000000000000000
[SYS] CPlane Early     | 0x0000000000000000 | 0x0000000000000000
[SYS] CPlane Late      | 0x0000000000000000 | 0x0000000000000000
[SYS] CPlane Corrupt   | 0x0000000000000000 | 0x0000000000000000
[SYS] UPlane Total     | 0x0000000000000000 | 0x0000000000000000
[SYS] UPlane OnTime    | 0x0000000000000000 | N/A
[SYS] UPlane Ealry     | 0x0000000000000000 | N/A
[SYS] UPlane Late      | 0x0000000000000000 | N/A
[SYS] UPlane Corrupt   | 0x0000000000000000 | N/A
[SYS] Eth Pkt Good     | 0x000006a5         | 0x00000cb2
[SYS] Eth Pkt Drop     | 0x00000000         | 0x00000000
[SYS] AXIQ status      | 0x00000303         | 0x00010101
[SYS] ------------------------ Tasks ---------------------------
[SYS]                  | UP         | CP         | RT
[SYS] Error            | 0x00000000 | 0x00000000 | 0x00000000
[SYS] Heartbeats       | 0x0069b74c | N/A        | N/A
[SYS] Counts           | 0x00000000 | N/A        | 0x00000000
[SYS] Drops            | 0x00000000 | N/A        | 0x00000000
[SYS] ------------------------ VSPAs ---------------------------
[SYS]                  | 0          | 1          | 2
[SYS] Error            | 0x00000000 | 0x00000000 | 0x00000000
[SYS] SYM WR           | 0x00000000 | N/A        | 0x00000002
[SYS] SYM RD           | 0x00000000 | N/A        | 0x00000002
[SYS] CMD WR           | 0x00000002 | 0x00000006 | 0x00000007
[SYS] CMD RD           | 0x00000002 | 0x00000006 | 0x00000007
[SYS] ------------------------ Info ----------------------------
[SYS]                  | Downlink           | Uplink
[SYS] RF / fine Gain   |     16 /   -0.5    | 0x42
[SYS] PwrAvg(dBFs/dBm) | N/A                | N/A
[SYS] PwrMax(dBFS)     | N/A                | N/A
[SYS] Showtime 16 seconds

[SYS] ------------------------ Data Direction -------------------
[SYS]                  | Downlink           | Uplink
[SYS] CPlane Total     | 0x0000000000000000 | 0x0000000000000000
[SYS] CPlane OnTime    | 0x0000000000000000 | 0x0000000000000000
[SYS] CPlane Early     | 0x0000000000000000 | 0x0000000000000000
[SYS] CPlane Late      | 0x0000000000000000 | 0x0000000000000000
[SYS] CPlane Corrupt   | 0x0000000000000000 | 0x0000000000000000
[SYS] UPlane Total     | 0x0000000000000000 | 0x0000000000000000
[SYS] UPlane OnTime    | 0x0000000000000000 | N/A
[SYS] UPlane Ealry     | 0x0000000000000000 | N/A
[SYS] UPlane Late      | 0x0000000000000000 | N/A
[SYS] UPlane Corrupt   | 0x0000000000000000 | N/A
[SYS] Eth Pkt Good     | 0x000006a6         | 0x00000cd5
[SYS] Eth Pkt Drop     | 0x00000000         | 0x00000000
[SYS] AXIQ status      | 0x00000303         | 0x00010101
[SYS] ------------------------ Tasks ---------------------------
[SYS]                  | UP         | CP         | RT
[SYS] Error            | 0x00000000 | 0x00000000 | 0x00000000
[SYS] Heartbeats       | 0x006ff1b6 | N/A        | N/A
[SYS] Counts           | 0x00000000 | N/A        | 0x00000000
[SYS] Drops            | 0x00000000 | N/A        | 0x00000000
[SYS] ------------------------ VSPAs ---------------------------
[SYS]                  | 0          | 1          | 2
[SYS] Error            | 0x00000000 | 0x00000000 | 0x00000000
[SYS] SYM WR           | 0x00000000 | N/A        | 0x00000002
[SYS] SYM RD           | 0x00000000 | N/A        | 0x00000002
[SYS] CMD WR           | 0x00000002 | 0x00000006 | 0x00000007
[SYS] CMD RD           | 0x00000002 | 0x00000006 | 0x00000007
[SYS] ------------------------ Info ----------------------------
[SYS]                  | Downlink           | Uplink
[SYS] RF / fine Gain   |     16 /   -0.5    | 0x42
[SYS] PwrAvg(dBFs/dBm) | N/A                | N/A
[SYS] PwrMax(dBFS)     | N/A                | N/A
[SYS] Showtime 17 seconds

[SYS] ------------------------ Data Direction -------------------
[SYS]                  | Downlink           | Uplink
[SYS] CPlane Total     | 0x0000000000000000 | 0x0000000000000000
[SYS] CPlane OnTime    | 0x0000000000000000 | 0x0000000000000000
[SYS] CPlane Early     | 0x0000000000000000 | 0x0000000000000000
[SYS] CPlane Late      | 0x0000000000000000 | 0x0000000000000000
[SYS] CPlane Corrupt   | 0x0000000000000000 | 0x0000000000000000
[SYS] UPlane Total     | 0x0000000000000000 | 0x0000000000000000
[SYS] UPlane OnTime    | 0x0000000000000000 | N/A
[SYS] UPlane Ealry     | 0x0000000000000000 | N/A
[SYS] UPlane Late      | 0x0000000000000000 | N/A
[SYS] UPlane Corrupt   | 0x0000000000000000 | N/A
[SYS] Eth Pkt Good     | 0x000006a8         | 0x00000cf9
[SYS] Eth Pkt Drop     | 0x00000000         | 0x00000000
[SYS] AXIQ status      | 0x00000303         | 0x00010101
[SYS] ------------------------ Tasks ---------------------------
[SYS]                  | UP         | CP         | RT
[SYS] Error            | 0x00000000 | 0x00000000 | 0x00000000
[SYS] Heartbeats       | 0x00762c9a | N/A        | N/A
[SYS] Counts           | 0x00000000 | N/A        | 0x00000000
[SYS] Drops            | 0x00000000 | N/A        | 0x00000000
[SYS] ------------------------ VSPAs ---------------------------
[SYS]                  | 0          | 1          | 2
[SYS] Error            | 0x00000000 | 0x00000000 | 0x00000000
[SYS] SYM WR           | 0x00000000 | N/A        | 0x00000002
[SYS] SYM RD           | 0x00000000 | N/A        | 0x00000002
[SYS] CMD WR           | 0x00000002 | 0x00000006 | 0x00000007
[SYS] CMD RD           | 0x00000002 | 0x00000006 | 0x00000007
[SYS] ------------------------ Info ----------------------------
[SYS]                  | Downlink           | Uplink
[SYS] RF / fine Gain   |     16 /   -0.5    | 0x42
[SYS] PwrAvg(dBFs/dBm) | N/A                | N/A
[SYS] PwrMax(dBFS)     | N/A                | N/A
[SYS] Showtime 18 seconds

[SYS] ------------------------ Data Direction -------------------
[SYS]                  | Downlink           | Uplink
[SYS] CPlane Total     | 0x0000000000000000 | 0x0000000000000000
[SYS] CPlane OnTime    | 0x0000000000000000 | 0x0000000000000000
[SYS] CPlane Early     | 0x0000000000000000 | 0x0000000000000000
[SYS] CPlane Late      | 0x0000000000000000 | 0x0000000000000000
[SYS] CPlane Corrupt   | 0x0000000000000000 | 0x0000000000000000
[SYS] UPlane Total     | 0x0000000000000000 | 0x0000000000000000
[SYS] UPlane OnTime    | 0x0000000000000000 | N/A
[SYS] UPlane Ealry     | 0x0000000000000000 | N/A
[SYS] UPlane Late      | 0x0000000000000000 | N/A
[SYS] UPlane Corrupt   | 0x0000000000000000 | N/A
[SYS] Eth Pkt Good     | 0x000006a9         | 0x00000d1c
[SYS] Eth Pkt Drop     | 0x00000000         | 0x00000000
[SYS] AXIQ status      | 0x00000303         | 0x00010101
[SYS] ------------------------ Tasks ---------------------------
[SYS]                  | UP         | CP         | RT
[SYS] Error            | 0x00000000 | 0x00000000 | 0x00000000
[SYS] Heartbeats       | 0x007c6791 | N/A        | N/A
[SYS] Counts           | 0x00000000 | N/A        | 0x00000000
[SYS] Drops            | 0x00000000 | N/A        | 0x00000000
[SYS] ------------------------ VSPAs ---------------------------
[SYS]                  | 0          | 1          | 2
[SYS] Error            | 0x00000000 | 0x00000000 | 0x00000000
[SYS] SYM WR           | 0x00000000 | N/A        | 0x00000002
[SYS] SYM RD           | 0x00000000 | N/A        | 0x00000002
[SYS] CMD WR           | 0x00000002 | 0x00000006 | 0x00000007
[SYS] CMD RD           | 0x00000002 | 0x00000006 | 0x00000007
[SYS] ------------------------ Info ----------------------------
[SYS]                  | Downlink           | Uplink
[SYS] RF / fine Gain   |     16 /   -0.5    | 0x42
[SYS] PwrAvg(dBFs/dBm) | N/A                | N/A
[SYS] PwrMax(dBFS)     | N/A                | N/A
[SYS] Showtime 19 seconds

[SYS] ------------------------ Data Direction -------------------
[SYS]                  | Downlink           | Uplink
[SYS] CPlane Total     | 0x0000000000000000 | 0x0000000000000000
[SYS] CPlane OnTime    | 0x0000000000000000 | 0x0000000000000000
[SYS] CPlane Early     | 0x0000000000000000 | 0x0000000000000000
[SYS] CPlane Late      | 0x0000000000000000 | 0x0000000000000000
[SYS] CPlane Corrupt   | 0x0000000000000000 | 0x0000000000000000
[SYS] UPlane Total     | 0x0000000000000000 | 0x0000000000000000
[SYS] UPlane OnTime    | 0x0000000000000000 | N/A
[SYS] UPlane Ealry     | 0x0000000000000000 | N/A
[SYS] UPlane Late      | 0x0000000000000000 | N/A
[SYS] UPlane Corrupt   | 0x0000000000000000 | N/A
[SYS] Eth Pkt Good     | 0x000006c9         | 0x00000d5e
[SYS] Eth Pkt Drop     | 0x00000000         | 0x00000000
[SYS] AXIQ status      | 0x00000303         | 0x00010101
[SYS] ------------------------ Tasks ---------------------------
[SYS]                  | UP         | CP         | RT
[SYS] Error            | 0x00000000 | 0x00000000 | 0x00000000
[SYS] Heartbeats       | 0x0082a54e | N/A        | N/A
[SYS] Counts           | 0x00000000 | N/A        | 0x00000000
[SYS] Drops            | 0x00000000 | N/A        | 0x00000000
[SYS] ------------------------ VSPAs ---------------------------
[SYS]                  | 0          | 1          | 2
[SYS] Error            | 0x00000000 | 0x00000000 | 0x00000000
[SYS] SYM WR           | 0x00000000 | N/A        | 0x00000002
[SYS] SYM RD           | 0x00000000 | N/A        | 0x00000002
[SYS] CMD WR           | 0x00000002 | 0x00000006 | 0x00000007
[SYS] CMD RD           | 0x00000002 | 0x00000006 | 0x00000007
[SYS] ------------------------ Info ----------------------------
[SYS]                  | Downlink           | Uplink
[SYS] RF / fine Gain   |     16 /   -0.5    | 0x42
[SYS] PwrAvg(dBFs/dBm) | N/A                | N/A
[SYS] PwrMax(dBFS)     | N/A                | N/A
[SYS] Showtime 20 seconds

[SYS] ------------------------ Data Direction -------------------
[SYS]                  | Downlink           | Uplink
[SYS] CPlane Total     | 0x0000000000000000 | 0x0000000000000000
[SYS] CPlane OnTime    | 0x0000000000000000 | 0x0000000000000000
[SYS] CPlane Early     | 0x0000000000000000 | 0x0000000000000000
[SYS] CPlane Late      | 0x0000000000000000 | 0x0000000000000000
[SYS] CPlane Corrupt   | 0x0000000000000000 | 0x0000000000000000
[SYS] UPlane Total     | 0x0000000000000000 | 0x0000000000000000
[SYS] UPlane OnTime    | 0x0000000000000000 | N/A
[SYS] UPlane Ealry     | 0x0000000000000000 | N/A
[SYS] UPlane Late      | 0x0000000000000000 | N/A
[SYS] UPlane Corrupt   | 0x0000000000000000 | N/A
[SYS] Eth Pkt Good     | 0x000006ca         | 0x00000d81
[SYS] Eth Pkt Drop     | 0x00000000         | 0x00000000
[SYS] AXIQ status      | 0x00000303         | 0x00010101
[SYS] ------------------------ Tasks ---------------------------
[SYS]                  | UP         | CP         | RT
[SYS] Error            | 0x00000000 | 0x00000000 | 0x00000000
[SYS] Heartbeats       | 0x0088e037 | N/A        | N/A
[SYS] Counts           | 0x00000000 | N/A        | 0x00000000
[SYS] Drops            | 0x00000000 | N/A        | 0x00000000
[SYS] ------------------------ VSPAs ---------------------------
[SYS]                  | 0          | 1          | 2
[SYS] Error            | 0x00000000 | 0x00000000 | 0x00000000
[SYS] SYM WR           | 0x00000000 | N/A        | 0x00000002
[SYS] SYM RD           | 0x00000000 | N/A        | 0x00000002
[SYS] CMD WR           | 0x00000002 | 0x00000006 | 0x00000007
[SYS] CMD RD           | 0x00000002 | 0x00000006 | 0x00000007
[SYS] ------------------------ Info ----------------------------
[SYS]                  | Downlink           | Uplink
[SYS] RF / fine Gain   |     16 /   -0.5    | 0x42
[SYS] PwrAvg(dBFs/dBm) | N/A                | N/A
[SYS] PwrMax(dBFS)     | N/A                | N/A
[SYS] Showtime 21 seconds

[SYS] ------------------------ Data Direction -------------------
[SYS]                  | Downlink           | Uplink
[SYS] CPlane Total     | 0x0000000000000000 | 0x0000000000000000
[SYS] CPlane OnTime    | 0x0000000000000000 | 0x0000000000000000
[SYS] CPlane Early     | 0x0000000000000000 | 0x0000000000000000
[SYS] CPlane Late      | 0x0000000000000000 | 0x0000000000000000
[SYS] CPlane Corrupt   | 0x0000000000000000 | 0x0000000000000000
[SYS] UPlane Total     | 0x0000000000000000 | 0x0000000000000000
[SYS] UPlane OnTime    | 0x0000000000000000 | N/A
[SYS] UPlane Ealry     | 0x0000000000000000 | N/A
[SYS] UPlane Late      | 0x0000000000000000 | N/A
[SYS] UPlane Corrupt   | 0x0000000000000000 | N/A
[SYS] Eth Pkt Good     | 0x000006cb         | 0x00000da4
[SYS] Eth Pkt Drop     | 0x00000000         | 0x00000000
[SYS] AXIQ status      | 0x00000303         | 0x00010101
[SYS] ------------------------ Tasks ---------------------------
[SYS]                  | UP         | CP         | RT
[SYS] Error            | 0x00000000 | 0x00000000 | 0x00000000
[SYS] Heartbeats       | 0x008f1b0c | N/A        | N/A
[SYS] Counts           | 0x00000000 | N/A        | 0x00000000
[SYS] Drops            | 0x00000000 | N/A        | 0x00000000
[SYS] ------------------------ VSPAs ---------------------------
[SYS]                  | 0          | 1          | 2
[SYS] Error            | 0x00000000 | 0x00000000 | 0x00000000
[SYS] SYM WR           | 0x00000000 | N/A        | 0x00000002
[SYS] SYM RD           | 0x00000000 | N/A        | 0x00000002
[SYS] CMD WR           | 0x00000002 | 0x00000006 | 0x00000007
[SYS] CMD RD           | 0x00000002 | 0x00000006 | 0x00000007
[SYS] ------------------------ Info ----------------------------
[SYS]                  | Downlink           | Uplink
[SYS] RF / fine Gain   |     16 /   -0.5    | 0x42
[SYS] PwrAvg(dBFs/dBm) | N/A                | N/A
[SYS] PwrMax(dBFS)     | N/A                | N/A
[SYS] Showtime 22 seconds

[SYS] ------------------------ Data Direction -------------------
[SYS]                  | Downlink           | Uplink
[SYS] CPlane Total     | 0x0000000000000000 | 0x0000000000000000
[SYS] CPlane OnTime    | 0x0000000000000000 | 0x0000000000000000
[SYS] CPlane Early     | 0x0000000000000000 | 0x0000000000000000
[SYS] CPlane Late      | 0x0000000000000000 | 0x0000000000000000
[SYS] CPlane Corrupt   | 0x0000000000000000 | 0x0000000000000000
[SYS] UPlane Total     | 0x0000000000000000 | 0x0000000000000000
[SYS] UPlane OnTime    | 0x0000000000000000 | N/A
[SYS] UPlane Ealry     | 0x0000000000000000 | N/A
[SYS] UPlane Late      | 0x0000000000000000 | N/A
[SYS] UPlane Corrupt   | 0x0000000000000000 | N/A
[SYS] Eth Pkt Good     | 0x000006cd         | 0x00000dc8
[SYS] Eth Pkt Drop     | 0x00000000         | 0x00000000
[SYS] AXIQ status      | 0x00000303         | 0x00010101
[SYS] ------------------------ Tasks ---------------------------
[SYS]                  | UP         | CP         | RT
[SYS] Error            | 0x00000000 | 0x00000000 | 0x00000000
[SYS] Heartbeats       | 0x009558d1 | N/A        | N/A
[SYS] Counts           | 0x00000000 | N/A        | 0x00000000
[SYS] Drops            | 0x00000000 | N/A        | 0x00000000
[SYS] ------------------------ VSPAs ---------------------------
[SYS]                  | 0          | 1          | 2
[SYS] Error            | 0x00000000 | 0x00000000 | 0x00000000
[SYS] SYM WR           | 0x00000000 | N/A        | 0x00000002
[SYS] SYM RD           | 0x00000000 | N/A        | 0x00000002
[SYS] CMD WR           | 0x00000002 | 0x00000006 | 0x00000007
[SYS] CMD RD           | 0x00000002 | 0x00000006 | 0x00000007
[SYS] ------------------------ Info ----------------------------
[SYS]                  | Downlink           | Uplink
[SYS] RF / fine Gain   |     16 /   -0.5    | 0x42
[SYS] PwrAvg(dBFs/dBm) | N/A                | N/A
[SYS] PwrMax(dBFS)     | N/A                | N/A
[SYS] Showtime 23 seconds

[SYS] ------------------------ Data Direction -------------------
[SYS]                  | Downlink           | Uplink
[SYS] CPlane Total     | 0x0000000000000000 | 0x0000000000000000
[SYS] CPlane OnTime    | 0x0000000000000000 | 0x0000000000000000
[SYS] CPlane Early     | 0x0000000000000000 | 0x0000000000000000
[SYS] CPlane Late      | 0x0000000000000000 | 0x0000000000000000
[SYS] CPlane Corrupt   | 0x0000000000000000 | 0x0000000000000000
[SYS] UPlane Total     | 0x0000000000000000 | 0x0000000000000000
[SYS] UPlane OnTime    | 0x0000000000000000 | N/A
[SYS] UPlane Ealry     | 0x0000000000000000 | N/A
[SYS] UPlane Late      | 0x0000000000000000 | N/A
[SYS] UPlane Corrupt   | 0x0000000000000000 | N/A
[SYS] Eth Pkt Good     | 0x000006ce         | 0x00000deb
[SYS] Eth Pkt Drop     | 0x00000000         | 0x00000000
[SYS] AXIQ status      | 0x00000303         | 0x00010101
[SYS] ------------------------ Tasks ---------------------------
[SYS]                  | UP         | CP         | RT
[SYS] Error            | 0x00000000 | 0x00000000 | 0x00000000
[SYS] Heartbeats       | 0x009b93b3 | N/A        | N/A
[SYS] Counts           | 0x00000000 | N/A        | 0x00000000
[SYS] Drops            | 0x00000000 | N/A        | 0x00000000
[SYS] ------------------------ VSPAs ---------------------------
[SYS]                  | 0          | 1          | 2
[SYS] Error            | 0x00000000 | 0x00000000 | 0x00000000
[SYS] SYM WR           | 0x00000000 | N/A        | 0x00000002
[SYS] SYM RD           | 0x00000000 | N/A        | 0x00000002
[SYS] CMD WR           | 0x00000002 | 0x00000006 | 0x00000007
[SYS] CMD RD           | 0x00000002 | 0x00000006 | 0x00000007
[SYS] ------------------------ Info ----------------------------
[SYS]                  | Downlink           | Uplink
[SYS] RF / fine Gain   |     16 /   -0.5    | 0x42
[SYS] PwrAvg(dBFs/dBm) | N/A                | N/A
[SYS] PwrMax(dBFS)     | N/A                | N/A
[SYS] Showtime 24 seconds

[SYS] ------------------------ Data Direction -------------------
[SYS]                  | Downlink           | Uplink
[SYS] CPlane Total     | 0x0000000000000000 | 0x0000000000000000
[SYS] CPlane OnTime    | 0x0000000000000000 | 0x0000000000000000
[SYS] CPlane Early     | 0x0000000000000000 | 0x0000000000000000
[SYS] CPlane Late      | 0x0000000000000000 | 0x0000000000000000
[SYS] CPlane Corrupt   | 0x0000000000000000 | 0x0000000000000000
[SYS] UPlane Total     | 0x0000000000000000 | 0x0000000000000000
[SYS] UPlane OnTime    | 0x0000000000000000 | N/A
[SYS] UPlane Ealry     | 0x0000000000000000 | N/A
[SYS] UPlane Late      | 0x0000000000000000 | N/A
[SYS] UPlane Corrupt   | 0x0000000000000000 | N/A
[SYS] Eth Pkt Good     | 0x000006d0         | 0x00000e0f
[SYS] Eth Pkt Drop     | 0x00000000         | 0x00000000
[SYS] AXIQ status      | 0x00000303         | 0x00010101
[SYS] ------------------------ Tasks ---------------------------
[SYS]                  | UP         | CP         | RT
[SYS] Error            | 0x00000000 | 0x00000000 | 0x00000000
[SYS] Heartbeats       | 0x00a1ce99 | N/A        | N/A
[SYS] Counts           | 0x00000000 | N/A        | 0x00000000
[SYS] Drops            | 0x00000000 | N/A        | 0x00000000
[SYS] ------------------------ VSPAs ---------------------------
[SYS]                  | 0          | 1          | 2
[SYS] Error            | 0x00000000 | 0x00000000 | 0x00000000
[SYS] SYM WR           | 0x00000000 | N/A        | 0x00000002
[SYS] SYM RD           | 0x00000000 | N/A        | 0x00000002
[SYS] CMD WR           | 0x00000002 | 0x00000006 | 0x00000007
[SYS] CMD RD           | 0x00000002 | 0x00000006 | 0x00000007
[SYS] ------------------------ Info ----------------------------
[SYS]                  | Downlink           | Uplink
[SYS] RF / fine Gain   |     16 /   -0.5    | 0x42
[SYS] PwrAvg(dBFs/dBm) | N/A                | N/A
[SYS] PwrMax(dBFS)     | N/A                | N/A
[SYS] Showtime 25 seconds

[SYS] ------------------------ Data Direction -------------------
[SYS]                  | Downlink           | Uplink
[SYS] CPlane Total     | 0x0000000000000000 | 0x0000000000000000
[SYS] CPlane OnTime    | 0x0000000000000000 | 0x0000000000000000
[SYS] CPlane Early     | 0x0000000000000000 | 0x0000000000000000
[SYS] CPlane Late      | 0x0000000000000000 | 0x0000000000000000
[SYS] CPlane Corrupt   | 0x0000000000000000 | 0x0000000000000000
[SYS] UPlane Total     | 0x0000000000000000 | 0x0000000000000000
[SYS] UPlane OnTime    | 0x0000000000000000 | N/A
[SYS] UPlane Ealry     | 0x0000000000000000 | N/A
[SYS] UPlane Late      | 0x0000000000000000 | N/A
[SYS] UPlane Corrupt   | 0x0000000000000000 | N/A
[SYS] Eth Pkt Good     | 0x000006d1         | 0x00000e32
[SYS] Eth Pkt Drop     | 0x00000000         | 0x00000000
[SYS] AXIQ status      | 0x00000303         | 0x00010101
[SYS] ------------------------ Tasks ---------------------------
[SYS]                  | UP         | CP         | RT
[SYS] Error            | 0x00000000 | 0x00000000 | 0x00000000
[SYS] Heartbeats       | 0x00a80991 | N/A        | N/A
[SYS] Counts           | 0x00000000 | N/A        | 0x00000000
[SYS] Drops            | 0x00000000 | N/A        | 0x00000000
[SYS] ------------------------ VSPAs ---------------------------
[SYS]                  | 0          | 1          | 2
[SYS] Error            | 0x00000000 | 0x00000000 | 0x00000000
[SYS] SYM WR           | 0x00000000 | N/A        | 0x00000002
[SYS] SYM RD           | 0x00000000 | N/A        | 0x00000002
[SYS] CMD WR           | 0x00000002 | 0x00000006 | 0x00000007
[SYS] CMD RD           | 0x00000002 | 0x00000006 | 0x00000007
[SYS] ------------------------ Info ----------------------------
[SYS]                  | Downlink           | Uplink
[SYS] RF / fine Gain   |     16 /   -0.5    | 0x42
[SYS] PwrAvg(dBFs/dBm) | N/A                | N/A
[SYS] PwrMax(dBFS)     | N/A                | N/A
[SYS] Showtime 26 seconds

[SYS] ------------------------ Data Direction -------------------
[SYS]                  | Downlink           | Uplink
[SYS] CPlane Total     | 0x0000000000000000 | 0x0000000000000000
[SYS] CPlane OnTime    | 0x0000000000000000 | 0x0000000000000000
[SYS] CPlane Early     | 0x0000000000000000 | 0x0000000000000000
[SYS] CPlane Late      | 0x0000000000000000 | 0x0000000000000000
[SYS] CPlane Corrupt   | 0x0000000000000000 | 0x0000000000000000
[SYS] UPlane Total     | 0x0000000000000000 | 0x0000000000000000
[SYS] UPlane OnTime    | 0x0000000000000000 | N/A
[SYS] UPlane Ealry     | 0x0000000000000000 | N/A
[SYS] UPlane Late      | 0x0000000000000000 | N/A
[SYS] UPlane Corrupt   | 0x0000000000000000 | N/A
[SYS] Eth Pkt Good     | 0x000006d3         | 0x00000e56
[SYS] Eth Pkt Drop     | 0x00000000         | 0x00000000
[SYS] AXIQ status      | 0x00000303         | 0x00010101
[SYS] ------------------------ Tasks ---------------------------
[SYS]                  | UP         | CP         | RT
[SYS] Error            | 0x00000000 | 0x00000000 | 0x00000000
[SYS] Heartbeats       | 0x00ae4750 | N/A        | N/A
[SYS] Counts           | 0x00000000 | N/A        | 0x00000000
[SYS] Drops            | 0x00000000 | N/A        | 0x00000000
[SYS] ------------------------ VSPAs ---------------------------
[SYS]                  | 0          | 1          | 2
[SYS] Error            | 0x00000000 | 0x00000000 | 0x00000000
[SYS] SYM WR           | 0x00000000 | N/A        | 0x00000002
[SYS] SYM RD           | 0x00000000 | N/A        | 0x00000002
[SYS] CMD WR           | 0x00000002 | 0x00000006 | 0x00000007
[SYS] CMD RD           | 0x00000002 | 0x00000006 | 0x00000007
[SYS] ------------------------ Info ----------------------------
[SYS]                  | Downlink           | Uplink
[SYS] RF / fine Gain   |     16 /   -0.5    | 0x42
[SYS] PwrAvg(dBFs/dBm) | N/A                | N/A
[SYS] PwrMax(dBFS)     | N/A                | N/A
[SYS] Showtime 27 seconds

[SYS] ------------------------ Data Direction -------------------
[SYS]                  | Downlink           | Uplink
[SYS] CPlane Total     | 0x0000000000000000 | 0x0000000000000000
[SYS] CPlane OnTime    | 0x0000000000000000 | 0x0000000000000000
[SYS] CPlane Early     | 0x0000000000000000 | 0x0000000000000000
[SYS] CPlane Late      | 0x0000000000000000 | 0x0000000000000000
[SYS] CPlane Corrupt   | 0x0000000000000000 | 0x0000000000000000
[SYS] UPlane Total     | 0x0000000000000000 | 0x0000000000000000
[SYS] UPlane OnTime    | 0x0000000000000000 | N/A
[SYS] UPlane Ealry     | 0x0000000000000000 | N/A
[SYS] UPlane Late      | 0x0000000000000000 | N/A
[SYS] UPlane Corrupt   | 0x0000000000000000 | N/A
[SYS] Eth Pkt Good     | 0x000006d4         | 0x00000e79
[SYS] Eth Pkt Drop     | 0x00000000         | 0x00000000
[SYS] AXIQ status      | 0x00000303         | 0x00010101
[SYS] ------------------------ Tasks ---------------------------
[SYS]                  | UP         | CP         | RT
[SYS] Error            | 0x00000000 | 0x00000000 | 0x00000000
[SYS] Heartbeats       | 0x00b4822e | N/A        | N/A
[SYS] Counts           | 0x00000000 | N/A        | 0x00000000
[SYS] Drops            | 0x00000000 | N/A        | 0x00000000
[SYS] ------------------------ VSPAs ---------------------------
[SYS]                  | 0          | 1          | 2
[SYS] Error            | 0x00000000 | 0x00000000 | 0x00000000
[SYS] SYM WR           | 0x00000000 | N/A        | 0x00000002
[SYS] SYM RD           | 0x00000000 | N/A        | 0x00000002
[SYS] CMD WR           | 0x00000002 | 0x00000006 | 0x00000007
[SYS] CMD RD           | 0x00000002 | 0x00000006 | 0x00000007
[SYS] ------------------------ Info ----------------------------
[SYS]                  | Downlink           | Uplink
[SYS] RF / fine Gain   |     16 /   -0.5    | 0x42
[SYS] PwrAvg(dBFs/dBm) | N/A                | N/A
[SYS] PwrMax(dBFS)     | N/A                | N/A
[SYS] Showtime 28 seconds

[SYS] ------------------------ Data Direction -------------------
[SYS]                  | Downlink           | Uplink
[SYS] CPlane Total     | 0x0000000000000000 | 0x0000000000000000
[SYS] CPlane OnTime    | 0x0000000000000000 | 0x0000000000000000
[SYS] CPlane Early     | 0x0000000000000000 | 0x0000000000000000
[SYS] CPlane Late      | 0x0000000000000000 | 0x0000000000000000
[SYS] CPlane Corrupt   | 0x0000000000000000 | 0x0000000000000000
[SYS] UPlane Total     | 0x0000000000000000 | 0x0000000000000000
[SYS] UPlane OnTime    | 0x0000000000000000 | N/A
[SYS] UPlane Ealry     | 0x0000000000000000 | N/A
[SYS] UPlane Late      | 0x0000000000000000 | N/A
[SYS] UPlane Corrupt   | 0x0000000000000000 | N/A
[SYS] Eth Pkt Good     | 0x000006d5         | 0x00000e9c
[SYS] Eth Pkt Drop     | 0x00000000         | 0x00000000
[SYS] AXIQ status      | 0x00000303         | 0x00010101
[SYS] ------------------------ Tasks ---------------------------
[SYS]                  | UP         | CP         | RT
[SYS] Error            | 0x00000000 | 0x00000000 | 0x00000000
[SYS] Heartbeats       | 0x00babd0e | N/A        | N/A
[SYS] Counts           | 0x00000000 | N/A        | 0x00000000
[SYS] Drops            | 0x00000000 | N/A        | 0x00000000
[SYS] ------------------------ VSPAs ---------------------------
[SYS]                  | 0          | 1          | 2
[SYS] Error            | 0x00000000 | 0x00000000 | 0x00000000
[SYS] SYM WR           | 0x00000000 | N/A        | 0x00000002
[SYS] SYM RD           | 0x00000000 | N/A        | 0x00000002
[SYS] CMD WR           | 0x00000002 | 0x00000006 | 0x00000007
[SYS] CMD RD           | 0x00000002 | 0x00000006 | 0x00000007
[SYS] ------------------------ Info ----------------------------
[SYS]                  | Downlink           | Uplink
[SYS] RF / fine Gain   |     16 /   -0.5    | 0x42
[SYS] PwrAvg(dBFs/dBm) | N/A                | N/A
[SYS] PwrMax(dBFS)     | N/A                | N/A
[SYS] Showtime 29 seconds

[SYS] ------------------------ Data Direction -------------------
[SYS]                  | Downlink           | Uplink
[SYS] CPlane Total     | 0x0000000000000000 | 0x0000000000000000
[SYS] CPlane OnTime    | 0x0000000000000000 | 0x0000000000000000
[SYS] CPlane Early     | 0x0000000000000000 | 0x0000000000000000
[SYS] CPlane Late      | 0x0000000000000000 | 0x0000000000000000
[SYS] CPlane Corrupt   | 0x0000000000000000 | 0x0000000000000000
[SYS] UPlane Total     | 0x0000000000000000 | 0x0000000000000000
[SYS] UPlane OnTime    | 0x0000000000000000 | N/A
[SYS] UPlane Ealry     | 0x0000000000000000 | N/A
[SYS] UPlane Late      | 0x0000000000000000 | N/A
[SYS] UPlane Corrupt   | 0x0000000000000000 | N/A
[SYS] Eth Pkt Good     | 0x000006d7         | 0x00000ec0
[SYS] Eth Pkt Drop     | 0x00000000         | 0x00000000
[SYS] AXIQ status      | 0x00000303         | 0x00010101
[SYS] ------------------------ Tasks ---------------------------
[SYS]                  | UP         | CP         | RT
[SYS] Error            | 0x00000000 | 0x00000000 | 0x00000000
[SYS] Heartbeats       | 0x00c0fae3 | N/A        | N/A
[SYS] Counts           | 0x00000000 | N/A        | 0x00000000
[SYS] Drops            | 0x00000000 | N/A        | 0x00000000
[SYS] ------------------------ VSPAs ---------------------------
[SYS]                  | 0          | 1          | 2
[SYS] Error            | 0x00000000 | 0x00000000 | 0x00000000
[SYS] SYM WR           | 0x00000000 | N/A        | 0x00000002
[SYS] SYM RD           | 0x00000000 | N/A        | 0x00000002
[SYS] CMD WR           | 0x00000002 | 0x00000006 | 0x00000007
[SYS] CMD RD           | 0x00000002 | 0x00000006 | 0x00000007
[SYS] ------------------------ Info ----------------------------
[SYS]                  | Downlink           | Uplink
[SYS] RF / fine Gain   |     16 /   -0.5    | 0x42
[SYS] PwrAvg(dBFs/dBm) | N/A                | N/A
[SYS] PwrMax(dBFS)     | N/A                | N/A
[SYS] Showtime 30 seconds

[SYS] ------------------------ Data Direction -------------------
[SYS]                  | Downlink           | Uplink
[SYS] CPlane Total     | 0x0000000000000000 | 0x0000000000000000
[SYS] CPlane OnTime    | 0x0000000000000000 | 0x0000000000000000
[SYS] CPlane Early     | 0x0000000000000000 | 0x0000000000000000
[SYS] CPlane Late      | 0x0000000000000000 | 0x0000000000000000
[SYS] CPlane Corrupt   | 0x0000000000000000 | 0x0000000000000000
[SYS] UPlane Total     | 0x0000000000000000 | 0x0000000000000000
[SYS] UPlane OnTime    | 0x0000000000000000 | N/A
[SYS] UPlane Ealry     | 0x0000000000000000 | N/A
[SYS] UPlane Late      | 0x0000000000000000 | N/A
[SYS] UPlane Corrupt   | 0x0000000000000000 | N/A
[SYS] Eth Pkt Good     | 0x000006d8         | 0x00000ee3
[SYS] Eth Pkt Drop     | 0x00000000         | 0x00000000
[SYS] AXIQ status      | 0x00000303         | 0x00010101
[SYS] ------------------------ Tasks ---------------------------
[SYS]                  | UP         | CP         | RT
[SYS] Error            | 0x00000000 | 0x00000000 | 0x00000000
[SYS] Heartbeats       | 0x00c735c7 | N/A        | N/A
[SYS] Counts           | 0x00000000 | N/A        | 0x00000000
[SYS] Drops            | 0x00000000 | N/A        | 0x00000000
[SYS] ------------------------ VSPAs ---------------------------
[SYS]                  | 0          | 1          | 2
[SYS] Error            | 0x00000000 | 0x00000000 | 0x00000000
[SYS] SYM WR           | 0x00000000 | N/A        | 0x00000002
[SYS] SYM RD           | 0x00000000 | N/A        | 0x00000002
[SYS] CMD WR           | 0x00000002 | 0x00000006 | 0x00000007
[SYS] CMD RD           | 0x00000002 | 0x00000006 | 0x00000007
[SYS] ------------------------ Info ----------------------------
[SYS]                  | Downlink           | Uplink
[SYS] RF / fine Gain   |     16 /   -0.5    | 0x42
[SYS] PwrAvg(dBFs/dBm) | N/A                | N/A
[SYS] PwrMax(dBFS)     | N/A                | N/A
[SYS] Showtime 31 seconds

[SYS] ------------------------ Data Direction -------------------
[SYS]                  | Downlink           | Uplink
[SYS] CPlane Total     | 0x0000000000000000 | 0x0000000000000000
[SYS] CPlane OnTime    | 0x0000000000000000 | 0x0000000000000000
[SYS] CPlane Early     | 0x0000000000000000 | 0x0000000000000000
[SYS] CPlane Late      | 0x0000000000000000 | 0x0000000000000000
[SYS] CPlane Corrupt   | 0x0000000000000000 | 0x0000000000000000
[SYS] UPlane Total     | 0x0000000000000000 | 0x0000000000000000
[SYS] UPlane OnTime    | 0x0000000000000000 | N/A
[SYS] UPlane Ealry     | 0x0000000000000000 | N/A
[SYS] UPlane Late      | 0x0000000000000000 | N/A
[SYS] UPlane Corrupt   | 0x0000000000000000 | N/A
[SYS] Eth Pkt Good     | 0x000006da         | 0x00000f07
[SYS] Eth Pkt Drop     | 0x00000000         | 0x00000000
[SYS] AXIQ status      | 0x00000303         | 0x00010101
[SYS] ------------------------ Tasks ---------------------------
[SYS]                  | UP         | CP         | RT
[SYS] Error            | 0x00000000 | 0x00000000 | 0x00000000
[SYS] Heartbeats       | 0x00cd70ab | N/A        | N/A
[SYS] Counts           | 0x00000000 | N/A        | 0x00000000
[SYS] Drops            | 0x00000000 | N/A        | 0x00000000
[SYS] ------------------------ VSPAs ---------------------------
[SYS]                  | 0          | 1          | 2
[SYS] Error            | 0x00000000 | 0x00000000 | 0x00000000
[SYS] SYM WR           | 0x00000000 | N/A        | 0x00000002
[SYS] SYM RD           | 0x00000000 | N/A        | 0x00000002
[SYS] CMD WR           | 0x00000002 | 0x00000006 | 0x00000007
[SYS] CMD RD           | 0x00000002 | 0x00000006 | 0x00000007
[SYS] ------------------------ Info ----------------------------
[SYS]                  | Downlink           | Uplink
[SYS] RF / fine Gain   |     16 /   -0.5    | 0x42
[SYS] PwrAvg(dBFs/dBm) | N/A                | N/A
[SYS] PwrMax(dBFS)     | N/A                | N/A
[SYS] Showtime 32 seconds

[SYS] ------------------------ Data Direction -------------------
[SYS]                  | Downlink           | Uplink
[SYS] CPlane Total     | 0x0000000000000000 | 0x0000000000000000
[SYS] CPlane OnTime    | 0x0000000000000000 | 0x0000000000000000
[SYS] CPlane Early     | 0x0000000000000000 | 0x0000000000000000
[SYS] CPlane Late      | 0x0000000000000000 | 0x0000000000000000
[SYS] CPlane Corrupt   | 0x0000000000000000 | 0x0000000000000000
[SYS] UPlane Total     | 0x0000000000000000 | 0x0000000000000000
[SYS] UPlane OnTime    | 0x0000000000000000 | N/A
[SYS] UPlane Ealry     | 0x0000000000000000 | N/A
[SYS] UPlane Late      | 0x0000000000000000 | N/A
[SYS] UPlane Corrupt   | 0x0000000000000000 | N/A
[SYS] Eth Pkt Good     | 0x000006ed         | 0x00000f3c
[SYS] Eth Pkt Drop     | 0x00000000         | 0x00000000
[SYS] AXIQ status      | 0x00000303         | 0x00010101
[SYS] ------------------------ Tasks ---------------------------
[SYS]                  | UP         | CP         | RT
[SYS] Error            | 0x00000000 | 0x00000000 | 0x00000000
[SYS] Heartbeats       | 0x00d3abac | N/A        | N/A
[SYS] Counts           | 0x00000000 | N/A        | 0x00000000
[SYS] Drops            | 0x00000000 | N/A        | 0x00000000
[SYS] ------------------------ VSPAs ---------------------------
[SYS]                  | 0          | 1          | 2
[SYS] Error            | 0x00000000 | 0x00000000 | 0x00000000
[SYS] SYM WR           | 0x00000000 | N/A        | 0x00000002
[SYS] SYM RD           | 0x00000000 | N/A        | 0x00000002
[SYS] CMD WR           | 0x00000002 | 0x00000006 | 0x00000007
[SYS] CMD RD           | 0x00000002 | 0x00000006 | 0x00000007
[SYS] ------------------------ Info ----------------------------
[SYS]                  | Downlink           | Uplink
[SYS] RF / fine Gain   |     16 /   -0.5    | 0x42
[SYS] PwrAvg(dBFs/dBm) | N/A                | N/A
[SYS] PwrMax(dBFS)     | N/A                | N/A
[SYS] Showtime 33 seconds

[SYS] ------------------------ Data Direction -------------------
[SYS]                  | Downlink           | Uplink
[SYS] CPlane Total     | 0x0000000000000000 | 0x0000000000000000
[SYS] CPlane OnTime    | 0x0000000000000000 | 0x0000000000000000
[SYS] CPlane Early     | 0x0000000000000000 | 0x0000000000000000
[SYS] CPlane Late      | 0x0000000000000000 | 0x0000000000000000
[SYS] CPlane Corrupt   | 0x0000000000000000 | 0x0000000000000000
[SYS] UPlane Total     | 0x0000000000000000 | 0x0000000000000000
[SYS] UPlane OnTime    | 0x0000000000000000 | N/A
[SYS] UPlane Ealry     | 0x0000000000000000 | N/A
[SYS] UPlane Late      | 0x0000000000000000 | N/A
[SYS] UPlane Corrupt   | 0x0000000000000000 | N/A
[SYS] Eth Pkt Good     | 0x000006fb         | 0x00000f6b
[SYS] Eth Pkt Drop     | 0x00000000         | 0x00000000
[SYS] AXIQ status      | 0x00000303         | 0x00010101
[SYS] ------------------------ Tasks ---------------------------
[SYS]                  | UP         | CP         | RT
[SYS] Error            | 0x00000000 | 0x00000000 | 0x00000000
[SYS] Heartbeats       | 0x00d9e96e | N/A        | N/A
[SYS] Counts           | 0x00000000 | N/A        | 0x00000000
[SYS] Drops            | 0x00000000 | N/A        | 0x00000000
[SYS] ------------------------ VSPAs ---------------------------
[SYS]                  | 0          | 1          | 2
[SYS] Error            | 0x00000000 | 0x00000000 | 0x00000000
[SYS] SYM WR           | 0x00000000 | N/A        | 0x00000002
[SYS] SYM RD           | 0x00000000 | N/A        | 0x00000002
[SYS] CMD WR           | 0x00000002 | 0x00000006 | 0x00000007
[SYS] CMD RD           | 0x00000002 | 0x00000006 | 0x00000007
[SYS] ------------------------ Info ----------------------------
[SYS]                  | Downlink           | Uplink
[SYS] RF / fine Gain   |     16 /   -0.5    | 0x42
[SYS] PwrAvg(dBFs/dBm) | N/A                | N/A
[SYS] PwrMax(dBFS)     | N/A                | N/A
[SYS] Showtime 34 seconds

[SYS] ------------------------ Data Direction -------------------
[SYS]                  | Downlink           | Uplink
[SYS] CPlane Total     | 0x0000000000000000 | 0x0000000000000000
[SYS] CPlane OnTime    | 0x0000000000000000 | 0x0000000000000000
[SYS] CPlane Early     | 0x0000000000000000 | 0x0000000000000000
[SYS] CPlane Late      | 0x0000000000000000 | 0x0000000000000000
[SYS] CPlane Corrupt   | 0x0000000000000000 | 0x0000000000000000
[SYS] UPlane Total     | 0x0000000000000000 | 0x0000000000000000
[SYS] UPlane OnTime    | 0x0000000000000000 | N/A
[SYS] UPlane Ealry     | 0x0000000000000000 | N/A
[SYS] UPlane Late      | 0x0000000000000000 | N/A
[SYS] UPlane Corrupt   | 0x0000000000000000 | N/A
[SYS] Eth Pkt Good     | 0x000006fc         | 0x00000f8f
[SYS] Eth Pkt Drop     | 0x00000000         | 0x00000000
[SYS] AXIQ status      | 0x00000303         | 0x00010101
[SYS] ------------------------ Tasks ---------------------------
[SYS]                  | UP         | CP         | RT
[SYS] Error            | 0x00000000 | 0x00000000 | 0x00000000
[SYS] Heartbeats       | 0x00e02454 | N/A        | N/A
[SYS] Counts           | 0x00000000 | N/A        | 0x00000000
[SYS] Drops            | 0x00000000 | N/A        | 0x00000000
[SYS] ------------------------ VSPAs ---------------------------
[SYS]                  | 0          | 1          | 2
[SYS] Error            | 0x00000000 | 0x00000000 | 0x00000000
[SYS] SYM WR           | 0x00000000 | N/A        | 0x00000002
[SYS] SYM RD           | 0x00000000 | N/A        | 0x00000002
[SYS] CMD WR           | 0x00000002 | 0x00000006 | 0x00000007
[SYS] CMD RD           | 0x00000002 | 0x00000006 | 0x00000007
[SYS] ------------------------ Info ----------------------------
[SYS]                  | Downlink           | Uplink
[SYS] RF / fine Gain   |     16 /   -0.5    | 0x42
[SYS] PwrAvg(dBFs/dBm) | N/A                | N/A
[SYS] PwrMax(dBFS)     | N/A                | N/A
[SYS] Showtime 35 seconds

[SYS] ------------------------ Data Direction -------------------
[SYS]                  | Downlink           | Uplink
[SYS] CPlane Total     | 0x0000000000000000 | 0x0000000000000000
[SYS] CPlane OnTime    | 0x0000000000000000 | 0x0000000000000000
[SYS] CPlane Early     | 0x0000000000000000 | 0x0000000000000000
[SYS] CPlane Late      | 0x0000000000000000 | 0x0000000000000000
[SYS] CPlane Corrupt   | 0x0000000000000000 | 0x0000000000000000
[SYS] UPlane Total     | 0x0000000000000000 | 0x0000000000000000
[SYS] UPlane OnTime    | 0x0000000000000000 | N/A
[SYS] UPlane Ealry     | 0x0000000000000000 | N/A
[SYS] UPlane Late      | 0x0000000000000000 | N/A
[SYS] UPlane Corrupt   | 0x0000000000000000 | N/A
[SYS] Eth Pkt Good     | 0x000006fd         | 0x00000fb2
[SYS] Eth Pkt Drop     | 0x00000000         | 0x00000000
[SYS] AXIQ status      | 0x00000303         | 0x00010101
[SYS] ------------------------ Tasks ---------------------------
[SYS]                  | UP         | CP         | RT
[SYS] Error            | 0x00000000 | 0x00000000 | 0x00000000
[SYS] Heartbeats       | 0x00e65f40 | N/A        | N/A
[SYS] Counts           | 0x00000000 | N/A        | 0x00000000
[SYS] Drops            | 0x00000000 | N/A        | 0x00000000
[SYS] ------------------------ VSPAs ---------------------------
[SYS]                  | 0          | 1          | 2
[SYS] Error            | 0x00000000 | 0x00000000 | 0x00000000
[SYS] SYM WR           | 0x00000000 | N/A        | 0x00000002
[SYS] SYM RD           | 0x00000000 | N/A        | 0x00000002
[SYS] CMD WR           | 0x00000002 | 0x00000006 | 0x00000007
[SYS] CMD RD           | 0x00000002 | 0x00000006 | 0x00000007
[SYS] ------------------------ Info ----------------------------
[SYS]                  | Downlink           | Uplink
[SYS] RF / fine Gain   |     16 /   -0.5    | 0x42
[SYS] PwrAvg(dBFs/dBm) | N/A                | N/A
[SYS] PwrMax(dBFS)     | N/A                | N/A
[SYS] Showtime 36 seconds

[SYS] ------------------------ Data Direction -------------------
[SYS]                  | Downlink           | Uplink
[SYS] CPlane Total     | 0x0000000000000000 | 0x0000000000000000
[SYS] CPlane OnTime    | 0x0000000000000000 | 0x0000000000000000
[SYS] CPlane Early     | 0x0000000000000000 | 0x0000000000000000
[SYS] CPlane Late      | 0x0000000000000000 | 0x0000000000000000
[SYS] CPlane Corrupt   | 0x0000000000000000 | 0x0000000000000000
[SYS] UPlane Total     | 0x0000000000000000 | 0x0000000000000000
[SYS] UPlane OnTime    | 0x0000000000000000 | N/A
[SYS] UPlane Ealry     | 0x0000000000000000 | N/A
[SYS] UPlane Late      | 0x0000000000000000 | N/A
[SYS] UPlane Corrupt   | 0x0000000000000000 | N/A
[SYS] Eth Pkt Good     | 0x000006ff         | 0x00000fd6
[SYS] Eth Pkt Drop     | 0x00000000         | 0x00000000
[SYS] AXIQ status      | 0x00000303         | 0x00010101
[SYS] ------------------------ Tasks ---------------------------
[SYS]                  | UP         | CP         | RT
[SYS] Error            | 0x00000000 | 0x00000000 | 0x00000000
[SYS] Heartbeats       | 0x00ec9d04 | N/A        | N/A
[SYS] Counts           | 0x00000000 | N/A        | 0x00000000
[SYS] Drops            | 0x00000000 | N/A        | 0x00000000
[SYS] ------------------------ VSPAs ---------------------------
[SYS]                  | 0          | 1          | 2
[SYS] Error            | 0x00000000 | 0x00000000 | 0x00000000
[SYS] SYM WR           | 0x00000000 | N/A        | 0x00000002
[SYS] SYM RD           | 0x00000000 | N/A        | 0x00000002
[SYS] CMD WR           | 0x00000002 | 0x00000006 | 0x00000007
[SYS] CMD RD           | 0x00000002 | 0x00000006 | 0x00000007
[SYS] ------------------------ Info ----------------------------
[SYS]                  | Downlink           | Uplink
[SYS] RF / fine Gain   |     16 /   -0.5    | 0x42
[SYS] PwrAvg(dBFs/dBm) | N/A                | N/A
[SYS] PwrMax(dBFS)     | N/A                | N/A
[SYS] Showtime 37 seconds

[SYS] ------------------------ Data Direction -------------------
[SYS]                  | Downlink           | Uplink
[SYS] CPlane Total     | 0x0000000000000000 | 0x0000000000000000
[SYS] CPlane OnTime    | 0x0000000000000000 | 0x0000000000000000
[SYS] CPlane Early     | 0x0000000000000000 | 0x0000000000000000
[SYS] CPlane Late      | 0x0000000000000000 | 0x0000000000000000
[SYS] CPlane Corrupt   | 0x0000000000000000 | 0x0000000000000000
[SYS] UPlane Total     | 0x0000000000000000 | 0x0000000000000000
[SYS] UPlane OnTime    | 0x0000000000000000 | N/A
[SYS] UPlane Ealry     | 0x0000000000000000 | N/A
[SYS] UPlane Late      | 0x0000000000000000 | N/A
[SYS] UPlane Corrupt   | 0x0000000000000000 | N/A
[SYS] Eth Pkt Good     | 0x00000700         | 0x00000ff9
[SYS] Eth Pkt Drop     | 0x00000000         | 0x00000000
[SYS] AXIQ status      | 0x00000303         | 0x00010101
[SYS] ------------------------ Tasks ---------------------------
[SYS]                  | UP         | CP         | RT
[SYS] Error            | 0x00000000 | 0x00000000 | 0x00000000
[SYS] Heartbeats       | 0x00f2d7ee | N/A        | N/A
[SYS] Counts           | 0x00000000 | N/A        | 0x00000000
[SYS] Drops            | 0x00000000 | N/A        | 0x00000000
[SYS] ------------------------ VSPAs ---------------------------
[SYS]                  | 0          | 1          | 2
[SYS] Error            | 0x00000000 | 0x00000000 | 0x00000000
[SYS] SYM WR           | 0x00000000 | N/A        | 0x00000002
[SYS] SYM RD           | 0x00000000 | N/A        | 0x00000002
[SYS] CMD WR           | 0x00000002 | 0x00000006 | 0x00000007
[SYS] CMD RD           | 0x00000002 | 0x00000006 | 0x00000007
[SYS] ------------------------ Info ----------------------------
[SYS]                  | Downlink           | Uplink
[SYS] RF / fine Gain   |     16 /   -0.5    | 0x42
[SYS] PwrAvg(dBFs/dBm) | N/A                | N/A
[SYS] PwrMax(dBFS)     | N/A                | N/A
[SYS] Showtime 38 seconds

[SYS] ------------------------ Data Direction -------------------
[SYS]                  | Downlink           | Uplink
[SYS] CPlane Total     | 0x0000000000000000 | 0x0000000000000000
[SYS] CPlane OnTime    | 0x0000000000000000 | 0x0000000000000000
[SYS] CPlane Early     | 0x0000000000000000 | 0x0000000000000000
[SYS] CPlane Late      | 0x0000000000000000 | 0x0000000000000000
[SYS] CPlane Corrupt   | 0x0000000000000000 | 0x0000000000000000
[SYS] UPlane Total     | 0x0000000000000000 | 0x0000000000000000
[SYS] UPlane OnTime    | 0x0000000000000000 | N/A
[SYS] UPlane Ealry     | 0x0000000000000000 | N/A
[SYS] UPlane Late      | 0x0000000000000000 | N/A
[SYS] UPlane Corrupt   | 0x0000000000000000 | N/A
[SYS] Eth Pkt Good     | 0x00000702         | 0x0000101d
[SYS] Eth Pkt Drop     | 0x00000000         | 0x00000000
[SYS] AXIQ status      | 0x00000303         | 0x00010101
[SYS] ------------------------ Tasks ---------------------------
[SYS]                  | UP         | CP         | RT
[SYS] Error            | 0x00000000 | 0x00000000 | 0x00000000
[SYS] Heartbeats       | 0x00f912d2 | N/A        | N/A
[SYS] Counts           | 0x00000000 | N/A        | 0x00000000
[SYS] Drops            | 0x00000000 | N/A        | 0x00000000
[SYS] ------------------------ VSPAs ---------------------------
[SYS]                  | 0          | 1          | 2
[SYS] Error            | 0x00000000 | 0x00000000 | 0x00000000
[SYS] SYM WR           | 0x00000000 | N/A        | 0x00000002
[SYS] SYM RD           | 0x00000000 | N/A        | 0x00000002
[SYS] CMD WR           | 0x00000002 | 0x00000006 | 0x00000007
[SYS] CMD RD           | 0x00000002 | 0x00000006 | 0x00000007
[SYS] ------------------------ Info ----------------------------
[SYS]                  | Downlink           | Uplink
[SYS] RF / fine Gain   |     16 /   -0.5    | 0x42
[SYS] PwrAvg(dBFs/dBm) | N/A                | N/A
[SYS] PwrMax(dBFS)     | N/A                | N/A
[SYS] Showtime 39 seconds

[SYS] ------------------------ Data Direction -------------------
[SYS]                  | Downlink           | Uplink
[SYS] CPlane Total     | 0x0000000000000000 | 0x0000000000000000
[SYS] CPlane OnTime    | 0x0000000000000000 | 0x0000000000000000
[SYS] CPlane Early     | 0x0000000000000000 | 0x0000000000000000
[SYS] CPlane Late      | 0x0000000000000000 | 0x0000000000000000
[SYS] CPlane Corrupt   | 0x0000000000000000 | 0x0000000000000000
[SYS] UPlane Total     | 0x0000000000000000 | 0x0000000000000000
[SYS] UPlane OnTime    | 0x0000000000000000 | N/A
[SYS] UPlane Ealry     | 0x0000000000000000 | N/A
[SYS] UPlane Late      | 0x0000000000000000 | N/A
[SYS] UPlane Corrupt   | 0x0000000000000000 | N/A
[SYS] Eth Pkt Good     | 0x00000703         | 0x00001040
[SYS] Eth Pkt Drop     | 0x00000000         | 0x00000000
[SYS] AXIQ status      | 0x00000303         | 0x00010101
[SYS] ------------------------ Tasks ---------------------------
[SYS]                  | UP         | CP         | RT
[SYS] Error            | 0x00000000 | 0x00000000 | 0x00000000
[SYS] Heartbeats       | 0x00ff4dc1 | N/A        | N/A
[SYS] Counts           | 0x00000000 | N/A        | 0x00000000
[SYS] Drops            | 0x00000000 | N/A        | 0x00000000
[SYS] ------------------------ VSPAs ---------------------------
[SYS]                  | 0          | 1          | 2
[SYS] Error            | 0x00000000 | 0x00000000 | 0x00000000
[SYS] SYM WR           | 0x00000000 | N/A        | 0x00000002
[SYS] SYM RD           | 0x00000000 | N/A        | 0x00000002
[SYS] CMD WR           | 0x00000002 | 0x00000006 | 0x00000007
[SYS] CMD RD           | 0x00000002 | 0x00000006 | 0x00000007
[SYS] ------------------------ Info ----------------------------
[SYS]                  | Downlink           | Uplink
[SYS] RF / fine Gain   |     16 /   -0.5    | 0x42
[SYS] PwrAvg(dBFs/dBm) | N/A                | N/A
[SYS] PwrMax(dBFS)     | N/A                | N/A
[SYS] Showtime 40 seconds

[SYS] ------------------------ Data Direction -------------------
[SYS]                  | Downlink           | Uplink
[SYS] CPlane Total     | 0x0000000000000000 | 0x0000000000000000
[SYS] CPlane OnTime    | 0x0000000000000000 | 0x0000000000000000
[SYS] CPlane Early     | 0x0000000000000000 | 0x0000000000000000
[SYS] CPlane Late      | 0x0000000000000000 | 0x0000000000000000
[SYS] CPlane Corrupt   | 0x0000000000000000 | 0x0000000000000000
[SYS] UPlane Total     | 0x0000000000000000 | 0x0000000000000000
[SYS] UPlane OnTime    | 0x0000000000000000 | N/A
[SYS] UPlane Ealry     | 0x0000000000000000 | N/A
[SYS] UPlane Late      | 0x0000000000000000 | N/A
[SYS] UPlane Corrupt   | 0x0000000000000000 | N/A
[SYS] Eth Pkt Good     | 0x00000705         | 0x00001063
[SYS] Eth Pkt Drop     | 0x00000000         | 0x00000000
[SYS] AXIQ status      | 0x00000303         | 0x00010101
[SYS] ------------------------ Tasks ---------------------------
[SYS]                  | UP         | CP         | RT
[SYS] Error            | 0x00000000 | 0x00000000 | 0x00000000
[SYS] Heartbeats       | 0x01058b76 | N/A        | N/A
[SYS] Counts           | 0x00000000 | N/A        | 0x00000000
[SYS] Drops            | 0x00000000 | N/A        | 0x00000000
[SYS] ------------------------ VSPAs ---------------------------
[SYS]                  | 0          | 1          | 2
[SYS] Error            | 0x00000000 | 0x00000000 | 0x00000000
[SYS] SYM WR           | 0x00000000 | N/A        | 0x00000002
[SYS] SYM RD           | 0x00000000 | N/A        | 0x00000002
[SYS] CMD WR           | 0x00000002 | 0x00000006 | 0x00000007
[SYS] CMD RD           | 0x00000002 | 0x00000006 | 0x00000007
[SYS] ------------------------ Info ----------------------------
[SYS]                  | Downlink           | Uplink
[SYS] RF / fine Gain   |     16 /   -0.5    | 0x42
[SYS] PwrAvg(dBFs/dBm) | N/A                | N/A
[SYS] PwrMax(dBFS)     | N/A                | N/A
[SYS] Showtime 41 seconds

[SYS] ------------------------ Data Direction -------------------
[SYS]                  | Downlink           | Uplink
[SYS] CPlane Total     | 0x0000000000000000 | 0x0000000000000000
[SYS] CPlane OnTime    | 0x0000000000000000 | 0x0000000000000000
[SYS] CPlane Early     | 0x0000000000000000 | 0x0000000000000000
[SYS] CPlane Late      | 0x0000000000000000 | 0x0000000000000000
[SYS] CPlane Corrupt   | 0x0000000000000000 | 0x0000000000000000
[SYS] UPlane Total     | 0x0000000000000000 | 0x0000000000000000
[SYS] UPlane OnTime    | 0x0000000000000000 | N/A
[SYS] UPlane Ealry     | 0x0000000000000000 | N/A
[SYS] UPlane Late      | 0x0000000000000000 | N/A
[SYS] UPlane Corrupt   | 0x0000000000000000 | N/A
[SYS] Eth Pkt Good     | 0x00000706         | 0x00001087
[SYS] Eth Pkt Drop     | 0x00000000         | 0x00000000
[SYS] AXIQ status      | 0x00000303         | 0x00010101
[SYS] ------------------------ Tasks ---------------------------
[SYS]                  | UP         | CP         | RT
[SYS] Error            | 0x00000000 | 0x00000000 | 0x00000000
[SYS] Heartbeats       | 0x010bc64c | N/A        | N/A
[SYS] Counts           | 0x00000000 | N/A        | 0x00000000
[SYS] Drops            | 0x00000000 | N/A        | 0x00000000
[SYS] ------------------------ VSPAs ---------------------------
[SYS]                  | 0          | 1          | 2
[SYS] Error            | 0x00000000 | 0x00000000 | 0x00000000
[SYS] SYM WR           | 0x00000000 | N/A        | 0x00000002
[SYS] SYM RD           | 0x00000000 | N/A        | 0x00000002
[SYS] CMD WR           | 0x00000002 | 0x00000006 | 0x00000007
[SYS] CMD RD           | 0x00000002 | 0x00000006 | 0x00000007
[SYS] ------------------------ Info ----------------------------
[SYS]                  | Downlink           | Uplink
[SYS] RF / fine Gain   |     16 /   -0.5    | 0x42
[SYS] PwrAvg(dBFs/dBm) | N/A                | N/A
[SYS] PwrMax(dBFS)     | N/A                | N/A
[SYS] Showtime 42 seconds

[SYS] ------------------------ Data Direction -------------------
[SYS]                  | Downlink           | Uplink
[SYS] CPlane Total     | 0x0000000000000000 | 0x0000000000000000
[SYS] CPlane OnTime    | 0x0000000000000000 | 0x0000000000000000
[SYS] CPlane Early     | 0x0000000000000000 | 0x0000000000000000
[SYS] CPlane Late      | 0x0000000000000000 | 0x0000000000000000
[SYS] CPlane Corrupt   | 0x0000000000000000 | 0x0000000000000000
[SYS] UPlane Total     | 0x0000000000000000 | 0x0000000000000000
[SYS] UPlane OnTime    | 0x0000000000000000 | N/A
[SYS] UPlane Ealry     | 0x0000000000000000 | N/A
[SYS] UPlane Late      | 0x0000000000000000 | N/A
[SYS] UPlane Corrupt   | 0x0000000000000000 | N/A
[SYS] Eth Pkt Good     | 0x00000707         | 0x000010aa
[SYS] Eth Pkt Drop     | 0x00000000         | 0x00000000
[SYS] AXIQ status      | 0x00000303         | 0x00010101
[SYS] ------------------------ Tasks ---------------------------
[SYS]                  | UP         | CP         | RT
[SYS] Error            | 0x00000000 | 0x00000000 | 0x00000000
[SYS] Heartbeats       | 0x0112013c | N/A        | N/A
[SYS] Counts           | 0x00000000 | N/A        | 0x00000000
[SYS] Drops            | 0x00000000 | N/A        | 0x00000000
[SYS] ------------------------ VSPAs ---------------------------
[SYS]                  | 0          | 1          | 2
[SYS] Error            | 0x00000000 | 0x00000000 | 0x00000000
[SYS] SYM WR           | 0x00000000 | N/A        | 0x00000002
[SYS] SYM RD           | 0x00000000 | N/A        | 0x00000002
[SYS] CMD WR           | 0x00000002 | 0x00000006 | 0x00000007
[SYS] CMD RD           | 0x00000002 | 0x00000006 | 0x00000007
[SYS] ------------------------ Info ----------------------------
[SYS]                  | Downlink           | Uplink
[SYS] RF / fine Gain   |     16 /   -0.5    | 0x42
[SYS] PwrAvg(dBFs/dBm) | N/A                | N/A
[SYS] PwrMax(dBFS)     | N/A                | N/A
[SYS] Showtime 43 seconds

[SYS] ------------------------ Data Direction -------------------
[SYS]                  | Downlink           | Uplink
[SYS] CPlane Total     | 0x0000000000000000 | 0x0000000000000000
[SYS] CPlane OnTime    | 0x0000000000000000 | 0x0000000000000000
[SYS] CPlane Early     | 0x0000000000000000 | 0x0000000000000000
[SYS] CPlane Late      | 0x0000000000000000 | 0x0000000000000000
[SYS] CPlane Corrupt   | 0x0000000000000000 | 0x0000000000000000
[SYS] UPlane Total     | 0x0000000000000000 | 0x0000000000000000
[SYS] UPlane OnTime    | 0x0000000000000000 | N/A
[SYS] UPlane Ealry     | 0x0000000000000000 | N/A
[SYS] UPlane Late      | 0x0000000000000000 | N/A
[SYS] UPlane Corrupt   | 0x0000000000000000 | N/A
[SYS] Eth Pkt Good     | 0x00000709         | 0x000010ce
[SYS] Eth Pkt Drop     | 0x00000000         | 0x00000000
[SYS] AXIQ status      | 0x00000303         | 0x00010101
[SYS] ------------------------ Tasks ---------------------------
[SYS]                  | UP         | CP         | RT
[SYS] Error            | 0x00000000 | 0x00000000 | 0x00000000
[SYS] Heartbeats       | 0x01183efb | N/A        | N/A
[SYS] Counts           | 0x00000000 | N/A        | 0x00000000
[SYS] Drops            | 0x00000000 | N/A        | 0x00000000
[SYS] ------------------------ VSPAs ---------------------------
[SYS]                  | 0          | 1          | 2
[SYS] Error            | 0x00000000 | 0x00000000 | 0x00000000
[SYS] SYM WR           | 0x00000000 | N/A        | 0x00000002
[SYS] SYM RD           | 0x00000000 | N/A        | 0x00000002
[SYS] CMD WR           | 0x00000002 | 0x00000006 | 0x00000007
[SYS] CMD RD           | 0x00000002 | 0x00000006 | 0x00000007
[SYS] ------------------------ Info ----------------------------
[SYS]                  | Downlink           | Uplink
[SYS] RF / fine Gain   |     16 /   -0.5    | 0x42
[SYS] PwrAvg(dBFs/dBm) | N/A                | N/A
[SYS] PwrMax(dBFS)     | N/A                | N/A
[SYS] Showtime 44 seconds

[SYS] ------------------------ Data Direction -------------------
[SYS]                  | Downlink           | Uplink
[SYS] CPlane Total     | 0x0000000000000000 | 0x0000000000000000
[SYS] CPlane OnTime    | 0x0000000000000000 | 0x0000000000000000
[SYS] CPlane Early     | 0x0000000000000000 | 0x0000000000000000
[SYS] CPlane Late      | 0x0000000000000000 | 0x0000000000000000
[SYS] CPlane Corrupt   | 0x0000000000000000 | 0x0000000000000000
[SYS] UPlane Total     | 0x0000000000000000 | 0x0000000000000000
[SYS] UPlane OnTime    | 0x0000000000000000 | N/A
[SYS] UPlane Ealry     | 0x0000000000000000 | N/A
[SYS] UPlane Late      | 0x0000000000000000 | N/A
[SYS] UPlane Corrupt   | 0x0000000000000000 | N/A
[SYS] Eth Pkt Good     | 0x0000070a         | 0x000010f1
[SYS] Eth Pkt Drop     | 0x00000000         | 0x00000000
[SYS] AXIQ status      | 0x00000303         | 0x00010101
[SYS] ------------------------ Tasks ---------------------------
[SYS]                  | UP         | CP         | RT
[SYS] Error            | 0x00000000 | 0x00000000 | 0x00000000
[SYS] Heartbeats       | 0x011e79e1 | N/A        | N/A
[SYS] Counts           | 0x00000000 | N/A        | 0x00000000
[SYS] Drops            | 0x00000000 | N/A        | 0x00000000
[SYS] ------------------------ VSPAs ---------------------------
[SYS]                  | 0          | 1          | 2
[SYS] Error            | 0x00000000 | 0x00000000 | 0x00000000
[SYS] SYM WR           | 0x00000000 | N/A        | 0x00000002
[SYS] SYM RD           | 0x00000000 | N/A        | 0x00000002
[SYS] CMD WR           | 0x00000002 | 0x00000006 | 0x00000007
[SYS] CMD RD           | 0x00000002 | 0x00000006 | 0x00000007
[SYS] ------------------------ Info ----------------------------
[SYS]                  | Downlink           | Uplink
[SYS] RF / fine Gain   |     16 /   -0.5    | 0x42
[SYS] PwrAvg(dBFs/dBm) | N/A                | N/A
[SYS] PwrMax(dBFS)     | N/A                | N/A
[SYS] Showtime 45 seconds

[SYS] ------------------------ Data Direction -------------------
[SYS]                  | Downlink           | Uplink
[SYS] CPlane Total     | 0x0000000000000000 | 0x0000000000000000
[SYS] CPlane OnTime    | 0x0000000000000000 | 0x0000000000000000
[SYS] CPlane Early     | 0x0000000000000000 | 0x0000000000000000
[SYS] CPlane Late      | 0x0000000000000000 | 0x0000000000000000
[SYS] CPlane Corrupt   | 0x0000000000000000 | 0x0000000000000000
[SYS] UPlane Total     | 0x0000000000000000 | 0x0000000000000000
[SYS] UPlane OnTime    | 0x0000000000000000 | N/A
[SYS] UPlane Ealry     | 0x0000000000000000 | N/A
[SYS] UPlane Late      | 0x0000000000000000 | N/A
[SYS] UPlane Corrupt   | 0x0000000000000000 | N/A
[SYS] Eth Pkt Good     | 0x0000070f         | 0x00001118
[SYS] Eth Pkt Drop     | 0x00000000         | 0x00000000
[SYS] AXIQ status      | 0x00000303         | 0x00010101
[SYS] ------------------------ Tasks ---------------------------
[SYS]                  | UP         | CP         | RT
[SYS] Error            | 0x00000000 | 0x00000000 | 0x00000000
[SYS] Heartbeats       | 0x0124b4c9 | N/A        | N/A
[SYS] Counts           | 0x00000000 | N/A        | 0x00000000
[SYS] Drops            | 0x00000000 | N/A        | 0x00000000
[SYS] ------------------------ VSPAs ---------------------------
[SYS]                  | 0          | 1          | 2
[SYS] Error            | 0x00000000 | 0x00000000 | 0x00000000
[SYS] SYM WR           | 0x00000000 | N/A        | 0x00000002
[SYS] SYM RD           | 0x00000000 | N/A        | 0x00000002
[SYS] CMD WR           | 0x00000002 | 0x00000006 | 0x00000007
[SYS] CMD RD           | 0x00000002 | 0x00000006 | 0x00000007
[SYS] ------------------------ Info ----------------------------
[SYS]                  | Downlink           | Uplink
[SYS] RF / fine Gain   |     16 /   -0.5    | 0x42
[SYS] PwrAvg(dBFs/dBm) | N/A                | N/A
[SYS] PwrMax(dBFS)     | N/A                | N/A
[SYS] Showtime 46 seconds

[SYS] ------------------------ Data Direction -------------------
[SYS]                  | Downlink           | Uplink
[SYS] CPlane Total     | 0x0000000000000000 | 0x0000000000000000
[SYS] CPlane OnTime    | 0x0000000000000000 | 0x0000000000000000
[SYS] CPlane Early     | 0x0000000000000000 | 0x0000000000000000
[SYS] CPlane Late      | 0x0000000000000000 | 0x0000000000000000
[SYS] CPlane Corrupt   | 0x0000000000000000 | 0x0000000000000000
[SYS] UPlane Total     | 0x0000000000000000 | 0x0000000000000000
[SYS] UPlane OnTime    | 0x0000000000000000 | N/A
[SYS] UPlane Ealry     | 0x0000000000000000 | N/A
[SYS] UPlane Late      | 0x0000000000000000 | N/A
[SYS] UPlane Corrupt   | 0x0000000000000000 | N/A
[SYS] Eth Pkt Good     | 0x0000072b         | 0x00001156
[SYS] Eth Pkt Drop     | 0x00000000         | 0x00000000
[SYS] AXIQ status      | 0x00000303         | 0x00010101
[SYS] ------------------------ Tasks ---------------------------
[SYS]                  | UP         | CP         | RT
[SYS] Error            | 0x00000000 | 0x00000000 | 0x00000000
[SYS] Heartbeats       | 0x012af31b | N/A        | N/A
[SYS] Counts           | 0x00000000 | N/A        | 0x00000000
[SYS] Drops            | 0x00000000 | N/A        | 0x00000000
[SYS] ------------------------ VSPAs ---------------------------
[SYS]                  | 0          | 1          | 2
[SYS] Error            | 0x00000000 | 0x00000000 | 0x00000000
[SYS] SYM WR           | 0x00000000 | N/A        | 0x00000002
[SYS] SYM RD           | 0x00000000 | N/A        | 0x00000002
[SYS] CMD WR           | 0x00000002 | 0x00000006 | 0x00000007
[SYS] CMD RD           | 0x00000002 | 0x00000006 | 0x00000007
[SYS] ------------------------ Info ----------------------------
[SYS]                  | Downlink           | Uplink
[SYS] RF / fine Gain   |     16 /   -0.5    | 0x42
[SYS] PwrAvg(dBFs/dBm) | N/A                | N/A
[SYS] PwrMax(dBFS)     | N/A                | N/A
[SYS] Showtime 47 seconds

[SYS] ------------------------ Data Direction -------------------
[SYS]                  | Downlink           | Uplink
[SYS] CPlane Total     | 0x0000000000000000 | 0x0000000000000000
[SYS] CPlane OnTime    | 0x0000000000000000 | 0x0000000000000000
[SYS] CPlane Early     | 0x0000000000000000 | 0x0000000000000000
[SYS] CPlane Late      | 0x0000000000000000 | 0x0000000000000000
[SYS] CPlane Corrupt   | 0x0000000000000000 | 0x0000000000000000
[SYS] UPlane Total     | 0x0000000000000000 | 0x0000000000000000
[SYS] UPlane OnTime    | 0x0000000000000000 | N/A
[SYS] UPlane Ealry     | 0x0000000000000000 | N/A
[SYS] UPlane Late      | 0x0000000000000000 | N/A
[SYS] UPlane Corrupt   | 0x0000000000000000 | N/A
[SYS] Eth Pkt Good     | 0x0000072d         | 0x00001179
[SYS] Eth Pkt Drop     | 0x00000000         | 0x00000000
[SYS] AXIQ status      | 0x00000303         | 0x00010101
[SYS] ------------------------ Tasks ---------------------------
[SYS]                  | UP         | CP         | RT
[SYS] Error            | 0x00000000 | 0x00000000 | 0x00000000
[SYS] Heartbeats       | 0x01312f1c | N/A        | N/A
[SYS] Counts           | 0x00000000 | N/A        | 0x00000000
[SYS] Drops            | 0x00000000 | N/A        | 0x00000000
[SYS] ------------------------ VSPAs ---------------------------
[SYS]                  | 0          | 1          | 2
[SYS] Error            | 0x00000000 | 0x00000000 | 0x00000000
[SYS] SYM WR           | 0x00000000 | N/A        | 0x00000002
[SYS] SYM RD           | 0x00000000 | N/A        | 0x00000002
[SYS] CMD WR           | 0x00000002 | 0x00000006 | 0x00000007
[SYS] CMD RD           | 0x00000002 | 0x00000006 | 0x00000007
[SYS] ------------------------ Info ----------------------------
[SYS]                  | Downlink           | Uplink
[SYS] RF / fine Gain   |     16 /   -0.5    | 0x42
[SYS] PwrAvg(dBFs/dBm) | N/A                | N/A
[SYS] PwrMax(dBFS)     | N/A                | N/A
[SYS] Showtime 48 seconds

[SYS] ------------------------ Data Direction -------------------
[SYS]                  | Downlink           | Uplink
[SYS] CPlane Total     | 0x0000000000000000 | 0x0000000000000000
[SYS] CPlane OnTime    | 0x0000000000000000 | 0x0000000000000000
[SYS] CPlane Early     | 0x0000000000000000 | 0x0000000000000000
[SYS] CPlane Late      | 0x0000000000000000 | 0x0000000000000000
[SYS] CPlane Corrupt   | 0x0000000000000000 | 0x0000000000000000
[SYS] UPlane Total     | 0x0000000000000000 | 0x0000000000000000
[SYS] UPlane OnTime    | 0x0000000000000000 | N/A
[SYS] UPlane Ealry     | 0x0000000000000000 | N/A
[SYS] UPlane Late      | 0x0000000000000000 | N/A
[SYS] UPlane Corrupt   | 0x0000000000000000 | N/A
[SYS] Eth Pkt Good     | 0x0000072e         | 0x0000119d
[SYS] Eth Pkt Drop     | 0x00000000         | 0x00000000
[SYS] AXIQ status      | 0x00000303         | 0x00010101
[SYS] ------------------------ Tasks ---------------------------
[SYS]                  | UP         | CP         | RT
[SYS] Error            | 0x00000000 | 0x00000000 | 0x00000000
[SYS] Heartbeats       | 0x013769fc | N/A        | N/A
[SYS] Counts           | 0x00000000 | N/A        | 0x00000000
[SYS] Drops            | 0x00000000 | N/A        | 0x00000000
[SYS] ------------------------ VSPAs ---------------------------
[SYS]                  | 0          | 1          | 2
[SYS] Error            | 0x00000000 | 0x00000000 | 0x00000000
[SYS] SYM WR           | 0x00000000 | N/A        | 0x00000002
[SYS] SYM RD           | 0x00000000 | N/A        | 0x00000002
[SYS] CMD WR           | 0x00000002 | 0x00000006 | 0x00000007
[SYS] CMD RD           | 0x00000002 | 0x00000006 | 0x00000007
[SYS] ------------------------ Info ----------------------------
[SYS]                  | Downlink           | Uplink
[SYS] RF / fine Gain   |     16 /   -0.5    | 0x42
[SYS] PwrAvg(dBFs/dBm) | N/A                | N/A
[SYS] PwrMax(dBFS)     | N/A                | N/A
[SYS] Showtime 49 seconds

[SYS] ------------------------ Data Direction -------------------
[SYS]                  | Downlink           | Uplink
[SYS] CPlane Total     | 0x0000000000000000 | 0x0000000000000000
[SYS] CPlane OnTime    | 0x0000000000000000 | 0x0000000000000000
[SYS] CPlane Early     | 0x0000000000000000 | 0x0000000000000000
[SYS] CPlane Late      | 0x0000000000000000 | 0x0000000000000000
[SYS] CPlane Corrupt   | 0x0000000000000000 | 0x0000000000000000
[SYS] UPlane Total     | 0x0000000000000000 | 0x0000000000000000
[SYS] UPlane OnTime    | 0x0000000000000000 | N/A
[SYS] UPlane Ealry     | 0x0000000000000000 | N/A
[SYS] UPlane Late      | 0x0000000000000000 | N/A
[SYS] UPlane Corrupt   | 0x0000000000000000 | N/A
[SYS] Eth Pkt Good     | 0x0000072f         | 0x000011c0
[SYS] Eth Pkt Drop     | 0x00000000         | 0x00000000
[SYS] AXIQ status      | 0x00000303         | 0x00010101
[SYS] ------------------------ Tasks ---------------------------
[SYS]                  | UP         | CP         | RT
[SYS] Error            | 0x00000000 | 0x00000000 | 0x00000000
[SYS] Heartbeats       | 0x013da4f1 | N/A        | N/A
[SYS] Counts           | 0x00000000 | N/A        | 0x00000000
[SYS] Drops            | 0x00000000 | N/A        | 0x00000000
[SYS] ------------------------ VSPAs ---------------------------
[SYS]                  | 0          | 1          | 2
[SYS] Error            | 0x00000000 | 0x00000000 | 0x00000000
[SYS] SYM WR           | 0x00000000 | N/A        | 0x00000002
[SYS] SYM RD           | 0x00000000 | N/A        | 0x00000002
[SYS] CMD WR           | 0x00000002 | 0x00000006 | 0x00000007
[SYS] CMD RD           | 0x00000002 | 0x00000006 | 0x00000007
[SYS] ------------------------ Info ----------------------------
[SYS]                  | Downlink           | Uplink
[SYS] RF / fine Gain   |     16 /   -0.5    | 0x42
[SYS] PwrAvg(dBFs/dBm) | N/A                | N/A
[SYS] PwrMax(dBFS)     | N/A                | N/A
[SYS] Showtime 50 seconds

[SYS] ------------------------ Data Direction -------------------
[SYS]                  | Downlink           | Uplink
[SYS] CPlane Total     | 0x0000000000000000 | 0x0000000000000000
[SYS] CPlane OnTime    | 0x0000000000000000 | 0x0000000000000000
[SYS] CPlane Early     | 0x0000000000000000 | 0x0000000000000000
[SYS] CPlane Late      | 0x0000000000000000 | 0x0000000000000000
[SYS] CPlane Corrupt   | 0x0000000000000000 | 0x0000000000000000
[SYS] UPlane Total     | 0x0000000000000000 | 0x0000000000000000
[SYS] UPlane OnTime    | 0x0000000000000000 | N/A
[SYS] UPlane Ealry     | 0x0000000000000000 | N/A
[SYS] UPlane Late      | 0x0000000000000000 | N/A
[SYS] UPlane Corrupt   | 0x0000000000000000 | N/A
[SYS] Eth Pkt Good     | 0x00000731         | 0x000011e4
[SYS] Eth Pkt Drop     | 0x00000000         | 0x00000000
[SYS] AXIQ status      | 0x00000303         | 0x00010101
[SYS] ------------------------ Tasks ---------------------------
[SYS]                  | UP         | CP         | RT
[SYS] Error            | 0x00000000 | 0x00000000 | 0x00000000
[SYS] Heartbeats       | 0x0143e2af | N/A        | N/A
[SYS] Counts           | 0x00000000 | N/A        | 0x00000000
[SYS] Drops            | 0x00000000 | N/A        | 0x00000000
[SYS] ------------------------ VSPAs ---------------------------
[SYS]                  | 0          | 1          | 2
[SYS] Error            | 0x00000000 | 0x00000000 | 0x00000000
[SYS] SYM WR           | 0x00000000 | N/A        | 0x00000002
[SYS] SYM RD           | 0x00000000 | N/A        | 0x00000002
[SYS] CMD WR           | 0x00000002 | 0x00000006 | 0x00000007
[SYS] CMD RD           | 0x00000002 | 0x00000006 | 0x00000007
[SYS] ------------------------ Info ----------------------------
[SYS]                  | Downlink           | Uplink
[SYS] RF / fine Gain   |     16 /   -0.5    | 0x42
[SYS] PwrAvg(dBFs/dBm) | N/A                | N/A
[SYS] PwrMax(dBFS)     | N/A                | N/A
[SYS] Showtime 51 seconds

[SYS] ------------------------ Data Direction -------------------
[SYS]                  | Downlink           | Uplink
[SYS] CPlane Total     | 0x0000000000000000 | 0x0000000000000000
[SYS] CPlane OnTime    | 0x0000000000000000 | 0x0000000000000000
[SYS] CPlane Early     | 0x0000000000000000 | 0x0000000000000000
[SYS] CPlane Late      | 0x0000000000000000 | 0x0000000000000000
[SYS] CPlane Corrupt   | 0x0000000000000000 | 0x0000000000000000
[SYS] UPlane Total     | 0x0000000000000000 | 0x0000000000000000
[SYS] UPlane OnTime    | 0x0000000000000000 | N/A
[SYS] UPlane Ealry     | 0x0000000000000000 | N/A
[SYS] UPlane Late      | 0x0000000000000000 | N/A
[SYS] UPlane Corrupt   | 0x0000000000000000 | N/A
[SYS] Eth Pkt Good     | 0x00000732         | 0x00001207
[SYS] Eth Pkt Drop     | 0x00000000         | 0x00000000
[SYS] AXIQ status      | 0x00000303         | 0x00010101
[SYS] ------------------------ Tasks ---------------------------
[SYS]                  | UP         | CP         | RT
[SYS] Error            | 0x00000000 | 0x00000000 | 0x00000000
[SYS] Heartbeats       | 0x014a1d96 | N/A        | N/A
[SYS] Counts           | 0x00000000 | N/A        | 0x00000000
[SYS] Drops            | 0x00000000 | N/A        | 0x00000000
[SYS] ------------------------ VSPAs ---------------------------
[SYS]                  | 0          | 1          | 2
[SYS] Error            | 0x00000000 | 0x00000000 | 0x00000000
[SYS] SYM WR           | 0x00000000 | N/A        | 0x00000002
[SYS] SYM RD           | 0x00000000 | N/A        | 0x00000002
[SYS] CMD WR           | 0x00000002 | 0x00000006 | 0x00000007
[SYS] CMD RD           | 0x00000002 | 0x00000006 | 0x00000007
[SYS] ------------------------ Info ----------------------------
[SYS]                  | Downlink           | Uplink
[SYS] RF / fine Gain   |     16 /   -0.5    | 0x42
[SYS] PwrAvg(dBFs/dBm) | N/A                | N/A
[SYS] PwrMax(dBFS)     | N/A                | N/A
[SYS] Showtime 52 seconds

[SYS] ------------------------ Data Direction -------------------
[SYS]                  | Downlink           | Uplink
[SYS] CPlane Total     | 0x0000000000000000 | 0x0000000000000000
[SYS] CPlane OnTime    | 0x0000000000000000 | 0x0000000000000000
[SYS] CPlane Early     | 0x0000000000000000 | 0x0000000000000000
[SYS] CPlane Late      | 0x0000000000000000 | 0x0000000000000000
[SYS] CPlane Corrupt   | 0x0000000000000000 | 0x0000000000000000
[SYS] UPlane Total     | 0x0000000000000000 | 0x0000000000000000
[SYS] UPlane OnTime    | 0x0000000000000000 | N/A
[SYS] UPlane Ealry     | 0x0000000000000000 | N/A
[SYS] UPlane Late      | 0x0000000000000000 | N/A
[SYS] UPlane Corrupt   | 0x0000000000000000 | N/A
[SYS] Eth Pkt Good     | 0x00000733         | 0x0000122a
[SYS] Eth Pkt Drop     | 0x00000000         | 0x00000000
[SYS] AXIQ status      | 0x00000303         | 0x00010101
[SYS] ------------------------ Tasks ---------------------------
[SYS]                  | UP         | CP         | RT
[SYS] Error            | 0x00000000 | 0x00000000 | 0x00000000
[SYS] Heartbeats       | 0x0150586f | N/A        | N/A
[SYS] Counts           | 0x00000000 | N/A        | 0x00000000
[SYS] Drops            | 0x00000000 | N/A        | 0x00000000
[SYS] ------------------------ VSPAs ---------------------------
[SYS]                  | 0          | 1          | 2
[SYS] Error            | 0x00000000 | 0x00000000 | 0x00000000
[SYS] SYM WR           | 0x00000000 | N/A        | 0x00000002
[SYS] SYM RD           | 0x00000000 | N/A        | 0x00000002
[SYS] CMD WR           | 0x00000002 | 0x00000006 | 0x00000007
[SYS] CMD RD           | 0x00000002 | 0x00000006 | 0x00000007
[SYS] ------------------------ Info ----------------------------
[SYS]                  | Downlink           | Uplink
[SYS] RF / fine Gain   |     16 /   -0.5    | 0x42
[SYS] PwrAvg(dBFs/dBm) | N/A                | N/A
[SYS] PwrMax(dBFS)     | N/A                | N/A
[SYS] Showtime 53 seconds

[SYS] ------------------------ Data Direction -------------------
[SYS]                  | Downlink           | Uplink
[SYS] CPlane Total     | 0x0000000000000000 | 0x0000000000000000
[SYS] CPlane OnTime    | 0x0000000000000000 | 0x0000000000000000
[SYS] CPlane Early     | 0x0000000000000000 | 0x0000000000000000
[SYS] CPlane Late      | 0x0000000000000000 | 0x0000000000000000
[SYS] CPlane Corrupt   | 0x0000000000000000 | 0x0000000000000000
[SYS] UPlane Total     | 0x0000000000000000 | 0x0000000000000000
[SYS] UPlane OnTime    | 0x0000000000000000 | N/A
[SYS] UPlane Ealry     | 0x0000000000000000 | N/A
[SYS] UPlane Late      | 0x0000000000000000 | N/A
[SYS] UPlane Corrupt   | 0x0000000000000000 | N/A
[SYS] Eth Pkt Good     | 0x00000735         | 0x0000124e
[SYS] Eth Pkt Drop     | 0x00000000         | 0x00000000
[SYS] AXIQ status      | 0x00000303         | 0x00010101
[SYS] ------------------------ Tasks ---------------------------
[SYS]                  | UP         | CP         | RT
[SYS] Error            | 0x00000000 | 0x00000000 | 0x00000000
[SYS] Heartbeats       | 0x0156a17d | N/A        | N/A
[SYS] Counts           | 0x00000000 | N/A        | 0x00000000
[SYS] Drops            | 0x00000000 | N/A        | 0x00000000
[SYS] ------------------------ VSPAs ---------------------------
[SYS]                  | 0          | 1          | 2
[SYS] Error            | 0x00000000 | 0x00000000 | 0x00000000
[SYS] SYM WR           | 0x00000000 | N/A        | 0x00000002
[SYS] SYM RD           | 0x00000000 | N/A        | 0x00000002
[SYS] CMD WR           | 0x00000002 | 0x00000006 | 0x00000007
[SYS] CMD RD           | 0x00000002 | 0x00000006 | 0x00000007
[SYS] ------------------------ Info ----------------------------
[SYS]                  | Downlink           | Uplink
[SYS] RF / fine Gain   |     16 /   -0.5    | 0x42
[SYS] PwrAvg(dBFs/dBm) | N/A                | N/A
[SYS] PwrMax(dBFS)     | N/A                | N/A
[SYS] Showtime 54 seconds

[SYS] ------------------------ Data Direction -------------------
[SYS]                  | Downlink           | Uplink
[SYS] CPlane Total     | 0x0000000000000000 | 0x0000000000000000
[SYS] CPlane OnTime    | 0x0000000000000000 | 0x0000000000000000
[SYS] CPlane Early     | 0x0000000000000000 | 0x0000000000000000
[SYS] CPlane Late      | 0x0000000000000000 | 0x0000000000000000
[SYS] CPlane Corrupt   | 0x0000000000000000 | 0x0000000000000000
[SYS] UPlane Total     | 0x0000000000000000 | 0x0000000000000000
[SYS] UPlane OnTime    | 0x0000000000000000 | N/A
[SYS] UPlane Ealry     | 0x0000000000000000 | N/A
[SYS] UPlane Late      | 0x0000000000000000 | N/A
[SYS] UPlane Corrupt   | 0x0000000000000000 | N/A
[SYS] Eth Pkt Good     | 0x00000736         | 0x00001271
[SYS] Eth Pkt Drop     | 0x00000000         | 0x00000000
[SYS] AXIQ status      | 0x00000303         | 0x00010101
[SYS] ------------------------ Tasks ---------------------------
[SYS]                  | UP         | CP         | RT
[SYS] Error            | 0x00000000 | 0x00000000 | 0x00000000
[SYS] Heartbeats       | 0x015cdc48 | N/A        | N/A
[SYS] Counts           | 0x00000000 | N/A        | 0x00000000
[SYS] Drops            | 0x00000000 | N/A        | 0x00000000
[SYS] ------------------------ VSPAs ---------------------------
[SYS]                  | 0          | 1          | 2
[SYS] Error            | 0x00000000 | 0x00000000 | 0x00000000
[SYS] SYM WR           | 0x00000000 | N/A        | 0x00000002
[SYS] SYM RD           | 0x00000000 | N/A        | 0x00000002
[SYS] CMD WR           | 0x00000002 | 0x00000006 | 0x00000007
[SYS] CMD RD           | 0x00000002 | 0x00000006 | 0x00000007
[SYS] ------------------------ Info ----------------------------
[SYS]                  | Downlink           | Uplink
[SYS] RF / fine Gain   |     16 /   -0.5    | 0x42
[SYS] PwrAvg(dBFs/dBm) | N/A                | N/A
[SYS] PwrMax(dBFS)     | N/A                | N/A
[SYS] Showtime 55 seconds

[SYS] ------------------------ Data Direction -------------------
[SYS]                  | Downlink           | Uplink
[SYS] CPlane Total     | 0x0000000000000000 | 0x0000000000000000
[SYS] CPlane OnTime    | 0x0000000000000000 | 0x0000000000000000
[SYS] CPlane Early     | 0x0000000000000000 | 0x0000000000000000
[SYS] CPlane Late      | 0x0000000000000000 | 0x0000000000000000
[SYS] CPlane Corrupt   | 0x0000000000000000 | 0x0000000000000000
[SYS] UPlane Total     | 0x0000000000000000 | 0x0000000000000000
[SYS] UPlane OnTime    | 0x0000000000000000 | N/A
[SYS] UPlane Ealry     | 0x0000000000000000 | N/A
[SYS] UPlane Late      | 0x0000000000000000 | N/A
[SYS] UPlane Corrupt   | 0x0000000000000000 | N/A
[SYS] Eth Pkt Good     | 0x00000738         | 0x00001295
[SYS] Eth Pkt Drop     | 0x00000000         | 0x00000000
[SYS] AXIQ status      | 0x00000303         | 0x00010101
[SYS] ------------------------ Tasks ---------------------------
[SYS]                  | UP         | CP         | RT
[SYS] Error            | 0x00000000 | 0x00000000 | 0x00000000
[SYS] Heartbeats       | 0x0163172c | N/A        | N/A
[SYS] Counts           | 0x00000000 | N/A        | 0x00000000
[SYS] Drops            | 0x00000000 | N/A        | 0x00000000
[SYS] ------------------------ VSPAs ---------------------------
[SYS]                  | 0          | 1          | 2
[SYS] Error            | 0x00000000 | 0x00000000 | 0x00000000
[SYS] SYM WR           | 0x00000000 | N/A        | 0x00000002
[SYS] SYM RD           | 0x00000000 | N/A        | 0x00000002
[SYS] CMD WR           | 0x00000002 | 0x00000006 | 0x00000007
[SYS] CMD RD           | 0x00000002 | 0x00000006 | 0x00000007
[SYS] ------------------------ Info ----------------------------
[SYS]                  | Downlink           | Uplink
[SYS] RF / fine Gain   |     16 /   -0.5    | 0x42
[SYS] PwrAvg(dBFs/dBm) | N/A                | N/A
[SYS] PwrMax(dBFS)     | N/A                | N/A
[SYS] Showtime 56 seconds

[SYS] ------------------------ Data Direction -------------------
[SYS]                  | Downlink           | Uplink
[SYS] CPlane Total     | 0x0000000000000000 | 0x0000000000000000
[SYS] CPlane OnTime    | 0x0000000000000000 | 0x0000000000000000
[SYS] CPlane Early     | 0x0000000000000000 | 0x0000000000000000
[SYS] CPlane Late      | 0x0000000000000000 | 0x0000000000000000
[SYS] CPlane Corrupt   | 0x0000000000000000 | 0x0000000000000000
[SYS] UPlane Total     | 0x0000000000000000 | 0x0000000000000000
[SYS] UPlane OnTime    | 0x0000000000000000 | N/A
[SYS] UPlane Ealry     | 0x0000000000000000 | N/A
[SYS] UPlane Late      | 0x0000000000000000 | N/A
[SYS] UPlane Corrupt   | 0x0000000000000000 | N/A
[SYS] Eth Pkt Good     | 0x00000739         | 0x000012b8
[SYS] Eth Pkt Drop     | 0x00000000         | 0x00000000
[SYS] AXIQ status      | 0x00000303         | 0x00010101
[SYS] ------------------------ Tasks ---------------------------
[SYS]                  | UP         | CP         | RT
[SYS] Error            | 0x00000000 | 0x00000000 | 0x00000000
[SYS] Heartbeats       | 0x01695225 | N/A        | N/A
[SYS] Counts           | 0x00000000 | N/A        | 0x00000000
[SYS] Drops            | 0x00000000 | N/A        | 0x00000000
[SYS] ------------------------ VSPAs ---------------------------
[SYS]                  | 0          | 1          | 2
[SYS] Error            | 0x00000000 | 0x00000000 | 0x00000000
[SYS] SYM WR           | 0x00000000 | N/A        | 0x00000002
[SYS] SYM RD           | 0x00000000 | N/A        | 0x00000002
[SYS] CMD WR           | 0x00000002 | 0x00000006 | 0x00000007
[SYS] CMD RD           | 0x00000002 | 0x00000006 | 0x00000007
[SYS] ------------------------ Info ----------------------------
[SYS]                  | Downlink           | Uplink
[SYS] RF / fine Gain   |     16 /   -0.5    | 0x42
[SYS] PwrAvg(dBFs/dBm) | N/A                | N/A
[SYS] PwrMax(dBFS)     | N/A                | N/A
[SYS] Showtime 57 seconds

[SYS] ------------------------ Data Direction -------------------
[SYS]                  | Downlink           | Uplink
[SYS] CPlane Total     | 0x0000000000000000 | 0x0000000000000000
[SYS] CPlane OnTime    | 0x0000000000000000 | 0x0000000000000000
[SYS] CPlane Early     | 0x0000000000000000 | 0x0000000000000000
[SYS] CPlane Late      | 0x0000000000000000 | 0x0000000000000000
[SYS] CPlane Corrupt   | 0x0000000000000000 | 0x0000000000000000
[SYS] UPlane Total     | 0x0000000000000000 | 0x0000000000000000
[SYS] UPlane OnTime    | 0x0000000000000000 | N/A
[SYS] UPlane Ealry     | 0x0000000000000000 | N/A
[SYS] UPlane Late      | 0x0000000000000000 | N/A
[SYS] UPlane Corrupt   | 0x0000000000000000 | N/A
[SYS] Eth Pkt Good     | 0x0000073b         | 0x000012dc
[SYS] Eth Pkt Drop     | 0x00000000         | 0x00000000
[SYS] AXIQ status      | 0x00000303         | 0x00010101
[SYS] ------------------------ Tasks ---------------------------
[SYS]                  | UP         | CP         | RT
[SYS] Error            | 0x00000000 | 0x00000000 | 0x00000000
[SYS] Heartbeats       | 0x016f8fdf | N/A        | N/A
[SYS] Counts           | 0x00000000 | N/A        | 0x00000000
[SYS] Drops            | 0x00000000 | N/A        | 0x00000000
[SYS] ------------------------ VSPAs ---------------------------
[SYS]                  | 0          | 1          | 2
[SYS] Error            | 0x00000000 | 0x00000000 | 0x00000000
[SYS] SYM WR           | 0x00000000 | N/A        | 0x00000002
[SYS] SYM RD           | 0x00000000 | N/A        | 0x00000002
[SYS] CMD WR           | 0x00000002 | 0x00000006 | 0x00000007
[SYS] CMD RD           | 0x00000002 | 0x00000006 | 0x00000007
[SYS] ------------------------ Info ----------------------------
[SYS]                  | Downlink           | Uplink
[SYS] RF / fine Gain   |     16 /   -0.5    | 0x42
[SYS] PwrAvg(dBFs/dBm) | N/A                | N/A
[SYS] PwrMax(dBFS)     | N/A                | N/A
[SYS] Showtime 58 seconds

[SYS] ------------------------ Data Direction -------------------
[SYS]                  | Downlink           | Uplink
[SYS] CPlane Total     | 0x0000000000000000 | 0x0000000000000000
[SYS] CPlane OnTime    | 0x0000000000000000 | 0x0000000000000000
[SYS] CPlane Early     | 0x0000000000000000 | 0x0000000000000000
[SYS] CPlane Late      | 0x0000000000000000 | 0x0000000000000000
[SYS] CPlane Corrupt   | 0x0000000000000000 | 0x0000000000000000
[SYS] UPlane Total     | 0x0000000000000000 | 0x0000000000000000
[SYS] UPlane OnTime    | 0x0000000000000000 | N/A
[SYS] UPlane Ealry     | 0x0000000000000000 | N/A
[SYS] UPlane Late      | 0x0000000000000000 | N/A
[SYS] UPlane Corrupt   | 0x0000000000000000 | N/A
[SYS] Eth Pkt Good     | 0x0000073c         | 0x000012ff
[SYS] Eth Pkt Drop     | 0x00000000         | 0x00000000
[SYS] AXIQ status      | 0x00000303         | 0x00010101
[SYS] ------------------------ Tasks ---------------------------
[SYS]                  | UP         | CP         | RT
[SYS] Error            | 0x00000000 | 0x00000000 | 0x00000000
[SYS] Heartbeats       | 0x0175cac3 | N/A        | N/A
[SYS] Counts           | 0x00000000 | N/A        | 0x00000000
[SYS] Drops            | 0x00000000 | N/A        | 0x00000000
[SYS] ------------------------ VSPAs ---------------------------
[SYS]                  | 0          | 1          | 2
[SYS] Error            | 0x00000000 | 0x00000000 | 0x00000000
[SYS] SYM WR           | 0x00000000 | N/A        | 0x00000002
[SYS] SYM RD           | 0x00000000 | N/A        | 0x00000002
[SYS] CMD WR           | 0x00000002 | 0x00000006 | 0x00000007
[SYS] CMD RD           | 0x00000002 | 0x00000006 | 0x00000007
[SYS] ------------------------ Info ----------------------------
[SYS]                  | Downlink           | Uplink
[SYS] RF / fine Gain   |     16 /   -0.5    | 0x42
[SYS] PwrAvg(dBFs/dBm) | N/A                | N/A
[SYS] PwrMax(dBFS)     | N/A                | N/A
[SYS] Showtime 59 seconds

[SYS] ------------------------ Data Direction -------------------
[SYS]                  | Downlink           | Uplink
[SYS] CPlane Total     | 0x0000000000000000 | 0x0000000000000000
[SYS] CPlane OnTime    | 0x0000000000000000 | 0x0000000000000000
[SYS] CPlane Early     | 0x0000000000000000 | 0x0000000000000000
[SYS] CPlane Late      | 0x0000000000000000 | 0x0000000000000000
[SYS] CPlane Corrupt   | 0x0000000000000000 | 0x0000000000000000
[SYS] UPlane Total     | 0x0000000000000000 | 0x0000000000000000
[SYS] UPlane OnTime    | 0x0000000000000000 | N/A
[SYS] UPlane Ealry     | 0x0000000000000000 | N/A
[SYS] UPlane Late      | 0x0000000000000000 | N/A
[SYS] UPlane Corrupt   | 0x0000000000000000 | N/A
[SYS] Eth Pkt Good     | 0x00000752         | 0x00001337
[SYS] Eth Pkt Drop     | 0x00000000         | 0x00000000
[SYS] AXIQ status      | 0x00000303         | 0x00010101
[SYS] ------------------------ Tasks ---------------------------
[SYS]                  | UP         | CP         | RT
[SYS] Error            | 0x00000000 | 0x00000000 | 0x00000000
[SYS] Heartbeats       | 0x017c05af | N/A        | N/A
[SYS] Counts           | 0x00000000 | N/A        | 0x00000000
[SYS] Drops            | 0x00000000 | N/A        | 0x00000000
[SYS] ------------------------ VSPAs ---------------------------
[SYS]                  | 0          | 1          | 2
[SYS] Error            | 0x00000000 | 0x00000000 | 0x00000000
[SYS] SYM WR           | 0x00000000 | N/A        | 0x00000002
[SYS] SYM RD           | 0x00000000 | N/A        | 0x00000002
[SYS] CMD WR           | 0x00000002 | 0x00000006 | 0x00000007
[SYS] CMD RD           | 0x00000002 | 0x00000006 | 0x00000007
[SYS] ------------------------ Info ----------------------------
[SYS]                  | Downlink           | Uplink
[SYS] RF / fine Gain   |     16 /   -0.5    | 0x42
[SYS] PwrAvg(dBFs/dBm) | N/A                | N/A
[SYS] PwrMax(dBFS)     | N/A                | N/A
[SYS] Showtime 60 seconds

[SYS] ------------------------ Data Direction -------------------
[SYS]                  | Downlink           | Uplink
[SYS] CPlane Total     | 0x0000000000000000 | 0x0000000000000000
[SYS] CPlane OnTime    | 0x0000000000000000 | 0x0000000000000000
[SYS] CPlane Early     | 0x0000000000000000 | 0x0000000000000000
[SYS] CPlane Late      | 0x0000000000000000 | 0x0000000000000000
[SYS] CPlane Corrupt   | 0x0000000000000000 | 0x0000000000000000
[SYS] UPlane Total     | 0x0000000000000000 | 0x0000000000000000
[SYS] UPlane OnTime    | 0x0000000000000000 | N/A
[SYS] UPlane Ealry     | 0x0000000000000000 | N/A
[SYS] UPlane Late      | 0x0000000000000000 | N/A
[SYS] UPlane Corrupt   | 0x0000000000000000 | N/A
[SYS] Eth Pkt Good     | 0x0000075d         | 0x00001364
[SYS] Eth Pkt Drop     | 0x00000000         | 0x00000000
[SYS] AXIQ status      | 0x00000303         | 0x00010101
[SYS] ------------------------ Tasks ---------------------------
[SYS]                  | UP         | CP         | RT
[SYS] Error            | 0x00000000 | 0x00000000 | 0x00000000
[SYS] Heartbeats       | 0x01824380 | N/A        | N/A
[SYS] Counts           | 0x00000000 | N/A        | 0x00000000
[SYS] Drops            | 0x00000000 | N/A        | 0x00000000
[SYS] ------------------------ VSPAs ---------------------------
[SYS]                  | 0          | 1          | 2
[SYS] Error            | 0x00000000 | 0x00000000 | 0x00000000
[SYS] SYM WR           | 0x00000000 | N/A        | 0x00000002
[SYS] SYM RD           | 0x00000000 | N/A        | 0x00000002
[SYS] CMD WR           | 0x00000002 | 0x00000006 | 0x00000007
[SYS] CMD RD           | 0x00000002 | 0x00000006 | 0x00000007
[SYS] ------------------------ Info ----------------------------
[SYS]                  | Downlink           | Uplink
[SYS] RF / fine Gain   |     16 /   -0.5    | 0x42
[SYS] PwrAvg(dBFs/dBm) | N/A                | N/A
[SYS] PwrMax(dBFS)     | N/A                | N/A
[SYS] Showtime 61 seconds

[SYS] ------------------------ Data Direction -------------------
[SYS]                  | Downlink           | Uplink
[SYS] CPlane Total     | 0x0000000000000000 | 0x0000000000000000
[SYS] CPlane OnTime    | 0x0000000000000000 | 0x0000000000000000
[SYS] CPlane Early     | 0x0000000000000000 | 0x0000000000000000
[SYS] CPlane Late      | 0x0000000000000000 | 0x0000000000000000
[SYS] CPlane Corrupt   | 0x0000000000000000 | 0x0000000000000000
[SYS] UPlane Total     | 0x0000000000000000 | 0x0000000000000000
[SYS] UPlane OnTime    | 0x0000000000000000 | N/A
[SYS] UPlane Ealry     | 0x0000000000000000 | N/A
[SYS] UPlane Late      | 0x0000000000000000 | N/A
[SYS] UPlane Corrupt   | 0x0000000000000000 | N/A
[SYS] Eth Pkt Good     | 0x0000075e         | 0x00001387
[SYS] Eth Pkt Drop     | 0x00000000         | 0x00000000
[SYS] AXIQ status      | 0x00000303         | 0x00010101
[SYS] ------------------------ Tasks ---------------------------
[SYS]                  | UP         | CP         | RT
[SYS] Error            | 0x00000000 | 0x00000000 | 0x00000000
[SYS] Heartbeats       | 0x01887e5b | N/A        | N/A
[SYS] Counts           | 0x00000000 | N/A        | 0x00000000
[SYS] Drops            | 0x00000000 | N/A        | 0x00000000
[SYS] ------------------------ VSPAs ---------------------------
[SYS]                  | 0          | 1          | 2
[SYS] Error            | 0x00000000 | 0x00000000 | 0x00000000
[SYS] SYM WR           | 0x00000000 | N/A        | 0x00000002
[SYS] SYM RD           | 0x00000000 | N/A        | 0x00000002
[SYS] CMD WR           | 0x00000002 | 0x00000006 | 0x00000007
[SYS] CMD RD           | 0x00000002 | 0x00000006 | 0x00000007
[SYS] ------------------------ Info ----------------------------
[SYS]                  | Downlink           | Uplink
[SYS] RF / fine Gain   |     16 /   -0.5    | 0x42
[SYS] PwrAvg(dBFs/dBm) | N/A                | N/A
[SYS] PwrMax(dBFS)     | N/A                | N/A
[SYS] Showtime 62 seconds

[SYS] ------------------------ Data Direction -------------------
[SYS]                  | Downlink           | Uplink
[SYS] CPlane Total     | 0x0000000000000000 | 0x0000000000000000
[SYS] CPlane OnTime    | 0x0000000000000000 | 0x0000000000000000
[SYS] CPlane Early     | 0x0000000000000000 | 0x0000000000000000
[SYS] CPlane Late      | 0x0000000000000000 | 0x0000000000000000
[SYS] CPlane Corrupt   | 0x0000000000000000 | 0x0000000000000000
[SYS] UPlane Total     | 0x0000000000000000 | 0x0000000000000000
[SYS] UPlane OnTime    | 0x0000000000000000 | N/A
[SYS] UPlane Ealry     | 0x0000000000000000 | N/A
[SYS] UPlane Late      | 0x0000000000000000 | N/A
[SYS] UPlane Corrupt   | 0x0000000000000000 | N/A
[SYS] Eth Pkt Good     | 0x00000760         | 0x000013ab
[SYS] Eth Pkt Drop     | 0x00000000         | 0x00000000
[SYS] AXIQ status      | 0x00000303         | 0x00010101
[SYS] ------------------------ Tasks ---------------------------
[SYS]                  | UP         | CP         | RT
[SYS] Error            | 0x00000000 | 0x00000000 | 0x00000000
[SYS] Heartbeats       | 0x018eb938 | N/A        | N/A
[SYS] Counts           | 0x00000000 | N/A        | 0x00000000
[SYS] Drops            | 0x00000000 | N/A        | 0x00000000
[SYS] ------------------------ VSPAs ---------------------------
[SYS]                  | 0          | 1          | 2
[SYS] Error            | 0x00000000 | 0x00000000 | 0x00000000
[SYS] SYM WR           | 0x00000000 | N/A        | 0x00000002
[SYS] SYM RD           | 0x00000000 | N/A        | 0x00000002
[SYS] CMD WR           | 0x00000002 | 0x00000006 | 0x00000007
[SYS] CMD RD           | 0x00000002 | 0x00000006 | 0x00000007
[SYS] ------------------------ Info ----------------------------
[SYS]                  | Downlink           | Uplink
[SYS] RF / fine Gain   |     16 /   -0.5    | 0x42
[SYS] PwrAvg(dBFs/dBm) | N/A                | N/A
[SYS] PwrMax(dBFS)     | N/A                | N/A
[SYS] Showtime 63 seconds

[SYS] ------------------------ Data Direction -------------------
[SYS]                  | Downlink           | Uplink
[SYS] CPlane Total     | 0x0000000000000000 | 0x0000000000000000
[SYS] CPlane OnTime    | 0x0000000000000000 | 0x0000000000000000
[SYS] CPlane Early     | 0x0000000000000000 | 0x0000000000000000
[SYS] CPlane Late      | 0x0000000000000000 | 0x0000000000000000
[SYS] CPlane Corrupt   | 0x0000000000000000 | 0x0000000000000000
[SYS] UPlane Total     | 0x0000000000000000 | 0x0000000000000000
[SYS] UPlane OnTime    | 0x0000000000000000 | N/A
[SYS] UPlane Ealry     | 0x0000000000000000 | N/A
[SYS] UPlane Late      | 0x0000000000000000 | N/A
[SYS] UPlane Corrupt   | 0x0000000000000000 | N/A
[SYS] Eth Pkt Good     | 0x00000761         | 0x000013ce
[SYS] Eth Pkt Drop     | 0x00000000         | 0x00000000
[SYS] AXIQ status      | 0x00000303         | 0x00010101
[SYS] ------------------------ Tasks ---------------------------
[SYS]                  | UP         | CP         | RT
[SYS] Error            | 0x00000000 | 0x00000000 | 0x00000000
[SYS] Heartbeats       | 0x0194f42c | N/A        | N/A
[SYS] Counts           | 0x00000000 | N/A        | 0x00000000
[SYS] Drops            | 0x00000000 | N/A        | 0x00000000
[SYS] ------------------------ VSPAs ---------------------------
[SYS]                  | 0          | 1          | 2
[SYS] Error            | 0x00000000 | 0x00000000 | 0x00000000
[SYS] SYM WR           | 0x00000000 | N/A        | 0x00000002
[SYS] SYM RD           | 0x00000000 | N/A        | 0x00000002
[SYS] CMD WR           | 0x00000002 | 0x00000006 | 0x00000007
[SYS] CMD RD           | 0x00000002 | 0x00000006 | 0x00000007
[SYS] ------------------------ Info ----------------------------
[SYS]                  | Downlink           | Uplink
[SYS] RF / fine Gain   |     16 /   -0.5    | 0x42
[SYS] PwrAvg(dBFs/dBm) | N/A                | N/A
[SYS] PwrMax(dBFS)     | N/A                | N/A
[SYS] Showtime 64 seconds

[SYS] ------------------------ Data Direction -------------------
[SYS]                  | Downlink           | Uplink
[SYS] CPlane Total     | 0x0000000000000000 | 0x0000000000000000
[SYS] CPlane OnTime    | 0x0000000000000000 | 0x0000000000000000
[SYS] CPlane Early     | 0x0000000000000000 | 0x0000000000000000
[SYS] CPlane Late      | 0x0000000000000000 | 0x0000000000000000
[SYS] CPlane Corrupt   | 0x0000000000000000 | 0x0000000000000000
[SYS] UPlane Total     | 0x0000000000000000 | 0x0000000000000000
[SYS] UPlane OnTime    | 0x0000000000000000 | N/A
[SYS] UPlane Ealry     | 0x0000000000000000 | N/A
[SYS] UPlane Late      | 0x0000000000000000 | N/A
[SYS] UPlane Corrupt   | 0x0000000000000000 | N/A
[SYS] Eth Pkt Good     | 0x00000763         | 0x000013f2
[SYS] Eth Pkt Drop     | 0x00000000         | 0x00000000
[SYS] AXIQ status      | 0x00000303         | 0x00010101
[SYS] ------------------------ Tasks ---------------------------
[SYS]                  | UP         | CP         | RT
[SYS] Error            | 0x00000000 | 0x00000000 | 0x00000000
[SYS] Heartbeats       | 0x019b31e5 | N/A        | N/A
[SYS] Counts           | 0x00000000 | N/A        | 0x00000000
[SYS] Drops            | 0x00000000 | N/A        | 0x00000000
[SYS] ------------------------ VSPAs ---------------------------
[SYS]                  | 0          | 1          | 2
[SYS] Error            | 0x00000000 | 0x00000000 | 0x00000000
[SYS] SYM WR           | 0x00000000 | N/A        | 0x00000002
[SYS] SYM RD           | 0x00000000 | N/A        | 0x00000002
[SYS] CMD WR           | 0x00000002 | 0x00000006 | 0x00000007
[SYS] CMD RD           | 0x00000002 | 0x00000006 | 0x00000007
[SYS] ------------------------ Info ----------------------------
[SYS]                  | Downlink           | Uplink
[SYS] RF / fine Gain   |     16 /   -0.5    | 0x42
[SYS] PwrAvg(dBFs/dBm) | N/A                | N/A
[SYS] PwrMax(dBFS)     | N/A                | N/A
[SYS] Showtime 65 seconds

[SYS] ------------------------ Data Direction -------------------
[SYS]                  | Downlink           | Uplink
[SYS] CPlane Total     | 0x0000000000000000 | 0x0000000000000000
[SYS] CPlane OnTime    | 0x0000000000000000 | 0x0000000000000000
[SYS] CPlane Early     | 0x0000000000000000 | 0x0000000000000000
[SYS] CPlane Late      | 0x0000000000000000 | 0x0000000000000000
[SYS] CPlane Corrupt   | 0x0000000000000000 | 0x0000000000000000
[SYS] UPlane Total     | 0x0000000000000000 | 0x0000000000000000
[SYS] UPlane OnTime    | 0x0000000000000000 | N/A
[SYS] UPlane Ealry     | 0x0000000000000000 | N/A
[SYS] UPlane Late      | 0x0000000000000000 | N/A
[SYS] UPlane Corrupt   | 0x0000000000000000 | N/A
[SYS] Eth Pkt Good     | 0x00000764         | 0x00001415
[SYS] Eth Pkt Drop     | 0x00000000         | 0x00000000
[SYS] AXIQ status      | 0x00000303         | 0x00010101
[SYS] ------------------------ Tasks ---------------------------
[SYS]                  | UP         | CP         | RT
[SYS] Error            | 0x00000000 | 0x00000000 | 0x00000000
[SYS] Heartbeats       | 0x01a16ccc | N/A        | N/A
[SYS] Counts           | 0x00000000 | N/A        | 0x00000000
[SYS] Drops            | 0x00000000 | N/A        | 0x00000000
[SYS] ------------------------ VSPAs ---------------------------
[SYS]                  | 0          | 1          | 2
[SYS] Error            | 0x00000000 | 0x00000000 | 0x00000000
[SYS] SYM WR           | 0x00000000 | N/A        | 0x00000002
[SYS] SYM RD           | 0x00000000 | N/A        | 0x00000002
[SYS] CMD WR           | 0x00000002 | 0x00000006 | 0x00000007
[SYS] CMD RD           | 0x00000002 | 0x00000006 | 0x00000007
[SYS] ------------------------ Info ----------------------------
[SYS]                  | Downlink           | Uplink
[SYS] RF / fine Gain   |     16 /   -0.5    | 0x42
[SYS] PwrAvg(dBFs/dBm) | N/A                | N/A
[SYS] PwrMax(dBFS)     | N/A                | N/A
[SYS] Showtime 66 seconds

[SYS] ------------------------ Data Direction -------------------
[SYS]                  | Downlink           | Uplink
[SYS] CPlane Total     | 0x0000000000000000 | 0x0000000000000000
[SYS] CPlane OnTime    | 0x0000000000000000 | 0x0000000000000000
[SYS] CPlane Early     | 0x0000000000000000 | 0x0000000000000000
[SYS] CPlane Late      | 0x0000000000000000 | 0x0000000000000000
[SYS] CPlane Corrupt   | 0x0000000000000000 | 0x0000000000000000
[SYS] UPlane Total     | 0x0000000000000000 | 0x0000000000000000
[SYS] UPlane OnTime    | 0x0000000000000000 | N/A
[SYS] UPlane Ealry     | 0x0000000000000000 | N/A
[SYS] UPlane Late      | 0x0000000000000000 | N/A
[SYS] UPlane Corrupt   | 0x0000000000000000 | N/A
[SYS] Eth Pkt Good     | 0x00000765         | 0x00001438
[SYS] Eth Pkt Drop     | 0x00000000         | 0x00000000
[SYS] AXIQ status      | 0x00000303         | 0x00010101
[SYS] ------------------------ Tasks ---------------------------
[SYS]                  | UP         | CP         | RT
[SYS] Error            | 0x00000000 | 0x00000000 | 0x00000000
[SYS] Heartbeats       | 0x01a7a7ae | N/A        | N/A
[SYS] Counts           | 0x00000000 | N/A        | 0x00000000
[SYS] Drops            | 0x00000000 | N/A        | 0x00000000
[SYS] ------------------------ VSPAs ---------------------------
[SYS]                  | 0          | 1          | 2
[SYS] Error            | 0x00000000 | 0x00000000 | 0x00000000
[SYS] SYM WR           | 0x00000000 | N/A        | 0x00000002
[SYS] SYM RD           | 0x00000000 | N/A        | 0x00000002
[SYS] CMD WR           | 0x00000002 | 0x00000006 | 0x00000007
[SYS] CMD RD           | 0x00000002 | 0x00000006 | 0x00000007
[SYS] ------------------------ Info ----------------------------
[SYS]                  | Downlink           | Uplink
[SYS] RF / fine Gain   |     16 /   -0.5    | 0x42
[SYS] PwrAvg(dBFs/dBm) | N/A                | N/A
[SYS] PwrMax(dBFS)     | N/A                | N/A
[SYS] Showtime 67 seconds

[SYS] ------------------------ Data Direction -------------------
[SYS]                  | Downlink           | Uplink
[SYS] CPlane Total     | 0x0000000000000000 | 0x0000000000000000
[SYS] CPlane OnTime    | 0x0000000000000000 | 0x0000000000000000
[SYS] CPlane Early     | 0x0000000000000000 | 0x0000000000000000
[SYS] CPlane Late      | 0x0000000000000000 | 0x0000000000000000
[SYS] CPlane Corrupt   | 0x0000000000000000 | 0x0000000000000000
[SYS] UPlane Total     | 0x0000000000000000 | 0x0000000000000000
[SYS] UPlane OnTime    | 0x0000000000000000 | N/A
[SYS] UPlane Ealry     | 0x0000000000000000 | N/A
[SYS] UPlane Late      | 0x0000000000000000 | N/A
[SYS] UPlane Corrupt   | 0x0000000000000000 | N/A
[SYS] Eth Pkt Good     | 0x00000767         | 0x0000145c
[SYS] Eth Pkt Drop     | 0x00000000         | 0x00000000
[SYS] AXIQ status      | 0x00000303         | 0x00010101
[SYS] ------------------------ Tasks ---------------------------
[SYS]                  | UP         | CP         | RT
[SYS] Error            | 0x00000000 | 0x00000000 | 0x00000000
[SYS] Heartbeats       | 0x01ade579 | N/A        | N/A
[SYS] Counts           | 0x00000000 | N/A        | 0x00000000
[SYS] Drops            | 0x00000000 | N/A        | 0x00000000
[SYS] ------------------------ VSPAs ---------------------------
[SYS]                  | 0          | 1          | 2
[SYS] Error            | 0x00000000 | 0x00000000 | 0x00000000
[SYS] SYM WR           | 0x00000000 | N/A        | 0x00000002
[SYS] SYM RD           | 0x00000000 | N/A        | 0x00000002
[SYS] CMD WR           | 0x00000002 | 0x00000006 | 0x00000007
[SYS] CMD RD           | 0x00000002 | 0x00000006 | 0x00000007
[SYS] ------------------------ Info ----------------------------
[SYS]                  | Downlink           | Uplink
[SYS] RF / fine Gain   |     16 /   -0.5    | 0x42
[SYS] PwrAvg(dBFs/dBm) | N/A                | N/A
[SYS] PwrMax(dBFS)     | N/A                | N/A
[SYS] Showtime 68 seconds

[SYS] ------------------------ Data Direction -------------------
[SYS]                  | Downlink           | Uplink
[SYS] CPlane Total     | 0x0000000000000000 | 0x0000000000000000
[SYS] CPlane OnTime    | 0x0000000000000000 | 0x0000000000000000
[SYS] CPlane Early     | 0x0000000000000000 | 0x0000000000000000
[SYS] CPlane Late      | 0x0000000000000000 | 0x0000000000000000
[SYS] CPlane Corrupt   | 0x0000000000000000 | 0x0000000000000000
[SYS] UPlane Total     | 0x0000000000000000 | 0x0000000000000000
[SYS] UPlane OnTime    | 0x0000000000000000 | N/A
[SYS] UPlane Ealry     | 0x0000000000000000 | N/A
[SYS] UPlane Late      | 0x0000000000000000 | N/A
[SYS] UPlane Corrupt   | 0x0000000000000000 | N/A
[SYS] Eth Pkt Good     | 0x00000768         | 0x0000147f
[SYS] Eth Pkt Drop     | 0x00000000         | 0x00000000
[SYS] AXIQ status      | 0x00000303         | 0x00010101
[SYS] ------------------------ Tasks ---------------------------
[SYS]                  | UP         | CP         | RT
[SYS] Error            | 0x00000000 | 0x00000000 | 0x00000000
[SYS] Heartbeats       | 0x01b4205f | N/A        | N/A
[SYS] Counts           | 0x00000000 | N/A        | 0x00000000
[SYS] Drops            | 0x00000000 | N/A        | 0x00000000
[SYS] ------------------------ VSPAs ---------------------------
[SYS]                  | 0          | 1          | 2
[SYS] Error            | 0x00000000 | 0x00000000 | 0x00000000
[SYS] SYM WR           | 0x00000000 | N/A        | 0x00000002
[SYS] SYM RD           | 0x00000000 | N/A        | 0x00000002
[SYS] CMD WR           | 0x00000002 | 0x00000006 | 0x00000007
[SYS] CMD RD           | 0x00000002 | 0x00000006 | 0x00000007
[SYS] ------------------------ Info ----------------------------
[SYS]                  | Downlink           | Uplink
[SYS] RF / fine Gain   |     16 /   -0.5    | 0x42
[SYS] PwrAvg(dBFs/dBm) | N/A                | N/A
[SYS] PwrMax(dBFS)     | N/A                | N/A
[SYS] Showtime 69 seconds

[SYS] ------------------------ Data Direction -------------------
[SYS]                  | Downlink           | Uplink
[SYS] CPlane Total     | 0x0000000000000000 | 0x0000000000000000
[SYS] CPlane OnTime    | 0x0000000000000000 | 0x0000000000000000
[SYS] CPlane Early     | 0x0000000000000000 | 0x0000000000000000
[SYS] CPlane Late      | 0x0000000000000000 | 0x0000000000000000
[SYS] CPlane Corrupt   | 0x0000000000000000 | 0x0000000000000000
[SYS] UPlane Total     | 0x0000000000000000 | 0x0000000000000000
[SYS] UPlane OnTime    | 0x0000000000000000 | N/A
[SYS] UPlane Ealry     | 0x0000000000000000 | N/A
[SYS] UPlane Late      | 0x0000000000000000 | N/A
[SYS] UPlane Corrupt   | 0x0000000000000000 | N/A
[SYS] Eth Pkt Good     | 0x0000076a         | 0x000014a3
[SYS] Eth Pkt Drop     | 0x00000000         | 0x00000000
[SYS] AXIQ status      | 0x00000303         | 0x00010101
[SYS] ------------------------ Tasks ---------------------------
[SYS]                  | UP         | CP         | RT
[SYS] Error            | 0x00000000 | 0x00000000 | 0x00000000
[SYS] Heartbeats       | 0x01ba5b41 | N/A        | N/A
[SYS] Counts           | 0x00000000 | N/A        | 0x00000000
[SYS] Drops            | 0x00000000 | N/A        | 0x00000000
[SYS] ------------------------ VSPAs ---------------------------
[SYS]                  | 0          | 1          | 2
[SYS] Error            | 0x00000000 | 0x00000000 | 0x00000000
[SYS] SYM WR           | 0x00000000 | N/A        | 0x00000002
[SYS] SYM RD           | 0x00000000 | N/A        | 0x00000002
[SYS] CMD WR           | 0x00000002 | 0x00000006 | 0x00000007
[SYS] CMD RD           | 0x00000002 | 0x00000006 | 0x00000007
[SYS] ------------------------ Info ----------------------------
[SYS]                  | Downlink           | Uplink
[SYS] RF / fine Gain   |     16 /   -0.5    | 0x42
[SYS] PwrAvg(dBFs/dBm) | N/A                | N/A
[SYS] PwrMax(dBFS)     | N/A                | N/A
[SYS] Showtime 70 seconds

[SYS] ------------------------ Data Direction -------------------
[SYS]                  | Downlink           | Uplink
[SYS] CPlane Total     | 0x0000000000000000 | 0x0000000000000000
[SYS] CPlane OnTime    | 0x0000000000000000 | 0x0000000000000000
[SYS] CPlane Early     | 0x0000000000000000 | 0x0000000000000000
[SYS] CPlane Late      | 0x0000000000000000 | 0x0000000000000000
[SYS] CPlane Corrupt   | 0x0000000000000000 | 0x0000000000000000
[SYS] UPlane Total     | 0x0000000000000000 | 0x0000000000000000
[SYS] UPlane OnTime    | 0x0000000000000000 | N/A
[SYS] UPlane Ealry     | 0x0000000000000000 | N/A
[SYS] UPlane Late      | 0x0000000000000000 | N/A
[SYS] UPlane Corrupt   | 0x0000000000000000 | N/A
[SYS] Eth Pkt Good     | 0x0000076b         | 0x000014c6
[SYS] Eth Pkt Drop     | 0x00000000         | 0x00000000
[SYS] AXIQ status      | 0x00000303         | 0x00010101
[SYS] ------------------------ Tasks ---------------------------
[SYS]                  | UP         | CP         | RT
[SYS] Error            | 0x00000000 | 0x00000000 | 0x00000000
[SYS] Heartbeats       | 0x01c0963e | N/A        | N/A
[SYS] Counts           | 0x00000000 | N/A        | 0x00000000
[SYS] Drops            | 0x00000000 | N/A        | 0x00000000
[SYS] ------------------------ VSPAs ---------------------------
[SYS]                  | 0          | 1          | 2
[SYS] Error            | 0x00000000 | 0x00000000 | 0x00000000
[SYS] SYM WR           | 0x00000000 | N/A        | 0x00000002
[SYS] SYM RD           | 0x00000000 | N/A        | 0x00000002
[SYS] CMD WR           | 0x00000002 | 0x00000006 | 0x00000007
[SYS] CMD RD           | 0x00000002 | 0x00000006 | 0x00000007
[SYS] ------------------------ Info ----------------------------
[SYS]                  | Downlink           | Uplink
[SYS] RF / fine Gain   |     16 /   -0.5    | 0x42
[SYS] PwrAvg(dBFs/dBm) | N/A                | N/A
[SYS] PwrMax(dBFS)     | N/A                | N/A
[SYS] Showtime 71 seconds

[SYS] ------------------------ Data Direction -------------------
[SYS]                  | Downlink           | Uplink
[SYS] CPlane Total     | 0x0000000000000000 | 0x0000000000000000
[SYS] CPlane OnTime    | 0x0000000000000000 | 0x0000000000000000
[SYS] CPlane Early     | 0x0000000000000000 | 0x0000000000000000
[SYS] CPlane Late      | 0x0000000000000000 | 0x0000000000000000
[SYS] CPlane Corrupt   | 0x0000000000000000 | 0x0000000000000000
[SYS] UPlane Total     | 0x0000000000000000 | 0x0000000000000000
[SYS] UPlane OnTime    | 0x0000000000000000 | N/A
[SYS] UPlane Ealry     | 0x0000000000000000 | N/A
[SYS] UPlane Late      | 0x0000000000000000 | N/A
[SYS] UPlane Corrupt   | 0x0000000000000000 | N/A
[SYS] Eth Pkt Good     | 0x0000076d         | 0x000014e9
[SYS] Eth Pkt Drop     | 0x00000000         | 0x00000000
[SYS] AXIQ status      | 0x00000303         | 0x00010101
[SYS] ------------------------ Tasks ---------------------------
[SYS]                  | UP         | CP         | RT
[SYS] Error            | 0x00000000 | 0x00000000 | 0x00000000
[SYS] Heartbeats       | 0x01c6d3ff | N/A        | N/A
[SYS] Counts           | 0x00000000 | N/A        | 0x00000000
[SYS] Drops            | 0x00000000 | N/A        | 0x00000000
[SYS] ------------------------ VSPAs ---------------------------
[SYS]                  | 0          | 1          | 2
[SYS] Error            | 0x00000000 | 0x00000000 | 0x00000000
[SYS] SYM WR           | 0x00000000 | N/A        | 0x00000002
[SYS] SYM RD           | 0x00000000 | N/A        | 0x00000002
[SYS] CMD WR           | 0x00000002 | 0x00000006 | 0x00000007
[SYS] CMD RD           | 0x00000002 | 0x00000006 | 0x00000007
[SYS] ------------------------ Info ----------------------------
[SYS]                  | Downlink           | Uplink
[SYS] RF / fine Gain   |     16 /   -0.5    | 0x42
[SYS] PwrAvg(dBFs/dBm) | N/A                | N/A
[SYS] PwrMax(dBFS)     | N/A                | N/A
[SYS] Showtime 72 seconds

[SYS] ------------------------ Data Direction -------------------
[SYS]                  | Downlink           | Uplink
[SYS] CPlane Total     | 0x0000000000000000 | 0x0000000000000000
[SYS] CPlane OnTime    | 0x0000000000000000 | 0x0000000000000000
[SYS] CPlane Early     | 0x0000000000000000 | 0x0000000000000000
[SYS] CPlane Late      | 0x0000000000000000 | 0x0000000000000000
[SYS] CPlane Corrupt   | 0x0000000000000000 | 0x0000000000000000
[SYS] UPlane Total     | 0x0000000000000000 | 0x0000000000000000
[SYS] UPlane OnTime    | 0x0000000000000000 | N/A
[SYS] UPlane Ealry     | 0x0000000000000000 | N/A
[SYS] UPlane Late      | 0x0000000000000000 | N/A
[SYS] UPlane Corrupt   | 0x0000000000000000 | N/A
[SYS] Eth Pkt Good     | 0x00000774         | 0x00001513
[SYS] Eth Pkt Drop     | 0x00000000         | 0x00000000
[SYS] AXIQ status      | 0x00000303         | 0x00010101
[SYS] ------------------------ Tasks ---------------------------
[SYS]                  | UP         | CP         | RT
[SYS] Error            | 0x00000000 | 0x00000000 | 0x00000000
[SYS] Heartbeats       | 0x01cd0ee6 | N/A        | N/A
[SYS] Counts           | 0x00000000 | N/A        | 0x00000000
[SYS] Drops            | 0x00000000 | N/A        | 0x00000000
[SYS] ------------------------ VSPAs ---------------------------
[SYS]                  | 0          | 1          | 2
[SYS] Error            | 0x00000000 | 0x00000000 | 0x00000000
[SYS] SYM WR           | 0x00000000 | N/A        | 0x00000002
[SYS] SYM RD           | 0x00000000 | N/A        | 0x00000002
[SYS] CMD WR           | 0x00000002 | 0x00000006 | 0x00000007
[SYS] CMD RD           | 0x00000002 | 0x00000006 | 0x00000007
[SYS] ------------------------ Info ----------------------------
[SYS]                  | Downlink           | Uplink
[SYS] RF / fine Gain   |     16 /   -0.5    | 0x42
[SYS] PwrAvg(dBFs/dBm) | N/A                | N/A
[SYS] PwrMax(dBFS)     | N/A                | N/A
[SYS] Showtime 73 seconds

[SYS] ------------------------ Data Direction -------------------
[SYS]                  | Downlink           | Uplink
[SYS] CPlane Total     | 0x0000000000000000 | 0x0000000000000000
[SYS] CPlane OnTime    | 0x0000000000000000 | 0x0000000000000000
[SYS] CPlane Early     | 0x0000000000000000 | 0x0000000000000000
[SYS] CPlane Late      | 0x0000000000000000 | 0x0000000000000000
[SYS] CPlane Corrupt   | 0x0000000000000000 | 0x0000000000000000
[SYS] UPlane Total     | 0x0000000000000000 | 0x0000000000000000
[SYS] UPlane OnTime    | 0x0000000000000000 | N/A
[SYS] UPlane Ealry     | 0x0000000000000000 | N/A
[SYS] UPlane Late      | 0x0000000000000000 | N/A
[SYS] UPlane Corrupt   | 0x0000000000000000 | N/A
[SYS] Eth Pkt Good     | 0x0000078d         | 0x0000154e
[SYS] Eth Pkt Drop     | 0x00000000         | 0x00000000
[SYS] AXIQ status      | 0x00000303         | 0x00010101
[SYS] ------------------------ Tasks ---------------------------
[SYS]                  | UP         | CP         | RT
[SYS] Error            | 0x00000000 | 0x00000000 | 0x00000000
[SYS] Heartbeats       | 0x01d349d8 | N/A        | N/A
[SYS] Counts           | 0x00000000 | N/A        | 0x00000000
[SYS] Drops            | 0x00000000 | N/A        | 0x00000000
[SYS] ------------------------ VSPAs ---------------------------
[SYS]                  | 0          | 1          | 2
[SYS] Error            | 0x00000000 | 0x00000000 | 0x00000000
[SYS] SYM WR           | 0x00000000 | N/A        | 0x00000002
[SYS] SYM RD           | 0x00000000 | N/A        | 0x00000002
[SYS] CMD WR           | 0x00000002 | 0x00000006 | 0x00000007
[SYS] CMD RD           | 0x00000002 | 0x00000006 | 0x00000007
[SYS] ------------------------ Info ----------------------------
[SYS]                  | Downlink           | Uplink
[SYS] RF / fine Gain   |     16 /   -0.5    | 0x42
[SYS] PwrAvg(dBFs/dBm) | N/A                | N/A
[SYS] PwrMax(dBFS)     | N/A                | N/A
[SYS] Showtime 74 seconds

[SYS] ------------------------ Data Direction -------------------
[SYS]                  | Downlink           | Uplink
[SYS] CPlane Total     | 0x0000000000000000 | 0x0000000000000000
[SYS] CPlane OnTime    | 0x0000000000000000 | 0x0000000000000000
[SYS] CPlane Early     | 0x0000000000000000 | 0x0000000000000000
[SYS] CPlane Late      | 0x0000000000000000 | 0x0000000000000000
[SYS] CPlane Corrupt   | 0x0000000000000000 | 0x0000000000000000
[SYS] UPlane Total     | 0x0000000000000000 | 0x0000000000000000
[SYS] UPlane OnTime    | 0x0000000000000000 | N/A
[SYS] UPlane Ealry     | 0x0000000000000000 | N/A
[SYS] UPlane Late      | 0x0000000000000000 | N/A
[SYS] UPlane Corrupt   | 0x0000000000000000 | N/A
[SYS] Eth Pkt Good     | 0x0000078f         | 0x00001572
[SYS] Eth Pkt Drop     | 0x00000000         | 0x00000000
[SYS] AXIQ status      | 0x00000303         | 0x00010101
[SYS] ------------------------ Tasks ---------------------------
[SYS]                  | UP         | CP         | RT
[SYS] Error            | 0x00000000 | 0x00000000 | 0x00000000
[SYS] Heartbeats       | 0x01d98798 | N/A        | N/A
[SYS] Counts           | 0x00000000 | N/A        | 0x00000000
[SYS] Drops            | 0x00000000 | N/A        | 0x00000000
[SYS] ------------------------ VSPAs ---------------------------
[SYS]                  | 0          | 1          | 2
[SYS] Error            | 0x00000000 | 0x00000000 | 0x00000000
[SYS] SYM WR           | 0x00000000 | N/A        | 0x00000002
[SYS] SYM RD           | 0x00000000 | N/A        | 0x00000002
[SYS] CMD WR           | 0x00000002 | 0x00000006 | 0x00000007
[SYS] CMD RD           | 0x00000002 | 0x00000006 | 0x00000007
[SYS] ------------------------ Info ----------------------------
[SYS]                  | Downlink           | Uplink
[SYS] RF / fine Gain   |     16 /   -0.5    | 0x42
[SYS] PwrAvg(dBFs/dBm) | N/A                | N/A
[SYS] PwrMax(dBFS)     | N/A                | N/A
[SYS] Showtime 75 seconds

[SYS] ------------------------ Data Direction -------------------
[SYS]                  | Downlink           | Uplink
[SYS] CPlane Total     | 0x0000000000000000 | 0x0000000000000000
[SYS] CPlane OnTime    | 0x0000000000000000 | 0x0000000000000000
[SYS] CPlane Early     | 0x0000000000000000 | 0x0000000000000000
[SYS] CPlane Late      | 0x0000000000000000 | 0x0000000000000000
[SYS] CPlane Corrupt   | 0x0000000000000000 | 0x0000000000000000
[SYS] UPlane Total     | 0x0000000000000000 | 0x0000000000000000
[SYS] UPlane OnTime    | 0x0000000000000000 | N/A
[SYS] UPlane Ealry     | 0x0000000000000000 | N/A
[SYS] UPlane Late      | 0x0000000000000000 | N/A
[SYS] UPlane Corrupt   | 0x0000000000000000 | N/A
[SYS] Eth Pkt Good     | 0x00000790         | 0x00001595
[SYS] Eth Pkt Drop     | 0x00000000         | 0x00000000
[SYS] AXIQ status      | 0x00000303         | 0x00010101
[SYS] ------------------------ Tasks ---------------------------
[SYS]                  | UP         | CP         | RT
[SYS] Error            | 0x00000000 | 0x00000000 | 0x00000000
[SYS] Heartbeats       | 0x01dfc285 | N/A        | N/A
[SYS] Counts           | 0x00000000 | N/A        | 0x00000000
[SYS] Drops            | 0x00000000 | N/A        | 0x00000000
[SYS] ------------------------ VSPAs ---------------------------
[SYS]                  | 0          | 1          | 2
[SYS] Error            | 0x00000000 | 0x00000000 | 0x00000000
[SYS] SYM WR           | 0x00000000 | N/A        | 0x00000002
[SYS] SYM RD           | 0x00000000 | N/A        | 0x00000002
[SYS] CMD WR           | 0x00000002 | 0x00000006 | 0x00000007
[SYS] CMD RD           | 0x00000002 | 0x00000006 | 0x00000007
[SYS] ------------------------ Info ----------------------------
[SYS]                  | Downlink           | Uplink
[SYS] RF / fine Gain   |     16 /   -0.5    | 0x42
[SYS] PwrAvg(dBFs/dBm) | N/A                | N/A
[SYS] PwrMax(dBFS)     | N/A                | N/A
[SYS] Showtime 76 seconds

[SYS] ------------------------ Data Direction -------------------
[SYS]                  | Downlink           | Uplink
[SYS] CPlane Total     | 0x0000000000000000 | 0x0000000000000000
[SYS] CPlane OnTime    | 0x0000000000000000 | 0x0000000000000000
[SYS] CPlane Early     | 0x0000000000000000 | 0x0000000000000000
[SYS] CPlane Late      | 0x0000000000000000 | 0x0000000000000000
[SYS] CPlane Corrupt   | 0x0000000000000000 | 0x0000000000000000
[SYS] UPlane Total     | 0x0000000000000000 | 0x0000000000000000
[SYS] UPlane OnTime    | 0x0000000000000000 | N/A
[SYS] UPlane Ealry     | 0x0000000000000000 | N/A
[SYS] UPlane Late      | 0x0000000000000000 | N/A
[SYS] UPlane Corrupt   | 0x0000000000000000 | N/A
[SYS] Eth Pkt Good     | 0x00000792         | 0x000015b9
[SYS] Eth Pkt Drop     | 0x00000000         | 0x00000000
[SYS] AXIQ status      | 0x00000303         | 0x00010101
[SYS] ------------------------ Tasks ---------------------------
[SYS]                  | UP         | CP         | RT
[SYS] Error            | 0x00000000 | 0x00000000 | 0x00000000
[SYS] Heartbeats       | 0x01e5fd68 | N/A        | N/A
[SYS] Counts           | 0x00000000 | N/A        | 0x00000000
[SYS] Drops            | 0x00000000 | N/A        | 0x00000000
[SYS] ------------------------ VSPAs ---------------------------
[SYS]                  | 0          | 1          | 2
[SYS] Error            | 0x00000000 | 0x00000000 | 0x00000000
[SYS] SYM WR           | 0x00000000 | N/A        | 0x00000002
[SYS] SYM RD           | 0x00000000 | N/A        | 0x00000002
[SYS] CMD WR           | 0x00000002 | 0x00000006 | 0x00000007
[SYS] CMD RD           | 0x00000002 | 0x00000006 | 0x00000007
[SYS] ------------------------ Info ----------------------------
[SYS]                  | Downlink           | Uplink
[SYS] RF / fine Gain   |     16 /   -0.5    | 0x42
[SYS] PwrAvg(dBFs/dBm) | N/A                | N/A
[SYS] PwrMax(dBFS)     | N/A                | N/A
[SYS] Showtime 77 seconds

[SYS] ------------------------ Data Direction -------------------
[SYS]                  | Downlink           | Uplink
[SYS] CPlane Total     | 0x0000000000000000 | 0x0000000000000000
[SYS] CPlane OnTime    | 0x0000000000000000 | 0x0000000000000000
[SYS] CPlane Early     | 0x0000000000000000 | 0x0000000000000000
[SYS] CPlane Late      | 0x0000000000000000 | 0x0000000000000000
[SYS] CPlane Corrupt   | 0x0000000000000000 | 0x0000000000000000
[SYS] UPlane Total     | 0x0000000000000000 | 0x0000000000000000
[SYS] UPlane OnTime    | 0x0000000000000000 | N/A
[SYS] UPlane Ealry     | 0x0000000000000000 | N/A
[SYS] UPlane Late      | 0x0000000000000000 | N/A
[SYS] UPlane Corrupt   | 0x0000000000000000 | N/A
[SYS] Eth Pkt Good     | 0x00000793         | 0x000015dc
[SYS] Eth Pkt Drop     | 0x00000000         | 0x00000000
[SYS] AXIQ status      | 0x00000303         | 0x00010101
[SYS] ------------------------ Tasks ---------------------------
[SYS]                  | UP         | CP         | RT
[SYS] Error            | 0x00000000 | 0x00000000 | 0x00000000
[SYS] Heartbeats       | 0x01ec386a | N/A        | N/A
[SYS] Counts           | 0x00000000 | N/A        | 0x00000000
[SYS] Drops            | 0x00000000 | N/A        | 0x00000000
[SYS] ------------------------ VSPAs ---------------------------
[SYS]                  | 0          | 1          | 2
[SYS] Error            | 0x00000000 | 0x00000000 | 0x00000000
[SYS] SYM WR           | 0x00000000 | N/A        | 0x00000002
[SYS] SYM RD           | 0x00000000 | N/A        | 0x00000002
[SYS] CMD WR           | 0x00000002 | 0x00000006 | 0x00000007
[SYS] CMD RD           | 0x00000002 | 0x00000006 | 0x00000007
[SYS] ------------------------ Info ----------------------------
[SYS]                  | Downlink           | Uplink
[SYS] RF / fine Gain   |     16 /   -0.5    | 0x42
[SYS] PwrAvg(dBFs/dBm) | N/A                | N/A
[SYS] PwrMax(dBFS)     | N/A                | N/A
[SYS] Showtime 78 seconds

[SYS] ------------------------ Data Direction -------------------
[SYS]                  | Downlink           | Uplink
[SYS] CPlane Total     | 0x0000000000000000 | 0x0000000000000000
[SYS] CPlane OnTime    | 0x0000000000000000 | 0x0000000000000000
[SYS] CPlane Early     | 0x0000000000000000 | 0x0000000000000000
[SYS] CPlane Late      | 0x0000000000000000 | 0x0000000000000000
[SYS] CPlane Corrupt   | 0x0000000000000000 | 0x0000000000000000
[SYS] UPlane Total     | 0x0000000000000000 | 0x0000000000000000
[SYS] UPlane OnTime    | 0x0000000000000000 | N/A
[SYS] UPlane Ealry     | 0x0000000000000000 | N/A
[SYS] UPlane Late      | 0x0000000000000000 | N/A
[SYS] UPlane Corrupt   | 0x0000000000000000 | N/A
[SYS] Eth Pkt Good     | 0x00000795         | 0x000015ff
[SYS] Eth Pkt Drop     | 0x00000000         | 0x00000000
[SYS] AXIQ status      | 0x00000303         | 0x00010101
[SYS] ------------------------ Tasks ---------------------------
[SYS]                  | UP         | CP         | RT
[SYS] Error            | 0x00000000 | 0x00000000 | 0x00000000
[SYS] Heartbeats       | 0x01f2762e | N/A        | N/A
[SYS] Counts           | 0x00000000 | N/A        | 0x00000000
[SYS] Drops            | 0x00000000 | N/A        | 0x00000000
[SYS] ------------------------ VSPAs ---------------------------
[SYS]                  | 0          | 1          | 2
[SYS] Error            | 0x00000000 | 0x00000000 | 0x00000000
[SYS] SYM WR           | 0x00000000 | N/A        | 0x00000002
[SYS] SYM RD           | 0x00000000 | N/A        | 0x00000002
[SYS] CMD WR           | 0x00000002 | 0x00000006 | 0x00000007
[SYS] CMD RD           | 0x00000002 | 0x00000006 | 0x00000007
[SYS] ------------------------ Info ----------------------------
[SYS]                  | Downlink           | Uplink
[SYS] RF / fine Gain   |     16 /   -0.5    | 0x42
[SYS] PwrAvg(dBFs/dBm) | N/A                | N/A
[SYS] PwrMax(dBFS)     | N/A                | N/A
[SYS] Showtime 79 seconds

[SYS] ------------------------ Data Direction -------------------
[SYS]                  | Downlink           | Uplink
[SYS] CPlane Total     | 0x0000000000000000 | 0x0000000000000000
[SYS] CPlane OnTime    | 0x0000000000000000 | 0x0000000000000000
[SYS] CPlane Early     | 0x0000000000000000 | 0x0000000000000000
[SYS] CPlane Late      | 0x0000000000000000 | 0x0000000000000000
[SYS] CPlane Corrupt   | 0x0000000000000000 | 0x0000000000000000
[SYS] UPlane Total     | 0x0000000000000000 | 0x0000000000000000
[SYS] UPlane OnTime    | 0x0000000000000000 | N/A
[SYS] UPlane Ealry     | 0x0000000000000000 | N/A
[SYS] UPlane Late      | 0x0000000000000000 | N/A
[SYS] UPlane Corrupt   | 0x0000000000000000 | N/A
[SYS] Eth Pkt Good     | 0x00000796         | 0x00001623
[SYS] Eth Pkt Drop     | 0x00000000         | 0x00000000
[SYS] AXIQ status      | 0x00000303         | 0x00010101
[SYS] ------------------------ Tasks ---------------------------
[SYS]                  | UP         | CP         | RT
[SYS] Error            | 0x00000000 | 0x00000000 | 0x00000000
[SYS] Heartbeats       | 0x01f8b114 | N/A        | N/A
[SYS] Counts           | 0x00000000 | N/A        | 0x00000000
[SYS] Drops            | 0x00000000 | N/A        | 0x00000000
[SYS] ------------------------ VSPAs ---------------------------
[SYS]                  | 0          | 1          | 2
[SYS] Error            | 0x00000000 | 0x00000000 | 0x00000000
[SYS] SYM WR           | 0x00000000 | N/A        | 0x00000002
[SYS] SYM RD           | 0x00000000 | N/A        | 0x00000002
[SYS] CMD WR           | 0x00000002 | 0x00000006 | 0x00000007
[SYS] CMD RD           | 0x00000002 | 0x00000006 | 0x00000007
[SYS] ------------------------ Info ----------------------------
[SYS]                  | Downlink           | Uplink
[SYS] RF / fine Gain   |     16 /   -0.5    | 0x42
[SYS] PwrAvg(dBFs/dBm) | N/A                | N/A
[SYS] PwrMax(dBFS)     | N/A                | N/A
[SYS] Showtime 80 seconds

[SYS] ------------------------ Data Direction -------------------
[SYS]                  | Downlink           | Uplink
[SYS] CPlane Total     | 0x0000000000000000 | 0x0000000000000000
[SYS] CPlane OnTime    | 0x0000000000000000 | 0x0000000000000000
[SYS] CPlane Early     | 0x0000000000000000 | 0x0000000000000000
[SYS] CPlane Late      | 0x0000000000000000 | 0x0000000000000000
[SYS] CPlane Corrupt   | 0x0000000000000000 | 0x0000000000000000
[SYS] UPlane Total     | 0x0000000000000000 | 0x0000000000000000
[SYS] UPlane OnTime    | 0x0000000000000000 | N/A
[SYS] UPlane Ealry     | 0x0000000000000000 | N/A
[SYS] UPlane Late      | 0x0000000000000000 | N/A
[SYS] UPlane Corrupt   | 0x0000000000000000 | N/A
[SYS] Eth Pkt Good     | 0x00000797         | 0x00001646
[SYS] Eth Pkt Drop     | 0x00000000         | 0x00000000
[SYS] AXIQ status      | 0x00000303         | 0x00010101
[SYS] ------------------------ Tasks ---------------------------
[SYS]                  | UP         | CP         | RT
[SYS] Error            | 0x00000000 | 0x00000000 | 0x00000000
[SYS] Heartbeats       | 0x01feec0a | N/A        | N/A
[SYS] Counts           | 0x00000000 | N/A        | 0x00000000
[SYS] Drops            | 0x00000000 | N/A        | 0x00000000
[SYS] ------------------------ VSPAs ---------------------------
[SYS]                  | 0          | 1          | 2
[SYS] Error            | 0x00000000 | 0x00000000 | 0x00000000
[SYS] SYM WR           | 0x00000000 | N/A        | 0x00000002
[SYS] SYM RD           | 0x00000000 | N/A        | 0x00000002
[SYS] CMD WR           | 0x00000002 | 0x00000006 | 0x00000007
[SYS] CMD RD           | 0x00000002 | 0x00000006 | 0x00000007
[SYS] ------------------------ Info ----------------------------
[SYS]                  | Downlink           | Uplink
[SYS] RF / fine Gain   |     16 /   -0.5    | 0x42
[SYS] PwrAvg(dBFs/dBm) | N/A                | N/A
[SYS] PwrMax(dBFS)     | N/A                | N/A
[SYS] Showtime 81 seconds

[SYS] ------------------------ Data Direction -------------------
[SYS]                  | Downlink           | Uplink
[SYS] CPlane Total     | 0x0000000000000000 | 0x0000000000000000
[SYS] CPlane OnTime    | 0x0000000000000000 | 0x0000000000000000
[SYS] CPlane Early     | 0x0000000000000000 | 0x0000000000000000
[SYS] CPlane Late      | 0x0000000000000000 | 0x0000000000000000
[SYS] CPlane Corrupt   | 0x0000000000000000 | 0x0000000000000000
[SYS] UPlane Total     | 0x0000000000000000 | 0x0000000000000000
[SYS] UPlane OnTime    | 0x0000000000000000 | N/A
[SYS] UPlane Ealry     | 0x0000000000000000 | N/A
[SYS] UPlane Late      | 0x0000000000000000 | N/A
[SYS] UPlane Corrupt   | 0x0000000000000000 | N/A
[SYS] Eth Pkt Good     | 0x00000799         | 0x0000166a
[SYS] Eth Pkt Drop     | 0x00000000         | 0x00000000
[SYS] AXIQ status      | 0x00000303         | 0x00010101
[SYS] ------------------------ Tasks ---------------------------
[SYS]                  | UP         | CP         | RT
[SYS] Error            | 0x00000000 | 0x00000000 | 0x00000000
[SYS] Heartbeats       | 0x020529ce | N/A        | N/A
[SYS] Counts           | 0x00000000 | N/A        | 0x00000000
[SYS] Drops            | 0x00000000 | N/A        | 0x00000000
[SYS] ------------------------ VSPAs ---------------------------
[SYS]                  | 0          | 1          | 2
[SYS] Error            | 0x00000000 | 0x00000000 | 0x00000000
[SYS] SYM WR           | 0x00000000 | N/A        | 0x00000002
[SYS] SYM RD           | 0x00000000 | N/A        | 0x00000002
[SYS] CMD WR           | 0x00000002 | 0x00000006 | 0x00000007
[SYS] CMD RD           | 0x00000002 | 0x00000006 | 0x00000007
[SYS] ------------------------ Info ----------------------------
[SYS]                  | Downlink           | Uplink
[SYS] RF / fine Gain   |     16 /   -0.5    | 0x42
[SYS] PwrAvg(dBFs/dBm) | N/A                | N/A
[SYS] PwrMax(dBFS)     | N/A                | N/A
[SYS] Showtime 82 seconds

[SYS] ------------------------ Data Direction -------------------
[SYS]                  | Downlink           | Uplink
[SYS] CPlane Total     | 0x0000000000000000 | 0x0000000000000000
[SYS] CPlane OnTime    | 0x0000000000000000 | 0x0000000000000000
[SYS] CPlane Early     | 0x0000000000000000 | 0x0000000000000000
[SYS] CPlane Late      | 0x0000000000000000 | 0x0000000000000000
[SYS] CPlane Corrupt   | 0x0000000000000000 | 0x0000000000000000
[SYS] UPlane Total     | 0x0000000000000000 | 0x0000000000000000
[SYS] UPlane OnTime    | 0x0000000000000000 | N/A
[SYS] UPlane Ealry     | 0x0000000000000000 | N/A
[SYS] UPlane Late      | 0x0000000000000000 | N/A
[SYS] UPlane Corrupt   | 0x0000000000000000 | N/A
[SYS] Eth Pkt Good     | 0x0000079a         | 0x0000168d
[SYS] Eth Pkt Drop     | 0x00000000         | 0x00000000
[SYS] AXIQ status      | 0x00000303         | 0x00010101
[SYS] ------------------------ Tasks ---------------------------
[SYS]                  | UP         | CP         | RT
[SYS] Error            | 0x00000000 | 0x00000000 | 0x00000000
[SYS] Heartbeats       | 0x020b64b6 | N/A        | N/A
[SYS] Counts           | 0x00000000 | N/A        | 0x00000000
[SYS] Drops            | 0x00000000 | N/A        | 0x00000000
[SYS] ------------------------ VSPAs ---------------------------
[SYS]                  | 0          | 1          | 2
[SYS] Error            | 0x00000000 | 0x00000000 | 0x00000000
[SYS] SYM WR           | 0x00000000 | N/A        | 0x00000002
[SYS] SYM RD           | 0x00000000 | N/A        | 0x00000002
[SYS] CMD WR           | 0x00000002 | 0x00000006 | 0x00000007
[SYS] CMD RD           | 0x00000002 | 0x00000006 | 0x00000007
[SYS] ------------------------ Info ----------------------------
[SYS]                  | Downlink           | Uplink
[SYS] RF / fine Gain   |     16 /   -0.5    | 0x42
[SYS] PwrAvg(dBFs/dBm) | N/A                | N/A
[SYS] PwrMax(dBFS)     | N/A                | N/A
[SYS] Showtime 83 seconds

[SYS] ------------------------ Data Direction -------------------
[SYS]                  | Downlink           | Uplink
[SYS] CPlane Total     | 0x0000000000000000 | 0x0000000000000000
[SYS] CPlane OnTime    | 0x0000000000000000 | 0x0000000000000000
[SYS] CPlane Early     | 0x0000000000000000 | 0x0000000000000000
[SYS] CPlane Late      | 0x0000000000000000 | 0x0000000000000000
[SYS] CPlane Corrupt   | 0x0000000000000000 | 0x0000000000000000
[SYS] UPlane Total     | 0x0000000000000000 | 0x0000000000000000
[SYS] UPlane OnTime    | 0x0000000000000000 | N/A
[SYS] UPlane Ealry     | 0x0000000000000000 | N/A
[SYS] UPlane Late      | 0x0000000000000000 | N/A
[SYS] UPlane Corrupt   | 0x0000000000000000 | N/A
[SYS] Eth Pkt Good     | 0x0000079c         | 0x000016b1
[SYS] Eth Pkt Drop     | 0x00000000         | 0x00000000
[SYS] AXIQ status      | 0x00000303         | 0x00010101
[SYS] ------------------------ Tasks ---------------------------
[SYS]                  | UP         | CP         | RT
[SYS] Error            | 0x00000000 | 0x00000000 | 0x00000000
[SYS] Heartbeats       | 0x02119f9e | N/A        | N/A
[SYS] Counts           | 0x00000000 | N/A        | 0x00000000
[SYS] Drops            | 0x00000000 | N/A        | 0x00000000
[SYS] ------------------------ VSPAs ---------------------------
[SYS]                  | 0          | 1          | 2
[SYS] Error            | 0x00000000 | 0x00000000 | 0x00000000
[SYS] SYM WR           | 0x00000000 | N/A        | 0x00000002
[SYS] SYM RD           | 0x00000000 | N/A        | 0x00000002
[SYS] CMD WR           | 0x00000002 | 0x00000006 | 0x00000007
[SYS] CMD RD           | 0x00000002 | 0x00000006 | 0x00000007
[SYS] ------------------------ Info ----------------------------
[SYS]                  | Downlink           | Uplink
[SYS] RF / fine Gain   |     16 /   -0.5    | 0x42
[SYS] PwrAvg(dBFs/dBm) | N/A                | N/A
[SYS] PwrMax(dBFS)     | N/A                | N/A
[SYS] Showtime 84 seconds

[SYS] ------------------------ Data Direction -------------------
[SYS]                  | Downlink           | Uplink
[SYS] CPlane Total     | 0x0000000000000000 | 0x0000000000000000
[SYS] CPlane OnTime    | 0x0000000000000000 | 0x0000000000000000
[SYS] CPlane Early     | 0x0000000000000000 | 0x0000000000000000
[SYS] CPlane Late      | 0x0000000000000000 | 0x0000000000000000
[SYS] CPlane Corrupt   | 0x0000000000000000 | 0x0000000000000000
[SYS] UPlane Total     | 0x0000000000000000 | 0x0000000000000000
[SYS] UPlane OnTime    | 0x0000000000000000 | N/A
[SYS] UPlane Ealry     | 0x0000000000000000 | N/A
[SYS] UPlane Late      | 0x0000000000000000 | N/A
[SYS] UPlane Corrupt   | 0x0000000000000000 | N/A
[SYS] Eth Pkt Good     | 0x0000079d         | 0x000016d4
[SYS] Eth Pkt Drop     | 0x00000000         | 0x00000000
[SYS] AXIQ status      | 0x00000303         | 0x00010101
[SYS] ------------------------ Tasks ---------------------------
[SYS]                  | UP         | CP         | RT
[SYS] Error            | 0x00000000 | 0x00000000 | 0x00000000
[SYS] Heartbeats       | 0x0217eac0 | N/A        | N/A
[SYS] Counts           | 0x00000000 | N/A        | 0x00000000
[SYS] Drops            | 0x00000000 | N/A        | 0x00000000
[SYS] ------------------------ VSPAs ---------------------------
[SYS]                  | 0          | 1          | 2
[SYS] Error            | 0x00000000 | 0x00000000 | 0x00000000
[SYS] SYM WR           | 0x00000000 | N/A        | 0x00000002
[SYS] SYM RD           | 0x00000000 | N/A        | 0x00000002
[SYS] CMD WR           | 0x00000002 | 0x00000006 | 0x00000007
[SYS] CMD RD           | 0x00000002 | 0x00000006 | 0x00000007
[SYS] ------------------------ Info ----------------------------
[SYS]                  | Downlink           | Uplink
[SYS] RF / fine Gain   |     16 /   -0.5    | 0x42
[SYS] PwrAvg(dBFs/dBm) | N/A                | N/A
[SYS] PwrMax(dBFS)     | N/A                | N/A
[SYS] Showtime 85 seconds

[SYS] ------------------------ Data Direction -------------------
[SYS]                  | Downlink           | Uplink
[SYS] CPlane Total     | 0x0000000000000000 | 0x0000000000000000
[SYS] CPlane OnTime    | 0x0000000000000000 | 0x0000000000000000
[SYS] CPlane Early     | 0x0000000000000000 | 0x0000000000000000
[SYS] CPlane Late      | 0x0000000000000000 | 0x0000000000000000
[SYS] CPlane Corrupt   | 0x0000000000000000 | 0x0000000000000000
[SYS] UPlane Total     | 0x0000000000000000 | 0x0000000000000000
[SYS] UPlane OnTime    | 0x0000000000000000 | N/A
[SYS] UPlane Ealry     | 0x0000000000000000 | N/A
[SYS] UPlane Late      | 0x0000000000000000 | N/A
[SYS] UPlane Corrupt   | 0x0000000000000000 | N/A
[SYS] Eth Pkt Good     | 0x0000079f         | 0x000016f7
[SYS] Eth Pkt Drop     | 0x00000000         | 0x00000000
[SYS] AXIQ status      | 0x00000303         | 0x00010101
[SYS] ------------------------ Tasks ---------------------------
[SYS]                  | UP         | CP         | RT
[SYS] Error            | 0x00000000 | 0x00000000 | 0x00000000
[SYS] Heartbeats       | 0x021e26bf | N/A        | N/A
[SYS] Counts           | 0x00000000 | N/A        | 0x00000000
[SYS] Drops            | 0x00000000 | N/A        | 0x00000000
[SYS] ------------------------ VSPAs ---------------------------
[SYS]                  | 0          | 1          | 2
[SYS] Error            | 0x00000000 | 0x00000000 | 0x00000000
[SYS] SYM WR           | 0x00000000 | N/A        | 0x00000002
[SYS] SYM RD           | 0x00000000 | N/A        | 0x00000002
[SYS] CMD WR           | 0x00000002 | 0x00000006 | 0x00000007
[SYS] CMD RD           | 0x00000002 | 0x00000006 | 0x00000007
[SYS] ------------------------ Info ----------------------------
[SYS]                  | Downlink           | Uplink
[SYS] RF / fine Gain   |     16 /   -0.5    | 0x42
[SYS] PwrAvg(dBFs/dBm) | N/A                | N/A
[SYS] PwrMax(dBFS)     | N/A                | N/A
[SYS] Showtime 86 seconds

[SYS] ------------------------ Data Direction -------------------
[SYS]                  | Downlink           | Uplink
[SYS] CPlane Total     | 0x0000000000000000 | 0x0000000000000000
[SYS] CPlane OnTime    | 0x0000000000000000 | 0x0000000000000000
[SYS] CPlane Early     | 0x0000000000000000 | 0x0000000000000000
[SYS] CPlane Late      | 0x0000000000000000 | 0x0000000000000000
[SYS] CPlane Corrupt   | 0x0000000000000000 | 0x0000000000000000
[SYS] UPlane Total     | 0x0000000000000000 | 0x0000000000000000
[SYS] UPlane OnTime    | 0x0000000000000000 | N/A
[SYS] UPlane Ealry     | 0x0000000000000000 | N/A
[SYS] UPlane Late      | 0x0000000000000000 | N/A
[SYS] UPlane Corrupt   | 0x0000000000000000 | N/A
[SYS] Eth Pkt Good     | 0x000007b6         | 0x00001730
[SYS] Eth Pkt Drop     | 0x00000000         | 0x00000000
[SYS] AXIQ status      | 0x00000303         | 0x00010101
[SYS] ------------------------ Tasks ---------------------------
[SYS]                  | UP         | CP         | RT
[SYS] Error            | 0x00000000 | 0x00000000 | 0x00000000
[SYS] Heartbeats       | 0x022461a0 | N/A        | N/A
[SYS] Counts           | 0x00000000 | N/A        | 0x00000000
[SYS] Drops            | 0x00000000 | N/A        | 0x00000000
[SYS] ------------------------ VSPAs ---------------------------
[SYS]                  | 0          | 1          | 2
[SYS] Error            | 0x00000000 | 0x00000000 | 0x00000000
[SYS] SYM WR           | 0x00000000 | N/A        | 0x00000002
[SYS] SYM RD           | 0x00000000 | N/A        | 0x00000002
[SYS] CMD WR           | 0x00000002 | 0x00000006 | 0x00000007
[SYS] CMD RD           | 0x00000002 | 0x00000006 | 0x00000007
[SYS] ------------------------ Info ----------------------------
[SYS]                  | Downlink           | Uplink
[SYS] RF / fine Gain   |     16 /   -0.5    | 0x42
[SYS] PwrAvg(dBFs/dBm) | N/A                | N/A
[SYS] PwrMax(dBFS)     | N/A                | N/A
[SYS] Showtime 87 seconds

[SYS] ------------------------ Data Direction -------------------
[SYS]                  | Downlink           | Uplink
[SYS] CPlane Total     | 0x0000000000000000 | 0x0000000000000000
[SYS] CPlane OnTime    | 0x0000000000000000 | 0x0000000000000000
[SYS] CPlane Early     | 0x0000000000000000 | 0x0000000000000000
[SYS] CPlane Late      | 0x0000000000000000 | 0x0000000000000000
[SYS] CPlane Corrupt   | 0x0000000000000000 | 0x0000000000000000
[SYS] UPlane Total     | 0x0000000000000000 | 0x0000000000000000
[SYS] UPlane OnTime    | 0x0000000000000000 | N/A
[SYS] UPlane Ealry     | 0x0000000000000000 | N/A
[SYS] UPlane Late      | 0x0000000000000000 | N/A
[SYS] UPlane Corrupt   | 0x0000000000000000 | N/A
[SYS] Eth Pkt Good     | 0x000007bf         | 0x0000175c
[SYS] Eth Pkt Drop     | 0x00000000         | 0x00000000
[SYS] AXIQ status      | 0x00000303         | 0x00010101
[SYS] ------------------------ Tasks ---------------------------
[SYS]                  | UP         | CP         | RT
[SYS] Error            | 0x00000000 | 0x00000000 | 0x00000000
[SYS] Heartbeats       | 0x022a9c94 | N/A        | N/A
[SYS] Counts           | 0x00000000 | N/A        | 0x00000000
[SYS] Drops            | 0x00000000 | N/A        | 0x00000000
[SYS] ------------------------ VSPAs ---------------------------
[SYS]                  | 0          | 1          | 2
[SYS] Error            | 0x00000000 | 0x00000000 | 0x00000000
[SYS] SYM WR           | 0x00000000 | N/A        | 0x00000002
[SYS] SYM RD           | 0x00000000 | N/A        | 0x00000002
[SYS] CMD WR           | 0x00000002 | 0x00000006 | 0x00000007
[SYS] CMD RD           | 0x00000002 | 0x00000006 | 0x00000007
[SYS] ------------------------ Info ----------------------------
[SYS]                  | Downlink           | Uplink
[SYS] RF / fine Gain   |     16 /   -0.5    | 0x42
[SYS] PwrAvg(dBFs/dBm) | N/A                | N/A
[SYS] PwrMax(dBFS)     | N/A                | N/A
[SYS] Showtime 88 seconds

[SYS] ------------------------ Data Direction -------------------
[SYS]                  | Downlink           | Uplink
[SYS] CPlane Total     | 0x0000000000000000 | 0x0000000000000000
[SYS] CPlane OnTime    | 0x0000000000000000 | 0x0000000000000000
[SYS] CPlane Early     | 0x0000000000000000 | 0x0000000000000000
[SYS] CPlane Late      | 0x0000000000000000 | 0x0000000000000000
[SYS] CPlane Corrupt   | 0x0000000000000000 | 0x0000000000000000
[SYS] UPlane Total     | 0x0000000000000000 | 0x0000000000000000
[SYS] UPlane OnTime    | 0x0000000000000000 | N/A
[SYS] UPlane Ealry     | 0x0000000000000000 | N/A
[SYS] UPlane Late      | 0x0000000000000000 | N/A
[SYS] UPlane Corrupt   | 0x0000000000000000 | N/A
[SYS] Eth Pkt Good     | 0x000007c1         | 0x00001780
[SYS] Eth Pkt Drop     | 0x00000000         | 0x00000000
[SYS] AXIQ status      | 0x00000303         | 0x00010101
[SYS] ------------------------ Tasks ---------------------------
[SYS]                  | UP         | CP         | RT
[SYS] Error            | 0x00000000 | 0x00000000 | 0x00000000
[SYS] Heartbeats       | 0x0230da4d | N/A        | N/A
[SYS] Counts           | 0x00000000 | N/A        | 0x00000000
[SYS] Drops            | 0x00000000 | N/A        | 0x00000000
[SYS] ------------------------ VSPAs ---------------------------
[SYS]                  | 0          | 1          | 2
[SYS] Error            | 0x00000000 | 0x00000000 | 0x00000000
[SYS] SYM WR           | 0x00000000 | N/A        | 0x00000002
[SYS] SYM RD           | 0x00000000 | N/A        | 0x00000002
[SYS] CMD WR           | 0x00000002 | 0x00000006 | 0x00000007
[SYS] CMD RD           | 0x00000002 | 0x00000006 | 0x00000007
[SYS] ------------------------ Info ----------------------------
[SYS]                  | Downlink           | Uplink
[SYS] RF / fine Gain   |     16 /   -0.5    | 0x42
[SYS] PwrAvg(dBFs/dBm) | N/A                | N/A
[SYS] PwrMax(dBFS)     | N/A                | N/A
[SYS] Showtime 89 seconds

[SYS] ------------------------ Data Direction -------------------
[SYS]                  | Downlink           | Uplink
[SYS] CPlane Total     | 0x0000000000000000 | 0x0000000000000000
[SYS] CPlane OnTime    | 0x0000000000000000 | 0x0000000000000000
[SYS] CPlane Early     | 0x0000000000000000 | 0x0000000000000000
[SYS] CPlane Late      | 0x0000000000000000 | 0x0000000000000000
[SYS] CPlane Corrupt   | 0x0000000000000000 | 0x0000000000000000
[SYS] UPlane Total     | 0x0000000000000000 | 0x0000000000000000
[SYS] UPlane OnTime    | 0x0000000000000000 | N/A
[SYS] UPlane Ealry     | 0x0000000000000000 | N/A
[SYS] UPlane Late      | 0x0000000000000000 | N/A
[SYS] UPlane Corrupt   | 0x0000000000000000 | N/A
[SYS] Eth Pkt Good     | 0x000007c2         | 0x000017a3
[SYS] Eth Pkt Drop     | 0x00000000         | 0x00000000
[SYS] AXIQ status      | 0x00000303         | 0x00010101
[SYS] ------------------------ Tasks ---------------------------
[SYS]                  | UP         | CP         | RT
[SYS] Error            | 0x00000000 | 0x00000000 | 0x00000000
[SYS] Heartbeats       | 0x02371536 | N/A        | N/A
[SYS] Counts           | 0x00000000 | N/A        | 0x00000000
[SYS] Drops            | 0x00000000 | N/A        | 0x00000000
[SYS] ------------------------ VSPAs ---------------------------
[SYS]                  | 0          | 1          | 2
[SYS] Error            | 0x00000000 | 0x00000000 | 0x00000000
[SYS] SYM WR           | 0x00000000 | N/A        | 0x00000002
[SYS] SYM RD           | 0x00000000 | N/A        | 0x00000002
[SYS] CMD WR           | 0x00000002 | 0x00000006 | 0x00000007
[SYS] CMD RD           | 0x00000002 | 0x00000006 | 0x00000007
[SYS] ------------------------ Info ----------------------------
[SYS]                  | Downlink           | Uplink
[SYS] RF / fine Gain   |     16 /   -0.5    | 0x42
[SYS] PwrAvg(dBFs/dBm) | N/A                | N/A
[SYS] PwrMax(dBFS)     | N/A                | N/A
[SYS] Showtime 90 seconds

[SYS] ------------------------ Data Direction -------------------
[SYS]                  | Downlink           | Uplink
[SYS] CPlane Total     | 0x0000000000000000 | 0x0000000000000000
[SYS] CPlane OnTime    | 0x0000000000000000 | 0x0000000000000000
[SYS] CPlane Early     | 0x0000000000000000 | 0x0000000000000000
[SYS] CPlane Late      | 0x0000000000000000 | 0x0000000000000000
[SYS] CPlane Corrupt   | 0x0000000000000000 | 0x0000000000000000
[SYS] UPlane Total     | 0x0000000000000000 | 0x0000000000000000
[SYS] UPlane OnTime    | 0x0000000000000000 | N/A
[SYS] UPlane Ealry     | 0x0000000000000000 | N/A
[SYS] UPlane Late      | 0x0000000000000000 | N/A
[SYS] UPlane Corrupt   | 0x0000000000000000 | N/A
[SYS] Eth Pkt Good     | 0x000007c3         | 0x000017c6
[SYS] Eth Pkt Drop     | 0x00000000         | 0x00000000
[SYS] AXIQ status      | 0x00000303         | 0x00010101
[SYS] ------------------------ Tasks ---------------------------
[SYS]                  | UP         | CP         | RT
[SYS] Error            | 0x00000000 | 0x00000000 | 0x00000000
[SYS] Heartbeats       | 0x023d5016 | N/A        | N/A
[SYS] Counts           | 0x00000000 | N/A        | 0x00000000
[SYS] Drops            | 0x00000000 | N/A        | 0x00000000
[SYS] ------------------------ VSPAs ---------------------------
[SYS]                  | 0          | 1          | 2
[SYS] Error            | 0x00000000 | 0x00000000 | 0x00000000
[SYS] SYM WR           | 0x00000000 | N/A        | 0x00000002
[SYS] SYM RD           | 0x00000000 | N/A        | 0x00000002
[SYS] CMD WR           | 0x00000002 | 0x00000006 | 0x00000007
[SYS] CMD RD           | 0x00000002 | 0x00000006 | 0x00000007
[SYS] ------------------------ Info ----------------------------
[SYS]                  | Downlink           | Uplink
[SYS] RF / fine Gain   |     16 /   -0.5    | 0x42
[SYS] PwrAvg(dBFs/dBm) | N/A                | N/A
[SYS] PwrMax(dBFS)     | N/A                | N/A
[SYS] Showtime 91 seconds

[SYS] ------------------------ Data Direction -------------------
[SYS]                  | Downlink           | Uplink
[SYS] CPlane Total     | 0x0000000000000000 | 0x0000000000000000
[SYS] CPlane OnTime    | 0x0000000000000000 | 0x0000000000000000
[SYS] CPlane Early     | 0x0000000000000000 | 0x0000000000000000
[SYS] CPlane Late      | 0x0000000000000000 | 0x0000000000000000
[SYS] CPlane Corrupt   | 0x0000000000000000 | 0x0000000000000000
[SYS] UPlane Total     | 0x0000000000000000 | 0x0000000000000000
[SYS] UPlane OnTime    | 0x0000000000000000 | N/A
[SYS] UPlane Ealry     | 0x0000000000000000 | N/A
[SYS] UPlane Late      | 0x0000000000000000 | N/A
[SYS] UPlane Corrupt   | 0x0000000000000000 | N/A
[SYS] Eth Pkt Good     | 0x000007c5         | 0x000017ea
[SYS] Eth Pkt Drop     | 0x00000000         | 0x00000000
[SYS] AXIQ status      | 0x00000303         | 0x00010101
[SYS] ------------------------ Tasks ---------------------------
[SYS]                  | UP         | CP         | RT
[SYS] Error            | 0x00000000 | 0x00000000 | 0x00000000
[SYS] Heartbeats       | 0x0243992e | N/A        | N/A
[SYS] Counts           | 0x00000000 | N/A        | 0x00000000
[SYS] Drops            | 0x00000000 | N/A        | 0x00000000
[SYS] ------------------------ VSPAs ---------------------------
[SYS]                  | 0          | 1          | 2
[SYS] Error            | 0x00000000 | 0x00000000 | 0x00000000
[SYS] SYM WR           | 0x00000000 | N/A        | 0x00000002
[SYS] SYM RD           | 0x00000000 | N/A        | 0x00000002
[SYS] CMD WR           | 0x00000002 | 0x00000006 | 0x00000007
[SYS] CMD RD           | 0x00000002 | 0x00000006 | 0x00000007
[SYS] ------------------------ Info ----------------------------
[SYS]                  | Downlink           | Uplink
[SYS] RF / fine Gain   |     16 /   -0.5    | 0x42
[SYS] PwrAvg(dBFs/dBm) | N/A                | N/A
[SYS] PwrMax(dBFS)     | N/A                | N/A
[SYS] Showtime 92 seconds

[SYS] ------------------------ Data Direction -------------------
[SYS]                  | Downlink           | Uplink
[SYS] CPlane Total     | 0x0000000000000000 | 0x0000000000000000
[SYS] CPlane OnTime    | 0x0000000000000000 | 0x0000000000000000
[SYS] CPlane Early     | 0x0000000000000000 | 0x0000000000000000
[SYS] CPlane Late      | 0x0000000000000000 | 0x0000000000000000
[SYS] CPlane Corrupt   | 0x0000000000000000 | 0x0000000000000000
[SYS] UPlane Total     | 0x0000000000000000 | 0x0000000000000000
[SYS] UPlane OnTime    | 0x0000000000000000 | N/A
[SYS] UPlane Ealry     | 0x0000000000000000 | N/A
[SYS] UPlane Late      | 0x0000000000000000 | N/A
[SYS] UPlane Corrupt   | 0x0000000000000000 | N/A
[SYS] Eth Pkt Good     | 0x000007c6         | 0x0000180d
[SYS] Eth Pkt Drop     | 0x00000000         | 0x00000000
[SYS] AXIQ status      | 0x00000303         | 0x00010101
[SYS] ------------------------ Tasks ---------------------------
[SYS]                  | UP         | CP         | RT
[SYS] Error            | 0x00000000 | 0x00000000 | 0x00000000
[SYS] Heartbeats       | 0x0249d404 | N/A        | N/A
[SYS] Counts           | 0x00000000 | N/A        | 0x00000000
[SYS] Drops            | 0x00000000 | N/A        | 0x00000000
[SYS] ------------------------ VSPAs ---------------------------
[SYS]                  | 0          | 1          | 2
[SYS] Error            | 0x00000000 | 0x00000000 | 0x00000000
[SYS] SYM WR           | 0x00000000 | N/A        | 0x00000002
[SYS] SYM RD           | 0x00000000 | N/A        | 0x00000002
[SYS] CMD WR           | 0x00000002 | 0x00000006 | 0x00000007
[SYS] CMD RD           | 0x00000002 | 0x00000006 | 0x00000007
[SYS] ------------------------ Info ----------------------------
[SYS]                  | Downlink           | Uplink
[SYS] RF / fine Gain   |     16 /   -0.5    | 0x42
[SYS] PwrAvg(dBFs/dBm) | N/A                | N/A
[SYS] PwrMax(dBFS)     | N/A                | N/A
[SYS] Showtime 93 seconds

[SYS] ------------------------ Data Direction -------------------
[SYS]                  | Downlink           | Uplink
[SYS] CPlane Total     | 0x0000000000000000 | 0x0000000000000000
[SYS] CPlane OnTime    | 0x0000000000000000 | 0x0000000000000000
[SYS] CPlane Early     | 0x0000000000000000 | 0x0000000000000000
[SYS] CPlane Late      | 0x0000000000000000 | 0x0000000000000000
[SYS] CPlane Corrupt   | 0x0000000000000000 | 0x0000000000000000
[SYS] UPlane Total     | 0x0000000000000000 | 0x0000000000000000
[SYS] UPlane OnTime    | 0x0000000000000000 | N/A
[SYS] UPlane Ealry     | 0x0000000000000000 | N/A
[SYS] UPlane Late      | 0x0000000000000000 | N/A
[SYS] UPlane Corrupt   | 0x0000000000000000 | N/A
[SYS] Eth Pkt Good     | 0x000007c8         | 0x00001831
[SYS] Eth Pkt Drop     | 0x00000000         | 0x00000000
[SYS] AXIQ status      | 0x00000303         | 0x00010101
[SYS] ------------------------ Tasks ---------------------------
[SYS]                  | UP         | CP         | RT
[SYS] Error            | 0x00000000 | 0x00000000 | 0x00000000
[SYS] Heartbeats       | 0x02500ee7 | N/A        | N/A
[SYS] Counts           | 0x00000000 | N/A        | 0x00000000
[SYS] Drops            | 0x00000000 | N/A        | 0x00000000
[SYS] ------------------------ VSPAs ---------------------------
[SYS]                  | 0          | 1          | 2
[SYS] Error            | 0x00000000 | 0x00000000 | 0x00000000
[SYS] SYM WR           | 0x00000000 | N/A        | 0x00000002
[SYS] SYM RD           | 0x00000000 | N/A        | 0x00000002
[SYS] CMD WR           | 0x00000002 | 0x00000006 | 0x00000007
[SYS] CMD RD           | 0x00000002 | 0x00000006 | 0x00000007
[SYS] ------------------------ Info ----------------------------
[SYS]                  | Downlink           | Uplink
[SYS] RF / fine Gain   |     16 /   -0.5    | 0x42
[SYS] PwrAvg(dBFs/dBm) | N/A                | N/A
[SYS] PwrMax(dBFS)     | N/A                | N/A
[SYS] Showtime 94 seconds

[SYS] ------------------------ Data Direction -------------------
[SYS]                  | Downlink           | Uplink
[SYS] CPlane Total     | 0x0000000000000000 | 0x0000000000000000
[SYS] CPlane OnTime    | 0x0000000000000000 | 0x0000000000000000
[SYS] CPlane Early     | 0x0000000000000000 | 0x0000000000000000
[SYS] CPlane Late      | 0x0000000000000000 | 0x0000000000000000
[SYS] CPlane Corrupt   | 0x0000000000000000 | 0x0000000000000000
[SYS] UPlane Total     | 0x0000000000000000 | 0x0000000000000000
[SYS] UPlane OnTime    | 0x0000000000000000 | N/A
[SYS] UPlane Ealry     | 0x0000000000000000 | N/A
[SYS] UPlane Late      | 0x0000000000000000 | N/A
[SYS] UPlane Corrupt   | 0x0000000000000000 | N/A
[SYS] Eth Pkt Good     | 0x000007c9         | 0x00001854
[SYS] Eth Pkt Drop     | 0x00000000         | 0x00000000
[SYS] AXIQ status      | 0x00000303         | 0x00010101
[SYS] ------------------------ Tasks ---------------------------
[SYS]                  | UP         | CP         | RT
[SYS] Error            | 0x00000000 | 0x00000000 | 0x00000000
[SYS] Heartbeats       | 0x025649e3 | N/A        | N/A
[SYS] Counts           | 0x00000000 | N/A        | 0x00000000
[SYS] Drops            | 0x00000000 | N/A        | 0x00000000
[SYS] ------------------------ VSPAs ---------------------------
[SYS]                  | 0          | 1          | 2
[SYS] Error            | 0x00000000 | 0x00000000 | 0x00000000
[SYS] SYM WR           | 0x00000000 | N/A        | 0x00000002
[SYS] SYM RD           | 0x00000000 | N/A        | 0x00000002
[SYS] CMD WR           | 0x00000002 | 0x00000006 | 0x00000007
[SYS] CMD RD           | 0x00000002 | 0x00000006 | 0x00000007
[SYS] ------------------------ Info ----------------------------
[SYS]                  | Downlink           | Uplink
[SYS] RF / fine Gain   |     16 /   -0.5    | 0x42
[SYS] PwrAvg(dBFs/dBm) | N/A                | N/A
[SYS] PwrMax(dBFS)     | N/A                | N/A
[SYS] Showtime 95 seconds

[SYS] ------------------------ Data Direction -------------------
[SYS]                  | Downlink           | Uplink
[SYS] CPlane Total     | 0x0000000000000000 | 0x0000000000000000
[SYS] CPlane OnTime    | 0x0000000000000000 | 0x0000000000000000
[SYS] CPlane Early     | 0x0000000000000000 | 0x0000000000000000
[SYS] CPlane Late      | 0x0000000000000000 | 0x0000000000000000
[SYS] CPlane Corrupt   | 0x0000000000000000 | 0x0000000000000000
[SYS] UPlane Total     | 0x0000000000000000 | 0x0000000000000000
[SYS] UPlane OnTime    | 0x0000000000000000 | N/A
[SYS] UPlane Ealry     | 0x0000000000000000 | N/A
[SYS] UPlane Late      | 0x0000000000000000 | N/A
[SYS] UPlane Corrupt   | 0x0000000000000000 | N/A
[SYS] Eth Pkt Good     | 0x000007cb         | 0x00001878
[SYS] Eth Pkt Drop     | 0x00000000         | 0x00000000
[SYS] AXIQ status      | 0x00000303         | 0x00010101
[SYS] ------------------------ Tasks ---------------------------
[SYS]                  | UP         | CP         | RT
[SYS] Error            | 0x00000000 | 0x00000000 | 0x00000000
[SYS] Heartbeats       | 0x025c879f | N/A        | N/A
[SYS] Counts           | 0x00000000 | N/A        | 0x00000000
[SYS] Drops            | 0x00000000 | N/A        | 0x00000000
[SYS] ------------------------ VSPAs ---------------------------
[SYS]                  | 0          | 1          | 2
[SYS] Error            | 0x00000000 | 0x00000000 | 0x00000000
[SYS] SYM WR           | 0x00000000 | N/A        | 0x00000002
[SYS] SYM RD           | 0x00000000 | N/A        | 0x00000002
[SYS] CMD WR           | 0x00000002 | 0x00000006 | 0x00000007
[SYS] CMD RD           | 0x00000002 | 0x00000006 | 0x00000007
[SYS] ------------------------ Info ----------------------------
[SYS]                  | Downlink           | Uplink
[SYS] RF / fine Gain   |     16 /   -0.5    | 0x42
[SYS] PwrAvg(dBFs/dBm) | N/A                | N/A
[SYS] PwrMax(dBFS)     | N/A                | N/A
[SYS] Showtime 96 seconds

[SYS] ------------------------ Data Direction -------------------
[SYS]                  | Downlink           | Uplink
[SYS] CPlane Total     | 0x0000000000000000 | 0x0000000000000000
[SYS] CPlane OnTime    | 0x0000000000000000 | 0x0000000000000000
[SYS] CPlane Early     | 0x0000000000000000 | 0x0000000000000000
[SYS] CPlane Late      | 0x0000000000000000 | 0x0000000000000000
[SYS] CPlane Corrupt   | 0x0000000000000000 | 0x0000000000000000
[SYS] UPlane Total     | 0x0000000000000000 | 0x0000000000000000
[SYS] UPlane OnTime    | 0x0000000000000000 | N/A
[SYS] UPlane Ealry     | 0x0000000000000000 | N/A
[SYS] UPlane Late      | 0x0000000000000000 | N/A
[SYS] UPlane Corrupt   | 0x0000000000000000 | N/A
[SYS] Eth Pkt Good     | 0x000007cc         | 0x0000189b
[SYS] Eth Pkt Drop     | 0x00000000         | 0x00000000
[SYS] AXIQ status      | 0x00000303         | 0x00010101
[SYS] ------------------------ Tasks ---------------------------
[SYS]                  | UP         | CP         | RT
[SYS] Error            | 0x00000000 | 0x00000000 | 0x00000000
[SYS] Heartbeats       | 0x0262c287 | N/A        | N/A
[SYS] Counts           | 0x00000000 | N/A        | 0x00000000
[SYS] Drops            | 0x00000000 | N/A        | 0x00000000
[SYS] ------------------------ VSPAs ---------------------------
[SYS]                  | 0          | 1          | 2
[SYS] Error            | 0x00000000 | 0x00000000 | 0x00000000
[SYS] SYM WR           | 0x00000000 | N/A        | 0x00000002
[SYS] SYM RD           | 0x00000000 | N/A        | 0x00000002
[SYS] CMD WR           | 0x00000002 | 0x00000006 | 0x00000007
[SYS] CMD RD           | 0x00000002 | 0x00000006 | 0x00000007
[SYS] ------------------------ Info ----------------------------
[SYS]                  | Downlink           | Uplink
[SYS] RF / fine Gain   |     16 /   -0.5    | 0x42
[SYS] PwrAvg(dBFs/dBm) | N/A                | N/A
[SYS] PwrMax(dBFS)     | N/A                | N/A
[SYS] Showtime 97 seconds

[SYS] ------------------------ Data Direction -------------------
[SYS]                  | Downlink           | Uplink
[SYS] CPlane Total     | 0x0000000000000000 | 0x0000000000000000
[SYS] CPlane OnTime    | 0x0000000000000000 | 0x0000000000000000
[SYS] CPlane Early     | 0x0000000000000000 | 0x0000000000000000
[SYS] CPlane Late      | 0x0000000000000000 | 0x0000000000000000
[SYS] CPlane Corrupt   | 0x0000000000000000 | 0x0000000000000000
[SYS] UPlane Total     | 0x0000000000000000 | 0x0000000000000000
[SYS] UPlane OnTime    | 0x0000000000000000 | N/A
[SYS] UPlane Ealry     | 0x0000000000000000 | N/A
[SYS] UPlane Late      | 0x0000000000000000 | N/A
[SYS] UPlane Corrupt   | 0x0000000000000000 | N/A
[SYS] Eth Pkt Good     | 0x000007cd         | 0x000018be
[SYS] Eth Pkt Drop     | 0x00000000         | 0x00000000
[SYS] AXIQ status      | 0x00000303         | 0x00010101
[SYS] ------------------------ Tasks ---------------------------
[SYS]                  | UP         | CP         | RT
[SYS] Error            | 0x00000000 | 0x00000000 | 0x00000000
[SYS] Heartbeats       | 0x0268fd66 | N/A        | N/A
[SYS] Counts           | 0x00000000 | N/A        | 0x00000000
[SYS] Drops            | 0x00000000 | N/A        | 0x00000000
[SYS] ------------------------ VSPAs ---------------------------
[SYS]                  | 0          | 1          | 2
[SYS] Error            | 0x00000000 | 0x00000000 | 0x00000000
[SYS] SYM WR           | 0x00000000 | N/A        | 0x00000002
[SYS] SYM RD           | 0x00000000 | N/A        | 0x00000002
[SYS] CMD WR           | 0x00000002 | 0x00000006 | 0x00000007
[SYS] CMD RD           | 0x00000002 | 0x00000006 | 0x00000007
[SYS] ------------------------ Info ----------------------------
[SYS]                  | Downlink           | Uplink
[SYS] RF / fine Gain   |     16 /   -0.5    | 0x42
[SYS] PwrAvg(dBFs/dBm) | N/A                | N/A
[SYS] PwrMax(dBFS)     | N/A                | N/A
[SYS] Showtime 98 seconds

[SYS] ------------------------ Data Direction -------------------
[SYS]                  | Downlink           | Uplink
[SYS] CPlane Total     | 0x0000000000000000 | 0x0000000000000000
[SYS] CPlane OnTime    | 0x0000000000000000 | 0x0000000000000000
[SYS] CPlane Early     | 0x0000000000000000 | 0x0000000000000000
[SYS] CPlane Late      | 0x0000000000000000 | 0x0000000000000000
[SYS] CPlane Corrupt   | 0x0000000000000000 | 0x0000000000000000
[SYS] UPlane Total     | 0x0000000000000000 | 0x0000000000000000
[SYS] UPlane OnTime    | 0x0000000000000000 | N/A
[SYS] UPlane Ealry     | 0x0000000000000000 | N/A
[SYS] UPlane Late      | 0x0000000000000000 | N/A
[SYS] UPlane Corrupt   | 0x0000000000000000 | N/A
[SYS] Eth Pkt Good     | 0x000007cf         | 0x000018e2
[SYS] Eth Pkt Drop     | 0x00000000         | 0x00000000
[SYS] AXIQ status      | 0x00000303         | 0x00010101
[SYS] ------------------------ Tasks ---------------------------
[SYS]                  | UP         | CP         | RT
[SYS] Error            | 0x00000000 | 0x00000000 | 0x00000000
[SYS] Heartbeats       | 0x026f47a9 | N/A        | N/A
[SYS] Counts           | 0x00000000 | N/A        | 0x00000000
[SYS] Drops            | 0x00000000 | N/A        | 0x00000000
[SYS] ------------------------ VSPAs ---------------------------
[SYS]                  | 0          | 1          | 2
[SYS] Error            | 0x00000000 | 0x00000000 | 0x00000000
[SYS] SYM WR           | 0x00000000 | N/A        | 0x00000002
[SYS] SYM RD           | 0x00000000 | N/A        | 0x00000002
[SYS] CMD WR           | 0x00000002 | 0x00000006 | 0x00000007
[SYS] CMD RD           | 0x00000002 | 0x00000006 | 0x00000007
[SYS] ------------------------ Info ----------------------------
[SYS]                  | Downlink           | Uplink
[SYS] RF / fine Gain   |     16 /   -0.5    | 0x42
[SYS] PwrAvg(dBFs/dBm) | N/A                | N/A
[SYS] PwrMax(dBFS)     | N/A                | N/A
[SYS] Showtime 99 seconds

[SYS] ------------------------ Data Direction -------------------
[SYS]                  | Downlink           | Uplink
[SYS] CPlane Total     | 0x0000000000000000 | 0x0000000000000000
[SYS] CPlane OnTime    | 0x0000000000000000 | 0x0000000000000000
[SYS] CPlane Early     | 0x0000000000000000 | 0x0000000000000000
[SYS] CPlane Late      | 0x0000000000000000 | 0x0000000000000000
[SYS] CPlane Corrupt   | 0x0000000000000000 | 0x0000000000000000
[SYS] UPlane Total     | 0x0000000000000000 | 0x0000000000000000
[SYS] UPlane OnTime    | 0x0000000000000000 | N/A
[SYS] UPlane Ealry     | 0x0000000000000000 | N/A
[SYS] UPlane Late      | 0x0000000000000000 | N/A
[SYS] UPlane Corrupt   | 0x0000000000000000 | N/A
[SYS] Eth Pkt Good     | 0x000007d9         | 0x0000190e
[SYS] Eth Pkt Drop     | 0x00000000         | 0x00000000
[SYS] AXIQ status      | 0x00000303         | 0x00010101
[SYS] ------------------------ Tasks ---------------------------
[SYS]                  | UP         | CP         | RT
[SYS] Error            | 0x00000000 | 0x00000000 | 0x00000000
[SYS] Heartbeats       | 0x02758154 | N/A        | N/A
[SYS] Counts           | 0x00000000 | N/A        | 0x00000000
[SYS] Drops            | 0x00000000 | N/A        | 0x00000000
[SYS] ------------------------ VSPAs ---------------------------
[SYS]                  | 0          | 1          | 2
[SYS] Error            | 0x00000000 | 0x00000000 | 0x00000000
[SYS] SYM WR           | 0x00000000 | N/A        | 0x00000002
[SYS] SYM RD           | 0x00000000 | N/A        | 0x00000002
[SYS] CMD WR           | 0x00000002 | 0x00000006 | 0x00000007
[SYS] CMD RD           | 0x00000002 | 0x00000006 | 0x00000007
[SYS] ------------------------ Info ----------------------------
[SYS]                  | Downlink           | Uplink
[SYS] RF / fine Gain   |     16 /   -0.5    | 0x42
[SYS] PwrAvg(dBFs/dBm) | N/A                | N/A
[SYS] PwrMax(dBFS)     | N/A                | N/A
[SYS] Showtime 100 seconds

[SYS] ------------------------ Data Direction -------------------
[SYS]                  | Downlink           | Uplink
[SYS] CPlane Total     | 0x0000000000000000 | 0x0000000000000000
[SYS] CPlane OnTime    | 0x0000000000000000 | 0x0000000000000000
[SYS] CPlane Early     | 0x0000000000000000 | 0x0000000000000000
[SYS] CPlane Late      | 0x0000000000000000 | 0x0000000000000000
[SYS] CPlane Corrupt   | 0x0000000000000000 | 0x0000000000000000
[SYS] UPlane Total     | 0x0000000000000000 | 0x0000000000000000
[SYS] UPlane OnTime    | 0x0000000000000000 | N/A
[SYS] UPlane Ealry     | 0x0000000000000000 | N/A
[SYS] UPlane Late      | 0x0000000000000000 | N/A
[SYS] UPlane Corrupt   | 0x0000000000000000 | N/A
[SYS] Eth Pkt Good     | 0x000007f0         | 0x00001947
[SYS] Eth Pkt Drop     | 0x00000000         | 0x00000000
[SYS] AXIQ status      | 0x00000303         | 0x00010101
[SYS] ------------------------ Tasks ---------------------------
[SYS]                  | UP         | CP         | RT
[SYS] Error            | 0x00000000 | 0x00000000 | 0x00000000
[SYS] Heartbeats       | 0x027bbc36 | N/A        | N/A
[SYS] Counts           | 0x00000000 | N/A        | 0x00000000
[SYS] Drops            | 0x00000000 | N/A        | 0x00000000
[SYS] ------------------------ VSPAs ---------------------------
[SYS]                  | 0          | 1          | 2
[SYS] Error            | 0x00000000 | 0x00000000 | 0x00000000
[SYS] SYM WR           | 0x00000000 | N/A        | 0x00000002
[SYS] SYM RD           | 0x00000000 | N/A        | 0x00000002
[SYS] CMD WR           | 0x00000002 | 0x00000006 | 0x00000007
[SYS] CMD RD           | 0x00000002 | 0x00000006 | 0x00000007
[SYS] ------------------------ Info ----------------------------
[SYS]                  | Downlink           | Uplink
[SYS] RF / fine Gain   |     16 /   -0.5    | 0x42
[SYS] PwrAvg(dBFs/dBm) | N/A                | N/A
[SYS] PwrMax(dBFS)     | N/A                | N/A
[SYS] Showtime 101 seconds

[SYS] ------------------------ Data Direction -------------------
[SYS]                  | Downlink           | Uplink
[SYS] CPlane Total     | 0x0000000000000000 | 0x0000000000000000
[SYS] CPlane OnTime    | 0x0000000000000000 | 0x0000000000000000
[SYS] CPlane Early     | 0x0000000000000000 | 0x0000000000000000
[SYS] CPlane Late      | 0x0000000000000000 | 0x0000000000000000
[SYS] CPlane Corrupt   | 0x0000000000000000 | 0x0000000000000000
[SYS] UPlane Total     | 0x0000000000000000 | 0x0000000000000000
[SYS] UPlane OnTime    | 0x0000000000000000 | N/A
[SYS] UPlane Ealry     | 0x0000000000000000 | N/A
[SYS] UPlane Late      | 0x0000000000000000 | N/A
[SYS] UPlane Corrupt   | 0x0000000000000000 | N/A
[SYS] Eth Pkt Good     | 0x000007f1         | 0x0000196a
[SYS] Eth Pkt Drop     | 0x00000000         | 0x00000000
[SYS] AXIQ status      | 0x00000303         | 0x00010101
[SYS] ------------------------ Tasks ---------------------------
[SYS]                  | UP         | CP         | RT
[SYS] Error            | 0x00000000 | 0x00000000 | 0x00000000
[SYS] Heartbeats       | 0x0281f72a | N/A        | N/A
[SYS] Counts           | 0x00000000 | N/A        | 0x00000000
[SYS] Drops            | 0x00000000 | N/A        | 0x00000000
[SYS] ------------------------ VSPAs ---------------------------
[SYS]                  | 0          | 1          | 2
[SYS] Error            | 0x00000000 | 0x00000000 | 0x00000000
[SYS] SYM WR           | 0x00000000 | N/A        | 0x00000002
[SYS] SYM RD           | 0x00000000 | N/A        | 0x00000002
[SYS] CMD WR           | 0x00000002 | 0x00000006 | 0x00000007
[SYS] CMD RD           | 0x00000002 | 0x00000006 | 0x00000007
[SYS] ------------------------ Info ----------------------------
[SYS]                  | Downlink           | Uplink
[SYS] RF / fine Gain   |     16 /   -0.5    | 0x42
[SYS] PwrAvg(dBFs/dBm) | N/A                | N/A
[SYS] PwrMax(dBFS)     | N/A                | N/A
[SYS] Showtime 102 seconds

[SYS] ------------------------ Data Direction -------------------
[SYS]                  | Downlink           | Uplink
[SYS] CPlane Total     | 0x0000000000000000 | 0x0000000000000000
[SYS] CPlane OnTime    | 0x0000000000000000 | 0x0000000000000000
[SYS] CPlane Early     | 0x0000000000000000 | 0x0000000000000000
[SYS] CPlane Late      | 0x0000000000000000 | 0x0000000000000000
[SYS] CPlane Corrupt   | 0x0000000000000000 | 0x0000000000000000
[SYS] UPlane Total     | 0x0000000000000000 | 0x0000000000000000
[SYS] UPlane OnTime    | 0x0000000000000000 | N/A
[SYS] UPlane Ealry     | 0x0000000000000000 | N/A
[SYS] UPlane Late      | 0x0000000000000000 | N/A
[SYS] UPlane Corrupt   | 0x0000000000000000 | N/A
[SYS] Eth Pkt Good     | 0x000007f3         | 0x0000198e
[SYS] Eth Pkt Drop     | 0x00000000         | 0x00000000
[SYS] AXIQ status      | 0x00000303         | 0x00010101
[SYS] ------------------------ Tasks ---------------------------
[SYS]                  | UP         | CP         | RT
[SYS] Error            | 0x00000000 | 0x00000000 | 0x00000000
[SYS] Heartbeats       | 0x028834e3 | N/A        | N/A
[SYS] Counts           | 0x00000000 | N/A        | 0x00000000
[SYS] Drops            | 0x00000000 | N/A        | 0x00000000
[SYS] ------------------------ VSPAs ---------------------------
[SYS]                  | 0          | 1          | 2
[SYS] Error            | 0x00000000 | 0x00000000 | 0x00000000
[SYS] SYM WR           | 0x00000000 | N/A        | 0x00000002
[SYS] SYM RD           | 0x00000000 | N/A        | 0x00000002
[SYS] CMD WR           | 0x00000002 | 0x00000006 | 0x00000007
[SYS] CMD RD           | 0x00000002 | 0x00000006 | 0x00000007
[SYS] ------------------------ Info ----------------------------
[SYS]                  | Downlink           | Uplink
[SYS] RF / fine Gain   |     16 /   -0.5    | 0x42
[SYS] PwrAvg(dBFs/dBm) | N/A                | N/A
[SYS] PwrMax(dBFS)     | N/A                | N/A
[SYS] Showtime 103 seconds

[SYS] ------------------------ Data Direction -------------------
[SYS]                  | Downlink           | Uplink
[SYS] CPlane Total     | 0x0000000000000000 | 0x0000000000000000
[SYS] CPlane OnTime    | 0x0000000000000000 | 0x0000000000000000
[SYS] CPlane Early     | 0x0000000000000000 | 0x0000000000000000
[SYS] CPlane Late      | 0x0000000000000000 | 0x0000000000000000
[SYS] CPlane Corrupt   | 0x0000000000000000 | 0x0000000000000000
[SYS] UPlane Total     | 0x0000000000000000 | 0x0000000000000000
[SYS] UPlane OnTime    | 0x0000000000000000 | N/A
[SYS] UPlane Ealry     | 0x0000000000000000 | N/A
[SYS] UPlane Late      | 0x0000000000000000 | N/A
[SYS] UPlane Corrupt   | 0x0000000000000000 | N/A
[SYS] Eth Pkt Good     | 0x000007f4         | 0x000019b1
[SYS] Eth Pkt Drop     | 0x00000000         | 0x00000000
[SYS] AXIQ status      | 0x00000303         | 0x00010101
[SYS] ------------------------ Tasks ---------------------------
[SYS]                  | UP         | CP         | RT
[SYS] Error            | 0x00000000 | 0x00000000 | 0x00000000
[SYS] Heartbeats       | 0x028e6fcb | N/A        | N/A
[SYS] Counts           | 0x00000000 | N/A        | 0x00000000
[SYS] Drops            | 0x00000000 | N/A        | 0x00000000
[SYS] ------------------------ VSPAs ---------------------------
[SYS]                  | 0          | 1          | 2
[SYS] Error            | 0x00000000 | 0x00000000 | 0x00000000
[SYS] SYM WR           | 0x00000000 | N/A        | 0x00000002
[SYS] SYM RD           | 0x00000000 | N/A        | 0x00000002
[SYS] CMD WR           | 0x00000002 | 0x00000006 | 0x00000007
[SYS] CMD RD           | 0x00000002 | 0x00000006 | 0x00000007
[SYS] ------------------------ Info ----------------------------
[SYS]                  | Downlink           | Uplink
[SYS] RF / fine Gain   |     16 /   -0.5    | 0x42
[SYS] PwrAvg(dBFs/dBm) | N/A                | N/A
[SYS] PwrMax(dBFS)     | N/A                | N/A
[SYS] Showtime 104 seconds

[SYS] ------------------------ Data Direction -------------------
[SYS]                  | Downlink           | Uplink
[SYS] CPlane Total     | 0x0000000000000000 | 0x0000000000000000
[SYS] CPlane OnTime    | 0x0000000000000000 | 0x0000000000000000
[SYS] CPlane Early     | 0x0000000000000000 | 0x0000000000000000
[SYS] CPlane Late      | 0x0000000000000000 | 0x0000000000000000
[SYS] CPlane Corrupt   | 0x0000000000000000 | 0x0000000000000000
[SYS] UPlane Total     | 0x0000000000000000 | 0x0000000000000000
[SYS] UPlane OnTime    | 0x0000000000000000 | N/A
[SYS] UPlane Ealry     | 0x0000000000000000 | N/A
[SYS] UPlane Late      | 0x0000000000000000 | N/A
[SYS] UPlane Corrupt   | 0x0000000000000000 | N/A
[SYS] Eth Pkt Good     | 0x000007f5         | 0x000019d4
[SYS] Eth Pkt Drop     | 0x00000000         | 0x00000000
[SYS] AXIQ status      | 0x00000303         | 0x00010101
[SYS] ------------------------ Tasks ---------------------------
[SYS]                  | UP         | CP         | RT
[SYS] Error            | 0x00000000 | 0x00000000 | 0x00000000
[SYS] Heartbeats       | 0x0294aab0 | N/A        | N/A
[SYS] Counts           | 0x00000000 | N/A        | 0x00000000
[SYS] Drops            | 0x00000000 | N/A        | 0x00000000
[SYS] ------------------------ VSPAs ---------------------------
[SYS]                  | 0          | 1          | 2
[SYS] Error            | 0x00000000 | 0x00000000 | 0x00000000
[SYS] SYM WR           | 0x00000000 | N/A        | 0x00000002
[SYS] SYM RD           | 0x00000000 | N/A        | 0x00000002
[SYS] CMD WR           | 0x00000002 | 0x00000006 | 0x00000007
[SYS] CMD RD           | 0x00000002 | 0x00000006 | 0x00000007
[SYS] ------------------------ Info ----------------------------
[SYS]                  | Downlink           | Uplink
[SYS] RF / fine Gain   |     16 /   -0.5    | 0x42
[SYS] PwrAvg(dBFs/dBm) | N/A                | N/A
[SYS] PwrMax(dBFS)     | N/A                | N/A
[SYS] Showtime 105 seconds

[SYS] ------------------------ Data Direction -------------------
[SYS]                  | Downlink           | Uplink
[SYS] CPlane Total     | 0x0000000000000000 | 0x0000000000000000
[SYS] CPlane OnTime    | 0x0000000000000000 | 0x0000000000000000
[SYS] CPlane Early     | 0x0000000000000000 | 0x0000000000000000
[SYS] CPlane Late      | 0x0000000000000000 | 0x0000000000000000
[SYS] CPlane Corrupt   | 0x0000000000000000 | 0x0000000000000000
[SYS] UPlane Total     | 0x0000000000000000 | 0x0000000000000000
[SYS] UPlane OnTime    | 0x0000000000000000 | N/A
[SYS] UPlane Ealry     | 0x0000000000000000 | N/A
[SYS] UPlane Late      | 0x0000000000000000 | N/A
[SYS] UPlane Corrupt   | 0x0000000000000000 | N/A
[SYS] Eth Pkt Good     | 0x000007f7         | 0x000019f8
[SYS] Eth Pkt Drop     | 0x00000000         | 0x00000000
[SYS] AXIQ status      | 0x00000303         | 0x00010101
[SYS] ------------------------ Tasks ---------------------------
[SYS]                  | UP         | CP         | RT
[SYS] Error            | 0x00000000 | 0x00000000 | 0x00000000
[SYS] Heartbeats       | 0x029ae883 | N/A        | N/A
[SYS] Counts           | 0x00000000 | N/A        | 0x00000000
[SYS] Drops            | 0x00000000 | N/A        | 0x00000000
[SYS] ------------------------ VSPAs ---------------------------
[SYS]                  | 0          | 1          | 2
[SYS] Error            | 0x00000000 | 0x00000000 | 0x00000000
[SYS] SYM WR           | 0x00000000 | N/A        | 0x00000002
[SYS] SYM RD           | 0x00000000 | N/A        | 0x00000002
[SYS] CMD WR           | 0x00000002 | 0x00000006 | 0x00000007
[SYS] CMD RD           | 0x00000002 | 0x00000006 | 0x00000007
[SYS] ------------------------ Info ----------------------------
[SYS]                  | Downlink           | Uplink
[SYS] RF / fine Gain   |     16 /   -0.5    | 0x42
[SYS] PwrAvg(dBFs/dBm) | N/A                | N/A
[SYS] PwrMax(dBFS)     | N/A                | N/A
[SYS] Showtime 106 seconds

[SYS] ------------------------ Data Direction -------------------
[SYS]                  | Downlink           | Uplink
[SYS] CPlane Total     | 0x0000000000000000 | 0x0000000000000000
[SYS] CPlane OnTime    | 0x0000000000000000 | 0x0000000000000000
[SYS] CPlane Early     | 0x0000000000000000 | 0x0000000000000000
[SYS] CPlane Late      | 0x0000000000000000 | 0x0000000000000000
[SYS] CPlane Corrupt   | 0x0000000000000000 | 0x0000000000000000
[SYS] UPlane Total     | 0x0000000000000000 | 0x0000000000000000
[SYS] UPlane OnTime    | 0x0000000000000000 | N/A
[SYS] UPlane Ealry     | 0x0000000000000000 | N/A
[SYS] UPlane Late      | 0x0000000000000000 | N/A
[SYS] UPlane Corrupt   | 0x0000000000000000 | N/A
[SYS] Eth Pkt Good     | 0x000007f8         | 0x00001a1b
[SYS] Eth Pkt Drop     | 0x00000000         | 0x00000000
[SYS] AXIQ status      | 0x00000303         | 0x00010101
[SYS] ------------------------ Tasks ---------------------------
[SYS]                  | UP         | CP         | RT
[SYS] Error            | 0x00000000 | 0x00000000 | 0x00000000
[SYS] Heartbeats       | 0x02a12368 | N/A        | N/A
[SYS] Counts           | 0x00000000 | N/A        | 0x00000000
[SYS] Drops            | 0x00000000 | N/A        | 0x00000000
[SYS] ------------------------ VSPAs ---------------------------
[SYS]                  | 0          | 1          | 2
[SYS] Error            | 0x00000000 | 0x00000000 | 0x00000000
[SYS] SYM WR           | 0x00000000 | N/A        | 0x00000002
[SYS] SYM RD           | 0x00000000 | N/A        | 0x00000002
[SYS] CMD WR           | 0x00000002 | 0x00000006 | 0x00000007
[SYS] CMD RD           | 0x00000002 | 0x00000006 | 0x00000007
[SYS] ------------------------ Info ----------------------------
[SYS]                  | Downlink           | Uplink
[SYS] RF / fine Gain   |     16 /   -0.5    | 0x42
[SYS] PwrAvg(dBFs/dBm) | N/A                | N/A
[SYS] PwrMax(dBFS)     | N/A                | N/A
[SYS] Showtime 107 seconds

[SYS] ------------------------ Data Direction -------------------
[SYS]                  | Downlink           | Uplink
[SYS] CPlane Total     | 0x0000000000000000 | 0x0000000000000000
[SYS] CPlane OnTime    | 0x0000000000000000 | 0x0000000000000000
[SYS] CPlane Early     | 0x0000000000000000 | 0x0000000000000000
[SYS] CPlane Late      | 0x0000000000000000 | 0x0000000000000000
[SYS] CPlane Corrupt   | 0x0000000000000000 | 0x0000000000000000
[SYS] UPlane Total     | 0x0000000000000000 | 0x0000000000000000
[SYS] UPlane OnTime    | 0x0000000000000000 | N/A
[SYS] UPlane Ealry     | 0x0000000000000000 | N/A
[SYS] UPlane Late      | 0x0000000000000000 | N/A
[SYS] UPlane Corrupt   | 0x0000000000000000 | N/A
[SYS] Eth Pkt Good     | 0x000007fa         | 0x00001a3f
[SYS] Eth Pkt Drop     | 0x00000000         | 0x00000000
[SYS] AXIQ status      | 0x00000303         | 0x00010101
[SYS] ------------------------ Tasks ---------------------------
[SYS]                  | UP         | CP         | RT
[SYS] Error            | 0x00000000 | 0x00000000 | 0x00000000
[SYS] Heartbeats       | 0x02a75e4a | N/A        | N/A
[SYS] Counts           | 0x00000000 | N/A        | 0x00000000
[SYS] Drops            | 0x00000000 | N/A        | 0x00000000
[SYS] ------------------------ VSPAs ---------------------------
[SYS]                  | 0          | 1          | 2
[SYS] Error            | 0x00000000 | 0x00000000 | 0x00000000
[SYS] SYM WR           | 0x00000000 | N/A        | 0x00000002
[SYS] SYM RD           | 0x00000000 | N/A        | 0x00000002
[SYS] CMD WR           | 0x00000002 | 0x00000006 | 0x00000007
[SYS] CMD RD           | 0x00000002 | 0x00000006 | 0x00000007
[SYS] ------------------------ Info ----------------------------
[SYS]                  | Downlink           | Uplink
[SYS] RF / fine Gain   |     16 /   -0.5    | 0x42
[SYS] PwrAvg(dBFs/dBm) | N/A                | N/A
[SYS] PwrMax(dBFS)     | N/A                | N/A
[SYS] Showtime 108 seconds

[SYS] ------------------------ Data Direction -------------------
[SYS]                  | Downlink           | Uplink
[SYS] CPlane Total     | 0x0000000000000000 | 0x0000000000000000
[SYS] CPlane OnTime    | 0x0000000000000000 | 0x0000000000000000
[SYS] CPlane Early     | 0x0000000000000000 | 0x0000000000000000
[SYS] CPlane Late      | 0x0000000000000000 | 0x0000000000000000
[SYS] CPlane Corrupt   | 0x0000000000000000 | 0x0000000000000000
[SYS] UPlane Total     | 0x0000000000000000 | 0x0000000000000000
[SYS] UPlane OnTime    | 0x0000000000000000 | N/A
[SYS] UPlane Ealry     | 0x0000000000000000 | N/A
[SYS] UPlane Late      | 0x0000000000000000 | N/A
[SYS] UPlane Corrupt   | 0x0000000000000000 | N/A
[SYS] Eth Pkt Good     | 0x000007fb         | 0x00001a62
[SYS] Eth Pkt Drop     | 0x00000000         | 0x00000000
[SYS] AXIQ status      | 0x00000303         | 0x00010101
[SYS] ------------------------ Tasks ---------------------------
[SYS]                  | UP         | CP         | RT
[SYS] Error            | 0x00000000 | 0x00000000 | 0x00000000
[SYS] Heartbeats       | 0x02ad9943 | N/A        | N/A
[SYS] Counts           | 0x00000000 | N/A        | 0x00000000
[SYS] Drops            | 0x00000000 | N/A        | 0x00000000
[SYS] ------------------------ VSPAs ---------------------------
[SYS]                  | 0          | 1          | 2
[SYS] Error            | 0x00000000 | 0x00000000 | 0x00000000
[SYS] SYM WR           | 0x00000000 | N/A        | 0x00000002
[SYS] SYM RD           | 0x00000000 | N/A        | 0x00000002
[SYS] CMD WR           | 0x00000002 | 0x00000006 | 0x00000007
[SYS] CMD RD           | 0x00000002 | 0x00000006 | 0x00000007
[SYS] ------------------------ Info ----------------------------
[SYS]                  | Downlink           | Uplink
[SYS] RF / fine Gain   |     16 /   -0.5    | 0x42
[SYS] PwrAvg(dBFs/dBm) | N/A                | N/A
[SYS] PwrMax(dBFS)     | N/A                | N/A
[SYS] Showtime 109 seconds

[SYS] ------------------------ Data Direction -------------------
[SYS]                  | Downlink           | Uplink
[SYS] CPlane Total     | 0x0000000000000000 | 0x0000000000000000
[SYS] CPlane OnTime    | 0x0000000000000000 | 0x0000000000000000
[SYS] CPlane Early     | 0x0000000000000000 | 0x0000000000000000
[SYS] CPlane Late      | 0x0000000000000000 | 0x0000000000000000
[SYS] CPlane Corrupt   | 0x0000000000000000 | 0x0000000000000000
[SYS] UPlane Total     | 0x0000000000000000 | 0x0000000000000000
[SYS] UPlane OnTime    | 0x0000000000000000 | N/A
[SYS] UPlane Ealry     | 0x0000000000000000 | N/A
[SYS] UPlane Late      | 0x0000000000000000 | N/A
[SYS] UPlane Corrupt   | 0x0000000000000000 | N/A
[SYS] Eth Pkt Good     | 0x000007fd         | 0x00001a86
[SYS] Eth Pkt Drop     | 0x00000000         | 0x00000000
[SYS] AXIQ status      | 0x00000303         | 0x00010101
[SYS] ------------------------ Tasks ---------------------------
[SYS]                  | UP         | CP         | RT
[SYS] Error            | 0x00000000 | 0x00000000 | 0x00000000
[SYS] Heartbeats       | 0x02b3d705 | N/A        | N/A
[SYS] Counts           | 0x00000000 | N/A        | 0x00000000
[SYS] Drops            | 0x00000000 | N/A        | 0x00000000
[SYS] ------------------------ VSPAs ---------------------------
[SYS]                  | 0          | 1          | 2
[SYS] Error            | 0x00000000 | 0x00000000 | 0x00000000
[SYS] SYM WR           | 0x00000000 | N/A        | 0x00000002
[SYS] SYM RD           | 0x00000000 | N/A        | 0x00000002
[SYS] CMD WR           | 0x00000002 | 0x00000006 | 0x00000007
[SYS] CMD RD           | 0x00000002 | 0x00000006 | 0x00000007
[SYS] ------------------------ Info ----------------------------
[SYS]                  | Downlink           | Uplink
[SYS] RF / fine Gain   |     16 /   -0.5    | 0x42
[SYS] PwrAvg(dBFs/dBm) | N/A                | N/A
[SYS] PwrMax(dBFS)     | N/A                | N/A
[SYS] Showtime 110 seconds

[SYS] ------------------------ Data Direction -------------------
[SYS]                  | Downlink           | Uplink
[SYS] CPlane Total     | 0x0000000000000000 | 0x0000000000000000
[SYS] CPlane OnTime    | 0x0000000000000000 | 0x0000000000000000
[SYS] CPlane Early     | 0x0000000000000000 | 0x0000000000000000
[SYS] CPlane Late      | 0x0000000000000000 | 0x0000000000000000
[SYS] CPlane Corrupt   | 0x0000000000000000 | 0x0000000000000000
[SYS] UPlane Total     | 0x0000000000000000 | 0x0000000000000000
[SYS] UPlane OnTime    | 0x0000000000000000 | N/A
[SYS] UPlane Ealry     | 0x0000000000000000 | N/A
[SYS] UPlane Late      | 0x0000000000000000 | N/A
[SYS] UPlane Corrupt   | 0x0000000000000000 | N/A
[SYS] Eth Pkt Good     | 0x000007fe         | 0x00001aa9
[SYS] Eth Pkt Drop     | 0x00000000         | 0x00000000
[SYS] AXIQ status      | 0x00000303         | 0x00010101
[SYS] ------------------------ Tasks ---------------------------
[SYS]                  | UP         | CP         | RT
[SYS] Error            | 0x00000000 | 0x00000000 | 0x00000000
[SYS] Heartbeats       | 0x02ba11e5 | N/A        | N/A
[SYS] Counts           | 0x00000000 | N/A        | 0x00000000
[SYS] Drops            | 0x00000000 | N/A        | 0x00000000
[SYS] ------------------------ VSPAs ---------------------------
[SYS]                  | 0          | 1          | 2
[SYS] Error            | 0x00000000 | 0x00000000 | 0x00000000
[SYS] SYM WR           | 0x00000000 | N/A        | 0x00000002
[SYS] SYM RD           | 0x00000000 | N/A        | 0x00000002
[SYS] CMD WR           | 0x00000002 | 0x00000006 | 0x00000007
[SYS] CMD RD           | 0x00000002 | 0x00000006 | 0x00000007
[SYS] ------------------------ Info ----------------------------
[SYS]                  | Downlink           | Uplink
[SYS] RF / fine Gain   |     16 /   -0.5    | 0x42
[SYS] PwrAvg(dBFs/dBm) | N/A                | N/A
[SYS] PwrMax(dBFS)     | N/A                | N/A
[SYS] Showtime 111 seconds

[SYS] ------------------------ Data Direction -------------------
[SYS]                  | Downlink           | Uplink
[SYS] CPlane Total     | 0x0000000000000000 | 0x0000000000000000
[SYS] CPlane OnTime    | 0x0000000000000000 | 0x0000000000000000
[SYS] CPlane Early     | 0x0000000000000000 | 0x0000000000000000
[SYS] CPlane Late      | 0x0000000000000000 | 0x0000000000000000
[SYS] CPlane Corrupt   | 0x0000000000000000 | 0x0000000000000000
[SYS] UPlane Total     | 0x0000000000000000 | 0x0000000000000000
[SYS] UPlane OnTime    | 0x0000000000000000 | N/A
[SYS] UPlane Ealry     | 0x0000000000000000 | N/A
[SYS] UPlane Late      | 0x0000000000000000 | N/A
[SYS] UPlane Corrupt   | 0x0000000000000000 | N/A
[SYS] Eth Pkt Good     | 0x000007ff         | 0x00001acc
[SYS] Eth Pkt Drop     | 0x00000000         | 0x00000000
[SYS] AXIQ status      | 0x00000303         | 0x00010101
[SYS] ------------------------ Tasks ---------------------------
[SYS]                  | UP         | CP         | RT
[SYS] Error            | 0x00000000 | 0x00000000 | 0x00000000
[SYS] Heartbeats       | 0x02c04cd3 | N/A        | N/A
[SYS] Counts           | 0x00000000 | N/A        | 0x00000000
[SYS] Drops            | 0x00000000 | N/A        | 0x00000000
[SYS] ------------------------ VSPAs ---------------------------
[SYS]                  | 0          | 1          | 2
[SYS] Error            | 0x00000000 | 0x00000000 | 0x00000000
[SYS] SYM WR           | 0x00000000 | N/A        | 0x00000002
[SYS] SYM RD           | 0x00000000 | N/A        | 0x00000002
[SYS] CMD WR           | 0x00000002 | 0x00000006 | 0x00000007
[SYS] CMD RD           | 0x00000002 | 0x00000006 | 0x00000007
[SYS] ------------------------ Info ----------------------------
[SYS]                  | Downlink           | Uplink
[SYS] RF / fine Gain   |     16 /   -0.5    | 0x42
[SYS] PwrAvg(dBFs/dBm) | N/A                | N/A
[SYS] PwrMax(dBFS)     | N/A                | N/A
[SYS] Showtime 112 seconds

[SYS] ------------------------ Data Direction -------------------
[SYS]                  | Downlink           | Uplink
[SYS] CPlane Total     | 0x0000000000000000 | 0x0000000000000000
[SYS] CPlane OnTime    | 0x0000000000000000 | 0x0000000000000000
[SYS] CPlane Early     | 0x0000000000000000 | 0x0000000000000000
[SYS] CPlane Late      | 0x0000000000000000 | 0x0000000000000000
[SYS] CPlane Corrupt   | 0x0000000000000000 | 0x0000000000000000
[SYS] UPlane Total     | 0x0000000000000000 | 0x0000000000000000
[SYS] UPlane OnTime    | 0x0000000000000000 | N/A
[SYS] UPlane Ealry     | 0x0000000000000000 | N/A
[SYS] UPlane Late      | 0x0000000000000000 | N/A
[SYS] UPlane Corrupt   | 0x0000000000000000 | N/A
[SYS] Eth Pkt Good     | 0x00000801         | 0x00001af0
[SYS] Eth Pkt Drop     | 0x00000000         | 0x00000000
[SYS] AXIQ status      | 0x00000303         | 0x00010101
[SYS] ------------------------ Tasks ---------------------------
[SYS]                  | UP         | CP         | RT
[SYS] Error            | 0x00000000 | 0x00000000 | 0x00000000
[SYS] Heartbeats       | 0x02c68a8b | N/A        | N/A
[SYS] Counts           | 0x00000000 | N/A        | 0x00000000
[SYS] Drops            | 0x00000000 | N/A        | 0x00000000
[SYS] ------------------------ VSPAs ---------------------------
[SYS]                  | 0          | 1          | 2
[SYS] Error            | 0x00000000 | 0x00000000 | 0x00000000
[SYS] SYM WR           | 0x00000000 | N/A        | 0x00000002
[SYS] SYM RD           | 0x00000000 | N/A        | 0x00000002
[SYS] CMD WR           | 0x00000002 | 0x00000006 | 0x00000007
[SYS] CMD RD           | 0x00000002 | 0x00000006 | 0x00000007
[SYS] ------------------------ Info ----------------------------
[SYS]                  | Downlink           | Uplink
[SYS] RF / fine Gain   |     16 /   -0.5    | 0x42
[SYS] PwrAvg(dBFs/dBm) | N/A                | N/A
[SYS] PwrMax(dBFS)     | N/A                | N/A
[SYS] Showtime 113 seconds

[SYS] ------------------------ Data Direction -------------------
[SYS]                  | Downlink           | Uplink
[SYS] CPlane Total     | 0x0000000000000000 | 0x0000000000000000
[SYS] CPlane OnTime    | 0x0000000000000000 | 0x0000000000000000
[SYS] CPlane Early     | 0x0000000000000000 | 0x0000000000000000
[SYS] CPlane Late      | 0x0000000000000000 | 0x0000000000000000
[SYS] CPlane Corrupt   | 0x0000000000000000 | 0x0000000000000000
[SYS] UPlane Total     | 0x0000000000000000 | 0x0000000000000000
[SYS] UPlane OnTime    | 0x0000000000000000 | N/A
[SYS] UPlane Ealry     | 0x0000000000000000 | N/A
[SYS] UPlane Late      | 0x0000000000000000 | N/A
[SYS] UPlane Corrupt   | 0x0000000000000000 | N/A
[SYS] Eth Pkt Good     | 0x0000081d         | 0x00001b2d
[SYS] Eth Pkt Drop     | 0x00000000         | 0x00000000
[SYS] AXIQ status      | 0x00000303         | 0x00010101
[SYS] ------------------------ Tasks ---------------------------
[SYS]                  | UP         | CP         | RT
[SYS] Error            | 0x00000000 | 0x00000000 | 0x00000000
[SYS] Heartbeats       | 0x02ccc56e | N/A        | N/A
[SYS] Counts           | 0x00000000 | N/A        | 0x00000000
[SYS] Drops            | 0x00000000 | N/A        | 0x00000000
[SYS] ------------------------ VSPAs ---------------------------
[SYS]                  | 0          | 1          | 2
[SYS] Error            | 0x00000000 | 0x00000000 | 0x00000000
[SYS] SYM WR           | 0x00000000 | N/A        | 0x00000002
[SYS] SYM RD           | 0x00000000 | N/A        | 0x00000002
[SYS] CMD WR           | 0x00000002 | 0x00000006 | 0x00000007
[SYS] CMD RD           | 0x00000002 | 0x00000006 | 0x00000007
[SYS] ------------------------ Info ----------------------------
[SYS]                  | Downlink           | Uplink
[SYS] RF / fine Gain   |     16 /   -0.5    | 0x42
[SYS] PwrAvg(dBFs/dBm) | N/A                | N/A
[SYS] PwrMax(dBFS)     | N/A                | N/A
[SYS] Showtime 114 seconds

[SYS] ------------------------ Data Direction -------------------
[SYS]                  | Downlink           | Uplink
[SYS] CPlane Total     | 0x0000000000000000 | 0x0000000000000000
[SYS] CPlane OnTime    | 0x0000000000000000 | 0x0000000000000000
[SYS] CPlane Early     | 0x0000000000000000 | 0x0000000000000000
[SYS] CPlane Late      | 0x0000000000000000 | 0x0000000000000000
[SYS] CPlane Corrupt   | 0x0000000000000000 | 0x0000000000000000
[SYS] UPlane Total     | 0x0000000000000000 | 0x0000000000000000
[SYS] UPlane OnTime    | 0x0000000000000000 | N/A
[SYS] UPlane Ealry     | 0x0000000000000000 | N/A
[SYS] UPlane Late      | 0x0000000000000000 | N/A
[SYS] UPlane Corrupt   | 0x0000000000000000 | N/A
[SYS] Eth Pkt Good     | 0x00000822         | 0x00001b55
[SYS] Eth Pkt Drop     | 0x00000000         | 0x00000000
[SYS] AXIQ status      | 0x00000303         | 0x00010101
[SYS] ------------------------ Tasks ---------------------------
[SYS]                  | UP         | CP         | RT
[SYS] Error            | 0x00000000 | 0x00000000 | 0x00000000
[SYS] Heartbeats       | 0x02d30046 | N/A        | N/A
[SYS] Counts           | 0x00000000 | N/A        | 0x00000000
[SYS] Drops            | 0x00000000 | N/A        | 0x00000000
[SYS] ------------------------ VSPAs ---------------------------
[SYS]                  | 0          | 1          | 2
[SYS] Error            | 0x00000000 | 0x00000000 | 0x00000000
[SYS] SYM WR           | 0x00000000 | N/A        | 0x00000002
[SYS] SYM RD           | 0x00000000 | N/A        | 0x00000002
[SYS] CMD WR           | 0x00000002 | 0x00000006 | 0x00000007
[SYS] CMD RD           | 0x00000002 | 0x00000006 | 0x00000007
[SYS] ------------------------ Info ----------------------------
[SYS]                  | Downlink           | Uplink
[SYS] RF / fine Gain   |     16 /   -0.5    | 0x42
[SYS] PwrAvg(dBFs/dBm) | N/A                | N/A
[SYS] PwrMax(dBFS)     | N/A                | N/A
[SYS] Showtime 115 seconds

[SYS] ------------------------ Data Direction -------------------
[SYS]                  | Downlink           | Uplink
[SYS] CPlane Total     | 0x0000000000000000 | 0x0000000000000000
[SYS] CPlane OnTime    | 0x0000000000000000 | 0x0000000000000000
[SYS] CPlane Early     | 0x0000000000000000 | 0x0000000000000000
[SYS] CPlane Late      | 0x0000000000000000 | 0x0000000000000000
[SYS] CPlane Corrupt   | 0x0000000000000000 | 0x0000000000000000
[SYS] UPlane Total     | 0x0000000000000000 | 0x0000000000000000
[SYS] UPlane OnTime    | 0x0000000000000000 | N/A
[SYS] UPlane Ealry     | 0x0000000000000000 | N/A
[SYS] UPlane Late      | 0x0000000000000000 | N/A
[SYS] UPlane Corrupt   | 0x0000000000000000 | N/A
[SYS] Eth Pkt Good     | 0x00000823         | 0x00001b78
[SYS] Eth Pkt Drop     | 0x00000000         | 0x00000000
[SYS] AXIQ status      | 0x00000303         | 0x00010101
[SYS] ------------------------ Tasks ---------------------------
[SYS]                  | UP         | CP         | RT
[SYS] Error            | 0x00000000 | 0x00000000 | 0x00000000
[SYS] Heartbeats       | 0x02d93b33 | N/A        | N/A
[SYS] Counts           | 0x00000000 | N/A        | 0x00000000
[SYS] Drops            | 0x00000000 | N/A        | 0x00000000
[SYS] ------------------------ VSPAs ---------------------------
[SYS]                  | 0          | 1          | 2
[SYS] Error            | 0x00000000 | 0x00000000 | 0x00000000
[SYS] SYM WR           | 0x00000000 | N/A        | 0x00000002
[SYS] SYM RD           | 0x00000000 | N/A        | 0x00000002
[SYS] CMD WR           | 0x00000002 | 0x00000006 | 0x00000007
[SYS] CMD RD           | 0x00000002 | 0x00000006 | 0x00000007
[SYS] ------------------------ Info ----------------------------
[SYS]                  | Downlink           | Uplink
[SYS] RF / fine Gain   |     16 /   -0.5    | 0x42
[SYS] PwrAvg(dBFs/dBm) | N/A                | N/A
[SYS] PwrMax(dBFS)     | N/A                | N/A
[SYS] Showtime 116 seconds

[SYS] ------------------------ Data Direction -------------------
[SYS]                  | Downlink           | Uplink
[SYS] CPlane Total     | 0x0000000000000000 | 0x0000000000000000
[SYS] CPlane OnTime    | 0x0000000000000000 | 0x0000000000000000
[SYS] CPlane Early     | 0x0000000000000000 | 0x0000000000000000
[SYS] CPlane Late      | 0x0000000000000000 | 0x0000000000000000
[SYS] CPlane Corrupt   | 0x0000000000000000 | 0x0000000000000000
[SYS] UPlane Total     | 0x0000000000000000 | 0x0000000000000000
[SYS] UPlane OnTime    | 0x0000000000000000 | N/A
[SYS] UPlane Ealry     | 0x0000000000000000 | N/A
[SYS] UPlane Late      | 0x0000000000000000 | N/A
[SYS] UPlane Corrupt   | 0x0000000000000000 | N/A
[SYS] Eth Pkt Good     | 0x00000825         | 0x00001b9b
[SYS] Eth Pkt Drop     | 0x00000000         | 0x00000000
[SYS] AXIQ status      | 0x00000303         | 0x00010101
[SYS] ------------------------ Tasks ---------------------------
[SYS]                  | UP         | CP         | RT
[SYS] Error            | 0x00000000 | 0x00000000 | 0x00000000
[SYS] Heartbeats       | 0x02df78f2 | N/A        | N/A
[SYS] Counts           | 0x00000000 | N/A        | 0x00000000
[SYS] Drops            | 0x00000000 | N/A        | 0x00000000
[SYS] ------------------------ VSPAs ---------------------------
[SYS]                  | 0          | 1          | 2
[SYS] Error            | 0x00000000 | 0x00000000 | 0x00000000
[SYS] SYM WR           | 0x00000000 | N/A        | 0x00000002
[SYS] SYM RD           | 0x00000000 | N/A        | 0x00000002
[SYS] CMD WR           | 0x00000002 | 0x00000006 | 0x00000007
[SYS] CMD RD           | 0x00000002 | 0x00000006 | 0x00000007
[SYS] ------------------------ Info ----------------------------
[SYS]                  | Downlink           | Uplink
[SYS] RF / fine Gain   |     16 /   -0.5    | 0x42
[SYS] PwrAvg(dBFs/dBm) | N/A                | N/A
[SYS] PwrMax(dBFS)     | N/A                | N/A
[SYS] Showtime 117 seconds

[SYS] ------------------------ Data Direction -------------------
[SYS]                  | Downlink           | Uplink
[SYS] CPlane Total     | 0x0000000000000000 | 0x0000000000000000
[SYS] CPlane OnTime    | 0x0000000000000000 | 0x0000000000000000
[SYS] CPlane Early     | 0x0000000000000000 | 0x0000000000000000
[SYS] CPlane Late      | 0x0000000000000000 | 0x0000000000000000
[SYS] CPlane Corrupt   | 0x0000000000000000 | 0x0000000000000000
[SYS] UPlane Total     | 0x0000000000000000 | 0x0000000000000000
[SYS] UPlane OnTime    | 0x0000000000000000 | N/A
[SYS] UPlane Ealry     | 0x0000000000000000 | N/A
[SYS] UPlane Late      | 0x0000000000000000 | N/A
[SYS] UPlane Corrupt   | 0x0000000000000000 | N/A
[SYS] Eth Pkt Good     | 0x00000826         | 0x00001bbf
[SYS] Eth Pkt Drop     | 0x00000000         | 0x00000000
[SYS] AXIQ status      | 0x00000303         | 0x00010101
[SYS] ------------------------ Tasks ---------------------------
[SYS]                  | UP         | CP         | RT
[SYS] Error            | 0x00000000 | 0x00000000 | 0x00000000
[SYS] Heartbeats       | 0x02e5b3db | N/A        | N/A
[SYS] Counts           | 0x00000000 | N/A        | 0x00000000
[SYS] Drops            | 0x00000000 | N/A        | 0x00000000
[SYS] ------------------------ VSPAs ---------------------------
[SYS]                  | 0          | 1          | 2
[SYS] Error            | 0x00000000 | 0x00000000 | 0x00000000
[SYS] SYM WR           | 0x00000000 | N/A        | 0x00000002
[SYS] SYM RD           | 0x00000000 | N/A        | 0x00000002
[SYS] CMD WR           | 0x00000002 | 0x00000006 | 0x00000007
[SYS] CMD RD           | 0x00000002 | 0x00000006 | 0x00000007
[SYS] ------------------------ Info ----------------------------
[SYS]                  | Downlink           | Uplink
[SYS] RF / fine Gain   |     16 /   -0.5    | 0x42
[SYS] PwrAvg(dBFs/dBm) | N/A                | N/A
[SYS] PwrMax(dBFS)     | N/A                | N/A
[SYS] Showtime 118 seconds

[SYS] ------------------------ Data Direction -------------------
[SYS]                  | Downlink           | Uplink
[SYS] CPlane Total     | 0x0000000000000000 | 0x0000000000000000
[SYS] CPlane OnTime    | 0x0000000000000000 | 0x0000000000000000
[SYS] CPlane Early     | 0x0000000000000000 | 0x0000000000000000
[SYS] CPlane Late      | 0x0000000000000000 | 0x0000000000000000
[SYS] CPlane Corrupt   | 0x0000000000000000 | 0x0000000000000000
[SYS] UPlane Total     | 0x0000000000000000 | 0x0000000000000000
[SYS] UPlane OnTime    | 0x0000000000000000 | N/A
[SYS] UPlane Ealry     | 0x0000000000000000 | N/A
[SYS] UPlane Late      | 0x0000000000000000 | N/A
[SYS] UPlane Corrupt   | 0x0000000000000000 | N/A
[SYS] Eth Pkt Good     | 0x00000827         | 0x00001be2
[SYS] Eth Pkt Drop     | 0x00000000         | 0x00000000
[SYS] AXIQ status      | 0x00000303         | 0x00010101
[SYS] ------------------------ Tasks ---------------------------
[SYS]                  | UP         | CP         | RT
[SYS] Error            | 0x00000000 | 0x00000000 | 0x00000000
[SYS] Heartbeats       | 0x02ebeed6 | N/A        | N/A
[SYS] Counts           | 0x00000000 | N/A        | 0x00000000
[SYS] Drops            | 0x00000000 | N/A        | 0x00000000
[SYS] ------------------------ VSPAs ---------------------------
[SYS]                  | 0          | 1          | 2
[SYS] Error            | 0x00000000 | 0x00000000 | 0x00000000
[SYS] SYM WR           | 0x00000000 | N/A        | 0x00000002
[SYS] SYM RD           | 0x00000000 | N/A        | 0x00000002
[SYS] CMD WR           | 0x00000002 | 0x00000006 | 0x00000007
[SYS] CMD RD           | 0x00000002 | 0x00000006 | 0x00000007
[SYS] ------------------------ Info ----------------------------
[SYS]                  | Downlink           | Uplink
[SYS] RF / fine Gain   |     16 /   -0.5    | 0x42
[SYS] PwrAvg(dBFs/dBm) | N/A                | N/A
[SYS] PwrMax(dBFS)     | N/A                | N/A
[SYS] Showtime 119 seconds

[SYS] ------------------------ Data Direction -------------------
[SYS]                  | Downlink           | Uplink
[SYS] CPlane Total     | 0x0000000000000000 | 0x0000000000000000
[SYS] CPlane OnTime    | 0x0000000000000000 | 0x0000000000000000
[SYS] CPlane Early     | 0x0000000000000000 | 0x0000000000000000
[SYS] CPlane Late      | 0x0000000000000000 | 0x0000000000000000
[SYS] CPlane Corrupt   | 0x0000000000000000 | 0x0000000000000000
[SYS] UPlane Total     | 0x0000000000000000 | 0x0000000000000000
[SYS] UPlane OnTime    | 0x0000000000000000 | N/A
[SYS] UPlane Ealry     | 0x0000000000000000 | N/A
[SYS] UPlane Late      | 0x0000000000000000 | N/A
[SYS] UPlane Corrupt   | 0x0000000000000000 | N/A
[SYS] Eth Pkt Good     | 0x00000829         | 0x00001c06
[SYS] Eth Pkt Drop     | 0x00000000         | 0x00000000
[SYS] AXIQ status      | 0x00000303         | 0x00010101
[SYS] ------------------------ Tasks ---------------------------
[SYS]                  | UP         | CP         | RT
[SYS] Error            | 0x00000000 | 0x00000000 | 0x00000000
[SYS] Heartbeats       | 0x02f22c9a | N/A        | N/A
[SYS] Counts           | 0x00000000 | N/A        | 0x00000000
[SYS] Drops            | 0x00000000 | N/A        | 0x00000000
[SYS] ------------------------ VSPAs ---------------------------
[SYS]                  | 0          | 1          | 2
[SYS] Error            | 0x00000000 | 0x00000000 | 0x00000000
[SYS] SYM WR           | 0x00000000 | N/A        | 0x00000002
[SYS] SYM RD           | 0x00000000 | N/A        | 0x00000002
[SYS] CMD WR           | 0x00000002 | 0x00000006 | 0x00000007
[SYS] CMD RD           | 0x00000002 | 0x00000006 | 0x00000007
[SYS] ------------------------ Info ----------------------------
[SYS]                  | Downlink           | Uplink
[SYS] RF / fine Gain   |     16 /   -0.5    | 0x42
[SYS] PwrAvg(dBFs/dBm) | N/A                | N/A
[SYS] PwrMax(dBFS)     | N/A                | N/A
[SYS] Showtime 120 seconds

[SYS] ------------------------ Data Direction -------------------
[SYS]                  | Downlink           | Uplink
[SYS] CPlane Total     | 0x0000000000000000 | 0x0000000000000000
[SYS] CPlane OnTime    | 0x0000000000000000 | 0x0000000000000000
[SYS] CPlane Early     | 0x0000000000000000 | 0x0000000000000000
[SYS] CPlane Late      | 0x0000000000000000 | 0x0000000000000000
[SYS] CPlane Corrupt   | 0x0000000000000000 | 0x0000000000000000
[SYS] UPlane Total     | 0x0000000000000000 | 0x0000000000000000
[SYS] UPlane OnTime    | 0x0000000000000000 | N/A
[SYS] UPlane Ealry     | 0x0000000000000000 | N/A
[SYS] UPlane Late      | 0x0000000000000000 | N/A
[SYS] UPlane Corrupt   | 0x0000000000000000 | N/A
[SYS] Eth Pkt Good     | 0x0000082a         | 0x00001c29
[SYS] Eth Pkt Drop     | 0x00000000         | 0x00000000
[SYS] AXIQ status      | 0x00000303         | 0x00010101
[SYS] ------------------------ Tasks ---------------------------
[SYS]                  | UP         | CP         | RT
[SYS] Error            | 0x00000000 | 0x00000000 | 0x00000000
[SYS] Heartbeats       | 0x02f86781 | N/A        | N/A
[SYS] Counts           | 0x00000000 | N/A        | 0x00000000
[SYS] Drops            | 0x00000000 | N/A        | 0x00000000
[SYS] ------------------------ VSPAs ---------------------------
[SYS]                  | 0          | 1          | 2
[SYS] Error            | 0x00000000 | 0x00000000 | 0x00000000
[SYS] SYM WR           | 0x00000000 | N/A        | 0x00000002
[SYS] SYM RD           | 0x00000000 | N/A        | 0x00000002
[SYS] CMD WR           | 0x00000002 | 0x00000006 | 0x00000007
[SYS] CMD RD           | 0x00000002 | 0x00000006 | 0x00000007
[SYS] ------------------------ Info ----------------------------
[SYS]                  | Downlink           | Uplink
[SYS] RF / fine Gain   |     16 /   -0.5    | 0x42
[SYS] PwrAvg(dBFs/dBm) | N/A                | N/A
[SYS] PwrMax(dBFS)     | N/A                | N/A
[SYS] Showtime 121 seconds

[SYS] ------------------------ Data Direction -------------------
[SYS]                  | Downlink           | Uplink
[SYS] CPlane Total     | 0x0000000000000000 | 0x0000000000000000
[SYS] CPlane OnTime    | 0x0000000000000000 | 0x0000000000000000
[SYS] CPlane Early     | 0x0000000000000000 | 0x0000000000000000
[SYS] CPlane Late      | 0x0000000000000000 | 0x0000000000000000
[SYS] CPlane Corrupt   | 0x0000000000000000 | 0x0000000000000000
[SYS] UPlane Total     | 0x0000000000000000 | 0x0000000000000000
[SYS] UPlane OnTime    | 0x0000000000000000 | N/A
[SYS] UPlane Ealry     | 0x0000000000000000 | N/A
[SYS] UPlane Late      | 0x0000000000000000 | N/A
[SYS] UPlane Corrupt   | 0x0000000000000000 | N/A
[SYS] Eth Pkt Good     | 0x0000082c         | 0x00001c4d
[SYS] Eth Pkt Drop     | 0x00000000         | 0x00000000
[SYS] AXIQ status      | 0x00000303         | 0x00010101
[SYS] ------------------------ Tasks ---------------------------
[SYS]                  | UP         | CP         | RT
[SYS] Error            | 0x00000000 | 0x00000000 | 0x00000000
[SYS] Heartbeats       | 0x02fea262 | N/A        | N/A
[SYS] Counts           | 0x00000000 | N/A        | 0x00000000
[SYS] Drops            | 0x00000000 | N/A        | 0x00000000
[SYS] ------------------------ VSPAs ---------------------------
[SYS]                  | 0          | 1          | 2
[SYS] Error            | 0x00000000 | 0x00000000 | 0x00000000
[SYS] SYM WR           | 0x00000000 | N/A        | 0x00000002
[SYS] SYM RD           | 0x00000000 | N/A        | 0x00000002
[SYS] CMD WR           | 0x00000002 | 0x00000006 | 0x00000007
[SYS] CMD RD           | 0x00000002 | 0x00000006 | 0x00000007
[SYS] ------------------------ Info ----------------------------
[SYS]                  | Downlink           | Uplink
[SYS] RF / fine Gain   |     16 /   -0.5    | 0x42
[SYS] PwrAvg(dBFs/dBm) | N/A                | N/A
[SYS] PwrMax(dBFS)     | N/A                | N/A
[SYS] Showtime 122 seconds

[SYS] ------------------------ Data Direction -------------------
[SYS]                  | Downlink           | Uplink
[SYS] CPlane Total     | 0x0000000000000000 | 0x0000000000000000
[SYS] CPlane OnTime    | 0x0000000000000000 | 0x0000000000000000
[SYS] CPlane Early     | 0x0000000000000000 | 0x0000000000000000
[SYS] CPlane Late      | 0x0000000000000000 | 0x0000000000000000
[SYS] CPlane Corrupt   | 0x0000000000000000 | 0x0000000000000000
[SYS] UPlane Total     | 0x0000000000000000 | 0x0000000000000000
[SYS] UPlane OnTime    | 0x0000000000000000 | N/A
[SYS] UPlane Ealry     | 0x0000000000000000 | N/A
[SYS] UPlane Late      | 0x0000000000000000 | N/A
[SYS] UPlane Corrupt   | 0x0000000000000000 | N/A
[SYS] Eth Pkt Good     | 0x0000082d         | 0x00001c70
[SYS] Eth Pkt Drop     | 0x00000000         | 0x00000000
[SYS] AXIQ status      | 0x00000303         | 0x00010101
[SYS] ------------------------ Tasks ---------------------------
[SYS]                  | UP         | CP         | RT
[SYS] Error            | 0x00000000 | 0x00000000 | 0x00000000
[SYS] Heartbeats       | 0x0304e328 | N/A        | N/A
[SYS] Counts           | 0x00000000 | N/A        | 0x00000000
[SYS] Drops            | 0x00000000 | N/A        | 0x00000000
[SYS] ------------------------ VSPAs ---------------------------
[SYS]                  | 0          | 1          | 2
[SYS] Error            | 0x00000000 | 0x00000000 | 0x00000000
[SYS] SYM WR           | 0x00000000 | N/A        | 0x00000002
[SYS] SYM RD           | 0x00000000 | N/A        | 0x00000002
[SYS] CMD WR           | 0x00000002 | 0x00000006 | 0x00000007
[SYS] CMD RD           | 0x00000002 | 0x00000006 | 0x00000007
[SYS] ------------------------ Info ----------------------------
[SYS]                  | Downlink           | Uplink
[SYS] RF / fine Gain   |     16 /   -0.5    | 0x42
[SYS] PwrAvg(dBFs/dBm) | N/A                | N/A
[SYS] PwrMax(dBFS)     | N/A                | N/A
[SYS] Showtime 123 seconds

[SYS] ------------------------ Data Direction -------------------
[SYS]                  | Downlink           | Uplink
[SYS] CPlane Total     | 0x0000000000000000 | 0x0000000000000000
[SYS] CPlane OnTime    | 0x0000000000000000 | 0x0000000000000000
[SYS] CPlane Early     | 0x0000000000000000 | 0x0000000000000000
[SYS] CPlane Late      | 0x0000000000000000 | 0x0000000000000000
[SYS] CPlane Corrupt   | 0x0000000000000000 | 0x0000000000000000
[SYS] UPlane Total     | 0x0000000000000000 | 0x0000000000000000
[SYS] UPlane OnTime    | 0x0000000000000000 | N/A
[SYS] UPlane Ealry     | 0x0000000000000000 | N/A
[SYS] UPlane Late      | 0x0000000000000000 | N/A
[SYS] UPlane Corrupt   | 0x0000000000000000 | N/A
[SYS] Eth Pkt Good     | 0x0000082f         | 0x00001c93
[SYS] Eth Pkt Drop     | 0x00000000         | 0x00000000
[SYS] AXIQ status      | 0x00000303         | 0x00010101
[SYS] ------------------------ Tasks ---------------------------
[SYS]                  | UP         | CP         | RT
[SYS] Error            | 0x00000000 | 0x00000000 | 0x00000000
[SYS] Heartbeats       | 0x030b1fe9 | N/A        | N/A
[SYS] Counts           | 0x00000000 | N/A        | 0x00000000
[SYS] Drops            | 0x00000000 | N/A        | 0x00000000
[SYS] ------------------------ VSPAs ---------------------------
[SYS]                  | 0          | 1          | 2
[SYS] Error            | 0x00000000 | 0x00000000 | 0x00000000
[SYS] SYM WR           | 0x00000000 | N/A        | 0x00000002
[SYS] SYM RD           | 0x00000000 | N/A        | 0x00000002
[SYS] CMD WR           | 0x00000002 | 0x00000006 | 0x00000007
[SYS] CMD RD           | 0x00000002 | 0x00000006 | 0x00000007
[SYS] ------------------------ Info ----------------------------
[SYS]                  | Downlink           | Uplink
[SYS] RF / fine Gain   |     16 /   -0.5    | 0x42
[SYS] PwrAvg(dBFs/dBm) | N/A                | N/A
[SYS] PwrMax(dBFS)     | N/A                | N/A
[SYS] Showtime 124 seconds

[SYS] ------------------------ Data Direction -------------------
[SYS]                  | Downlink           | Uplink
[SYS] CPlane Total     | 0x0000000000000000 | 0x0000000000000000
[SYS] CPlane OnTime    | 0x0000000000000000 | 0x0000000000000000
[SYS] CPlane Early     | 0x0000000000000000 | 0x0000000000000000
[SYS] CPlane Late      | 0x0000000000000000 | 0x0000000000000000
[SYS] CPlane Corrupt   | 0x0000000000000000 | 0x0000000000000000
[SYS] UPlane Total     | 0x0000000000000000 | 0x0000000000000000
[SYS] UPlane OnTime    | 0x0000000000000000 | N/A
[SYS] UPlane Ealry     | 0x0000000000000000 | N/A
[SYS] UPlane Late      | 0x0000000000000000 | N/A
[SYS] UPlane Corrupt   | 0x0000000000000000 | N/A
[SYS] Eth Pkt Good     | 0x00000830         | 0x00001cb7
[SYS] Eth Pkt Drop     | 0x00000000         | 0x00000000
[SYS] AXIQ status      | 0x00000303         | 0x00010101
[SYS] ------------------------ Tasks ---------------------------
[SYS]                  | UP         | CP         | RT
[SYS] Error            | 0x00000000 | 0x00000000 | 0x00000000
[SYS] Heartbeats       | 0x03115acf | N/A        | N/A
[SYS] Counts           | 0x00000000 | N/A        | 0x00000000
[SYS] Drops            | 0x00000000 | N/A        | 0x00000000
[SYS] ------------------------ VSPAs ---------------------------
[SYS]                  | 0          | 1          | 2
[SYS] Error            | 0x00000000 | 0x00000000 | 0x00000000
[SYS] SYM WR           | 0x00000000 | N/A        | 0x00000002
[SYS] SYM RD           | 0x00000000 | N/A        | 0x00000002
[SYS] CMD WR           | 0x00000002 | 0x00000006 | 0x00000007
[SYS] CMD RD           | 0x00000002 | 0x00000006 | 0x00000007
[SYS] ------------------------ Info ----------------------------
[SYS]                  | Downlink           | Uplink
[SYS] RF / fine Gain   |     16 /   -0.5    | 0x42
[SYS] PwrAvg(dBFs/dBm) | N/A                | N/A
[SYS] PwrMax(dBFS)     | N/A                | N/A
[SYS] Showtime 125 seconds

[SYS] ------------------------ Data Direction -------------------
[SYS]                  | Downlink           | Uplink
[SYS] CPlane Total     | 0x0000000000000000 | 0x0000000000000000
[SYS] CPlane OnTime    | 0x0000000000000000 | 0x0000000000000000
[SYS] CPlane Early     | 0x0000000000000000 | 0x0000000000000000
[SYS] CPlane Late      | 0x0000000000000000 | 0x0000000000000000
[SYS] CPlane Corrupt   | 0x0000000000000000 | 0x0000000000000000
[SYS] UPlane Total     | 0x0000000000000000 | 0x0000000000000000
[SYS] UPlane OnTime    | 0x0000000000000000 | N/A
[SYS] UPlane Ealry     | 0x0000000000000000 | N/A
[SYS] UPlane Late      | 0x0000000000000000 | N/A
[SYS] UPlane Corrupt   | 0x0000000000000000 | N/A
[SYS] Eth Pkt Good     | 0x00000831         | 0x00001cda
[SYS] Eth Pkt Drop     | 0x00000000         | 0x00000000
[SYS] AXIQ status      | 0x00000303         | 0x00010101
[SYS] ------------------------ Tasks ---------------------------
[SYS]                  | UP         | CP         | RT
[SYS] Error            | 0x00000000 | 0x00000000 | 0x00000000
[SYS] Heartbeats       | 0x031795cc | N/A        | N/A
[SYS] Counts           | 0x00000000 | N/A        | 0x00000000
[SYS] Drops            | 0x00000000 | N/A        | 0x00000000
[SYS] ------------------------ VSPAs ---------------------------
[SYS]                  | 0          | 1          | 2
[SYS] Error            | 0x00000000 | 0x00000000 | 0x00000000
[SYS] SYM WR           | 0x00000000 | N/A        | 0x00000002
[SYS] SYM RD           | 0x00000000 | N/A        | 0x00000002
[SYS] CMD WR           | 0x00000002 | 0x00000006 | 0x00000007
[SYS] CMD RD           | 0x00000002 | 0x00000006 | 0x00000007
[SYS] ------------------------ Info ----------------------------
[SYS]                  | Downlink           | Uplink
[SYS] RF / fine Gain   |     16 /   -0.5    | 0x42
[SYS] PwrAvg(dBFs/dBm) | N/A                | N/A
[SYS] PwrMax(dBFS)     | N/A                | N/A
[SYS] Showtime 126 seconds

[SYS] ------------------------ Data Direction -------------------
[SYS]                  | Downlink           | Uplink
[SYS] CPlane Total     | 0x0000000000000000 | 0x0000000000000000
[SYS] CPlane OnTime    | 0x0000000000000000 | 0x0000000000000000
[SYS] CPlane Early     | 0x0000000000000000 | 0x0000000000000000
[SYS] CPlane Late      | 0x0000000000000000 | 0x0000000000000000
[SYS] CPlane Corrupt   | 0x0000000000000000 | 0x0000000000000000
[SYS] UPlane Total     | 0x0000000000000000 | 0x0000000000000000
[SYS] UPlane OnTime    | 0x0000000000000000 | N/A
[SYS] UPlane Ealry     | 0x0000000000000000 | N/A
[SYS] UPlane Late      | 0x0000000000000000 | N/A
[SYS] UPlane Corrupt   | 0x0000000000000000 | N/A
[SYS] Eth Pkt Good     | 0x0000083f         | 0x00001d0a
[SYS] Eth Pkt Drop     | 0x00000000         | 0x00000000
[SYS] AXIQ status      | 0x00000303         | 0x00010101
[SYS] ------------------------ Tasks ---------------------------
[SYS]                  | UP         | CP         | RT
[SYS] Error            | 0x00000000 | 0x00000000 | 0x00000000
[SYS] Heartbeats       | 0x031dd38e | N/A        | N/A
[SYS] Counts           | 0x00000000 | N/A        | 0x00000000
[SYS] Drops            | 0x00000000 | N/A        | 0x00000000
[SYS] ------------------------ VSPAs ---------------------------
[SYS]                  | 0          | 1          | 2
[SYS] Error            | 0x00000000 | 0x00000000 | 0x00000000
[SYS] SYM WR           | 0x00000000 | N/A        | 0x00000002
[SYS] SYM RD           | 0x00000000 | N/A        | 0x00000002
[SYS] CMD WR           | 0x00000002 | 0x00000006 | 0x00000007
[SYS] CMD RD           | 0x00000002 | 0x00000006 | 0x00000007
[SYS] ------------------------ Info ----------------------------
[SYS]                  | Downlink           | Uplink
[SYS] RF / fine Gain   |     16 /   -0.5    | 0x42
[SYS] PwrAvg(dBFs/dBm) | N/A                | N/A
[SYS] PwrMax(dBFS)     | N/A                | N/A
[SYS] Showtime 127 seconds

[SYS] ------------------------ Data Direction -------------------
[SYS]                  | Downlink           | Uplink
[SYS] CPlane Total     | 0x0000000000000000 | 0x0000000000000000
[SYS] CPlane OnTime    | 0x0000000000000000 | 0x0000000000000000
[SYS] CPlane Early     | 0x0000000000000000 | 0x0000000000000000
[SYS] CPlane Late      | 0x0000000000000000 | 0x0000000000000000
[SYS] CPlane Corrupt   | 0x0000000000000000 | 0x0000000000000000
[SYS] UPlane Total     | 0x0000000000000000 | 0x0000000000000000
[SYS] UPlane OnTime    | 0x0000000000000000 | N/A
[SYS] UPlane Ealry     | 0x0000000000000000 | N/A
[SYS] UPlane Late      | 0x0000000000000000 | N/A
[SYS] UPlane Corrupt   | 0x0000000000000000 | N/A
[SYS] Eth Pkt Good     | 0x00000852         | 0x00001d3f
[SYS] Eth Pkt Drop     | 0x00000000         | 0x00000000
[SYS] AXIQ status      | 0x00000303         | 0x00010101
[SYS] ------------------------ Tasks ---------------------------
[SYS]                  | UP         | CP         | RT
[SYS] Error            | 0x00000000 | 0x00000000 | 0x00000000
[SYS] Heartbeats       | 0x03240e71 | N/A        | N/A
[SYS] Counts           | 0x00000000 | N/A        | 0x00000000
[SYS] Drops            | 0x00000000 | N/A        | 0x00000000
[SYS] ------------------------ VSPAs ---------------------------
[SYS]                  | 0          | 1          | 2
[SYS] Error            | 0x00000000 | 0x00000000 | 0x00000000
[SYS] SYM WR           | 0x00000000 | N/A        | 0x00000002
[SYS] SYM RD           | 0x00000000 | N/A        | 0x00000002
[SYS] CMD WR           | 0x00000002 | 0x00000006 | 0x00000007
[SYS] CMD RD           | 0x00000002 | 0x00000006 | 0x00000007
[SYS] ------------------------ Info ----------------------------
[SYS]                  | Downlink           | Uplink
[SYS] RF / fine Gain   |     16 /   -0.5    | 0x42
[SYS] PwrAvg(dBFs/dBm) | N/A                | N/A
[SYS] PwrMax(dBFS)     | N/A                | N/A
[SYS] Showtime 128 seconds

[SYS] ------------------------ Data Direction -------------------
[SYS]                  | Downlink           | Uplink
[SYS] CPlane Total     | 0x0000000000000000 | 0x0000000000000000
[SYS] CPlane OnTime    | 0x0000000000000000 | 0x0000000000000000
[SYS] CPlane Early     | 0x0000000000000000 | 0x0000000000000000
[SYS] CPlane Late      | 0x0000000000000000 | 0x0000000000000000
[SYS] CPlane Corrupt   | 0x0000000000000000 | 0x0000000000000000
[SYS] UPlane Total     | 0x0000000000000000 | 0x0000000000000000
[SYS] UPlane OnTime    | 0x0000000000000000 | N/A
[SYS] UPlane Ealry     | 0x0000000000000000 | N/A
[SYS] UPlane Late      | 0x0000000000000000 | N/A
[SYS] UPlane Corrupt   | 0x0000000000000000 | N/A
[SYS] Eth Pkt Good     | 0x00000854         | 0x00001d63
[SYS] Eth Pkt Drop     | 0x00000000         | 0x00000000
[SYS] AXIQ status      | 0x00000303         | 0x00010101
[SYS] ------------------------ Tasks ---------------------------
[SYS]                  | UP         | CP         | RT
[SYS] Error            | 0x00000000 | 0x00000000 | 0x00000000
[SYS] Heartbeats       | 0x032a4954 | N/A        | N/A
[SYS] Counts           | 0x00000000 | N/A        | 0x00000000
[SYS] Drops            | 0x00000000 | N/A        | 0x00000000
[SYS] ------------------------ VSPAs ---------------------------
[SYS]                  | 0          | 1          | 2
[SYS] Error            | 0x00000000 | 0x00000000 | 0x00000000
[SYS] SYM WR           | 0x00000000 | N/A        | 0x00000002
[SYS] SYM RD           | 0x00000000 | N/A        | 0x00000002
[SYS] CMD WR           | 0x00000002 | 0x00000006 | 0x00000007
[SYS] CMD RD           | 0x00000002 | 0x00000006 | 0x00000007
[SYS] ------------------------ Info ----------------------------
[SYS]                  | Downlink           | Uplink
[SYS] RF / fine Gain   |     16 /   -0.5    | 0x42
[SYS] PwrAvg(dBFs/dBm) | N/A                | N/A
[SYS] PwrMax(dBFS)     | N/A                | N/A
[SYS] Showtime 129 seconds

[SYS] ------------------------ Data Direction -------------------
[SYS]                  | Downlink           | Uplink
[SYS] CPlane Total     | 0x0000000000000000 | 0x0000000000000000
[SYS] CPlane OnTime    | 0x0000000000000000 | 0x0000000000000000
[SYS] CPlane Early     | 0x0000000000000000 | 0x0000000000000000
[SYS] CPlane Late      | 0x0000000000000000 | 0x0000000000000000
[SYS] CPlane Corrupt   | 0x0000000000000000 | 0x0000000000000000
[SYS] UPlane Total     | 0x0000000000000000 | 0x0000000000000000
[SYS] UPlane OnTime    | 0x0000000000000000 | N/A
[SYS] UPlane Ealry     | 0x0000000000000000 | N/A
[SYS] UPlane Late      | 0x0000000000000000 | N/A
[SYS] UPlane Corrupt   | 0x0000000000000000 | N/A
[SYS] Eth Pkt Good     | 0x00000855         | 0x00001d86
[SYS] Eth Pkt Drop     | 0x00000000         | 0x00000000
[SYS] AXIQ status      | 0x00000303         | 0x00010101
[SYS] ------------------------ Tasks ---------------------------
[SYS]                  | UP         | CP         | RT
[SYS] Error            | 0x00000000 | 0x00000000 | 0x00000000
[SYS] Heartbeats       | 0x033091a9 | N/A        | N/A
[SYS] Counts           | 0x00000000 | N/A        | 0x00000000
[SYS] Drops            | 0x00000000 | N/A        | 0x00000000
[SYS] ------------------------ VSPAs ---------------------------
[SYS]                  | 0          | 1          | 2
[SYS] Error            | 0x00000000 | 0x00000000 | 0x00000000
[SYS] SYM WR           | 0x00000000 | N/A        | 0x00000002
[SYS] SYM RD           | 0x00000000 | N/A        | 0x00000002
[SYS] CMD WR           | 0x00000002 | 0x00000006 | 0x00000007
[SYS] CMD RD           | 0x00000002 | 0x00000006 | 0x00000007
[SYS] ------------------------ Info ----------------------------
[SYS]                  | Downlink           | Uplink
[SYS] RF / fine Gain   |     16 /   -0.5    | 0x42
[SYS] PwrAvg(dBFs/dBm) | N/A                | N/A
[SYS] PwrMax(dBFS)     | N/A                | N/A
[SYS] Showtime 130 seconds

[SYS] ------------------------ Data Direction -------------------
[SYS]                  | Downlink           | Uplink
[SYS] CPlane Total     | 0x0000000000000000 | 0x0000000000000000
[SYS] CPlane OnTime    | 0x0000000000000000 | 0x0000000000000000
[SYS] CPlane Early     | 0x0000000000000000 | 0x0000000000000000
[SYS] CPlane Late      | 0x0000000000000000 | 0x0000000000000000
[SYS] CPlane Corrupt   | 0x0000000000000000 | 0x0000000000000000
[SYS] UPlane Total     | 0x0000000000000000 | 0x0000000000000000
[SYS] UPlane OnTime    | 0x0000000000000000 | N/A
[SYS] UPlane Ealry     | 0x0000000000000000 | N/A
[SYS] UPlane Late      | 0x0000000000000000 | N/A
[SYS] UPlane Corrupt   | 0x0000000000000000 | N/A
[SYS] Eth Pkt Good     | 0x00000857         | 0x00001da9
[SYS] Eth Pkt Drop     | 0x00000000         | 0x00000000
[SYS] AXIQ status      | 0x00000303         | 0x00010101
[SYS] ------------------------ Tasks ---------------------------
[SYS]                  | UP         | CP         | RT
[SYS] Error            | 0x00000000 | 0x00000000 | 0x00000000
[SYS] Heartbeats       | 0x0336cd45 | N/A        | N/A
[SYS] Counts           | 0x00000000 | N/A        | 0x00000000
[SYS] Drops            | 0x00000000 | N/A        | 0x00000000
[SYS] ------------------------ VSPAs ---------------------------
[SYS]                  | 0          | 1          | 2
[SYS] Error            | 0x00000000 | 0x00000000 | 0x00000000
[SYS] SYM WR           | 0x00000000 | N/A        | 0x00000002
[SYS] SYM RD           | 0x00000000 | N/A        | 0x00000002
[SYS] CMD WR           | 0x00000002 | 0x00000006 | 0x00000007
[SYS] CMD RD           | 0x00000002 | 0x00000006 | 0x00000007
[SYS] ------------------------ Info ----------------------------
[SYS]                  | Downlink           | Uplink
[SYS] RF / fine Gain   |     16 /   -0.5    | 0x42
[SYS] PwrAvg(dBFs/dBm) | N/A                | N/A
[SYS] PwrMax(dBFS)     | N/A                | N/A
[SYS] Showtime 131 seconds

[SYS] ------------------------ Data Direction -------------------
[SYS]                  | Downlink           | Uplink
[SYS] CPlane Total     | 0x0000000000000000 | 0x0000000000000000
[SYS] CPlane OnTime    | 0x0000000000000000 | 0x0000000000000000
[SYS] CPlane Early     | 0x0000000000000000 | 0x0000000000000000
[SYS] CPlane Late      | 0x0000000000000000 | 0x0000000000000000
[SYS] CPlane Corrupt   | 0x0000000000000000 | 0x0000000000000000
[SYS] UPlane Total     | 0x0000000000000000 | 0x0000000000000000
[SYS] UPlane OnTime    | 0x0000000000000000 | N/A
[SYS] UPlane Ealry     | 0x0000000000000000 | N/A
[SYS] UPlane Late      | 0x0000000000000000 | N/A
[SYS] UPlane Corrupt   | 0x0000000000000000 | N/A
[SYS] Eth Pkt Good     | 0x00000858         | 0x00001dcd
[SYS] Eth Pkt Drop     | 0x00000000         | 0x00000000
[SYS] AXIQ status      | 0x00000303         | 0x00010101
[SYS] ------------------------ Tasks ---------------------------
[SYS]                  | UP         | CP         | RT
[SYS] Error            | 0x00000000 | 0x00000000 | 0x00000000
[SYS] Heartbeats       | 0x033d082b | N/A        | N/A
[SYS] Counts           | 0x00000000 | N/A        | 0x00000000
[SYS] Drops            | 0x00000000 | N/A        | 0x00000000
[SYS] ------------------------ VSPAs ---------------------------
[SYS]                  | 0          | 1          | 2
[SYS] Error            | 0x00000000 | 0x00000000 | 0x00000000
[SYS] SYM WR           | 0x00000000 | N/A        | 0x00000002
[SYS] SYM RD           | 0x00000000 | N/A        | 0x00000002
[SYS] CMD WR           | 0x00000002 | 0x00000006 | 0x00000007
[SYS] CMD RD           | 0x00000002 | 0x00000006 | 0x00000007
[SYS] ------------------------ Info ----------------------------
[SYS]                  | Downlink           | Uplink
[SYS] RF / fine Gain   |     16 /   -0.5    | 0x42
[SYS] PwrAvg(dBFs/dBm) | N/A                | N/A
[SYS] PwrMax(dBFS)     | N/A                | N/A
[SYS] Showtime 132 seconds

[SYS] ------------------------ Data Direction -------------------
[SYS]                  | Downlink           | Uplink
[SYS] CPlane Total     | 0x0000000000000000 | 0x0000000000000000
[SYS] CPlane OnTime    | 0x0000000000000000 | 0x0000000000000000
[SYS] CPlane Early     | 0x0000000000000000 | 0x0000000000000000
[SYS] CPlane Late      | 0x0000000000000000 | 0x0000000000000000
[SYS] CPlane Corrupt   | 0x0000000000000000 | 0x0000000000000000
[SYS] UPlane Total     | 0x0000000000000000 | 0x0000000000000000
[SYS] UPlane OnTime    | 0x0000000000000000 | N/A
[SYS] UPlane Ealry     | 0x0000000000000000 | N/A
[SYS] UPlane Late      | 0x0000000000000000 | N/A
[SYS] UPlane Corrupt   | 0x0000000000000000 | N/A
[SYS] Eth Pkt Good     | 0x00000859         | 0x00001df0
[SYS] Eth Pkt Drop     | 0x00000000         | 0x00000000
[SYS] AXIQ status      | 0x00000303         | 0x00010101
[SYS] ------------------------ Tasks ---------------------------
[SYS]                  | UP         | CP         | RT
[SYS] Error            | 0x00000000 | 0x00000000 | 0x00000000
[SYS] Heartbeats       | 0x03434329 | N/A        | N/A
[SYS] Counts           | 0x00000000 | N/A        | 0x00000000
[SYS] Drops            | 0x00000000 | N/A        | 0x00000000
[SYS] ------------------------ VSPAs ---------------------------
[SYS]                  | 0          | 1          | 2
[SYS] Error            | 0x00000000 | 0x00000000 | 0x00000000
[SYS] SYM WR           | 0x00000000 | N/A        | 0x00000002
[SYS] SYM RD           | 0x00000000 | N/A        | 0x00000002
[SYS] CMD WR           | 0x00000002 | 0x00000006 | 0x00000007
[SYS] CMD RD           | 0x00000002 | 0x00000006 | 0x00000007
[SYS] ------------------------ Info ----------------------------
[SYS]                  | Downlink           | Uplink
[SYS] RF / fine Gain   |     16 /   -0.5    | 0x42
[SYS] PwrAvg(dBFs/dBm) | N/A                | N/A
[SYS] PwrMax(dBFS)     | N/A                | N/A
[SYS] Showtime 133 seconds

[SYS] ------------------------ Data Direction -------------------
[SYS]                  | Downlink           | Uplink
[SYS] CPlane Total     | 0x0000000000000000 | 0x0000000000000000
[SYS] CPlane OnTime    | 0x0000000000000000 | 0x0000000000000000
[SYS] CPlane Early     | 0x0000000000000000 | 0x0000000000000000
[SYS] CPlane Late      | 0x0000000000000000 | 0x0000000000000000
[SYS] CPlane Corrupt   | 0x0000000000000000 | 0x0000000000000000
[SYS] UPlane Total     | 0x0000000000000000 | 0x0000000000000000
[SYS] UPlane OnTime    | 0x0000000000000000 | N/A
[SYS] UPlane Ealry     | 0x0000000000000000 | N/A
[SYS] UPlane Late      | 0x0000000000000000 | N/A
[SYS] UPlane Corrupt   | 0x0000000000000000 | N/A
[SYS] Eth Pkt Good     | 0x0000085b         | 0x00001e14
[SYS] Eth Pkt Drop     | 0x00000000         | 0x00000000
[SYS] AXIQ status      | 0x00000303         | 0x00010101
[SYS] ------------------------ Tasks ---------------------------
[SYS]                  | UP         | CP         | RT
[SYS] Error            | 0x00000000 | 0x00000000 | 0x00000000
[SYS] Heartbeats       | 0x034980eb | N/A        | N/A
[SYS] Counts           | 0x00000000 | N/A        | 0x00000000
[SYS] Drops            | 0x00000000 | N/A        | 0x00000000
[SYS] ------------------------ VSPAs ---------------------------
[SYS]                  | 0          | 1          | 2
[SYS] Error            | 0x00000000 | 0x00000000 | 0x00000000
[SYS] SYM WR           | 0x00000000 | N/A        | 0x00000002
[SYS] SYM RD           | 0x00000000 | N/A        | 0x00000002
[SYS] CMD WR           | 0x00000002 | 0x00000006 | 0x00000007
[SYS] CMD RD           | 0x00000002 | 0x00000006 | 0x00000007
[SYS] ------------------------ Info ----------------------------
[SYS]                  | Downlink           | Uplink
[SYS] RF / fine Gain   |     16 /   -0.5    | 0x42
[SYS] PwrAvg(dBFs/dBm) | N/A                | N/A
[SYS] PwrMax(dBFS)     | N/A                | N/A
[SYS] Showtime 134 seconds

[SYS] ------------------------ Data Direction -------------------
[SYS]                  | Downlink           | Uplink
[SYS] CPlane Total     | 0x0000000000000000 | 0x0000000000000000
[SYS] CPlane OnTime    | 0x0000000000000000 | 0x0000000000000000
[SYS] CPlane Early     | 0x0000000000000000 | 0x0000000000000000
[SYS] CPlane Late      | 0x0000000000000000 | 0x0000000000000000
[SYS] CPlane Corrupt   | 0x0000000000000000 | 0x0000000000000000
[SYS] UPlane Total     | 0x0000000000000000 | 0x0000000000000000
[SYS] UPlane OnTime    | 0x0000000000000000 | N/A
[SYS] UPlane Ealry     | 0x0000000000000000 | N/A
[SYS] UPlane Late      | 0x0000000000000000 | N/A
[SYS] UPlane Corrupt   | 0x0000000000000000 | N/A
[SYS] Eth Pkt Good     | 0x0000085c         | 0x00001e37
[SYS] Eth Pkt Drop     | 0x00000000         | 0x00000000
[SYS] AXIQ status      | 0x00000303         | 0x00010101
[SYS] ------------------------ Tasks ---------------------------
[SYS]                  | UP         | CP         | RT
[SYS] Error            | 0x00000000 | 0x00000000 | 0x00000000
[SYS] Heartbeats       | 0x034fbbca | N/A        | N/A
[SYS] Counts           | 0x00000000 | N/A        | 0x00000000
[SYS] Drops            | 0x00000000 | N/A        | 0x00000000
[SYS] ------------------------ VSPAs ---------------------------
[SYS]                  | 0          | 1          | 2
[SYS] Error            | 0x00000000 | 0x00000000 | 0x00000000
[SYS] SYM WR           | 0x00000000 | N/A        | 0x00000002
[SYS] SYM RD           | 0x00000000 | N/A        | 0x00000002
[SYS] CMD WR           | 0x00000002 | 0x00000006 | 0x00000007
[SYS] CMD RD           | 0x00000002 | 0x00000006 | 0x00000007
[SYS] ------------------------ Info ----------------------------
[SYS]                  | Downlink           | Uplink
[SYS] RF / fine Gain   |     16 /   -0.5    | 0x42
[SYS] PwrAvg(dBFs/dBm) | N/A                | N/A
[SYS] PwrMax(dBFS)     | N/A                | N/A
[SYS] Showtime 135 seconds

[SYS] ------------------------ Data Direction -------------------
[SYS]                  | Downlink           | Uplink
[SYS] CPlane Total     | 0x0000000000000000 | 0x0000000000000000
[SYS] CPlane OnTime    | 0x0000000000000000 | 0x0000000000000000
[SYS] CPlane Early     | 0x0000000000000000 | 0x0000000000000000
[SYS] CPlane Late      | 0x0000000000000000 | 0x0000000000000000
[SYS] CPlane Corrupt   | 0x0000000000000000 | 0x0000000000000000
[SYS] UPlane Total     | 0x0000000000000000 | 0x0000000000000000
[SYS] UPlane OnTime    | 0x0000000000000000 | N/A
[SYS] UPlane Ealry     | 0x0000000000000000 | N/A
[SYS] UPlane Late      | 0x0000000000000000 | N/A
[SYS] UPlane Corrupt   | 0x0000000000000000 | N/A
[SYS] Eth Pkt Good     | 0x0000085d         | 0x00001e5a
[SYS] Eth Pkt Drop     | 0x00000000         | 0x00000000
[SYS] AXIQ status      | 0x00000303         | 0x00010101
[SYS] ------------------------ Tasks ---------------------------
[SYS]                  | UP         | CP         | RT
[SYS] Error            | 0x00000000 | 0x00000000 | 0x00000000
[SYS] Heartbeats       | 0x0355f6a2 | N/A        | N/A
[SYS] Counts           | 0x00000000 | N/A        | 0x00000000
[SYS] Drops            | 0x00000000 | N/A        | 0x00000000
[SYS] ------------------------ VSPAs ---------------------------
[SYS]                  | 0          | 1          | 2
[SYS] Error            | 0x00000000 | 0x00000000 | 0x00000000
[SYS] SYM WR           | 0x00000000 | N/A        | 0x00000002
[SYS] SYM RD           | 0x00000000 | N/A        | 0x00000002
[SYS] CMD WR           | 0x00000002 | 0x00000006 | 0x00000007
[SYS] CMD RD           | 0x00000002 | 0x00000006 | 0x00000007
[SYS] ------------------------ Info ----------------------------
[SYS]                  | Downlink           | Uplink
[SYS] RF / fine Gain   |     16 /   -0.5    | 0x42
[SYS] PwrAvg(dBFs/dBm) | N/A                | N/A
[SYS] PwrMax(dBFS)     | N/A                | N/A
[SYS] Showtime 136 seconds

[SYS] ------------------------ Data Direction -------------------
[SYS]                  | Downlink           | Uplink
[SYS] CPlane Total     | 0x0000000000000000 | 0x0000000000000000
[SYS] CPlane OnTime    | 0x0000000000000000 | 0x0000000000000000
[SYS] CPlane Early     | 0x0000000000000000 | 0x0000000000000000
[SYS] CPlane Late      | 0x0000000000000000 | 0x0000000000000000
[SYS] CPlane Corrupt   | 0x0000000000000000 | 0x0000000000000000
[SYS] UPlane Total     | 0x0000000000000000 | 0x0000000000000000
[SYS] UPlane OnTime    | 0x0000000000000000 | N/A
[SYS] UPlane Ealry     | 0x0000000000000000 | N/A
[SYS] UPlane Late      | 0x0000000000000000 | N/A
[SYS] UPlane Corrupt   | 0x0000000000000000 | N/A
[SYS] Eth Pkt Good     | 0x0000085f         | 0x00001e7e
[SYS] Eth Pkt Drop     | 0x00000000         | 0x00000000
[SYS] AXIQ status      | 0x00000303         | 0x00010101
[SYS] ------------------------ Tasks ---------------------------
[SYS]                  | UP         | CP         | RT
[SYS] Error            | 0x00000000 | 0x00000000 | 0x00000000
[SYS] Heartbeats       | 0x035c4025 | N/A        | N/A
[SYS] Counts           | 0x00000000 | N/A        | 0x00000000
[SYS] Drops            | 0x00000000 | N/A        | 0x00000000
[SYS] ------------------------ VSPAs ---------------------------
[SYS]                  | 0          | 1          | 2
[SYS] Error            | 0x00000000 | 0x00000000 | 0x00000000
[SYS] SYM WR           | 0x00000000 | N/A        | 0x00000002
[SYS] SYM RD           | 0x00000000 | N/A        | 0x00000002
[SYS] CMD WR           | 0x00000002 | 0x00000006 | 0x00000007
[SYS] CMD RD           | 0x00000002 | 0x00000006 | 0x00000007
[SYS] ------------------------ Info ----------------------------
[SYS]                  | Downlink           | Uplink
[SYS] RF / fine Gain   |     16 /   -0.5    | 0x42
[SYS] PwrAvg(dBFs/dBm) | N/A                | N/A
[SYS] PwrMax(dBFS)     | N/A                | N/A
[SYS] Showtime 137 seconds

[SYS] ------------------------ Data Direction -------------------
[SYS]                  | Downlink           | Uplink
[SYS] CPlane Total     | 0x0000000000000000 | 0x0000000000000000
[SYS] CPlane OnTime    | 0x0000000000000000 | 0x0000000000000000
[SYS] CPlane Early     | 0x0000000000000000 | 0x0000000000000000
[SYS] CPlane Late      | 0x0000000000000000 | 0x0000000000000000
[SYS] CPlane Corrupt   | 0x0000000000000000 | 0x0000000000000000
[SYS] UPlane Total     | 0x0000000000000000 | 0x0000000000000000
[SYS] UPlane OnTime    | 0x0000000000000000 | N/A
[SYS] UPlane Ealry     | 0x0000000000000000 | N/A
[SYS] UPlane Late      | 0x0000000000000000 | N/A
[SYS] UPlane Corrupt   | 0x0000000000000000 | N/A
[SYS] Eth Pkt Good     | 0x00000860         | 0x00001ea1
[SYS] Eth Pkt Drop     | 0x00000000         | 0x00000000
[SYS] AXIQ status      | 0x00000303         | 0x00010101
[SYS] ------------------------ Tasks ---------------------------
[SYS]                  | UP         | CP         | RT
[SYS] Error            | 0x00000000 | 0x00000000 | 0x00000000
[SYS] Heartbeats       | 0x03627a92 | N/A        | N/A
[SYS] Counts           | 0x00000000 | N/A        | 0x00000000
[SYS] Drops            | 0x00000000 | N/A        | 0x00000000
[SYS] ------------------------ VSPAs ---------------------------
[SYS]                  | 0          | 1          | 2
[SYS] Error            | 0x00000000 | 0x00000000 | 0x00000000
[SYS] SYM WR           | 0x00000000 | N/A        | 0x00000002
[SYS] SYM RD           | 0x00000000 | N/A        | 0x00000002
[SYS] CMD WR           | 0x00000002 | 0x00000006 | 0x00000007
[SYS] CMD RD           | 0x00000002 | 0x00000006 | 0x00000007
[SYS] ------------------------ Info ----------------------------
[SYS]                  | Downlink           | Uplink
[SYS] RF / fine Gain   |     16 /   -0.5    | 0x42
[SYS] PwrAvg(dBFs/dBm) | N/A                | N/A
[SYS] PwrMax(dBFS)     | N/A                | N/A
[SYS] Showtime 138 seconds

[SYS] ------------------------ Data Direction -------------------
[SYS]                  | Downlink           | Uplink
[SYS] CPlane Total     | 0x0000000000000000 | 0x0000000000000000
[SYS] CPlane OnTime    | 0x0000000000000000 | 0x0000000000000000
[SYS] CPlane Early     | 0x0000000000000000 | 0x0000000000000000
[SYS] CPlane Late      | 0x0000000000000000 | 0x0000000000000000
[SYS] CPlane Corrupt   | 0x0000000000000000 | 0x0000000000000000
[SYS] UPlane Total     | 0x0000000000000000 | 0x0000000000000000
[SYS] UPlane OnTime    | 0x0000000000000000 | N/A
[SYS] UPlane Ealry     | 0x0000000000000000 | N/A
[SYS] UPlane Late      | 0x0000000000000000 | N/A
[SYS] UPlane Corrupt   | 0x0000000000000000 | N/A
[SYS] Eth Pkt Good     | 0x00000862         | 0x00001ec5
[SYS] Eth Pkt Drop     | 0x00000000         | 0x00000000
[SYS] AXIQ status      | 0x00000303         | 0x00010101
[SYS] ------------------------ Tasks ---------------------------
[SYS]                  | UP         | CP         | RT
[SYS] Error            | 0x00000000 | 0x00000000 | 0x00000000
[SYS] Heartbeats       | 0x0368b575 | N/A        | N/A
[SYS] Counts           | 0x00000000 | N/A        | 0x00000000
[SYS] Drops            | 0x00000000 | N/A        | 0x00000000
[SYS] ------------------------ VSPAs ---------------------------
[SYS]                  | 0          | 1          | 2
[SYS] Error            | 0x00000000 | 0x00000000 | 0x00000000
[SYS] SYM WR           | 0x00000000 | N/A        | 0x00000002
[SYS] SYM RD           | 0x00000000 | N/A        | 0x00000002
[SYS] CMD WR           | 0x00000002 | 0x00000006 | 0x00000007
[SYS] CMD RD           | 0x00000002 | 0x00000006 | 0x00000007
[SYS] ------------------------ Info ----------------------------
[SYS]                  | Downlink           | Uplink
[SYS] RF / fine Gain   |     16 /   -0.5    | 0x42
[SYS] PwrAvg(dBFs/dBm) | N/A                | N/A
[SYS] PwrMax(dBFS)     | N/A                | N/A
[SYS] Showtime 139 seconds

[SYS] ------------------------ Data Direction -------------------
[SYS]                  | Downlink           | Uplink
[SYS] CPlane Total     | 0x0000000000000000 | 0x0000000000000000
[SYS] CPlane OnTime    | 0x0000000000000000 | 0x0000000000000000
[SYS] CPlane Early     | 0x0000000000000000 | 0x0000000000000000
[SYS] CPlane Late      | 0x0000000000000000 | 0x0000000000000000
[SYS] CPlane Corrupt   | 0x0000000000000000 | 0x0000000000000000
[SYS] UPlane Total     | 0x0000000000000000 | 0x0000000000000000
[SYS] UPlane OnTime    | 0x0000000000000000 | N/A
[SYS] UPlane Ealry     | 0x0000000000000000 | N/A
[SYS] UPlane Late      | 0x0000000000000000 | N/A
[SYS] UPlane Corrupt   | 0x0000000000000000 | N/A
[SYS] Eth Pkt Good     | 0x00000863         | 0x00001ee8
[SYS] Eth Pkt Drop     | 0x00000000         | 0x00000000
[SYS] AXIQ status      | 0x00000303         | 0x00010101
[SYS] ------------------------ Tasks ---------------------------
[SYS]                  | UP         | CP         | RT
[SYS] Error            | 0x00000000 | 0x00000000 | 0x00000000
[SYS] Heartbeats       | 0x036ef074 | N/A        | N/A
[SYS] Counts           | 0x00000000 | N/A        | 0x00000000
[SYS] Drops            | 0x00000000 | N/A        | 0x00000000
[SYS] ------------------------ VSPAs ---------------------------
[SYS]                  | 0          | 1          | 2
[SYS] Error            | 0x00000000 | 0x00000000 | 0x00000000
[SYS] SYM WR           | 0x00000000 | N/A        | 0x00000002
[SYS] SYM RD           | 0x00000000 | N/A        | 0x00000002
[SYS] CMD WR           | 0x00000002 | 0x00000006 | 0x00000007
[SYS] CMD RD           | 0x00000002 | 0x00000006 | 0x00000007
[SYS] ------------------------ Info ----------------------------
[SYS]                  | Downlink           | Uplink
[SYS] RF / fine Gain   |     16 /   -0.5    | 0x42
[SYS] PwrAvg(dBFs/dBm) | N/A                | N/A
[SYS] PwrMax(dBFS)     | N/A                | N/A
[SYS] Showtime 140 seconds

[SYS] ------------------------ Data Direction -------------------
[SYS]                  | Downlink           | Uplink
[SYS] CPlane Total     | 0x0000000000000000 | 0x0000000000000000
[SYS] CPlane OnTime    | 0x0000000000000000 | 0x0000000000000000
[SYS] CPlane Early     | 0x0000000000000000 | 0x0000000000000000
[SYS] CPlane Late      | 0x0000000000000000 | 0x0000000000000000
[SYS] CPlane Corrupt   | 0x0000000000000000 | 0x0000000000000000
[SYS] UPlane Total     | 0x0000000000000000 | 0x0000000000000000
[SYS] UPlane OnTime    | 0x0000000000000000 | N/A
[SYS] UPlane Ealry     | 0x0000000000000000 | N/A
[SYS] UPlane Late      | 0x0000000000000000 | N/A
[SYS] UPlane Corrupt   | 0x0000000000000000 | N/A
[SYS] Eth Pkt Good     | 0x00000883         | 0x00001f2a
[SYS] Eth Pkt Drop     | 0x00000000         | 0x00000000
[SYS] AXIQ status      | 0x00000303         | 0x00010101
[SYS] ------------------------ Tasks ---------------------------
[SYS]                  | UP         | CP         | RT
[SYS] Error            | 0x00000000 | 0x00000000 | 0x00000000
[SYS] Heartbeats       | 0x03752e34 | N/A        | N/A
[SYS] Counts           | 0x00000000 | N/A        | 0x00000000
[SYS] Drops            | 0x00000000 | N/A        | 0x00000000
[SYS] ------------------------ VSPAs ---------------------------
[SYS]                  | 0          | 1          | 2
[SYS] Error            | 0x00000000 | 0x00000000 | 0x00000000
[SYS] SYM WR           | 0x00000000 | N/A        | 0x00000002
[SYS] SYM RD           | 0x00000000 | N/A        | 0x00000002
[SYS] CMD WR           | 0x00000002 | 0x00000006 | 0x00000007
[SYS] CMD RD           | 0x00000002 | 0x00000006 | 0x00000007
[SYS] ------------------------ Info ----------------------------
[SYS]                  | Downlink           | Uplink
[SYS] RF / fine Gain   |     16 /   -0.5    | 0x42
[SYS] PwrAvg(dBFs/dBm) | N/A                | N/A
[SYS] PwrMax(dBFS)     | N/A                | N/A
[SYS] Showtime 141 seconds

[SYS] ------------------------ Data Direction -------------------
[SYS]                  | Downlink           | Uplink
[SYS] CPlane Total     | 0x0000000000000000 | 0x0000000000000000
[SYS] CPlane OnTime    | 0x0000000000000000 | 0x0000000000000000
[SYS] CPlane Early     | 0x0000000000000000 | 0x0000000000000000
[SYS] CPlane Late      | 0x0000000000000000 | 0x0000000000000000
[SYS] CPlane Corrupt   | 0x0000000000000000 | 0x0000000000000000
[SYS] UPlane Total     | 0x0000000000000000 | 0x0000000000000000
[SYS] UPlane OnTime    | 0x0000000000000000 | N/A
[SYS] UPlane Ealry     | 0x0000000000000000 | N/A
[SYS] UPlane Late      | 0x0000000000000000 | N/A
[SYS] UPlane Corrupt   | 0x0000000000000000 | N/A
[SYS] Eth Pkt Good     | 0x00000884         | 0x00001f4d
[SYS] Eth Pkt Drop     | 0x00000000         | 0x00000000
[SYS] AXIQ status      | 0x00000303         | 0x00010101
[SYS] ------------------------ Tasks ---------------------------
[SYS]                  | UP         | CP         | RT
[SYS] Error            | 0x00000000 | 0x00000000 | 0x00000000
[SYS] Heartbeats       | 0x037b6912 | N/A        | N/A
[SYS] Counts           | 0x00000000 | N/A        | 0x00000000
[SYS] Drops            | 0x00000000 | N/A        | 0x00000000
[SYS] ------------------------ VSPAs ---------------------------
[SYS]                  | 0          | 1          | 2
[SYS] Error            | 0x00000000 | 0x00000000 | 0x00000000
[SYS] SYM WR           | 0x00000000 | N/A        | 0x00000002
[SYS] SYM RD           | 0x00000000 | N/A        | 0x00000002
[SYS] CMD WR           | 0x00000002 | 0x00000006 | 0x00000007
[SYS] CMD RD           | 0x00000002 | 0x00000006 | 0x00000007
[SYS] ------------------------ Info ----------------------------
[SYS]                  | Downlink           | Uplink
[SYS] RF / fine Gain   |     16 /   -0.5    | 0x42
[SYS] PwrAvg(dBFs/dBm) | N/A                | N/A
[SYS] PwrMax(dBFS)     | N/A                | N/A
[SYS] Showtime 142 seconds

[SYS] ------------------------ Data Direction -------------------
[SYS]                  | Downlink           | Uplink
[SYS] CPlane Total     | 0x0000000000000000 | 0x0000000000000000
[SYS] CPlane OnTime    | 0x0000000000000000 | 0x0000000000000000
[SYS] CPlane Early     | 0x0000000000000000 | 0x0000000000000000
[SYS] CPlane Late      | 0x0000000000000000 | 0x0000000000000000
[SYS] CPlane Corrupt   | 0x0000000000000000 | 0x0000000000000000
[SYS] UPlane Total     | 0x0000000000000000 | 0x0000000000000000
[SYS] UPlane OnTime    | 0x0000000000000000 | N/A
[SYS] UPlane Ealry     | 0x0000000000000000 | N/A
[SYS] UPlane Late      | 0x0000000000000000 | N/A
[SYS] UPlane Corrupt   | 0x0000000000000000 | N/A
[SYS] Eth Pkt Good     | 0x00000885         | 0x00001f70
[SYS] Eth Pkt Drop     | 0x00000000         | 0x00000000
[SYS] AXIQ status      | 0x00000303         | 0x00010101
[SYS] ------------------------ Tasks ---------------------------
[SYS]                  | UP         | CP         | RT
[SYS] Error            | 0x00000000 | 0x00000000 | 0x00000000
[SYS] Heartbeats       | 0x0381a3f0 | N/A        | N/A
[SYS] Counts           | 0x00000000 | N/A        | 0x00000000
[SYS] Drops            | 0x00000000 | N/A        | 0x00000000
[SYS] ------------------------ VSPAs ---------------------------
[SYS]                  | 0          | 1          | 2
[SYS] Error            | 0x00000000 | 0x00000000 | 0x00000000
[SYS] SYM WR           | 0x00000000 | N/A        | 0x00000002
[SYS] SYM RD           | 0x00000000 | N/A        | 0x00000002
[SYS] CMD WR           | 0x00000002 | 0x00000006 | 0x00000007
[SYS] CMD RD           | 0x00000002 | 0x00000006 | 0x00000007
[SYS] ------------------------ Info ----------------------------
[SYS]                  | Downlink           | Uplink
[SYS] RF / fine Gain   |     16 /   -0.5    | 0x42
[SYS] PwrAvg(dBFs/dBm) | N/A                | N/A
[SYS] PwrMax(dBFS)     | N/A                | N/A
[SYS] Showtime 143 seconds

[SYS] ------------------------ Data Direction -------------------
[SYS]                  | Downlink           | Uplink
[SYS] CPlane Total     | 0x0000000000000000 | 0x0000000000000000
[SYS] CPlane OnTime    | 0x0000000000000000 | 0x0000000000000000
[SYS] CPlane Early     | 0x0000000000000000 | 0x0000000000000000
[SYS] CPlane Late      | 0x0000000000000000 | 0x0000000000000000
[SYS] CPlane Corrupt   | 0x0000000000000000 | 0x0000000000000000
[SYS] UPlane Total     | 0x0000000000000000 | 0x0000000000000000
[SYS] UPlane OnTime    | 0x0000000000000000 | N/A
[SYS] UPlane Ealry     | 0x0000000000000000 | N/A
[SYS] UPlane Late      | 0x0000000000000000 | N/A
[SYS] UPlane Corrupt   | 0x0000000000000000 | N/A
[SYS] Eth Pkt Good     | 0x00000887         | 0x00001f94
[SYS] Eth Pkt Drop     | 0x00000000         | 0x00000000
[SYS] AXIQ status      | 0x00000303         | 0x00010101
[SYS] ------------------------ Tasks ---------------------------
[SYS]                  | UP         | CP         | RT
[SYS] Error            | 0x00000000 | 0x00000000 | 0x00000000
[SYS] Heartbeats       | 0x0387e1c3 | N/A        | N/A
[SYS] Counts           | 0x00000000 | N/A        | 0x00000000
[SYS] Drops            | 0x00000000 | N/A        | 0x00000000
[SYS] ------------------------ VSPAs ---------------------------
[SYS]                  | 0          | 1          | 2
[SYS] Error            | 0x00000000 | 0x00000000 | 0x00000000
[SYS] SYM WR           | 0x00000000 | N/A        | 0x00000002
[SYS] SYM RD           | 0x00000000 | N/A        | 0x00000002
[SYS] CMD WR           | 0x00000002 | 0x00000006 | 0x00000007
[SYS] CMD RD           | 0x00000002 | 0x00000006 | 0x00000007
[SYS] ------------------------ Info ----------------------------
[SYS]                  | Downlink           | Uplink
[SYS] RF / fine Gain   |     16 /   -0.5    | 0x42
[SYS] PwrAvg(dBFs/dBm) | N/A                | N/A
[SYS] PwrMax(dBFS)     | N/A                | N/A
[SYS] Showtime 144 seconds

[SYS] ------------------------ Data Direction -------------------
[SYS]                  | Downlink           | Uplink
[SYS] CPlane Total     | 0x0000000000000000 | 0x0000000000000000
[SYS] CPlane OnTime    | 0x0000000000000000 | 0x0000000000000000
[SYS] CPlane Early     | 0x0000000000000000 | 0x0000000000000000
[SYS] CPlane Late      | 0x0000000000000000 | 0x0000000000000000
[SYS] CPlane Corrupt   | 0x0000000000000000 | 0x0000000000000000
[SYS] UPlane Total     | 0x0000000000000000 | 0x0000000000000000
[SYS] UPlane OnTime    | 0x0000000000000000 | N/A
[SYS] UPlane Ealry     | 0x0000000000000000 | N/A
[SYS] UPlane Late      | 0x0000000000000000 | N/A
[SYS] UPlane Corrupt   | 0x0000000000000000 | N/A
[SYS] Eth Pkt Good     | 0x00000888         | 0x00001fb7
[SYS] Eth Pkt Drop     | 0x00000000         | 0x00000000
[SYS] AXIQ status      | 0x00000303         | 0x00010101
[SYS] ------------------------ Tasks ---------------------------
[SYS]                  | UP         | CP         | RT
[SYS] Error            | 0x00000000 | 0x00000000 | 0x00000000
[SYS] Heartbeats       | 0x038e1cab | N/A        | N/A
[SYS] Counts           | 0x00000000 | N/A        | 0x00000000
[SYS] Drops            | 0x00000000 | N/A        | 0x00000000
[SYS] ------------------------ VSPAs ---------------------------
[SYS]                  | 0          | 1          | 2
[SYS] Error            | 0x00000000 | 0x00000000 | 0x00000000
[SYS] SYM WR           | 0x00000000 | N/A        | 0x00000002
[SYS] SYM RD           | 0x00000000 | N/A        | 0x00000002
[SYS] CMD WR           | 0x00000002 | 0x00000006 | 0x00000007
[SYS] CMD RD           | 0x00000002 | 0x00000006 | 0x00000007
[SYS] ------------------------ Info ----------------------------
[SYS]                  | Downlink           | Uplink
[SYS] RF / fine Gain   |     16 /   -0.5    | 0x42
[SYS] PwrAvg(dBFs/dBm) | N/A                | N/A
[SYS] PwrMax(dBFS)     | N/A                | N/A
[SYS] Showtime 145 seconds

[SYS] ------------------------ Data Direction -------------------
[SYS]                  | Downlink           | Uplink
[SYS] CPlane Total     | 0x0000000000000000 | 0x0000000000000000
[SYS] CPlane OnTime    | 0x0000000000000000 | 0x0000000000000000
[SYS] CPlane Early     | 0x0000000000000000 | 0x0000000000000000
[SYS] CPlane Late      | 0x0000000000000000 | 0x0000000000000000
[SYS] CPlane Corrupt   | 0x0000000000000000 | 0x0000000000000000
[SYS] UPlane Total     | 0x0000000000000000 | 0x0000000000000000
[SYS] UPlane OnTime    | 0x0000000000000000 | N/A
[SYS] UPlane Ealry     | 0x0000000000000000 | N/A
[SYS] UPlane Late      | 0x0000000000000000 | N/A
[SYS] UPlane Corrupt   | 0x0000000000000000 | N/A
[SYS] Eth Pkt Good     | 0x0000088a         | 0x00001fdb
[SYS] Eth Pkt Drop     | 0x00000000         | 0x00000000
[SYS] AXIQ status      | 0x00000303         | 0x00010101
[SYS] ------------------------ Tasks ---------------------------
[SYS]                  | UP         | CP         | RT
[SYS] Error            | 0x00000000 | 0x00000000 | 0x00000000
[SYS] Heartbeats       | 0x0394578f | N/A        | N/A
[SYS] Counts           | 0x00000000 | N/A        | 0x00000000
[SYS] Drops            | 0x00000000 | N/A        | 0x00000000
[SYS] ------------------------ VSPAs ---------------------------
[SYS]                  | 0          | 1          | 2
[SYS] Error            | 0x00000000 | 0x00000000 | 0x00000000
[SYS] SYM WR           | 0x00000000 | N/A        | 0x00000002
[SYS] SYM RD           | 0x00000000 | N/A        | 0x00000002
[SYS] CMD WR           | 0x00000002 | 0x00000006 | 0x00000007
[SYS] CMD RD           | 0x00000002 | 0x00000006 | 0x00000007
[SYS] ------------------------ Info ----------------------------
[SYS]                  | Downlink           | Uplink
[SYS] RF / fine Gain   |     16 /   -0.5    | 0x42
[SYS] PwrAvg(dBFs/dBm) | N/A                | N/A
[SYS] PwrMax(dBFS)     | N/A                | N/A
[SYS] Showtime 146 seconds

[SYS] ------------------------ Data Direction -------------------
[SYS]                  | Downlink           | Uplink
[SYS] CPlane Total     | 0x0000000000000000 | 0x0000000000000000
[SYS] CPlane OnTime    | 0x0000000000000000 | 0x0000000000000000
[SYS] CPlane Early     | 0x0000000000000000 | 0x0000000000000000
[SYS] CPlane Late      | 0x0000000000000000 | 0x0000000000000000
[SYS] CPlane Corrupt   | 0x0000000000000000 | 0x0000000000000000
[SYS] UPlane Total     | 0x0000000000000000 | 0x0000000000000000
[SYS] UPlane OnTime    | 0x0000000000000000 | N/A
[SYS] UPlane Ealry     | 0x0000000000000000 | N/A
[SYS] UPlane Late      | 0x0000000000000000 | N/A
[SYS] UPlane Corrupt   | 0x0000000000000000 | N/A
[SYS] Eth Pkt Good     | 0x0000088b         | 0x00001ffe
[SYS] Eth Pkt Drop     | 0x00000000         | 0x00000000
[SYS] AXIQ status      | 0x00000303         | 0x00010101
[SYS] ------------------------ Tasks ---------------------------
[SYS]                  | UP         | CP         | RT
[SYS] Error            | 0x00000000 | 0x00000000 | 0x00000000
[SYS] Heartbeats       | 0x039a9293 | N/A        | N/A
[SYS] Counts           | 0x00000000 | N/A        | 0x00000000
[SYS] Drops            | 0x00000000 | N/A        | 0x00000000
[SYS] ------------------------ VSPAs ---------------------------
[SYS]                  | 0          | 1          | 2
[SYS] Error            | 0x00000000 | 0x00000000 | 0x00000000
[SYS] SYM WR           | 0x00000000 | N/A        | 0x00000002
[SYS] SYM RD           | 0x00000000 | N/A        | 0x00000002
[SYS] CMD WR           | 0x00000002 | 0x00000006 | 0x00000007
[SYS] CMD RD           | 0x00000002 | 0x00000006 | 0x00000007
[SYS] ------------------------ Info ----------------------------
[SYS]                  | Downlink           | Uplink
[SYS] RF / fine Gain   |     16 /   -0.5    | 0x42
[SYS] PwrAvg(dBFs/dBm) | N/A                | N/A
[SYS] PwrMax(dBFS)     | N/A                | N/A
[SYS] Showtime 147 seconds

[SYS] ------------------------ Data Direction -------------------
[SYS]                  | Downlink           | Uplink
[SYS] CPlane Total     | 0x0000000000000000 | 0x0000000000000000
[SYS] CPlane OnTime    | 0x0000000000000000 | 0x0000000000000000
[SYS] CPlane Early     | 0x0000000000000000 | 0x0000000000000000
[SYS] CPlane Late      | 0x0000000000000000 | 0x0000000000000000
[SYS] CPlane Corrupt   | 0x0000000000000000 | 0x0000000000000000
[SYS] UPlane Total     | 0x0000000000000000 | 0x0000000000000000
[SYS] UPlane OnTime    | 0x0000000000000000 | N/A
[SYS] UPlane Ealry     | 0x0000000000000000 | N/A
[SYS] UPlane Late      | 0x0000000000000000 | N/A
[SYS] UPlane Corrupt   | 0x0000000000000000 | N/A
[SYS] Eth Pkt Good     | 0x0000088d         | 0x00002022
[SYS] Eth Pkt Drop     | 0x00000000         | 0x00000000
[SYS] AXIQ status      | 0x00000303         | 0x00010101
[SYS] ------------------------ Tasks ---------------------------
[SYS]                  | UP         | CP         | RT
[SYS] Error            | 0x00000000 | 0x00000000 | 0x00000000
[SYS] Heartbeats       | 0x03a0d051 | N/A        | N/A
[SYS] Counts           | 0x00000000 | N/A        | 0x00000000
[SYS] Drops            | 0x00000000 | N/A        | 0x00000000
[SYS] ------------------------ VSPAs ---------------------------
[SYS]                  | 0          | 1          | 2
[SYS] Error            | 0x00000000 | 0x00000000 | 0x00000000
[SYS] SYM WR           | 0x00000000 | N/A        | 0x00000002
[SYS] SYM RD           | 0x00000000 | N/A        | 0x00000002
[SYS] CMD WR           | 0x00000002 | 0x00000006 | 0x00000007
[SYS] CMD RD           | 0x00000002 | 0x00000006 | 0x00000007
[SYS] ------------------------ Info ----------------------------
[SYS]                  | Downlink           | Uplink
[SYS] RF / fine Gain   |     16 /   -0.5    | 0x42
[SYS] PwrAvg(dBFs/dBm) | N/A                | N/A
[SYS] PwrMax(dBFS)     | N/A                | N/A
[SYS] Showtime 148 seconds

[SYS] ------------------------ Data Direction -------------------
[SYS]                  | Downlink           | Uplink
[SYS] CPlane Total     | 0x0000000000000000 | 0x0000000000000000
[SYS] CPlane OnTime    | 0x0000000000000000 | 0x0000000000000000
[SYS] CPlane Early     | 0x0000000000000000 | 0x0000000000000000
[SYS] CPlane Late      | 0x0000000000000000 | 0x0000000000000000
[SYS] CPlane Corrupt   | 0x0000000000000000 | 0x0000000000000000
[SYS] UPlane Total     | 0x0000000000000000 | 0x0000000000000000
[SYS] UPlane OnTime    | 0x0000000000000000 | N/A
[SYS] UPlane Ealry     | 0x0000000000000000 | N/A
[SYS] UPlane Late      | 0x0000000000000000 | N/A
[SYS] UPlane Corrupt   | 0x0000000000000000 | N/A
[SYS] Eth Pkt Good     | 0x0000088e         | 0x00002045
[SYS] Eth Pkt Drop     | 0x00000000         | 0x00000000
[SYS] AXIQ status      | 0x00000303         | 0x00010101
[SYS] ------------------------ Tasks ---------------------------
[SYS]                  | UP         | CP         | RT
[SYS] Error            | 0x00000000 | 0x00000000 | 0x00000000
[SYS] Heartbeats       | 0x03a70b2f | N/A        | N/A
[SYS] Counts           | 0x00000000 | N/A        | 0x00000000
[SYS] Drops            | 0x00000000 | N/A        | 0x00000000
[SYS] ------------------------ VSPAs ---------------------------
[SYS]                  | 0          | 1          | 2
[SYS] Error            | 0x00000000 | 0x00000000 | 0x00000000
[SYS] SYM WR           | 0x00000000 | N/A        | 0x00000002
[SYS] SYM RD           | 0x00000000 | N/A        | 0x00000002
[SYS] CMD WR           | 0x00000002 | 0x00000006 | 0x00000007
[SYS] CMD RD           | 0x00000002 | 0x00000006 | 0x00000007
[SYS] ------------------------ Info ----------------------------
[SYS]                  | Downlink           | Uplink
[SYS] RF / fine Gain   |     16 /   -0.5    | 0x42
[SYS] PwrAvg(dBFs/dBm) | N/A                | N/A
[SYS] PwrMax(dBFS)     | N/A                | N/A
[SYS] Showtime 149 seconds

[SYS] ------------------------ Data Direction -------------------
[SYS]                  | Downlink           | Uplink
[SYS] CPlane Total     | 0x0000000000000000 | 0x0000000000000000
[SYS] CPlane OnTime    | 0x0000000000000000 | 0x0000000000000000
[SYS] CPlane Early     | 0x0000000000000000 | 0x0000000000000000
[SYS] CPlane Late      | 0x0000000000000000 | 0x0000000000000000
[SYS] CPlane Corrupt   | 0x0000000000000000 | 0x0000000000000000
[SYS] UPlane Total     | 0x0000000000000000 | 0x0000000000000000
[SYS] UPlane OnTime    | 0x0000000000000000 | N/A
[SYS] UPlane Ealry     | 0x0000000000000000 | N/A
[SYS] UPlane Late      | 0x0000000000000000 | N/A
[SYS] UPlane Corrupt   | 0x0000000000000000 | N/A
[SYS] Eth Pkt Good     | 0x0000088f         | 0x00002068
[SYS] Eth Pkt Drop     | 0x00000000         | 0x00000000
[SYS] AXIQ status      | 0x00000303         | 0x00010101
[SYS] ------------------------ Tasks ---------------------------
[SYS]                  | UP         | CP         | RT
[SYS] Error            | 0x00000000 | 0x00000000 | 0x00000000
[SYS] Heartbeats       | 0x03ad4603 | N/A        | N/A
[SYS] Counts           | 0x00000000 | N/A        | 0x00000000
[SYS] Drops            | 0x00000000 | N/A        | 0x00000000
[SYS] ------------------------ VSPAs ---------------------------
[SYS]                  | 0          | 1          | 2
[SYS] Error            | 0x00000000 | 0x00000000 | 0x00000000
[SYS] SYM WR           | 0x00000000 | N/A        | 0x00000002
[SYS] SYM RD           | 0x00000000 | N/A        | 0x00000002
[SYS] CMD WR           | 0x00000002 | 0x00000006 | 0x00000007
[SYS] CMD RD           | 0x00000002 | 0x00000006 | 0x00000007
[SYS] ------------------------ Info ----------------------------
[SYS]                  | Downlink           | Uplink
[SYS] RF / fine Gain   |     16 /   -0.5    | 0x42
[SYS] PwrAvg(dBFs/dBm) | N/A                | N/A
[SYS] PwrMax(dBFS)     | N/A                | N/A
[SYS] Showtime 150 seconds

[SYS] ------------------------ Data Direction -------------------
[SYS]                  | Downlink           | Uplink
[SYS] CPlane Total     | 0x0000000000000000 | 0x0000000000000000
[SYS] CPlane OnTime    | 0x0000000000000000 | 0x0000000000000000
[SYS] CPlane Early     | 0x0000000000000000 | 0x0000000000000000
[SYS] CPlane Late      | 0x0000000000000000 | 0x0000000000000000
[SYS] CPlane Corrupt   | 0x0000000000000000 | 0x0000000000000000
[SYS] UPlane Total     | 0x0000000000000000 | 0x0000000000000000
[SYS] UPlane OnTime    | 0x0000000000000000 | N/A
[SYS] UPlane Ealry     | 0x0000000000000000 | N/A
[SYS] UPlane Late      | 0x0000000000000000 | N/A
[SYS] UPlane Corrupt   | 0x0000000000000000 | N/A
[SYS] Eth Pkt Good     | 0x00000891         | 0x0000208c
[SYS] Eth Pkt Drop     | 0x00000000         | 0x00000000
[SYS] AXIQ status      | 0x00000303         | 0x00010101
[SYS] ------------------------ Tasks ---------------------------
[SYS]                  | UP         | CP         | RT
[SYS] Error            | 0x00000000 | 0x00000000 | 0x00000000
[SYS] Heartbeats       | 0x03b383d2 | N/A        | N/A
[SYS] Counts           | 0x00000000 | N/A        | 0x00000000
[SYS] Drops            | 0x00000000 | N/A        | 0x00000000
[SYS] ------------------------ VSPAs ---------------------------
[SYS]                  | 0          | 1          | 2
[SYS] Error            | 0x00000000 | 0x00000000 | 0x00000000
[SYS] SYM WR           | 0x00000000 | N/A        | 0x00000002
[SYS] SYM RD           | 0x00000000 | N/A        | 0x00000002
[SYS] CMD WR           | 0x00000002 | 0x00000006 | 0x00000007
[SYS] CMD RD           | 0x00000002 | 0x00000006 | 0x00000007
[SYS] ------------------------ Info ----------------------------
[SYS]                  | Downlink           | Uplink
[SYS] RF / fine Gain   |     16 /   -0.5    | 0x42
[SYS] PwrAvg(dBFs/dBm) | N/A                | N/A
[SYS] PwrMax(dBFS)     | N/A                | N/A
[SYS] Showtime 151 seconds

[SYS] ------------------------ Data Direction -------------------
[SYS]                  | Downlink           | Uplink
[SYS] CPlane Total     | 0x0000000000000000 | 0x0000000000000000
[SYS] CPlane OnTime    | 0x0000000000000000 | 0x0000000000000000
[SYS] CPlane Early     | 0x0000000000000000 | 0x0000000000000000
[SYS] CPlane Late      | 0x0000000000000000 | 0x0000000000000000
[SYS] CPlane Corrupt   | 0x0000000000000000 | 0x0000000000000000
[SYS] UPlane Total     | 0x0000000000000000 | 0x0000000000000000
[SYS] UPlane OnTime    | 0x0000000000000000 | N/A
[SYS] UPlane Ealry     | 0x0000000000000000 | N/A
[SYS] UPlane Late      | 0x0000000000000000 | N/A
[SYS] UPlane Corrupt   | 0x0000000000000000 | N/A
[SYS] Eth Pkt Good     | 0x00000892         | 0x000020af
[SYS] Eth Pkt Drop     | 0x00000000         | 0x00000000
[SYS] AXIQ status      | 0x00000303         | 0x00010101
[SYS] ------------------------ Tasks ---------------------------
[SYS]                  | UP         | CP         | RT
[SYS] Error            | 0x00000000 | 0x00000000 | 0x00000000
[SYS] Heartbeats       | 0x03b9beb4 | N/A        | N/A
[SYS] Counts           | 0x00000000 | N/A        | 0x00000000
[SYS] Drops            | 0x00000000 | N/A        | 0x00000000
[SYS] ------------------------ VSPAs ---------------------------
[SYS]                  | 0          | 1          | 2
[SYS] Error            | 0x00000000 | 0x00000000 | 0x00000000
[SYS] SYM WR           | 0x00000000 | N/A        | 0x00000002
[SYS] SYM RD           | 0x00000000 | N/A        | 0x00000002
[SYS] CMD WR           | 0x00000002 | 0x00000006 | 0x00000007
[SYS] CMD RD           | 0x00000002 | 0x00000006 | 0x00000007
[SYS] ------------------------ Info ----------------------------
[SYS]                  | Downlink           | Uplink
[SYS] RF / fine Gain   |     16 /   -0.5    | 0x42
[SYS] PwrAvg(dBFs/dBm) | N/A                | N/A
[SYS] PwrMax(dBFS)     | N/A                | N/A
[SYS] Showtime 152 seconds

[SYS] ------------------------ Data Direction -------------------
[SYS]                  | Downlink           | Uplink
[SYS] CPlane Total     | 0x0000000000000000 | 0x0000000000000000
[SYS] CPlane OnTime    | 0x0000000000000000 | 0x0000000000000000
[SYS] CPlane Early     | 0x0000000000000000 | 0x0000000000000000
[SYS] CPlane Late      | 0x0000000000000000 | 0x0000000000000000
[SYS] CPlane Corrupt   | 0x0000000000000000 | 0x0000000000000000
[SYS] UPlane Total     | 0x0000000000000000 | 0x0000000000000000
[SYS] UPlane OnTime    | 0x0000000000000000 | N/A
[SYS] UPlane Ealry     | 0x0000000000000000 | N/A
[SYS] UPlane Late      | 0x0000000000000000 | N/A
[SYS] UPlane Corrupt   | 0x0000000000000000 | N/A
[SYS] Eth Pkt Good     | 0x00000894         | 0x000020d3
[SYS] Eth Pkt Drop     | 0x00000000         | 0x00000000
[SYS] AXIQ status      | 0x00000303         | 0x00010101
[SYS] ------------------------ Tasks ---------------------------
[SYS]                  | UP         | CP         | RT
[SYS] Error            | 0x00000000 | 0x00000000 | 0x00000000
[SYS] Heartbeats       | 0x03bff999 | N/A        | N/A
[SYS] Counts           | 0x00000000 | N/A        | 0x00000000
[SYS] Drops            | 0x00000000 | N/A        | 0x00000000
[SYS] ------------------------ VSPAs ---------------------------
[SYS]                  | 0          | 1          | 2
[SYS] Error            | 0x00000000 | 0x00000000 | 0x00000000
[SYS] SYM WR           | 0x00000000 | N/A        | 0x00000002
[SYS] SYM RD           | 0x00000000 | N/A        | 0x00000002
[SYS] CMD WR           | 0x00000002 | 0x00000006 | 0x00000007
[SYS] CMD RD           | 0x00000002 | 0x00000006 | 0x00000007
[SYS] ------------------------ Info ----------------------------
[SYS]                  | Downlink           | Uplink
[SYS] RF / fine Gain   |     16 /   -0.5    | 0x42
[SYS] PwrAvg(dBFs/dBm) | N/A                | N/A
[SYS] PwrMax(dBFS)     | N/A                | N/A
[SYS] Showtime 153 seconds

[SYS] ------------------------ Data Direction -------------------
[SYS]                  | Downlink           | Uplink
[SYS] CPlane Total     | 0x0000000000000000 | 0x0000000000000000
[SYS] CPlane OnTime    | 0x0000000000000000 | 0x0000000000000000
[SYS] CPlane Early     | 0x0000000000000000 | 0x0000000000000000
[SYS] CPlane Late      | 0x0000000000000000 | 0x0000000000000000
[SYS] CPlane Corrupt   | 0x0000000000000000 | 0x0000000000000000
[SYS] UPlane Total     | 0x0000000000000000 | 0x0000000000000000
[SYS] UPlane OnTime    | 0x0000000000000000 | N/A
[SYS] UPlane Ealry     | 0x0000000000000000 | N/A
[SYS] UPlane Late      | 0x0000000000000000 | N/A
[SYS] UPlane Corrupt   | 0x0000000000000000 | N/A
[SYS] Eth Pkt Good     | 0x000008a4         | 0x00002105
[SYS] Eth Pkt Drop     | 0x00000000         | 0x00000000
[SYS] AXIQ status      | 0x00000303         | 0x00010101
[SYS] ------------------------ Tasks ---------------------------
[SYS]                  | UP         | CP         | RT
[SYS] Error            | 0x00000000 | 0x00000000 | 0x00000000
[SYS] Heartbeats       | 0x03c6348e | N/A        | N/A
[SYS] Counts           | 0x00000000 | N/A        | 0x00000000
[SYS] Drops            | 0x00000000 | N/A        | 0x00000000
[SYS] ------------------------ VSPAs ---------------------------
[SYS]                  | 0          | 1          | 2
[SYS] Error            | 0x00000000 | 0x00000000 | 0x00000000
[SYS] SYM WR           | 0x00000000 | N/A        | 0x00000002
[SYS] SYM RD           | 0x00000000 | N/A        | 0x00000002
[SYS] CMD WR           | 0x00000002 | 0x00000006 | 0x00000007
[SYS] CMD RD           | 0x00000002 | 0x00000006 | 0x00000007
[SYS] ------------------------ Info ----------------------------
[SYS]                  | Downlink           | Uplink
[SYS] RF / fine Gain   |     16 /   -0.5    | 0x42
[SYS] PwrAvg(dBFs/dBm) | N/A                | N/A
[SYS] PwrMax(dBFS)     | N/A                | N/A
[SYS] Showtime 154 seconds

[SYS] ------------------------ Data Direction -------------------
[SYS]                  | Downlink           | Uplink
[SYS] CPlane Total     | 0x0000000000000000 | 0x0000000000000000
[SYS] CPlane OnTime    | 0x0000000000000000 | 0x0000000000000000
[SYS] CPlane Early     | 0x0000000000000000 | 0x0000000000000000
[SYS] CPlane Late      | 0x0000000000000000 | 0x0000000000000000
[SYS] CPlane Corrupt   | 0x0000000000000000 | 0x0000000000000000
[SYS] UPlane Total     | 0x0000000000000000 | 0x0000000000000000
[SYS] UPlane OnTime    | 0x0000000000000000 | N/A
[SYS] UPlane Ealry     | 0x0000000000000000 | N/A
[SYS] UPlane Late      | 0x0000000000000000 | N/A
[SYS] UPlane Corrupt   | 0x0000000000000000 | N/A
[SYS] Eth Pkt Good     | 0x000008b5         | 0x00002137
[SYS] Eth Pkt Drop     | 0x00000000         | 0x00000000
[SYS] AXIQ status      | 0x00000303         | 0x00010101
[SYS] ------------------------ Tasks ---------------------------
[SYS]                  | UP         | CP         | RT
[SYS] Error            | 0x00000000 | 0x00000000 | 0x00000000
[SYS] Heartbeats       | 0x03cc7247 | N/A        | N/A
[SYS] Counts           | 0x00000000 | N/A        | 0x00000000
[SYS] Drops            | 0x00000000 | N/A        | 0x00000000
[SYS] ------------------------ VSPAs ---------------------------
[SYS]                  | 0          | 1          | 2
[SYS] Error            | 0x00000000 | 0x00000000 | 0x00000000
[SYS] SYM WR           | 0x00000000 | N/A        | 0x00000002
[SYS] SYM RD           | 0x00000000 | N/A        | 0x00000002
[SYS] CMD WR           | 0x00000002 | 0x00000006 | 0x00000007
[SYS] CMD RD           | 0x00000002 | 0x00000006 | 0x00000007
[SYS] ------------------------ Info ----------------------------
[SYS]                  | Downlink           | Uplink
[SYS] RF / fine Gain   |     16 /   -0.5    | 0x42
[SYS] PwrAvg(dBFs/dBm) | N/A                | N/A
[SYS] PwrMax(dBFS)     | N/A                | N/A
[SYS] Showtime 155 seconds

[SYS] ------------------------ Data Direction -------------------
[SYS]                  | Downlink           | Uplink
[SYS] CPlane Total     | 0x0000000000000000 | 0x0000000000000000
[SYS] CPlane OnTime    | 0x0000000000000000 | 0x0000000000000000
[SYS] CPlane Early     | 0x0000000000000000 | 0x0000000000000000
[SYS] CPlane Late      | 0x0000000000000000 | 0x0000000000000000
[SYS] CPlane Corrupt   | 0x0000000000000000 | 0x0000000000000000
[SYS] UPlane Total     | 0x0000000000000000 | 0x0000000000000000
[SYS] UPlane OnTime    | 0x0000000000000000 | N/A
[SYS] UPlane Ealry     | 0x0000000000000000 | N/A
[SYS] UPlane Late      | 0x0000000000000000 | N/A
[SYS] UPlane Corrupt   | 0x0000000000000000 | N/A
[SYS] Eth Pkt Good     | 0x000008b6         | 0x0000215b
[SYS] Eth Pkt Drop     | 0x00000000         | 0x00000000
[SYS] AXIQ status      | 0x00000303         | 0x00010101
[SYS] ------------------------ Tasks ---------------------------
[SYS]                  | UP         | CP         | RT
[SYS] Error            | 0x00000000 | 0x00000000 | 0x00000000
[SYS] Heartbeats       | 0x03d2ad29 | N/A        | N/A
[SYS] Counts           | 0x00000000 | N/A        | 0x00000000
[SYS] Drops            | 0x00000000 | N/A        | 0x00000000
[SYS] ------------------------ VSPAs ---------------------------
[SYS]                  | 0          | 1          | 2
[SYS] Error            | 0x00000000 | 0x00000000 | 0x00000000
[SYS] SYM WR           | 0x00000000 | N/A        | 0x00000002
[SYS] SYM RD           | 0x00000000 | N/A        | 0x00000002
[SYS] CMD WR           | 0x00000002 | 0x00000006 | 0x00000007
[SYS] CMD RD           | 0x00000002 | 0x00000006 | 0x00000007
[SYS] ------------------------ Info ----------------------------
[SYS]                  | Downlink           | Uplink
[SYS] RF / fine Gain   |     16 /   -0.5    | 0x42
[SYS] PwrAvg(dBFs/dBm) | N/A                | N/A
[SYS] PwrMax(dBFS)     | N/A                | N/A
[SYS] Showtime 156 seconds

[SYS] ------------------------ Data Direction -------------------
[SYS]                  | Downlink           | Uplink
[SYS] CPlane Total     | 0x0000000000000000 | 0x0000000000000000
[SYS] CPlane OnTime    | 0x0000000000000000 | 0x0000000000000000
[SYS] CPlane Early     | 0x0000000000000000 | 0x0000000000000000
[SYS] CPlane Late      | 0x0000000000000000 | 0x0000000000000000
[SYS] CPlane Corrupt   | 0x0000000000000000 | 0x0000000000000000
[SYS] UPlane Total     | 0x0000000000000000 | 0x0000000000000000
[SYS] UPlane OnTime    | 0x0000000000000000 | N/A
[SYS] UPlane Ealry     | 0x0000000000000000 | N/A
[SYS] UPlane Late      | 0x0000000000000000 | N/A
[SYS] UPlane Corrupt   | 0x0000000000000000 | N/A
[SYS] Eth Pkt Good     | 0x000008b7         | 0x0000217e
[SYS] Eth Pkt Drop     | 0x00000000         | 0x00000000
[SYS] AXIQ status      | 0x00000303         | 0x00010101
[SYS] ------------------------ Tasks ---------------------------
[SYS]                  | UP         | CP         | RT
[SYS] Error            | 0x00000000 | 0x00000000 | 0x00000000
[SYS] Heartbeats       | 0x03d8e827 | N/A        | N/A
[SYS] Counts           | 0x00000000 | N/A        | 0x00000000
[SYS] Drops            | 0x00000000 | N/A        | 0x00000000
[SYS] ------------------------ VSPAs ---------------------------
[SYS]                  | 0          | 1          | 2
[SYS] Error            | 0x00000000 | 0x00000000 | 0x00000000
[SYS] SYM WR           | 0x00000000 | N/A        | 0x00000002
[SYS] SYM RD           | 0x00000000 | N/A        | 0x00000002
[SYS] CMD WR           | 0x00000002 | 0x00000006 | 0x00000007
[SYS] CMD RD           | 0x00000002 | 0x00000006 | 0x00000007
[SYS] ------------------------ Info ----------------------------
[SYS]                  | Downlink           | Uplink
[SYS] RF / fine Gain   |     16 /   -0.5    | 0x42
[SYS] PwrAvg(dBFs/dBm) | N/A                | N/A
[SYS] PwrMax(dBFS)     | N/A                | N/A
[SYS] Showtime 157 seconds

[SYS] ------------------------ Data Direction -------------------
[SYS]                  | Downlink           | Uplink
[SYS] CPlane Total     | 0x0000000000000000 | 0x0000000000000000
[SYS] CPlane OnTime    | 0x0000000000000000 | 0x0000000000000000
[SYS] CPlane Early     | 0x0000000000000000 | 0x0000000000000000
[SYS] CPlane Late      | 0x0000000000000000 | 0x0000000000000000
[SYS] CPlane Corrupt   | 0x0000000000000000 | 0x0000000000000000
[SYS] UPlane Total     | 0x0000000000000000 | 0x0000000000000000
[SYS] UPlane OnTime    | 0x0000000000000000 | N/A
[SYS] UPlane Ealry     | 0x0000000000000000 | N/A
[SYS] UPlane Late      | 0x0000000000000000 | N/A
[SYS] UPlane Corrupt   | 0x0000000000000000 | N/A
[SYS] Eth Pkt Good     | 0x000008b9         | 0x000021a2
[SYS] Eth Pkt Drop     | 0x00000000         | 0x00000000
[SYS] AXIQ status      | 0x00000303         | 0x00010101
[SYS] ------------------------ Tasks ---------------------------
[SYS]                  | UP         | CP         | RT
[SYS] Error            | 0x00000000 | 0x00000000 | 0x00000000
[SYS] Heartbeats       | 0x03df25e7 | N/A        | N/A
[SYS] Counts           | 0x00000000 | N/A        | 0x00000000
[SYS] Drops            | 0x00000000 | N/A        | 0x00000000
[SYS] ------------------------ VSPAs ---------------------------
[SYS]                  | 0          | 1          | 2
[SYS] Error            | 0x00000000 | 0x00000000 | 0x00000000
[SYS] SYM WR           | 0x00000000 | N/A        | 0x00000002
[SYS] SYM RD           | 0x00000000 | N/A        | 0x00000002
[SYS] CMD WR           | 0x00000002 | 0x00000006 | 0x00000007
[SYS] CMD RD           | 0x00000002 | 0x00000006 | 0x00000007
[SYS] ------------------------ Info ----------------------------
[SYS]                  | Downlink           | Uplink
[SYS] RF / fine Gain   |     16 /   -0.5    | 0x42
[SYS] PwrAvg(dBFs/dBm) | N/A                | N/A
[SYS] PwrMax(dBFS)     | N/A                | N/A
[SYS] Showtime 158 seconds

[SYS] ------------------------ Data Direction -------------------
[SYS]                  | Downlink           | Uplink
[SYS] CPlane Total     | 0x0000000000000000 | 0x0000000000000000
[SYS] CPlane OnTime    | 0x0000000000000000 | 0x0000000000000000
[SYS] CPlane Early     | 0x0000000000000000 | 0x0000000000000000
[SYS] CPlane Late      | 0x0000000000000000 | 0x0000000000000000
[SYS] CPlane Corrupt   | 0x0000000000000000 | 0x0000000000000000
[SYS] UPlane Total     | 0x0000000000000000 | 0x0000000000000000
[SYS] UPlane OnTime    | 0x0000000000000000 | N/A
[SYS] UPlane Ealry     | 0x0000000000000000 | N/A
[SYS] UPlane Late      | 0x0000000000000000 | N/A
[SYS] UPlane Corrupt   | 0x0000000000000000 | N/A
[SYS] Eth Pkt Good     | 0x000008ba         | 0x000021c5
[SYS] Eth Pkt Drop     | 0x00000000         | 0x00000000
[SYS] AXIQ status      | 0x00000303         | 0x00010101
[SYS] ------------------------ Tasks ---------------------------
[SYS]                  | UP         | CP         | RT
[SYS] Error            | 0x00000000 | 0x00000000 | 0x00000000
[SYS] Heartbeats       | 0x03e560d0 | N/A        | N/A
[SYS] Counts           | 0x00000000 | N/A        | 0x00000000
[SYS] Drops            | 0x00000000 | N/A        | 0x00000000
[SYS] ------------------------ VSPAs ---------------------------
[SYS]                  | 0          | 1          | 2
[SYS] Error            | 0x00000000 | 0x00000000 | 0x00000000
[SYS] SYM WR           | 0x00000000 | N/A        | 0x00000002
[SYS] SYM RD           | 0x00000000 | N/A        | 0x00000002
[SYS] CMD WR           | 0x00000002 | 0x00000006 | 0x00000007
[SYS] CMD RD           | 0x00000002 | 0x00000006 | 0x00000007
[SYS] ------------------------ Info ----------------------------
[SYS]                  | Downlink           | Uplink
[SYS] RF / fine Gain   |     16 /   -0.5    | 0x42
[SYS] PwrAvg(dBFs/dBm) | N/A                | N/A
[SYS] PwrMax(dBFS)     | N/A                | N/A
[SYS] Showtime 159 seconds

[SYS] ------------------------ Data Direction -------------------
[SYS]                  | Downlink           | Uplink
[SYS] CPlane Total     | 0x0000000000000000 | 0x0000000000000000
[SYS] CPlane OnTime    | 0x0000000000000000 | 0x0000000000000000
[SYS] CPlane Early     | 0x0000000000000000 | 0x0000000000000000
[SYS] CPlane Late      | 0x0000000000000000 | 0x0000000000000000
[SYS] CPlane Corrupt   | 0x0000000000000000 | 0x0000000000000000
[SYS] UPlane Total     | 0x0000000000000000 | 0x0000000000000000
[SYS] UPlane OnTime    | 0x0000000000000000 | N/A
[SYS] UPlane Ealry     | 0x0000000000000000 | N/A
[SYS] UPlane Late      | 0x0000000000000000 | N/A
[SYS] UPlane Corrupt   | 0x0000000000000000 | N/A
[SYS] Eth Pkt Good     | 0x000008bc         | 0x000021e9
[SYS] Eth Pkt Drop     | 0x00000000         | 0x00000000
[SYS] AXIQ status      | 0x00000303         | 0x00010101
[SYS] ------------------------ Tasks ---------------------------
[SYS]                  | UP         | CP         | RT
[SYS] Error            | 0x00000000 | 0x00000000 | 0x00000000
[SYS] Heartbeats       | 0x03eb9bb1 | N/A        | N/A
[SYS] Counts           | 0x00000000 | N/A        | 0x00000000
[SYS] Drops            | 0x00000000 | N/A        | 0x00000000
[SYS] ------------------------ VSPAs ---------------------------
[SYS]                  | 0          | 1          | 2
[SYS] Error            | 0x00000000 | 0x00000000 | 0x00000000
[SYS] SYM WR           | 0x00000000 | N/A        | 0x00000002
[SYS] SYM RD           | 0x00000000 | N/A        | 0x00000002
[SYS] CMD WR           | 0x00000002 | 0x00000006 | 0x00000007
[SYS] CMD RD           | 0x00000002 | 0x00000006 | 0x00000007
[SYS] ------------------------ Info ----------------------------
[SYS]                  | Downlink           | Uplink
[SYS] RF / fine Gain   |     16 /   -0.5    | 0x42
[SYS] PwrAvg(dBFs/dBm) | N/A                | N/A
[SYS] PwrMax(dBFS)     | N/A                | N/A
[SYS] Showtime 160 seconds

[SYS] ------------------------ Data Direction -------------------
[SYS]                  | Downlink           | Uplink
[SYS] CPlane Total     | 0x0000000000000000 | 0x0000000000000000
[SYS] CPlane OnTime    | 0x0000000000000000 | 0x0000000000000000
[SYS] CPlane Early     | 0x0000000000000000 | 0x0000000000000000
[SYS] CPlane Late      | 0x0000000000000000 | 0x0000000000000000
[SYS] CPlane Corrupt   | 0x0000000000000000 | 0x0000000000000000
[SYS] UPlane Total     | 0x0000000000000000 | 0x0000000000000000
[SYS] UPlane OnTime    | 0x0000000000000000 | N/A
[SYS] UPlane Ealry     | 0x0000000000000000 | N/A
[SYS] UPlane Late      | 0x0000000000000000 | N/A
[SYS] UPlane Corrupt   | 0x0000000000000000 | N/A
[SYS] Eth Pkt Good     | 0x000008bd         | 0x0000220c
[SYS] Eth Pkt Drop     | 0x00000000         | 0x00000000
[SYS] AXIQ status      | 0x00000303         | 0x00010101
[SYS] ------------------------ Tasks ---------------------------
[SYS]                  | UP         | CP         | RT
[SYS] Error            | 0x00000000 | 0x00000000 | 0x00000000
[SYS] Heartbeats       | 0x03f1d6b3 | N/A        | N/A
[SYS] Counts           | 0x00000000 | N/A        | 0x00000000
[SYS] Drops            | 0x00000000 | N/A        | 0x00000000
[SYS] ------------------------ VSPAs ---------------------------
[SYS]                  | 0          | 1          | 2
[SYS] Error            | 0x00000000 | 0x00000000 | 0x00000000
[SYS] SYM WR           | 0x00000000 | N/A        | 0x00000002
[SYS] SYM RD           | 0x00000000 | N/A        | 0x00000002
[SYS] CMD WR           | 0x00000002 | 0x00000006 | 0x00000007
[SYS] CMD RD           | 0x00000002 | 0x00000006 | 0x00000007
[SYS] ------------------------ Info ----------------------------
[SYS]                  | Downlink           | Uplink
[SYS] RF / fine Gain   |     16 /   -0.5    | 0x42
[SYS] PwrAvg(dBFs/dBm) | N/A                | N/A
[SYS] PwrMax(dBFS)     | N/A                | N/A
[SYS] Showtime 161 seconds

[SYS] ------------------------ Data Direction -------------------
[SYS]                  | Downlink           | Uplink
[SYS] CPlane Total     | 0x0000000000000000 | 0x0000000000000000
[SYS] CPlane OnTime    | 0x0000000000000000 | 0x0000000000000000
[SYS] CPlane Early     | 0x0000000000000000 | 0x0000000000000000
[SYS] CPlane Late      | 0x0000000000000000 | 0x0000000000000000
[SYS] CPlane Corrupt   | 0x0000000000000000 | 0x0000000000000000
[SYS] UPlane Total     | 0x0000000000000000 | 0x0000000000000000
[SYS] UPlane OnTime    | 0x0000000000000000 | N/A
[SYS] UPlane Ealry     | 0x0000000000000000 | N/A
[SYS] UPlane Late      | 0x0000000000000000 | N/A
[SYS] UPlane Corrupt   | 0x0000000000000000 | N/A
[SYS] Eth Pkt Good     | 0x000008bf         | 0x0000222f
[SYS] Eth Pkt Drop     | 0x00000000         | 0x00000000
[SYS] AXIQ status      | 0x00000303         | 0x00010101
[SYS] ------------------------ Tasks ---------------------------
[SYS]                  | UP         | CP         | RT
[SYS] Error            | 0x00000000 | 0x00000000 | 0x00000000
[SYS] Heartbeats       | 0x03f81478 | N/A        | N/A
[SYS] Counts           | 0x00000000 | N/A        | 0x00000000
[SYS] Drops            | 0x00000000 | N/A        | 0x00000000
[SYS] ------------------------ VSPAs ---------------------------
[SYS]                  | 0          | 1          | 2
[SYS] Error            | 0x00000000 | 0x00000000 | 0x00000000
[SYS] SYM WR           | 0x00000000 | N/A        | 0x00000002
[SYS] SYM RD           | 0x00000000 | N/A        | 0x00000002
[SYS] CMD WR           | 0x00000002 | 0x00000006 | 0x00000007
[SYS] CMD RD           | 0x00000002 | 0x00000006 | 0x00000007
[SYS] ------------------------ Info ----------------------------
[SYS]                  | Downlink           | Uplink
[SYS] RF / fine Gain   |     16 /   -0.5    | 0x42
[SYS] PwrAvg(dBFs/dBm) | N/A                | N/A
[SYS] PwrMax(dBFS)     | N/A                | N/A
[SYS] Showtime 162 seconds

[SYS] ------------------------ Data Direction -------------------
[SYS]                  | Downlink           | Uplink
[SYS] CPlane Total     | 0x0000000000000000 | 0x0000000000000000
[SYS] CPlane OnTime    | 0x0000000000000000 | 0x0000000000000000
[SYS] CPlane Early     | 0x0000000000000000 | 0x0000000000000000
[SYS] CPlane Late      | 0x0000000000000000 | 0x0000000000000000
[SYS] CPlane Corrupt   | 0x0000000000000000 | 0x0000000000000000
[SYS] UPlane Total     | 0x0000000000000000 | 0x0000000000000000
[SYS] UPlane OnTime    | 0x0000000000000000 | N/A
[SYS] UPlane Ealry     | 0x0000000000000000 | N/A
[SYS] UPlane Late      | 0x0000000000000000 | N/A
[SYS] UPlane Corrupt   | 0x0000000000000000 | N/A
[SYS] Eth Pkt Good     | 0x000008c0         | 0x00002253
[SYS] Eth Pkt Drop     | 0x00000000         | 0x00000000
[SYS] AXIQ status      | 0x00000303         | 0x00010101
[SYS] ------------------------ Tasks ---------------------------
[SYS]                  | UP         | CP         | RT
[SYS] Error            | 0x00000000 | 0x00000000 | 0x00000000
[SYS] Heartbeats       | 0x03fe4f5f | N/A        | N/A
[SYS] Counts           | 0x00000000 | N/A        | 0x00000000
[SYS] Drops            | 0x00000000 | N/A        | 0x00000000
[SYS] ------------------------ VSPAs ---------------------------
[SYS]                  | 0          | 1          | 2
[SYS] Error            | 0x00000000 | 0x00000000 | 0x00000000
[SYS] SYM WR           | 0x00000000 | N/A        | 0x00000002
[SYS] SYM RD           | 0x00000000 | N/A        | 0x00000002
[SYS] CMD WR           | 0x00000002 | 0x00000006 | 0x00000007
[SYS] CMD RD           | 0x00000002 | 0x00000006 | 0x00000007
[SYS] ------------------------ Info ----------------------------
[SYS]                  | Downlink           | Uplink
[SYS] RF / fine Gain   |     16 /   -0.5    | 0x42
[SYS] PwrAvg(dBFs/dBm) | N/A                | N/A
[SYS] PwrMax(dBFS)     | N/A                | N/A
[SYS] Showtime 163 seconds

[SYS] ------------------------ Data Direction -------------------
[SYS]                  | Downlink           | Uplink
[SYS] CPlane Total     | 0x0000000000000000 | 0x0000000000000000
[SYS] CPlane OnTime    | 0x0000000000000000 | 0x0000000000000000
[SYS] CPlane Early     | 0x0000000000000000 | 0x0000000000000000
[SYS] CPlane Late      | 0x0000000000000000 | 0x0000000000000000
[SYS] CPlane Corrupt   | 0x0000000000000000 | 0x0000000000000000
[SYS] UPlane Total     | 0x0000000000000000 | 0x0000000000000000
[SYS] UPlane OnTime    | 0x0000000000000000 | N/A
[SYS] UPlane Ealry     | 0x0000000000000000 | N/A
[SYS] UPlane Late      | 0x0000000000000000 | N/A
[SYS] UPlane Corrupt   | 0x0000000000000000 | N/A
[SYS] Eth Pkt Good     | 0x000008c1         | 0x00002276
[SYS] Eth Pkt Drop     | 0x00000000         | 0x00000000
[SYS] AXIQ status      | 0x00000303         | 0x00010101
[SYS] ------------------------ Tasks ---------------------------
[SYS]                  | UP         | CP         | RT
[SYS] Error            | 0x00000000 | 0x00000000 | 0x00000000
[SYS] Heartbeats       | 0x04048a4e | N/A        | N/A
[SYS] Counts           | 0x00000000 | N/A        | 0x00000000
[SYS] Drops            | 0x00000000 | N/A        | 0x00000000
[SYS] ------------------------ VSPAs ---------------------------
[SYS]                  | 0          | 1          | 2
[SYS] Error            | 0x00000000 | 0x00000000 | 0x00000000
[SYS] SYM WR           | 0x00000000 | N/A        | 0x00000002
[SYS] SYM RD           | 0x00000000 | N/A        | 0x00000002
[SYS] CMD WR           | 0x00000002 | 0x00000006 | 0x00000007
[SYS] CMD RD           | 0x00000002 | 0x00000006 | 0x00000007
[SYS] ------------------------ Info ----------------------------
[SYS]                  | Downlink           | Uplink
[SYS] RF / fine Gain   |     16 /   -0.5    | 0x42
[SYS] PwrAvg(dBFs/dBm) | N/A                | N/A
[SYS] PwrMax(dBFS)     | N/A                | N/A
[SYS] Showtime 164 seconds

[SYS] ------------------------ Data Direction -------------------
[SYS]                  | Downlink           | Uplink
[SYS] CPlane Total     | 0x0000000000000000 | 0x0000000000000000
[SYS] CPlane OnTime    | 0x0000000000000000 | 0x0000000000000000
[SYS] CPlane Early     | 0x0000000000000000 | 0x0000000000000000
[SYS] CPlane Late      | 0x0000000000000000 | 0x0000000000000000
[SYS] CPlane Corrupt   | 0x0000000000000000 | 0x0000000000000000
[SYS] UPlane Total     | 0x0000000000000000 | 0x0000000000000000
[SYS] UPlane OnTime    | 0x0000000000000000 | N/A
[SYS] UPlane Ealry     | 0x0000000000000000 | N/A
[SYS] UPlane Late      | 0x0000000000000000 | N/A
[SYS] UPlane Corrupt   | 0x0000000000000000 | N/A
[SYS] Eth Pkt Good     | 0x000008c3         | 0x0000229a
[SYS] Eth Pkt Drop     | 0x00000000         | 0x00000000
[SYS] AXIQ status      | 0x00000303         | 0x00010101
[SYS] ------------------------ Tasks ---------------------------
[SYS]                  | UP         | CP         | RT
[SYS] Error            | 0x00000000 | 0x00000000 | 0x00000000
[SYS] Heartbeats       | 0x040ac80d | N/A        | N/A
[SYS] Counts           | 0x00000000 | N/A        | 0x00000000
[SYS] Drops            | 0x00000000 | N/A        | 0x00000000
[SYS] ------------------------ VSPAs ---------------------------
[SYS]                  | 0          | 1          | 2
[SYS] Error            | 0x00000000 | 0x00000000 | 0x00000000
[SYS] SYM WR           | 0x00000000 | N/A        | 0x00000002
[SYS] SYM RD           | 0x00000000 | N/A        | 0x00000002
[SYS] CMD WR           | 0x00000002 | 0x00000006 | 0x00000007
[SYS] CMD RD           | 0x00000002 | 0x00000006 | 0x00000007
[SYS] ------------------------ Info ----------------------------
[SYS]                  | Downlink           | Uplink
[SYS] RF / fine Gain   |     16 /   -0.5    | 0x42
[SYS] PwrAvg(dBFs/dBm) | N/A                | N/A
[SYS] PwrMax(dBFS)     | N/A                | N/A
[SYS] Showtime 165 seconds

[SYS] ------------------------ Data Direction -------------------
[SYS]                  | Downlink           | Uplink
[SYS] CPlane Total     | 0x0000000000000000 | 0x0000000000000000
[SYS] CPlane OnTime    | 0x0000000000000000 | 0x0000000000000000
[SYS] CPlane Early     | 0x0000000000000000 | 0x0000000000000000
[SYS] CPlane Late      | 0x0000000000000000 | 0x0000000000000000
[SYS] CPlane Corrupt   | 0x0000000000000000 | 0x0000000000000000
[SYS] UPlane Total     | 0x0000000000000000 | 0x0000000000000000
[SYS] UPlane OnTime    | 0x0000000000000000 | N/A
[SYS] UPlane Ealry     | 0x0000000000000000 | N/A
[SYS] UPlane Late      | 0x0000000000000000 | N/A
[SYS] UPlane Corrupt   | 0x0000000000000000 | N/A
[SYS] Eth Pkt Good     | 0x000008c4         | 0x000022bd
[SYS] Eth Pkt Drop     | 0x00000000         | 0x00000000
[SYS] AXIQ status      | 0x00000303         | 0x00010101
[SYS] ------------------------ Tasks ---------------------------
[SYS]                  | UP         | CP         | RT
[SYS] Error            | 0x00000000 | 0x00000000 | 0x00000000
[SYS] Heartbeats       | 0x041102f1 | N/A        | N/A
[SYS] Counts           | 0x00000000 | N/A        | 0x00000000
[SYS] Drops            | 0x00000000 | N/A        | 0x00000000
[SYS] ------------------------ VSPAs ---------------------------
[SYS]                  | 0          | 1          | 2
[SYS] Error            | 0x00000000 | 0x00000000 | 0x00000000
[SYS] SYM WR           | 0x00000000 | N/A        | 0x00000002
[SYS] SYM RD           | 0x00000000 | N/A        | 0x00000002
[SYS] CMD WR           | 0x00000002 | 0x00000006 | 0x00000007
[SYS] CMD RD           | 0x00000002 | 0x00000006 | 0x00000007
[SYS] ------------------------ Info ----------------------------
[SYS]                  | Downlink           | Uplink
[SYS] RF / fine Gain   |     16 /   -0.5    | 0x42
[SYS] PwrAvg(dBFs/dBm) | N/A                | N/A
[SYS] PwrMax(dBFS)     | N/A                | N/A
[SYS] Showtime 166 seconds

[SYS] ------------------------ Info ----------------------------
[SYS] Heartbeats       | 0x042c82d4 | N/A        | N/A
[SYS]                  | Downlink           | Uplink
[SYS] UPlane Late      | 0x0000000000000000 | N/A
[SYS] PwrAvg(dBFs/dBm) | N/A                |  -29.4 /  -53.4
[SYS]                  | Downlink           | Uplink
[SYS] ------------------------ Info ----------------------------
[SYS] CPlane OnTime    | 0x0000000000003ca8 | 0x0000000000002171
[SYS]                  | 0          | 1          | 2
[SYS] CPlane Total     | 0x0000000000003ff7 | 0x0000000000002340
[SYS] AXIQ status      | 0x00000307         | 0x00010101
[SYS] RF / fine Gain   |     16 /   -0.5    | 0x22
[SYS] UPlane Ealry     | 0x0000000000000000 | N/A
[SYS]                  | UP         | CP         | RT
[SYS] Eth Pkt Drop     | 0x00000000         | 0x00000000
[SYS] AXIQ status      | 0x00000307         | 0x00010101
