Fri May 24 12:35:47 CST 2024
AP1 >> [CLI] Running.

>> Ethernet PHY Tx/Rx is stable
XPCS VR_MII_DIG_STS: 0x00000010
COP PORSR1: 0x4d73d43f
COP PORSR2: 0x9fd7ffff
[INIT] Kernel is ready.
[MP] Running
[MP] Ruqual Starts
[MP] BOARD_CFG State
[SYS] ORAN CP info: e02821f8
[SYS] ORAN UP info: e0282250
Recv socket error! [Errno 100] Network is down
[MP] RF slave path is set.
[MP] Center of Channel Bandwidth is 3450720kHz.
[MP] RF Frequency is set to 6901440, unit : 500Hz.
[MP] TX array channel bandwidth = 100 MHz.
[MP] RX array channel bandwidth = 100 MHz.
[RF_MON] Diora if is llcp
[RF_MON] Diora init successfully
[MP] Start Cal Task
[CAL] CAL starts and wait to trigger.
[MP] Board CFG Done
[MP] Idle State
[MP] CMD-SYNC
[MP] SP Starts
[MP] STAT-SYNC
[SP] SP is running
[MP] STAT-SYNC_DONE
[MP] CMD-CALI
[MP] STAT-CALI
[CAL] Wait RF Calibration.
[CAL] Start RF Calibration.
[CAL] TX BW index = 1, DPD BW index = 3.
[CAL] GET TX BW FTUNE = 0, RX BW FTUNE = 9.
Start to calibrate CH_RX RX DC.
Set RX gain to 0x0.
Rx DC value:  129 +   80j in Q13. Rx ADC compensation: -129 +  -80j in Q13.
Set RX gain to 0x2.
Rx DC value:  -40 +  -51j in Q13. Adjust RX coarse DC with I =-16, Q =-16.
Rx DC value:  491 +  408j in Q13. Adjust RX coarse DC with I = -8, Q = -8.
Rx DC value:  227 +  155j in Q13. Adjust RX coarse DC with I = -4, Q = -4.
Rx DC value:   94 +   28j in Q13. Adjust RX coarse DC with I = -2, Q = -2.
Rx DC value:   28 +  -37j in Q13. Adjust RX coarse DC with I = -1, Q = -3.
Rx DC value:   -5 +   -6j in Q13. Adjust RX fine DC with I =-16, Q =-16.
Rx DC value:   13 +   12j in Q13. Adjust RX fine DC with I = -8, Q = -8.
Rx DC value:    5 +    1j in Q13. Adjust RX fine DC with I = -4, Q = -4.
Rx DC value:    0 +   -1j in Q13. Adjust RX fine DC with I = -2, Q = -6.
Rx DC value:    0 +    1j in Q13. Adjust RX fine DC with I = -1, Q = -5.
Set RX gain to 0x12.
Rx DC value:  -36 + -100j in Q13. Adjust RX coarse DC with I =-16, Q =-16.
Rx DC value:  493 +  405j in Q13. Adjust RX coarse DC with I = -8, Q = -8.
Rx DC value:  229 +  154j in Q13. Adjust RX coarse DC with I = -4, Q = -4.
Rx DC value:   95 +   27j in Q13. Adjust RX coarse DC with I = -2, Q = -2.
Rx DC value:   28 +  -37j in Q13. Adjust RX coarse DC with I = -1, Q = -3.
Rx DC value:   -1 +   -4j in Q13. Adjust RX fine DC with I =-16, Q =-16.
Rx DC value:   15 +   12j in Q13. Adjust RX fine DC with I = -8, Q = -8.
Rx DC value:    6 +    2j in Q13. Adjust RX fine DC with I = -4, Q = -4.
Rx DC value:    2 +   -1j in Q13. Adjust RX fine DC with I = -2, Q = -6.
Rx DC value:    0 +    0j in Q13. Adjust RX fine DC with I = -3, Q = -5.
Set RX gain to 0x22.
Rx DC value:  -34 + -102j in Q13. Adjust RX coarse DC with I =-16, Q =-16.
Rx DC value:  490 +  407j in Q13. Adjust RX coarse DC with I = -8, Q = -8.
Rx DC value:  225 +  153j in Q13. Adjust RX coarse DC with I = -4, Q = -4.
Rx DC value:   92 +   24j in Q13. Adjust RX coarse DC with I = -2, Q = -2.
Rx DC value:   29 +  -37j in Q13. Adjust RX coarse DC with I = -1, Q = -3.
Rx DC value:   -4 +   -8j in Q13. Adjust RX fine DC with I =-16, Q =-16.
Rx DC value:   12 +    8j in Q13. Adjust RX fine DC with I = -8, Q = -8.
Rx DC value:    4 +    0j in Q13. Adjust RX fine DC with I = -4, Q = -4.
Rx DC value:    0 +   -4j in Q13. Adjust RX fine DC with I = -2, Q = -6.
Rx DC value:   -3 +    0j in Q13. Adjust RX fine DC with I = -3, Q = -7.
Set RX gain to 0x32.
Rx DC value:  -34 + -104j in Q13. Adjust RX coarse DC with I =-16, Q =-16.
Rx DC value:  487 +  404j in Q13. Adjust RX coarse DC with I = -8, Q = -8.
Rx DC value:  225 +  151j in Q13. Adjust RX coarse DC with I = -4, Q = -4.
Rx DC value:   94 +   23j in Q13. Adjust RX coarse DC with I = -2, Q = -2.
Rx DC value:   31 +  -40j in Q13. Adjust RX coarse DC with I = -1, Q = -3.
Rx DC value:   -2 +   -8j in Q13. Adjust RX fine DC with I =-16, Q =-16.
Rx DC value:   17 +    9j in Q13. Adjust RX fine DC with I = -8, Q = -8.
Rx DC value:    6 +    0j in Q13. Adjust RX fine DC with I = -4, Q = -4.
Rx DC value:   -1 +   -2j in Q13. Adjust RX fine DC with I = -6, Q = -6.
Rx DC value:    1 +   -2j in Q13. Adjust RX fine DC with I = -5, Q = -7.
Set RX gain to 0x42.
Rx DC value:  -36 + -108j in Q13. Adjust RX coarse DC with I =-16, Q =-16.
Rx DC value:  488 +  401j in Q13. Adjust RX coarse DC with I = -8, Q = -8.
Rx DC value:  224 +  147j in Q13. Adjust RX coarse DC with I = -4, Q = -4.
Rx DC value:   93 +   19j in Q13. Adjust RX coarse DC with I = -2, Q = -2.
Rx DC value:   27 +  -44j in Q13. Adjust RX coarse DC with I = -1, Q = -3.
Rx DC value:   -2 +  -12j in Q13. Adjust RX fine DC with I =-16, Q =-16.
Rx DC value:   13 +    5j in Q13. Adjust RX fine DC with I = -8, Q = -8.
Rx DC value:    4 +   -3j in Q13. Adjust RX fine DC with I = -4, Q =-12.
Rx DC value:    0 +    0j in Q13. Adjust RX fine DC with I = -6, Q =-14.
Rx DC value:    1 +    2j in Q13. Adjust RX fine DC with I = -5, Q =-13.
Set RX gain to 0x52.
Rx DC value:  -37 + -114j in Q13. Adjust RX coarse DC with I =-16, Q =-16.
Rx DC value:  487 +  395j in Q13. Adjust RX coarse DC with I = -8, Q = -8.
Rx DC value:  225 +  143j in Q13. Adjust RX coarse DC with I = -4, Q = -4.
Rx DC value:   90 +   17j in Q13. Adjust RX coarse DC with I = -2, Q = -2.
Rx DC value:   23 +  -46j in Q13. Adjust RX coarse DC with I = -1, Q = -3.
Rx DC value:   -7 +  -16j in Q13. Adjust RX fine DC with I =-16, Q =-16.
Rx DC value:   12 +    0j in Q13. Adjust RX fine DC with I = -8, Q = -8.
Rx DC value:    1 +   -5j in Q13. Adjust RX fine DC with I = -4, Q =-12.
Rx DC value:    0 +   -3j in Q13. Adjust RX fine DC with I = -6, Q =-14.
Rx DC value:    1 +   -1j in Q13. Adjust RX fine DC with I = -5, Q =-15.
Set RX gain to 0x62.
Rx DC value:  -41 + -128j in Q13. Adjust RX coarse DC with I =-16, Q =-16.
Rx DC value:  480 +  380j in Q13. Adjust RX coarse DC with I = -8, Q = -8.
Rx DC value:  214 +  127j in Q13. Adjust RX coarse DC with I = -4, Q = -4.
Rx DC value:   84 +    1j in Q13. Adjust RX coarse DC with I = -2, Q = -2.
Rx DC value:   19 +  -64j in Q13. Adjust RX coarse DC with I = -1, Q = -3.
Rx DC value:   -9 +  -32j in Q13. Adjust RX fine DC with I =-16, Q =-16.
Rx DC value:    7 +  -15j in Q13. Adjust RX fine DC with I = -8, Q =-24.
Rx DC value:   -2 +   -7j in Q13. Adjust RX fine DC with I =-12, Q =-28.
Rx DC value:    2 +   -2j in Q13. Adjust RX fine DC with I =-10, Q =-30.
Rx DC value:    0 +    0j in Q13. Adjust RX fine DC with I = -9, Q =-31.
Set RX gain to 0x72.
Rx DC value:  -51 + -156j in Q13. Adjust RX coarse DC with I =-16, Q =-16.
Rx DC value:  474 +  350j in Q13. Adjust RX coarse DC with I = -8, Q = -8.
Rx DC value:  210 +   98j in Q13. Adjust RX coarse DC with I = -4, Q = -4.
Rx DC value:   75 +  -30j in Q13. Adjust RX coarse DC with I = -2, Q = -6.
Rx DC value:   14 +   34j in Q13. Adjust RX coarse DC with I = -1, Q = -5.
Rx DC value:  -19 +    1j in Q13. Adjust RX fine DC with I =-16, Q = 16.
Rx DC value:   -1 +  -17j in Q13. Adjust RX fine DC with I =-24, Q =  8.
Rx DC value:    9 +   -4j in Q13. Adjust RX fine DC with I =-20, Q =  4.
Rx DC value:    5 +   -3j in Q13. Adjust RX fine DC with I =-18, Q =  2.
Rx DC value:    2 +    1j in Q13. Adjust RX fine DC with I =-17, Q =  3.
Rx DC Calibration done.
Start to calibrate CH_TX RX DC.
Set RX gain to 0x5.
Rx DC value:  -55 + -222j in Q13. Adjust RX coarse DC with I =-16, Q =-16.
Rx DC value: 1201 +  982j in Q13. Adjust RX coarse DC with I = -8, Q = -8.
Rx DC value:  570 +  384j in Q13. Adjust RX coarse DC with I = -4, Q = -4.
Rx DC value:  252 +   82j in Q13. Adjust RX coarse DC with I = -2, Q = -2.
Rx DC value:   99 +  -68j in Q13. Adjust RX coarse DC with I = -1, Q = -3.
Rx DC value:   22 +    7j in Q13. Adjust RX fine DC with I = 16, Q = 16.
Rx DC value:  -22 +  -31j in Q13. Adjust RX fine DC with I =  8, Q =  8.
Rx DC value:   -1 +  -10j in Q13. Adjust RX fine DC with I =  4, Q =  4.
Rx DC value:    8 +    0j in Q13. Adjust RX fine DC with I =  6, Q =  2.
Rx DC value:    2 +    5j in Q13. Adjust RX fine DC with I =  7, Q =  3.
Set RX gain to 0x15.
Rx DC value:  -54 + -223j in Q13. Adjust RX coarse DC with I =-16, Q =-16.
Rx DC value: 1202 +  984j in Q13. Adjust RX coarse DC with I = -8, Q = -8.
Rx DC value:  570 +  386j in Q13. Adjust RX coarse DC with I = -4, Q = -4.
Rx DC value:  251 +   81j in Q13. Adjust RX coarse DC with I = -2, Q = -2.
Rx DC value:   98 +  -69j in Q13. Adjust RX coarse DC with I = -1, Q = -3.
Rx DC value:   22 +   10j in Q13. Adjust RX fine DC with I = 16, Q = 16.
Rx DC value:  -21 +  -29j in Q13. Adjust RX fine DC with I =  8, Q =  8.
Rx DC value:    0 +   -8j in Q13. Adjust RX fine DC with I =  4, Q =  4.
Rx DC value:   11 +    1j in Q13. Adjust RX fine DC with I =  6, Q =  6.
Rx DC value:    4 +   -4j in Q13. Adjust RX fine DC with I =  7, Q =  5.
Set RX gain to 0x25.
Rx DC value:  -56 + -227j in Q13. Adjust RX coarse DC with I =-16, Q =-16.
Rx DC value: 1200 +  979j in Q13. Adjust RX coarse DC with I = -8, Q = -8.
Rx DC value:  571 +  381j in Q13. Adjust RX coarse DC with I = -4, Q = -4.
Rx DC value:  253 +   79j in Q13. Adjust RX coarse DC with I = -2, Q = -2.
Rx DC value:  100 +  -73j in Q13. Adjust RX coarse DC with I = -1, Q = -3.
Rx DC value:   22 +    6j in Q13. Adjust RX fine DC with I = 16, Q = 16.
Rx DC value:  -20 +  -34j in Q13. Adjust RX fine DC with I =  8, Q =  8.
Rx DC value:    1 +  -16j in Q13. Adjust RX fine DC with I = 12, Q =  4.
Rx DC value:   -8 +   -2j in Q13. Adjust RX fine DC with I = 10, Q =  2.
Rx DC value:   -5 +    1j in Q13. Adjust RX fine DC with I =  9, Q =  3.
Set RX gain to 0x35.
Rx DC value:  -56 + -228j in Q13. Adjust RX coarse DC with I =-16, Q =-16.
Rx DC value: 1202 +  976j in Q13. Adjust RX coarse DC with I = -8, Q = -8.
Rx DC value:  571 +  380j in Q13. Adjust RX coarse DC with I = -4, Q = -4.
Rx DC value:  255 +   75j in Q13. Adjust RX coarse DC with I = -2, Q = -2.
Rx DC value:   97 +  -76j in Q13. Adjust RX coarse DC with I = -1, Q = -3.
Rx DC value:   22 +    0j in Q13. Adjust RX fine DC with I = 16, Q =-16.
Rx DC value:  -19 +   41j in Q13. Adjust RX fine DC with I =  8, Q = -8.
Rx DC value:    0 +   23j in Q13. Adjust RX fine DC with I =  4, Q = -4.
Rx DC value:   12 +   13j in Q13. Adjust RX fine DC with I =  6, Q = -2.
Rx DC value:    6 +    7j in Q13. Adjust RX fine DC with I =  7, Q = -1.
Set RX gain to 0x45.
Rx DC value:  -58 + -237j in Q13. Adjust RX coarse DC with I =-16, Q =-16.
Rx DC value: 1202 +  969j in Q13. Adjust RX coarse DC with I = -8, Q = -8.
Rx DC value:  570 +  370j in Q13. Adjust RX coarse DC with I = -4, Q = -4.
Rx DC value:  252 +   68j in Q13. Adjust RX coarse DC with I = -2, Q = -2.
Rx DC value:   97 +  -83j in Q13. Adjust RX coarse DC with I = -1, Q = -3.
Rx DC value:   18 +   -6j in Q13. Adjust RX fine DC with I = 16, Q =-16.
Rx DC value:  -22 +   34j in Q13. Adjust RX fine DC with I =  8, Q = -8.
Rx DC value:    0 +   13j in Q13. Adjust RX fine DC with I = 12, Q = -4.
Rx DC value:  -11 +    2j in Q13. Adjust RX fine DC with I = 10, Q = -2.
Rx DC value:   -6 +   -1j in Q13. Adjust RX fine DC with I =  9, Q = -3.
Set RX gain to 0x55.
Rx DC value:  -63 + -249j in Q13. Adjust RX coarse DC with I =-16, Q =-16.
Rx DC value: 1197 +  955j in Q13. Adjust RX coarse DC with I = -8, Q = -8.
Rx DC value:  565 +  358j in Q13. Adjust RX coarse DC with I = -4, Q = -4.
Rx DC value:  246 +   52j in Q13. Adjust RX coarse DC with I = -2, Q = -2.
Rx DC value:   93 + -100j in Q13. Adjust RX coarse DC with I = -1, Q = -3.
Rx DC value:   13 +  -16j in Q13. Adjust RX fine DC with I = 16, Q =-16.
Rx DC value:  -27 +   24j in Q13. Adjust RX fine DC with I =  8, Q = -8.
Rx DC value:   -4 +    4j in Q13. Adjust RX fine DC with I =  4, Q = -4.
Rx DC value:    7 +   -8j in Q13. Adjust RX fine DC with I =  6, Q = -6.
Rx DC value:    2 +   -1j in Q13. Adjust RX fine DC with I =  7, Q = -7.
Set RX gain to 0x65.
Rx DC value:  -78 + -285j in Q13. Adjust RX coarse DC with I =-16, Q =-16.
Rx DC value: 1175 +  914j in Q13. Adjust RX coarse DC with I = -8, Q = -8.
Rx DC value:  544 +  317j in Q13. Adjust RX coarse DC with I = -4, Q = -4.
Rx DC value:  227 +   14j in Q13. Adjust RX coarse DC with I = -2, Q = -2.
Rx DC value:   72 + -140j in Q13. Adjust RX coarse DC with I = -1, Q = -3.
Rx DC value:   -4 +  -61j in Q13. Adjust RX fine DC with I =-16, Q =-16.
Rx DC value:   42 +  -20j in Q13. Adjust RX fine DC with I = -8, Q =-24.
Rx DC value:   20 +    0j in Q13. Adjust RX fine DC with I = -4, Q =-20.
Rx DC value:    8 +   -8j in Q13. Adjust RX fine DC with I = -2, Q =-22.
Rx DC value:    4 +   -2j in Q13. Adjust RX fine DC with I = -1, Q =-23.
Set RX gain to 0x75.
Rx DC value: -112 + -354j in Q13. Adjust RX coarse DC with I =-16, Q =-16.
Rx DC value: 1143 +  837j in Q13. Adjust RX coarse DC with I = -8, Q = -8.
Rx DC value:  512 +  246j in Q13. Adjust RX coarse DC with I = -4, Q = -4.
Rx DC value:  197 +  -52j in Q13. Adjust RX coarse DC with I = -2, Q = -6.
Rx DC value:   46 +  101j in Q13. Adjust RX coarse DC with I = -1, Q = -5.
Rx DC value:  -29 +   29j in Q13. Adjust RX fine DC with I =-16, Q = 16.
Rx DC value:   12 +  -13j in Q13. Adjust RX fine DC with I = -8, Q =  8.
Rx DC value:   -6 +    5j in Q13. Adjust RX fine DC with I =-12, Q = 12.
Rx DC value:    1 +   -5j in Q13. Adjust RX fine DC with I =-10, Q = 10.
Rx DC value:   -5 +    3j in Q13. Adjust RX fine DC with I =-11, Q = 11.
Rx DC Calibration done.
Start to calibrate TX IQMM.
Image power =   328336 dB, IRR =  -207712 with Q scale = 7372 in Q13.
Image power =   321912 dB, IRR =  -220718 with Q scale = 9011 in Q13.
Image power =   186121 dB, IRR =  -352724 with Q scale = 8191 in Q13.
Image power =   271493 dB, IRR =  -270492 with Q scale = 8601 in Q13.
Image power =   224510 dB, IRR =  -313918 with Q scale = 8396 in Q13.
Image power =   179618 dB, IRR =  -360788 with Q scale = 8294 in Q13.
Image power =   164618 dB, IRR =  -375185 with Q scale = 8243 in Q13.
Image power =   170767 dB, IRR =  -368259 with Q scale = 8268 in Q13.
Image power =   164447 dB, IRR =  -374695 with Q scale = 8255 in Q13.
Image power =   161618 dB, IRR =  -378472 with Q scale = 8249 in Q13.
Image power =   158476 dB, IRR =  -381007 with Q scale = 8252 in Q13.
Image power =   163982 dB, IRR =  -375620 with Q scale = 8251 in Q13.
TxIQMM with Gain_I =     8131, Gain_Q = 8192 ratio =      263 dB in Q13.
Start to calibrate TX LOL.
Set RX gain to 0x2.
Tx LOL PWR =       49 dB with LOL compensation -1638 +    0j in Q13.
Tx LOL PWR =       50 dB with LOL compensation 1638 +    0j in Q13.
Tx LOL PWR =       34 dB with LOL compensation    0 +    0j in Q13.
Tx LOL PWR =       43 dB with LOL compensation -819 +    0j in Q13.
Tx LOL PWR =       36 dB with LOL compensation -409 +    0j in Q13.
Tx LOL PWR =       32 dB with LOL compensation -204 +    0j in Q13.
Tx LOL PWR =       30 dB with LOL compensation -102 +    0j in Q13.
Tx LOL PWR =       30 dB with LOL compensation -153 +    0j in Q13.
Tx LOL PWR =       30 dB with LOL compensation -127 +    0j in Q13.
Tx LOL PWR =       30 dB with LOL compensation -140 +    0j in Q13.
Tx LOL PWR =       29 dB with LOL compensation -134 +    0j in Q13.
Tx LOL PWR =       29 dB with LOL compensation -137 +    0j in Q13.
Tx LOL PWR =       29 dB with LOL compensation -135 +    0j in Q13.
Tx LOL PWR =       48 dB with LOL compensation -135 + -1638j in Q13.
Tx LOL PWR =       50 dB with LOL compensation -135 + 1638j in Q13.
Tx LOL PWR =       29 dB with LOL compensation -135 +    0j in Q13.
Tx LOL PWR =       41 dB with LOL compensation -135 + -819j in Q13.
Tx LOL PWR =       33 dB with LOL compensation -135 + -409j in Q13.
Tx LOL PWR =       21 dB with LOL compensation -135 + -204j in Q13.
Tx LOL PWR =       22 dB with LOL compensation -135 + -102j in Q13.
Tx LOL PWR =       17 dB with LOL compensation -135 + -153j in Q13.
Tx LOL PWR =       18 dB with LOL compensation -135 + -179j in Q13.
Tx LOL PWR =       17 dB with LOL compensation -135 + -166j in Q13.
Tx LOL PWR =       17 dB with LOL compensation -135 + -159j in Q13.
Tx LOL PWR =       17 dB with LOL compensation -135 + -163j in Q13.
Tx LOL PWR =       48 dB with LOL compensation -1638 + -163j in Q13.
Tx LOL PWR =       50 dB with LOL compensation 1638 + -163j in Q13.
Tx LOL PWR =       25 dB with LOL compensation    0 + -163j in Q13.
Tx LOL PWR =       42 dB with LOL compensation -819 + -163j in Q13.
Tx LOL PWR =       35 dB with LOL compensation -409 + -163j in Q13.
Tx LOL PWR =       25 dB with LOL compensation -204 + -163j in Q13.
Tx LOL PWR =        2 dB with LOL compensation -102 + -163j in Q13.
Tx LOL PWR =       19 dB with LOL compensation  -51 + -163j in Q13.
Tx LOL PWR =       13 dB with LOL compensation  -76 + -163j in Q13.
Tx LOL PWR =        6 dB with LOL compensation  -89 + -163j in Q13.
Tx LOL PWR =        0 dB with LOL compensation  -95 + -163j in Q13.
Tx LOL PWR =       -1 dB with LOL compensation  -99 + -163j in Q13.
Tx LOL PWR =        0 dB with LOL compensation  -97 + -163j in Q13.
Tx LOL PWR =        0 dB with LOL compensation  -98 + -163j in Q13.
Tx LOL PWR =       48 dB with LOL compensation  -98 + -1638j in Q13.
Tx LOL PWR =       50 dB with LOL compensation  -98 + 1638j in Q13.
Tx LOL PWR =       29 dB with LOL compensation  -98 +    0j in Q13.
Tx LOL PWR =       41 dB with LOL compensation  -98 + -819j in Q13.
Tx LOL PWR =       33 dB with LOL compensation  -98 + -409j in Q13.
Tx LOL PWR =       18 dB with LOL compensation  -98 + -204j in Q13.
Tx LOL PWR =       20 dB with LOL compensation  -98 + -102j in Q13.
Tx LOL PWR =        2 dB with LOL compensation  -98 + -153j in Q13.
Tx LOL PWR =       11 dB with LOL compensation  -98 + -179j in Q13.
Tx LOL PWR =        4 dB with LOL compensation  -98 + -166j in Q13.
Tx LOL PWR =       -8 dB with LOL compensation  -98 + -159j in Q13.
Tx LOL PWR =       -3 dB with LOL compensation  -98 + -156j in Q13.
Tx LOL PWR =       -4 dB with LOL compensation  -98 + -158j in Q13.
Tx LOL PWR =      -10 dB with LOL compensation  -98 + -159j in Q13.
Tx LOL PWR =       -7 dB with LOL compensation  -98 + -159j in Q13.
Tx LOL calibration done with LOL compensation  -98 + -159j in Q13.
Start to calibrate TX Power, DL gain from M-plane is 240000.
Target AUX value:  586, Init TX RF gain is 0, fine gain is 0 dB in Q13
Current AUX Value:   44. Adjust TX RF gain to  8, fine gain to      0 dB in Q13
Current AUX Value:   91. Adjust TX RF gain to 14, fine gain to      0 dB in Q13
Current AUX Value:  348. Adjust TX RF gain to 15, fine gain to      0 dB in Q13
Current AUX Value:  447. Adjust TX RF gain to 16, fine gain to      0 dB in Q13
Current AUX Value:  568. Adjust TX RF gain to 17, fine gain to      0 dB in Q13
Current AUX Value:  718. Adjust TX RF gain to 17, fine gain to -13920 dB in Q13
Current AUX Value:  581. Adjust TX RF gain to 17, fine gain to -13773 dB in Q13
Current AUX Value:  581. Adjust TX RF gain to 17, fine gain to -13626 dB in Q13
Current AUX Value:  583. Adjust TX RF gain to 17, fine gain to -13538 dB in Q13
Current AUX Value:  583. Adjust TX RF gain to 17, fine gain to -13450 dB in Q13
Current AUX Value:  584. Adjust TX RF gain to 17, fine gain to -13392 dB in Q13
Current AUX Value:  585. Adjust TX RF gain to 17, fine gain to -13363 dB in Q13
Current AUX Value:  586. Adjust TX RF gain to 17, fine gain to -13363 dB in Q13
Current AUX Value:  585. Adjust TX RF gain to 17, fine gain to -13333 dB in Q13
Current AUX Value:  585. Adjust TX RF gain to 17, fine gain to -13304 dB in Q13
Current AUX Value:  586. Adjust TX RF gain to 17, fine gain to -13304 dB in Q13
TX Power calibration is done.
Enter concurrent calibration mode
DPD training start.
Set TX gain to 17.
Set RX gain to 0x3.
DPD struct = 6, InBand Weighting = 1, CFR regrowth drop = 0, MP 1st ord = 0.
DPD training RX PAPR = 15. 0.
DPD Npolys = 4, Taps = 27, is odd = 0, group delay = 0.
DPD polynomial 0, order = 7, input delay = 0, norm delay = 0
DPD polynomial 1, order = 7, input delay = 1, norm delay = 1
DPD polynomial 2, order = 7, input delay = 0, norm delay = 1
DPD polynomial 3, order = 6, input delay = 0, norm delay = 2
CFR on for DPD with 0 dB margin in Q13. beta = 8192 in Q13.
Rx PAPR = 21.81 in DPD loop back with target gain difference = 6.81 dB.
Adjust RX gain to 0x13.
Rx PAPR = 16.20 in DPD loop back with target gain difference = 1.20 dB.
RX gain adjustment done. Calculate delay.
DPD path delay = 27.70 in samples under 2x sampling rate.
TX dump delay =  73, RX dump delay =  64.
DPD fractional delay = -3414 in Q13.
measured left ACLR = 30.93, right ACLR = 26.99 at 0th iteration.
Q matrix is not positive definite. Increase diagonal term.
Q matrix is not positive definite. Increase diagonal term.
TX fine gain = -9497 dB in Q13. Set comp_gain = -3806 dB in Q13. 
a[ 0] =    19707 +  -105163j, tho[ 0] =     4000 +    19261j in Q13.
a[ 1] =   -35156 +   230005j, tho[ 1] =     5421 +    24111j in Q13.
a[ 2] =   -23206 +   -35695j, tho[ 2] =     7275 +    30792j in Q13.
a[ 3] =    96446 +  -292524j, tho[ 3] =     9604 +    39961j in Q13.
a[ 4] =   -80948 +   317176j, tho[ 4] =    12236 +    52031j in Q13.
a[ 5] =    25384 +  -138989j, tho[ 5] =    14323 +    65411j in Q13.
a[ 6] =    -2895 +    25677j, tho[ 6] =    13233 +    68759j in Q13.
a[ 7] =    28275 +    -9908j, tho[ 7] =    -3525 +    15359j in Q13.
a[ 8] =   -68216 +    -7978j, tho[ 8] =    -3836 +    19748j in Q13.
a[ 9] =    25333 +     5448j, tho[ 9] =    -4304 +    25904j in Q13.
a[10] =    71373 +    79977j, tho[10] =    -5048 +    34516j in Q13.
a[11] =   -96190 +  -114361j, tho[11] =    -6234 +    46134j in Q13.
a[12] =    48200 +    59777j, tho[12] =    -7882 +    59611j in Q13.
a[13] =    -9560 +   -13703j, tho[13] =    -8432 +    64959j in Q13.
a[14] =    20539 +    10963j, tho[14] =    -2395 +    15863j in Q13.
a[15] =   -56219 +    20487j, tho[15] =    -2261 +    20606j in Q13.
a[16] =    41461 +   -65115j, tho[16] =    -2050 +    27380j in Q13.
a[17] =    15111 +    17917j, tho[17] =    -1745 +    37105j in Q13.
a[18] =   -29290 +    42638j, tho[18] =    -1357 +    50740j in Q13.
a[19] =     8747 +   -33903j, tho[19] =     -919 +    67686j in Q13.
a[20] =      640 +     6357j, tho[20] =     -254 +    76978j in Q13.
a[21] =    20904 +    -8829j, tho[21] =    -6457 +     9564j in Q13.
a[22] =   -56867 +    42126j, tho[22] =    -7963 +    13015j in Q13.
a[23] =    52659 +   -74612j, tho[23] =    -9901 +    18549j in Q13.
a[24] =   -18224 +    60071j, tho[24] =   -12260 +    27585j in Q13.
a[25] =     1867 +   -23430j, tho[25] =   -14588 +    41739j in Q13.
a[26] =      333 +     4029j, tho[26] =   -14385 +    56942j in Q13.
Power of tho  =       28.85 dB.
Current AUX Value:  567. Adjust TX RF gain to 17, fine gain to  -8928 dB in Q13
Current AUX Value:  573. Adjust TX RF gain to 17, fine gain to  -8539 dB in Q13
Current AUX Value:  575. Adjust TX RF gain to 17, fine gain to  -8210 dB in Q13
Current AUX Value:  579. Adjust TX RF gain to 17, fine gain to  -8000 dB in Q13
Current AUX Value:  580. Adjust TX RF gain to 17, fine gain to  -7819 dB in Q13
measured left ACLR = 37.79, right ACLR = 36.72 at 1th iteration.
TX fine gain = -6558 dB in Q13. Set comp_gain = -5067 dB in Q13. 
a[ 0] =    61451 +  -108438j, tho[ 0] =     1144 +    -1454j in Q13.
a[ 1] =  -127952 +   231868j, tho[ 1] =      988 +    -1763j in Q13.
a[ 2] =     2794 +   -17796j, tho[ 2] =      640 +    -2115j in Q13.
a[ 3] =   185352 +  -330112j, tho[ 3] =      -48 +    -2469j in Q13.
a[ 4] =  -178472 +   348298j, tho[ 4] =    -1285 +    -2702j in Q13.
a[ 5] =    66290 +  -150836j, tho[ 5] =    -3148 +    -2482j in Q13.
a[ 6] =    -9978 +    27604j, tho[ 6] =    -4293 +     -960j in Q13.
a[ 7] =    38853 +    19643j, tho[ 7] =     5412 +     1875j in Q13.
a[ 8] =   -78699 +   -60992j, tho[ 8] =     6729 +     2183j in Q13.
a[ 9] =    -1140 +    11044j, tho[ 9] =     8412 +     2620j in Q13.
a[10] =   114548 +   121699j, tho[10] =    10485 +     3253j in Q13.
a[11] =  -111086 +  -149475j, tho[11] =    12803 +     4165j in Q13.
a[12] =    44474 +    73601j, tho[12] =    14705 +     5372j in Q13.
a[13] =    -8412 +   -16773j, tho[13] =    14118 +     6414j in Q13.
a[14] =     4462 +    23317j, tho[14] =     4722 +     1337j in Q13.
a[15] =   -32483 +   -19943j, tho[15] =     5739 +     1477j in Q13.
a[16] =    49389 +   -43675j, tho[16] =     6937 +     1671j in Q13.
a[17] =     2430 +    56953j, tho[17] =     8200 +     1945j in Q13.
a[18] =   -45007 +    -4069j, tho[18] =     9138 +     2330j in Q13.
a[19] =    23184 +   -17450j, tho[19] =     8757 +     2822j in Q13.
a[20] =     -880 +     4621j, tho[20] =     5479 +     3300j in Q13.
a[21] =    19813 +   -44157j, tho[21] =     5403 +     3161j in Q13.
a[22] =   -45476 +   153021j, tho[22] =     7176 +     3895j in Q13.
a[23] =    30494 +  -204309j, tho[23] =     9602 +     4837j in Q13.
a[24] =     -918 +   130545j, tho[24] =    12746 +     5997j in Q13.
a[25] =    -3605 +   -42359j, tho[25] =    16113 +     7233j in Q13.
a[26] =      779 +     6329j, tho[26] =    16923 +     7751j in Q13.
Power of tho  =       15.68 dB.
Current AUX Value:  570. Adjust TX RF gain to 17, fine gain to  -6079 dB in Q13
Current AUX Value:  574. Adjust TX RF gain to 17, fine gain to  -5721 dB in Q13
Current AUX Value:  577. Adjust TX RF gain to 17, fine gain to  -5451 dB in Q13
Current AUX Value:  579. Adjust TX RF gain to 17, fine gain to  -5241 dB in Q13
Current AUX Value:  580. Adjust TX RF gain to 17, fine gain to  -5060 dB in Q13
measured left ACLR = 40.85, right ACLR = 40.58 at 2th iteration.
TX fine gain = -6143 dB in Q13. Set comp_gain = -3984 dB in Q13. 
a[ 0] =    80411 +   -78700j, tho[ 0] =    -2014 +       80j in Q13.
a[ 1] =  -167999 +   155116j, tho[ 1] =    -2462 +      352j in Q13.
a[ 2] =     8904 +    37480j, tho[ 2] =    -3054 +      722j in Q13.
a[ 3] =   230256 +  -312338j, tho[ 3] =    -3824 +     1224j in Q13.
a[ 4] =  -223591 +   303630j, tho[ 4] =    -4764 +     1897j in Q13.
a[ 5] =    84257 +  -127753j, tho[ 5] =    -5668 +     2800j in Q13.
a[ 6] =   -13309 +    22777j, tho[ 6] =    -5485 +     4165j in Q13.
a[ 7] =    48479 +    41054j, tho[ 7] =     -473 +    -1089j in Q13.
a[ 8] =   -86160 +   -81612j, tho[ 8] =     -706 +    -1205j in Q13.
a[ 9] =   -13687 +     1450j, tho[ 9] =    -1024 +    -1291j in Q13.
a[10] =   116650 +   110934j, tho[10] =    -1449 +    -1275j in Q13.
a[11] =   -89865 +  -110279j, tho[11] =    -1992 +    -1008j in Q13.
a[12] =    27886 +    49406j, tho[12] =    -2606 +     -192j in Q13.
a[13] =    -4747 +   -11568j, tho[13] =    -2981 +     1664j in Q13.
a[14] =    -7453 +    11486j, tho[14] =     -763 +     -945j in Q13.
a[15] =   -16031 +   -12111j, tho[15] =    -1089 +     -986j in Q13.
a[16] =    48996 +   -48768j, tho[16] =    -1551 +     -962j in Q13.
a[17] =     5620 +    98171j, tho[17] =    -2205 +     -786j in Q13.
a[18] =   -61114 +   -55264j, tho[18] =    -3114 +     -298j in Q13.
a[19] =    34406 +     4659j, tho[19] =    -4253 +      789j in Q13.
a[20] =    -2541 +     1360j, tho[20] =    -4925 +     2956j in Q13.
a[21] =    14920 +   -65160j, tho[21] =      896 +    -1146j in Q13.
a[22] =   -28866 +   220273j, tho[22] =      838 +    -1405j in Q13.
a[23] =    10454 +  -287280j, tho[23] =      665 +    -1617j in Q13.
a[24] =     8195 +   179090j, tho[24] =      272 +    -1586j in Q13.
a[25] =    -4441 +   -55269j, tho[25] =     -485 +     -798j in Q13.
a[26] =      336 +     7330j, tho[26] =    -1511 +     1878j in Q13.
Power of tho  =        6.11 dB.
Current AUX Value:  582. Adjust TX RF gain to 17, fine gain to  -6022 dB in Q13
measured left ACLR = 42.60, right ACLR = 40.87 at 3th iteration.
TX fine gain = -6876 dB in Q13. Set comp_gain = -3130 dB in Q13. 
a[ 0] =    76781 +   -72408j, tho[ 0] =     1015 +      585j in Q13.
a[ 1] =  -157282 +   132101j, tho[ 1] =     1189 +      639j in Q13.
a[ 2] =    -2112 +    61036j, tho[ 2] =     1406 +      689j in Q13.
a[ 3] =   234449 +  -311179j, tho[ 3] =     1671 +      722j in Q13.
a[ 4] =  -223721 +   288688j, tho[ 4] =     1970 +      705j in Q13.
a[ 5] =    84073 +  -119294j, tho[ 5] =     2225 +      596j in Q13.
a[ 6] =   -13260 +    21273j, tho[ 6] =     2152 +      463j in Q13.
a[ 7] =    55714 +    47744j, tho[ 7] =      114 +     1066j in Q13.
a[ 8] =   -99280 +   -89085j, tho[ 8] =      158 +     1319j in Q13.
a[ 9] =   -10077 +    -4505j, tho[ 9] =      218 +     1665j in Q13.
a[10] =   129152 +   122243j, tho[10] =      293 +     2138j in Q13.
a[11] =  -106731 +  -114974j, tho[11] =      374 +     2770j in Q13.
a[12] =    36857 +    49950j, tho[12] =      434 +     3510j in Q13.
a[13] =    -6652 +   -11765j, tho[13] =      450 +     3900j in Q13.
a[14] =   -10074 +    14244j, tho[14] =      298 +     1016j in Q13.
a[15] =   -10582 +   -24823j, tho[15] =      388 +     1236j in Q13.
a[16] =    36838 +   -33835j, tho[16] =      515 +     1525j in Q13.
a[17] =    21447 +    95415j, tho[17] =      691 +     1899j in Q13.
a[18] =   -69006 +   -60553j, tho[18] =      923 +     2350j in Q13.
a[19] =    34990 +     7849j, tho[19] =     1195 +     2771j in Q13.
a[20] =    -2359 +      807j, tho[20] =     1373 +     2741j in Q13.
a[21] =    12327 +   -78762j, tho[21] =     -386 +      909j in Q13.
a[22] =   -24912 +   256284j, tho[22] =     -410 +     1245j in Q13.
a[23] =    10087 +  -323314j, tho[23] =     -416 +     1757j in Q13.
a[24] =     6548 +   196386j, tho[24] =     -384 +     2529j in Q13.
a[25] =    -3884 +   -59316j, tho[25] =     -285 +     3619j in Q13.
a[26] =      473 +     7634j, tho[26] =      -71 +     4603j in Q13.
Power of tho  =        3.51 dB.
Current AUX Value:  583. Adjust TX RF gain to 17, fine gain to  -6783 dB in Q13
measured left ACLR = 42.35, right ACLR = 41.17 at 4th iteration.
TX fine gain = -8468 dB in Q13. Set comp_gain = -1445 dB in Q13. 
a[ 0] =    70892 +   -55146j, tho[ 0] =      497 +     -369j in Q13.
a[ 1] =  -141805 +    83836j, tho[ 1] =      504 +     -462j in Q13.
a[ 2] =   -18158 +   102118j, tho[ 2] =      508 +     -587j in Q13.
a[ 3] =   243032 +  -308327j, tho[ 3] =      508 +     -749j in Q13.
a[ 4] =  -226991 +   264587j, tho[ 4] =      500 +     -935j in Q13.
a[ 5] =    85679 +  -105030j, tho[ 5] =      479 +    -1063j in Q13.
a[ 6] =   -13837 +    17964j, tho[ 6] =      425 +     -763j in Q13.
a[ 7] =    68637 +    54799j, tho[ 7] =     1051 +       30j in Q13.
a[ 8] =  -114593 +   -97414j, tho[ 8] =     1140 +        9j in Q13.
a[ 9] =   -19513 +    -2146j, tho[ 9] =     1243 +      -29j in Q13.
a[10] =   145480 +   112422j, tho[10] =     1350 +      -96j in Q13.
a[11] =  -111120 +   -99406j, tho[11] =     1432 +     -194j in Q13.
a[12] =    36493 +    41208j, tho[12] =     1402 +     -296j in Q13.
a[13] =    -6538 +    -9755j, tho[13] =     1042 +     -213j in Q13.
a[14] =   -29742 +    15275j, tho[14] =      958 +      -29j in Q13.
a[15] =    16258 +   -25897j, tho[15] =     1033 +      -76j in Q13.
a[16] =    46178 +   -54879j, tho[16] =     1118 +     -155j in Q13.
a[17] =    -4910 +   144306j, tho[17] =     1204 +     -282j in Q13.
a[18] =   -57573 +  -101175j, tho[18] =     1259 +     -471j in Q13.
a[19] =    33163 +    22869j, tho[19] =     1209 +     -696j in Q13.
a[20] =    -2129 +    -1460j, tho[20] =      889 +     -676j in Q13.
a[21] =    10067 +  -106230j, tho[21] =      773 +       48j in Q13.
a[22] =   -20546 +   339765j, tho[22] =      903 +       78j in Q13.
a[23] =     8343 +  -418325j, tho[23] =     1059 +       97j in Q13.
a[24] =     5322 +   246705j, tho[24] =     1226 +       81j in Q13.
a[25] =    -2826 +   -71685j, tho[25] =     1335 +        8j in Q13.
a[26] =      290 +     8795j, tho[26] =     1157 +      -23j in Q13.
Power of tho  =       -3.00 dB.
Current AUX Value:  577. Adjust TX RF gain to 17, fine gain to  -8199 dB in Q13
Current AUX Value:  581. Adjust TX RF gain to 17, fine gain to  -8047 dB in Q13
measured left ACLR = 41.90, right ACLR = 41.71 at 5th iteration.
TX fine gain = -8065 dB in Q13. Set comp_gain = -1428 dB in Q13. 
a[ 0] =    68678 +   -49377j, tho[ 0] =     -171 +      -61j in Q13.
a[ 1] =  -131372 +    65901j, tho[ 1] =      -70 +      -46j in Q13.
a[ 2] =   -32521 +   116523j, tho[ 2] =       87 +      -23j in Q13.
a[ 3] =   249320 +  -301002j, tho[ 3] =      334 +       13j in Q13.
a[ 4] =  -225589 +   247341j, tho[ 4] =      706 +       70j in Q13.
a[ 5] =    83815 +   -95436j, tho[ 5] =     1210 +      168j in Q13.
a[ 6] =   -13408 +    15809j, tho[ 6] =     1608 +      376j in Q13.
a[ 7] =    73906 +    44729j, tho[ 7] =      -77 +     -198j in Q13.
a[ 8] =  -124531 +   -78656j, tho[ 8] =      -45 +     -205j in Q13.
a[ 9] =   -14586 +   -14715j, tho[ 9] =        8 +     -200j in Q13.
a[10] =   150247 +   118830j, tho[10] =      101 +     -171j in Q13.
a[11] =  -119102 +  -103646j, tho[11] =      255 +      -92j in Q13.
a[12] =    40699 +    43189j, tho[12] =      489 +       81j in Q13.
a[13] =    -7381 +   -10146j, tho[13] =      720 +      419j in Q13.
a[14] =   -31542 +    26065j, tho[14] =      -80 +     -189j in Q13.
a[15] =    18960 +   -37986j, tho[15] =      -38 +     -189j in Q13.
a[16] =    41815 +   -65999j, tho[16] =       38 +     -176j in Q13.
a[17] =     -835 +   165869j, tho[17] =      177 +     -137j in Q13.
a[18] =   -57890 +  -111498j, tho[18] =      429 +      -49j in Q13.
a[19] =    32245 +    24203j, tho[19] =      854 +      124j in Q13.
a[20] =    -2007 +    -1293j, tho[20] =     1370 +      432j in Q13.
a[21] =    14640 +  -112206j, tho[21] =      109 +       -7j in Q13.
a[22] =   -32156 +   357196j, tho[22] =       92 +       -3j in Q13.
a[23] =    18770 +  -437238j, tho[23] =       76 +       15j in Q13.
a[24] =     1337 +   255720j, tho[24] =       83 +       70j in Q13.
a[25] =    -2285 +   -73473j, tho[25] =      173 +      212j in Q13.
a[26] =      324 +     8848j, tho[26] =      449 +      533j in Q13.
Power of tho  =       -8.34 dB.
Current AUX Value:  574. Adjust TX RF gain to 17, fine gain to  -7706 dB in Q13
Current AUX Value:  579. Adjust TX RF gain to 17, fine gain to  -7496 dB in Q13
Current AUX Value:  581. Adjust TX RF gain to 17, fine gain to  -7344 dB in Q13
measured left ACLR = 43.08, right ACLR = 41.11 at 6th iteration.
TX fine gain = -7379 dB in Q13. Set comp_gain = -1393 dB in Q13. 
a[ 0] =    68186 +   -42956j, tho[ 0] =      457 +     -334j in Q13.
a[ 1] =  -126224 +    52604j, tho[ 1] =      600 +     -373j in Q13.
a[ 2] =   -44173 +   115560j, tho[ 2] =      790 +     -415j in Q13.
a[ 3] =   259600 +  -277425j, tho[ 3] =     1041 +     -452j in Q13.
a[ 4] =  -228977 +   222671j, tho[ 4] =     1362 +     -458j in Q13.
a[ 5] =    83617 +   -84396j, tho[ 5] =     1703 +     -365j in Q13.
a[ 6] =   -13159 +    13553j, tho[ 6] =     1776 +       -3j in Q13.
a[ 7] =    71836 +    42506j, tho[ 7] =      336 +     -126j in Q13.
a[ 8] =  -126254 +   -64931j, tho[ 8] =      454 +     -161j in Q13.
a[ 9] =   -12526 +   -30891j, tho[ 9] =      628 +     -201j in Q13.
a[10] =   157662 +   121705j, tho[10] =      878 +     -240j in Q13.
a[11] =  -128464 +   -99990j, tho[11] =     1223 +     -261j in Q13.
a[12] =    44380 +    41269j, tho[12] =     1625 +     -215j in Q13.
a[13] =    -7847 +    -9743j, tho[13] =     1777 +       30j in Q13.
a[14] =   -31125 +    22317j, tho[14] =      324 +     -163j in Q13.
a[15] =    24696 +   -29199j, tho[15] =      457 +     -210j in Q13.
a[16] =    35061 +   -82918j, tho[16] =      652 +     -265j in Q13.
a[17] =    -3071 +   185982j, tho[17] =      938 +     -324j in Q13.
a[18] =   -52886 +  -122390j, tho[18] =     1343 +     -364j in Q13.
a[19] =    30524 +    26910j, tho[19] =     1847 +     -322j in Q13.
a[20] =    -1896 +    -1674j, tho[20] =     2138 +      -15j in Q13.
a[21] =    14968 +  -121572j, tho[21] =      215 +       67j in Q13.
a[22] =   -33963 +   379882j, tho[22] =      311 +       44j in Q13.
a[23] =    21957 +  -456686j, tho[23] =      484 +       15j in Q13.
a[24] =    -1126 +   262756j, tho[24] =      790 +      -19j in Q13.
a[25] =    -1376 +   -74458j, tho[25] =     1298 +      -42j in Q13.
a[26] =       58 +     8855j, tho[26] =     1892 +       56j in Q13.
Power of tho  =       -2.42 dB.
Current AUX Value:  585. Adjust TX RF gain to 17, fine gain to  -7345 dB in Q13
measured left ACLR = 42.26, right ACLR = 42.28 at 7th iteration.
TX fine gain = -7412 dB in Q13. Set comp_gain = -1327 dB in Q13. 
a[ 0] =    67864 +   -42133j, tho[ 0] =      433 +       17j in Q13.
a[ 1] =  -125055 +    50630j, tho[ 1] =      516 +      -43j in Q13.
a[ 2] =   -45616 +   116472j, tho[ 2] =      629 +     -123j in Q13.
a[ 3] =   260163 +  -276023j, tho[ 3] =      781 +     -220j in Q13.
a[ 4] =  -228799 +   220777j, tho[ 4] =      980 +     -314j in Q13.
a[ 5] =    83425 +   -83475j, tho[ 5] =     1200 +     -346j in Q13.
a[ 6] =   -13113 +    13363j, tho[ 6] =     1246 +     -134j in Q13.
a[ 7] =    72451 +    41969j, tho[ 7] =      732 +      -49j in Q13.
a[ 8] =  -127092 +   -63713j, tho[ 8] =      847 +      -99j in Q13.
a[ 9] =   -12656 +   -32300j, tho[ 9] =      999 +     -166j in Q13.
a[10] =   158141 +   122952j, tho[10] =     1198 +     -248j in Q13.
a[11] =  -128571 +  -100789j, tho[11] =     1449 +     -328j in Q13.
a[12] =    44372 +    41573j, tho[12] =     1704 +     -349j in Q13.
a[13] =    -7859 +    -9788j, tho[13] =     1683 +     -144j in Q13.
a[14] =   -31467 +    23172j, tho[14] =      679 +      -27j in Q13.
a[15] =    25051 +   -30427j, tho[15] =      789 +      -75j in Q13.
a[16] =    34978 +   -83143j, tho[16] =      938 +     -142j in Q13.
a[17] =    -2590 +   187002j, tho[17] =     1138 +     -224j in Q13.
a[18] =   -53501 +  -122766j, tho[18] =     1400 +     -304j in Q13.
a[19] =    30755 +    26848j, tho[19] =     1689 +     -315j in Q13.
a[20] =    -1927 +    -1652j, tho[20] =     1740 +      -80j in Q13.
a[21] =    15078 +  -121817j, tho[21] =      648 +     -185j in Q13.
a[22] =   -34312 +   380590j, tho[22] =      772 +     -188j in Q13.
a[23] =    22414 +  -457298j, tho[23] =      941 +     -197j in Q13.
a[24] =    -1444 +   262865j, tho[24] =     1171 +     -214j in Q13.
a[25] =    -1277 +   -74381j, tho[25] =     1452 +     -219j in Q13.
a[26] =       52 +     8829j, tho[26] =     1593 +      -83j in Q13.
Power of tho  =       -2.57 dB.
Current AUX Value:  584. Adjust TX RF gain to 17, fine gain to  -7349 dB in Q13
measured left ACLR = 42.31, right ACLR = 42.48 at 8th iteration.
TX fine gain = -7406 dB in Q13. Set comp_gain = -1269 dB in Q13. 
a[ 0] =    67472 +   -41516j, tho[ 0] =      481 +     -209j in Q13.
a[ 1] =  -123881 +    49283j, tho[ 1] =      585 +     -251j in Q13.
a[ 2] =   -46920 +   116284j, tho[ 2] =      727 +     -296j in Q13.
a[ 3] =   260855 +  -273360j, tho[ 3] =      921 +     -335j in Q13.
a[ 4] =  -229015 +   218067j, tho[ 4] =     1174 +     -338j in Q13.
a[ 5] =    83479 +   -82304j, tho[ 5] =     1447 +     -238j in Q13.
a[ 6] =   -13123 +    13135j, tho[ 6] =     1502 +      119j in Q13.
a[ 7] =    72691 +    41492j, tho[ 7] =      379 +     -339j in Q13.
a[ 8] =  -127165 +   -63153j, tho[ 8] =      482 +     -359j in Q13.
a[ 9] =   -12794 +   -32593j, tho[ 9] =      629 +     -380j in Q13.
a[10] =   157994 +   123527j, tho[10] =      838 +     -393j in Q13.
a[11] =  -128315 +  -101352j, tho[11] =     1124 +     -374j in Q13.
a[12] =    44289 +    41741j, tho[12] =     1460 +     -260j in Q13.
a[13] =    -7856 +    -9793j, tho[13] =     1573 +       83j in Q13.
a[14] =   -31352 +    24084j, tho[14] =      427 +     -351j in Q13.
a[15] =    24571 +   -31289j, tho[15] =      537 +     -377j in Q13.
a[16] =    34844 +   -83855j, tho[16] =      697 +     -407j in Q13.
a[17] =    -1546 +   187839j, tho[17] =      927 +     -431j in Q13.
a[18] =   -54246 +  -122797j, tho[18] =     1251 +     -423j in Q13.
a[19] =    30902 +    26736j, tho[19] =     1651 +     -310j in Q13.
a[20] =    -1931 +    -1637j, tho[20] =     1851 +       81j in Q13.
a[21] =    15192 +  -122220j, tho[21] =      284 +     -189j in Q13.
a[22] =   -34787 +   381716j, tho[22] =      389 +     -203j in Q13.
a[23] =    23135 +  -458429j, tho[23] =      550 +     -219j in Q13.
a[24] =    -1963 +   263337j, tho[24] =      800 +     -229j in Q13.
a[25] =    -1109 +   -74436j, tho[25] =     1169 +     -193j in Q13.
a[26] =       34 +     8820j, tho[26] =     1524 +       46j in Q13.
Power of tho  =       -3.24 dB.
Current AUX Value:  577. Adjust TX RF gain to 17, fine gain to  -7137 dB in Q13
Current AUX Value:  580. Adjust TX RF gain to 17, fine gain to  -6956 dB in Q13
measured left ACLR = 43.41, right ACLR = 42.35 at 9th iteration.
TX fine gain = -6964 dB in Q13. Set comp_gain = -1261 dB in Q13. 
a[ 0] =    66951 +   -40917j, tho[ 0] =      302 +     -231j in Q13.
a[ 1] =  -122489 +    47652j, tho[ 1] =      391 +     -285j in Q13.
a[ 2] =   -48339 +   117248j, tho[ 2] =      525 +     -343j in Q13.
a[ 3] =   261534 +  -272304j, tho[ 3] =      725 +     -391j in Q13.
a[ 4] =  -229145 +   216438j, tho[ 4] =     1016 +     -398j in Q13.
a[ 5] =    83479 +   -81506j, tho[ 5] =     1387 +     -287j in Q13.
a[ 6] =   -13127 +    12970j, tho[ 6] =     1604 +       94j in Q13.
a[ 7] =    73014 +    40579j, tho[ 7] =      202 +      -92j in Q13.
a[ 8] =  -127827 +   -62035j, tho[ 8] =      317 +     -149j in Q13.
a[ 9] =   -12827 +   -32982j, tho[ 9] =      482 +     -214j in Q13.
a[10] =   158761 +   124200j, tho[10] =      719 +     -276j in Q13.
a[11] =  -128786 +  -102163j, tho[11] =     1053 +     -304j in Q13.
a[12] =    44369 +    42058j, tho[12] =     1464 +     -227j in Q13.
a[13] =    -7861 +    -9834j, tho[13] =     1677 +      108j in Q13.
a[14] =   -30926 +    24989j, tho[14] =      224 +     -120j in Q13.
a[15] =    24091 +   -31910j, tho[15] =      344 +     -181j in Q13.
a[16] =    34440 +   -84981j, tho[16] =      517 +     -252j in Q13.
a[17] =     -716 +   188865j, tho[17] =      769 +     -324j in Q13.
a[18] =   -54674 +  -122839j, tho[18] =     1133 +     -364j in Q13.
a[19] =    30949 +    26618j, tho[19] =     1606 +     -288j in Q13.
a[20] =    -1917 +    -1622j, tho[20] =     1916 +       89j in Q13.
a[21] =    15195 +  -122254j, tho[21] =      168 +      -36j in Q13.
a[22] =   -34821 +   381945j, tho[22] =      286 +      -51j in Q13.
a[23] =    23307 +  -458728j, tho[23] =      463 +      -77j in Q13.
a[24] =    -2228 +   263426j, tho[24] =      734 +     -111j in Q13.
a[25] =     -960 +   -74401j, tho[25] =     1133 +     -120j in Q13.
a[26] =        4 +     8803j, tho[26] =     1557 +       54j in Q13.
Power of tho  =       -3.77 dB.
Save DPD coefficients back to MIB.
[CAL] DPD training took    32641 ticks.
Turn off DPD for other calibrations.
Start to calibrate RX IQMM.
Set RX gain to 0x72.
IQMM coefficient in Q13:
[0]:     -22
[1]:     232
[2]:    -936
[3]:    1891
[4]:    5910
[5]:    1766
[6]:    -892
[7]:     213
[CALI] RX IQMC gain diff = -60 dB(Q13).RX IQMC calibrate done.
DPD turned on.
Final TX Gain set to 17.
Final RX Gain set to 0x42 in non-hash mode.
Exit concurrent calibration mode
RF calibration done and back to standby state.
[MP] STAT-READY
[MP] CMD-ORAN_START
[MP] Start ORAN
[RF_MON] Active VERI setup ...
[RF_MON] Set TX path delay compensate to 131.
[RF_MON] Set ORAN TX parameters, PRBs to 273.
[RF_MON] Set ORAN RX parameters, PRBs to 273.
[RF_MON] Active VERI setup is done.
[ORAN] DL COMP IQ Bitwidth: 9
[ORAN] DL COMP Type: 0
[ORAN] DL COMP Format: 1
[ORAN] DL COMP Format Param1: 0
[ORAN] DL COMP Format Param2: 0
[ORAN] UL COMP IQ Bitwidth: 9
[ORAN] UL COMP TYPE: 0
[ORAN] UL COMP Format: 1
[ORAN] UL COMP Format Param1: 0
[ORAN] UL COMP Format Param2: 0
[ORAN] RU MACADDR 00:e0:0c:00:ae:06
[ORAN] DU MACADDR 00:11:22:33:44:66
[ORAN] VLAN ID: 3
[ORAN] VLAN PCP: 7
[ORAN] L2 MTU: 8000
[ORAN] DL COMP IQ Bitwidth: 9
[ORAN] DL COMP Type: 0
[ORAN] DL COMP Format: 1
[ORAN] DL COMP Format Param1: 0
[ORAN] DL COMP Format Param2: 0
[ORAN] UL COMP IQ Bitwidth: 9
[ORAN] UL COMP TYPE: 0
[ORAN] UL COMP Format: 1
[ORAN] UL COMP Format Param1: 0
[ORAN] UL COMP Format Param2: 0
[ORAN] TDD N_TA Offset: 25600
[RATE] TRXSW settling pre-kick is 0.0 us
[RATE] PA settling pre-kick is 2.0 us
[RATE] DPD settling pre-kick is 0.0 us
[MP] STAT-ORAN
[CALI] Calibration task get into ORAN active mode.
[SYS] ------------------------ Data Direction -------------------
[SYS]                  | Downlink           | Uplink
[SYS] CPlane Total     | 0x0000000000000000 | 0x0000000000000000
[SYS] CPlane OnTime    | 0x0000000000000000 | 0x0000000000000000
[SYS] CPlane Early     | 0x0000000000000000 | 0x0000000000000000
[SYS] CPlane Late      | 0x0000000000000000 | 0x0000000000000000
[SYS] CPlane Corrupt   | 0x0000000000000000 | 0x0000000000000000
[SYS] UPlane Total     | 0x0000000000000000 | 0x0000000000000000
[SYS] UPlane OnTime    | 0x0000000000000000 | N/A
[SYS] UPlane Ealry     | 0x0000000000000000 | N/A
[SYS] UPlane Late      | 0x0000000000000000 | N/A
[SYS] UPlane Corrupt   | 0x0000000000000000 | N/A
[SYS] Eth Pkt Good     | 0x00000658         | 0x00000a5c
[SYS] Eth Pkt Drop     | 0x00000000         | 0x00000000
[SYS] AXIQ status      | 0x00000303         | 0x00010101
[SYS] ------------------------ Tasks ---------------------------
[SYS]                  | UP         | CP         | RT
[SYS] Error            | 0x00000000 | 0x00000000 | 0x00000000
[SYS] Heartbeats       | 0x000845f0 | N/A        | N/A
[SYS] Counts           | 0x00000000 | N/A        | 0x00000000
[SYS] Drops            | 0x00000000 | N/A        | 0x00000000
[SYS] ------------------------ VSPAs ---------------------------
[SYS]                  | 0          | 1          | 2
[SYS] Error            | 0x00000000 | 0x00000000 | 0x00000000
[SYS] SYM WR           | 0x00000012 | N/A        | 0x0000001a
[SYS] SYM RD           | 0x00000012 | N/A        | 0x0000001a
[SYS] CMD WR           | 0x00000007 | 0x00000006 | 0x00000005
[SYS] CMD RD           | 0x00000007 | 0x00000006 | 0x00000005
[SYS] ------------------------ Info ----------------------------
[SYS]                  | Downlink           | Uplink
[SYS] RF / fine Gain   |     17 /   -0.8    | 0x03
[SYS] PwrAvg(dBFs/dBm) | N/A                | N/A
[SYS] PwrMax(dBFS)     | N/A                | N/A
[SYS] Showtime 1 seconds

[SYS] ------------------------ Data Direction -------------------
[SYS]                  | Downlink           | Uplink
[SYS] CPlane Total     | 0x0000000000000000 | 0x0000000000000000
[SYS] CPlane OnTime    | 0x0000000000000000 | 0x0000000000000000
[SYS] CPlane Early     | 0x0000000000000000 | 0x0000000000000000
[SYS] CPlane Late      | 0x0000000000000000 | 0x0000000000000000
[SYS] CPlane Corrupt   | 0x0000000000000000 | 0x0000000000000000
[SYS] UPlane Total     | 0x0000000000000000 | 0x0000000000000000
[SYS] UPlane OnTime    | 0x0000000000000000 | N/A
[SYS] UPlane Ealry     | 0x0000000000000000 | N/A
[SYS] UPlane Late      | 0x0000000000000000 | N/A
[SYS] UPlane Corrupt   | 0x0000000000000000 | N/A
[SYS] Eth Pkt Good     | 0x0000065a         | 0x00000a80
[SYS] Eth Pkt Drop     | 0x00000000         | 0x00000000
[SYS] AXIQ status      | 0x00000303         | 0x00010101
[SYS] ------------------------ Tasks ---------------------------
[SYS]                  | UP         | CP         | RT
[SYS] Error            | 0x00000000 | 0x00000000 | 0x00000000
[SYS] Heartbeats       | 0x000e83b6 | N/A        | N/A
[SYS] Counts           | 0x00000000 | N/A        | 0x00000000
[SYS] Drops            | 0x00000000 | N/A        | 0x00000000
[SYS] ------------------------ VSPAs ---------------------------
[SYS]                  | 0          | 1          | 2
[SYS] Error            | 0x00000000 | 0x00000000 | 0x00000000
[SYS] SYM WR           | 0x00000012 | N/A        | 0x0000001a
[SYS] SYM RD           | 0x00000012 | N/A        | 0x0000001a
[SYS] CMD WR           | 0x00000007 | 0x00000006 | 0x00000005
[SYS] CMD RD           | 0x00000007 | 0x00000006 | 0x00000005
[SYS] ------------------------ Info ----------------------------
[SYS]                  | Downlink           | Uplink
[SYS] RF / fine Gain   |     17 /   -0.8    | 0x42
[SYS] PwrAvg(dBFs/dBm) | N/A                | N/A
[SYS] PwrMax(dBFS)     | N/A                | N/A
[SYS] Showtime 2 seconds

[SYS] ------------------------ Data Direction -------------------
[SYS]                  | Downlink           | Uplink
[SYS] CPlane Total     | 0x0000000000000000 | 0x0000000000000000
[SYS] CPlane OnTime    | 0x0000000000000000 | 0x0000000000000000
[SYS] CPlane Early     | 0x0000000000000000 | 0x0000000000000000
[SYS] CPlane Late      | 0x0000000000000000 | 0x0000000000000000
[SYS] CPlane Corrupt   | 0x0000000000000000 | 0x0000000000000000
[SYS] UPlane Total     | 0x0000000000000000 | 0x0000000000000000
[SYS] UPlane OnTime    | 0x0000000000000000 | N/A
[SYS] UPlane Ealry     | 0x0000000000000000 | N/A
[SYS] UPlane Late      | 0x0000000000000000 | N/A
[SYS] UPlane Corrupt   | 0x0000000000000000 | N/A
[SYS] Eth Pkt Good     | 0x0000065b         | 0x00000aa3
[SYS] Eth Pkt Drop     | 0x00000000         | 0x00000000
[SYS] AXIQ status      | 0x00000303         | 0x00010101
[SYS] ------------------------ Tasks ---------------------------
[SYS]                  | UP         | CP         | RT
[SYS] Error            | 0x00000000 | 0x00000000 | 0x00000000
[SYS] Heartbeats       | 0x0014be9c | N/A        | N/A
[SYS] Counts           | 0x00000000 | N/A        | 0x00000000
[SYS] Drops            | 0x00000000 | N/A        | 0x00000000
[SYS] ------------------------ VSPAs ---------------------------
[SYS]                  | 0          | 1          | 2
[SYS] Error            | 0x00000000 | 0x00000000 | 0x00000000
[SYS] SYM WR           | 0x00000012 | N/A        | 0x0000001a
[SYS] SYM RD           | 0x00000012 | N/A        | 0x0000001a
[SYS] CMD WR           | 0x00000007 | 0x00000006 | 0x00000005
[SYS] CMD RD           | 0x00000007 | 0x00000006 | 0x00000005
[SYS] ------------------------ Info ----------------------------
[SYS]                  | Downlink           | Uplink
[SYS] RF / fine Gain   |     17 /   -0.8    | 0x42
[SYS] PwrAvg(dBFs/dBm) | N/A                | N/A
[SYS] PwrMax(dBFS)     | N/A                | N/A
[SYS] Showtime 3 seconds

[SYS] ------------------------ Data Direction -------------------
[SYS]                  | Downlink           | Uplink
[SYS] CPlane Total     | 0x0000000000000000 | 0x0000000000000000
[SYS] CPlane OnTime    | 0x0000000000000000 | 0x0000000000000000
[SYS] CPlane Early     | 0x0000000000000000 | 0x0000000000000000
[SYS] CPlane Late      | 0x0000000000000000 | 0x0000000000000000
[SYS] CPlane Corrupt   | 0x0000000000000000 | 0x0000000000000000
[SYS] UPlane Total     | 0x0000000000000000 | 0x0000000000000000
[SYS] UPlane OnTime    | 0x0000000000000000 | N/A
[SYS] UPlane Ealry     | 0x0000000000000000 | N/A
[SYS] UPlane Late      | 0x0000000000000000 | N/A
[SYS] UPlane Corrupt   | 0x0000000000000000 | N/A
[SYS] Eth Pkt Good     | 0x0000065d         | 0x00000ac7
[SYS] Eth Pkt Drop     | 0x00000000         | 0x00000000
[SYS] AXIQ status      | 0x00000303         | 0x00010101
[SYS] ------------------------ Tasks ---------------------------
[SYS]                  | UP         | CP         | RT
[SYS] Error            | 0x00000000 | 0x00000000 | 0x00000000
[SYS] Heartbeats       | 0x001af982 | N/A        | N/A
[SYS] Counts           | 0x00000000 | N/A        | 0x00000000
[SYS] Drops            | 0x00000000 | N/A        | 0x00000000
[SYS] ------------------------ VSPAs ---------------------------
[SYS]                  | 0          | 1          | 2
[SYS] Error            | 0x00000000 | 0x00000000 | 0x00000000
[SYS] SYM WR           | 0x00000012 | N/A        | 0x0000001a
[SYS] SYM RD           | 0x00000012 | N/A        | 0x0000001a
[SYS] CMD WR           | 0x00000007 | 0x00000006 | 0x00000005
[SYS] CMD RD           | 0x00000007 | 0x00000006 | 0x00000005
[SYS] ------------------------ Info ----------------------------
[SYS]                  | Downlink           | Uplink
[SYS] RF / fine Gain   |     17 /   -0.8    | 0x42
[SYS] PwrAvg(dBFs/dBm) | N/A                | N/A
[SYS] PwrMax(dBFS)     | N/A                | N/A
[SYS] Showtime 4 seconds

[SYS] ------------------------ Data Direction -------------------
[SYS]                  | Downlink           | Uplink
[SYS] CPlane Total     | 0x0000000000000000 | 0x0000000000000000
[SYS] CPlane OnTime    | 0x0000000000000000 | 0x0000000000000000
[SYS] CPlane Early     | 0x0000000000000000 | 0x0000000000000000
[SYS] CPlane Late      | 0x0000000000000000 | 0x0000000000000000
[SYS] CPlane Corrupt   | 0x0000000000000000 | 0x0000000000000000
[SYS] UPlane Total     | 0x0000000000000000 | 0x0000000000000000
[SYS] UPlane OnTime    | 0x0000000000000000 | N/A
[SYS] UPlane Ealry     | 0x0000000000000000 | N/A
[SYS] UPlane Late      | 0x0000000000000000 | N/A
[SYS] UPlane Corrupt   | 0x0000000000000000 | N/A
[SYS] Eth Pkt Good     | 0x0000065e         | 0x00000aea
[SYS] Eth Pkt Drop     | 0x00000000         | 0x00000000
[SYS] AXIQ status      | 0x00000303         | 0x00010101
[SYS] ------------------------ Tasks ---------------------------
[SYS]                  | UP         | CP         | RT
[SYS] Error            | 0x00000000 | 0x00000000 | 0x00000000
[SYS] Heartbeats       | 0x00213714 | N/A        | N/A
[SYS] Counts           | 0x00000000 | N/A        | 0x00000000
[SYS] Drops            | 0x00000000 | N/A        | 0x00000000
[SYS] ------------------------ VSPAs ---------------------------
[SYS]                  | 0          | 1          | 2
[SYS] Error            | 0x00000000 | 0x00000000 | 0x00000000
[SYS] SYM WR           | 0x00000012 | N/A        | 0x0000001a
[SYS] SYM RD           | 0x00000012 | N/A        | 0x0000001a
[SYS] CMD WR           | 0x00000007 | 0x00000006 | 0x00000005
[SYS] CMD RD           | 0x00000007 | 0x00000006 | 0x00000005
[SYS] ------------------------ Info ----------------------------
[SYS]                  | Downlink           | Uplink
[SYS] RF / fine Gain   |     17 /   -0.8    | 0x42
[SYS] PwrAvg(dBFs/dBm) | N/A                | N/A
[SYS] PwrMax(dBFS)     | N/A                | N/A
[SYS] Showtime 5 seconds

[SYS] ------------------------ Data Direction -------------------
[SYS]                  | Downlink           | Uplink
[SYS] CPlane Total     | 0x0000000000000000 | 0x0000000000000000
[SYS] CPlane OnTime    | 0x0000000000000000 | 0x0000000000000000
[SYS] CPlane Early     | 0x0000000000000000 | 0x0000000000000000
[SYS] CPlane Late      | 0x0000000000000000 | 0x0000000000000000
[SYS] CPlane Corrupt   | 0x0000000000000000 | 0x0000000000000000
[SYS] UPlane Total     | 0x0000000000000000 | 0x0000000000000000
[SYS] UPlane OnTime    | 0x0000000000000000 | N/A
[SYS] UPlane Ealry     | 0x0000000000000000 | N/A
[SYS] UPlane Late      | 0x0000000000000000 | N/A
[SYS] UPlane Corrupt   | 0x0000000000000000 | N/A
[SYS] Eth Pkt Good     | 0x0000065f         | 0x00000b0d
[SYS] Eth Pkt Drop     | 0x00000000         | 0x00000000
[SYS] AXIQ status      | 0x00000303         | 0x00010101
[SYS] ------------------------ Tasks ---------------------------
[SYS]                  | UP         | CP         | RT
[SYS] Error            | 0x00000000 | 0x00000000 | 0x00000000
[SYS] Heartbeats       | 0x002773dd | N/A        | N/A
[SYS] Counts           | 0x00000000 | N/A        | 0x00000000
[SYS] Drops            | 0x00000000 | N/A        | 0x00000000
[SYS] ------------------------ VSPAs ---------------------------
[SYS]                  | 0          | 1          | 2
[SYS] Error            | 0x00000000 | 0x00000000 | 0x00000000
[SYS] SYM WR           | 0x00000012 | N/A        | 0x0000001a
[SYS] SYM RD           | 0x00000012 | N/A        | 0x0000001a
[SYS] CMD WR           | 0x00000007 | 0x00000006 | 0x00000005
[SYS] CMD RD           | 0x00000007 | 0x00000006 | 0x00000005
[SYS] ------------------------ Info ----------------------------
[SYS]                  | Downlink           | Uplink
[SYS] RF / fine Gain   |     17 /   -0.8    | 0x42
[SYS] PwrAvg(dBFs/dBm) | N/A                | N/A
[SYS] PwrMax(dBFS)     | N/A                | N/A
[SYS] Showtime 6 seconds

[SYS] ------------------------ Data Direction -------------------
[SYS]                  | Downlink           | Uplink
[SYS] CPlane Total     | 0x0000000000000000 | 0x0000000000000000
[SYS] CPlane OnTime    | 0x0000000000000000 | 0x0000000000000000
[SYS] CPlane Early     | 0x0000000000000000 | 0x0000000000000000
[SYS] CPlane Late      | 0x0000000000000000 | 0x0000000000000000
[SYS] CPlane Corrupt   | 0x0000000000000000 | 0x0000000000000000
[SYS] UPlane Total     | 0x0000000000000000 | 0x0000000000000000
[SYS] UPlane OnTime    | 0x0000000000000000 | N/A
[SYS] UPlane Ealry     | 0x0000000000000000 | N/A
[SYS] UPlane Late      | 0x0000000000000000 | N/A
[SYS] UPlane Corrupt   | 0x0000000000000000 | N/A
[SYS] Eth Pkt Good     | 0x00000661         | 0x00000b31
[SYS] Eth Pkt Drop     | 0x00000000         | 0x00000000
[SYS] AXIQ status      | 0x00000303         | 0x00010101
[SYS] ------------------------ Tasks ---------------------------
[SYS]                  | UP         | CP         | RT
[SYS] Error            | 0x00000000 | 0x00000000 | 0x00000000
[SYS] Heartbeats       | 0x002daec9 | N/A        | N/A
[SYS] Counts           | 0x00000000 | N/A        | 0x00000000
[SYS] Drops            | 0x00000000 | N/A        | 0x00000000
[SYS] ------------------------ VSPAs ---------------------------
[SYS]                  | 0          | 1          | 2
[SYS] Error            | 0x00000000 | 0x00000000 | 0x00000000
[SYS] SYM WR           | 0x00000012 | N/A        | 0x0000001a
[SYS] SYM RD           | 0x00000012 | N/A        | 0x0000001a
[SYS] CMD WR           | 0x00000007 | 0x00000006 | 0x00000005
[SYS] CMD RD           | 0x00000007 | 0x00000006 | 0x00000005
[SYS] ------------------------ Info ----------------------------
[SYS]                  | Downlink           | Uplink
[SYS] RF / fine Gain   |     17 /   -0.8    | 0x42
[SYS] PwrAvg(dBFs/dBm) | N/A                | N/A
[SYS] PwrMax(dBFS)     | N/A                | N/A
[SYS] Showtime 7 seconds

[SYS] ------------------------ Data Direction -------------------
[SYS]                  | Downlink           | Uplink
[SYS] CPlane Total     | 0x0000000000000000 | 0x0000000000000000
[SYS] CPlane OnTime    | 0x0000000000000000 | 0x0000000000000000
[SYS] CPlane Early     | 0x0000000000000000 | 0x0000000000000000
[SYS] CPlane Late      | 0x0000000000000000 | 0x0000000000000000
[SYS] CPlane Corrupt   | 0x0000000000000000 | 0x0000000000000000
[SYS] UPlane Total     | 0x0000000000000000 | 0x0000000000000000
[SYS] UPlane OnTime    | 0x0000000000000000 | N/A
[SYS] UPlane Ealry     | 0x0000000000000000 | N/A
[SYS] UPlane Late      | 0x0000000000000000 | N/A
[SYS] UPlane Corrupt   | 0x0000000000000000 | N/A
[SYS] Eth Pkt Good     | 0x0000067a         | 0x00000b6c
[SYS] Eth Pkt Drop     | 0x00000000         | 0x00000000
[SYS] AXIQ status      | 0x00000303         | 0x00010101
[SYS] ------------------------ Tasks ---------------------------
[SYS]                  | UP         | CP         | RT
[SYS] Error            | 0x00000000 | 0x00000000 | 0x00000000
[SYS] Heartbeats       | 0x0033e9c0 | N/A        | N/A
[SYS] Counts           | 0x00000000 | N/A        | 0x00000000
[SYS] Drops            | 0x00000000 | N/A        | 0x00000000
[SYS] ------------------------ VSPAs ---------------------------
[SYS]                  | 0          | 1          | 2
[SYS] Error            | 0x00000000 | 0x00000000 | 0x00000000
[SYS] SYM WR           | 0x00000012 | N/A        | 0x0000001a
[SYS] SYM RD           | 0x00000012 | N/A        | 0x0000001a
[SYS] CMD WR           | 0x00000007 | 0x00000006 | 0x00000005
[SYS] CMD RD           | 0x00000007 | 0x00000006 | 0x00000005
[SYS] ------------------------ Info ----------------------------
[SYS]                  | Downlink           | Uplink
[SYS] RF / fine Gain   |     17 /   -0.8    | 0x42
[SYS] PwrAvg(dBFs/dBm) | N/A                | N/A
[SYS] PwrMax(dBFS)     | N/A                | N/A
[SYS] Showtime 8 seconds

[SYS] ------------------------ Data Direction -------------------
[SYS]                  | Downlink           | Uplink
[SYS] CPlane Total     | 0x0000000000000000 | 0x0000000000000000
[SYS] CPlane OnTime    | 0x0000000000000000 | 0x0000000000000000
[SYS] CPlane Early     | 0x0000000000000000 | 0x0000000000000000
[SYS] CPlane Late      | 0x0000000000000000 | 0x0000000000000000
[SYS] CPlane Corrupt   | 0x0000000000000000 | 0x0000000000000000
[SYS] UPlane Total     | 0x0000000000000000 | 0x0000000000000000
[SYS] UPlane OnTime    | 0x0000000000000000 | N/A
[SYS] UPlane Ealry     | 0x0000000000000000 | N/A
[SYS] UPlane Late      | 0x0000000000000000 | N/A
[SYS] UPlane Corrupt   | 0x0000000000000000 | N/A
[SYS] Eth Pkt Good     | 0x00000682         | 0x00000b96
[SYS] Eth Pkt Drop     | 0x00000000         | 0x00000000
[SYS] AXIQ status      | 0x00000303         | 0x00010101
[SYS] ------------------------ Tasks ---------------------------
[SYS]                  | UP         | CP         | RT
[SYS] Error            | 0x00000000 | 0x00000000 | 0x00000000
[SYS] Heartbeats       | 0x003a2773 | N/A        | N/A
[SYS] Counts           | 0x00000000 | N/A        | 0x00000000
[SYS] Drops            | 0x00000000 | N/A        | 0x00000000
[SYS] ------------------------ VSPAs ---------------------------
[SYS]                  | 0          | 1          | 2
[SYS] Error            | 0x00000000 | 0x00000000 | 0x00000000
[SYS] SYM WR           | 0x00000012 | N/A        | 0x0000001a
[SYS] SYM RD           | 0x00000012 | N/A        | 0x0000001a
[SYS] CMD WR           | 0x00000007 | 0x00000006 | 0x00000005
[SYS] CMD RD           | 0x00000007 | 0x00000006 | 0x00000005
[SYS] ------------------------ Info ----------------------------
[SYS]                  | Downlink           | Uplink
[SYS] RF / fine Gain   |     17 /   -0.8    | 0x42
[SYS] PwrAvg(dBFs/dBm) | N/A                | N/A
[SYS] PwrMax(dBFS)     | N/A                | N/A
[SYS] Showtime 9 seconds

[SYS] ------------------------ Data Direction -------------------
[SYS]                  | Downlink           | Uplink
[SYS] CPlane Total     | 0x0000000000000000 | 0x0000000000000000
[SYS] CPlane OnTime    | 0x0000000000000000 | 0x0000000000000000
[SYS] CPlane Early     | 0x0000000000000000 | 0x0000000000000000
[SYS] CPlane Late      | 0x0000000000000000 | 0x0000000000000000
[SYS] CPlane Corrupt   | 0x0000000000000000 | 0x0000000000000000
[SYS] UPlane Total     | 0x0000000000000000 | 0x0000000000000000
[SYS] UPlane OnTime    | 0x0000000000000000 | N/A
[SYS] UPlane Ealry     | 0x0000000000000000 | N/A
[SYS] UPlane Late      | 0x0000000000000000 | N/A
[SYS] UPlane Corrupt   | 0x0000000000000000 | N/A
[SYS] Eth Pkt Good     | 0x00000683         | 0x00000bb9
[SYS] Eth Pkt Drop     | 0x00000000         | 0x00000000
[SYS] AXIQ status      | 0x00000303         | 0x00010101
[SYS] ------------------------ Tasks ---------------------------
[SYS]                  | UP         | CP         | RT
[SYS] Error            | 0x00000000 | 0x00000000 | 0x00000000
[SYS] Heartbeats       | 0x00406258 | N/A        | N/A
[SYS] Counts           | 0x00000000 | N/A        | 0x00000000
[SYS] Drops            | 0x00000000 | N/A        | 0x00000000
[SYS] ------------------------ VSPAs ---------------------------
[SYS]                  | 0          | 1          | 2
[SYS] Error            | 0x00000000 | 0x00000000 | 0x00000000
[SYS] SYM WR           | 0x00000012 | N/A        | 0x0000001a
[SYS] SYM RD           | 0x00000012 | N/A        | 0x0000001a
[SYS] CMD WR           | 0x00000007 | 0x00000006 | 0x00000005
[SYS] CMD RD           | 0x00000007 | 0x00000006 | 0x00000005
[SYS] ------------------------ Info ----------------------------
[SYS]                  | Downlink           | Uplink
[SYS] RF / fine Gain   |     17 /   -0.8    | 0x42
[SYS] PwrAvg(dBFs/dBm) | N/A                | N/A
[SYS] PwrMax(dBFS)     | N/A                | N/A
[SYS] Showtime 10 seconds

[SYS] ------------------------ Data Direction -------------------
[SYS]                  | Downlink           | Uplink
[SYS] CPlane Total     | 0x0000000000000000 | 0x0000000000000000
[SYS] CPlane OnTime    | 0x0000000000000000 | 0x0000000000000000
[SYS] CPlane Early     | 0x0000000000000000 | 0x0000000000000000
[SYS] CPlane Late      | 0x0000000000000000 | 0x0000000000000000
[SYS] CPlane Corrupt   | 0x0000000000000000 | 0x0000000000000000
[SYS] UPlane Total     | 0x0000000000000000 | 0x0000000000000000
[SYS] UPlane OnTime    | 0x0000000000000000 | N/A
[SYS] UPlane Ealry     | 0x0000000000000000 | N/A
[SYS] UPlane Late      | 0x0000000000000000 | N/A
[SYS] UPlane Corrupt   | 0x0000000000000000 | N/A
[SYS] Eth Pkt Good     | 0x00000685         | 0x00000bdd
[SYS] Eth Pkt Drop     | 0x00000000         | 0x00000000
[SYS] AXIQ status      | 0x00000303         | 0x00010101
[SYS] ------------------------ Tasks ---------------------------
[SYS]                  | UP         | CP         | RT
[SYS] Error            | 0x00000000 | 0x00000000 | 0x00000000
[SYS] Heartbeats       | 0x00469d33 | N/A        | N/A
[SYS] Counts           | 0x00000000 | N/A        | 0x00000000
[SYS] Drops            | 0x00000000 | N/A        | 0x00000000
[SYS] ------------------------ VSPAs ---------------------------
[SYS]                  | 0          | 1          | 2
[SYS] Error            | 0x00000000 | 0x00000000 | 0x00000000
[SYS] SYM WR           | 0x00000012 | N/A        | 0x0000001a
[SYS] SYM RD           | 0x00000012 | N/A        | 0x0000001a
[SYS] CMD WR           | 0x00000007 | 0x00000006 | 0x00000005
[SYS] CMD RD           | 0x00000007 | 0x00000006 | 0x00000005
[SYS] ------------------------ Info ----------------------------
[SYS]                  | Downlink           | Uplink
[SYS] RF / fine Gain   |     17 /   -0.8    | 0x42
[SYS] PwrAvg(dBFs/dBm) | N/A                | N/A
[SYS] PwrMax(dBFS)     | N/A                | N/A
[SYS] Showtime 11 seconds

[SYS] ------------------------ Data Direction -------------------
[SYS]                  | Downlink           | Uplink
[SYS] CPlane Total     | 0x0000000000000000 | 0x0000000000000000
[SYS] CPlane OnTime    | 0x0000000000000000 | 0x0000000000000000
[SYS] CPlane Early     | 0x0000000000000000 | 0x0000000000000000
[SYS] CPlane Late      | 0x0000000000000000 | 0x0000000000000000
[SYS] CPlane Corrupt   | 0x0000000000000000 | 0x0000000000000000
[SYS] UPlane Total     | 0x0000000000000000 | 0x0000000000000000
[SYS] UPlane OnTime    | 0x0000000000000000 | N/A
[SYS] UPlane Ealry     | 0x0000000000000000 | N/A
[SYS] UPlane Late      | 0x0000000000000000 | N/A
[SYS] UPlane Corrupt   | 0x0000000000000000 | N/A
[SYS] Eth Pkt Good     | 0x00000686         | 0x00000c00
[SYS] Eth Pkt Drop     | 0x00000000         | 0x00000000
[SYS] AXIQ status      | 0x00000303         | 0x00010101
[SYS] ------------------------ Tasks ---------------------------
[SYS]                  | UP         | CP         | RT
[SYS] Error            | 0x00000000 | 0x00000000 | 0x00000000
[SYS] Heartbeats       | 0x004ce583 | N/A        | N/A
[SYS] Counts           | 0x00000000 | N/A        | 0x00000000
[SYS] Drops            | 0x00000000 | N/A        | 0x00000000
[SYS] ------------------------ VSPAs ---------------------------
[SYS]                  | 0          | 1          | 2
[SYS] Error            | 0x00000000 | 0x00000000 | 0x00000000
[SYS] SYM WR           | 0x00000012 | N/A        | 0x0000001a
[SYS] SYM RD           | 0x00000012 | N/A        | 0x0000001a
[SYS] CMD WR           | 0x00000007 | 0x00000006 | 0x00000005
[SYS] CMD RD           | 0x00000007 | 0x00000006 | 0x00000005
[SYS] ------------------------ Info ----------------------------
[SYS]                  | Downlink           | Uplink
[SYS] RF / fine Gain   |     17 /   -0.8    | 0x42
[SYS] PwrAvg(dBFs/dBm) | N/A                | N/A
[SYS] PwrMax(dBFS)     | N/A                | N/A
[SYS] Showtime 12 seconds

[SYS] ------------------------ Data Direction -------------------
[SYS]                  | Downlink           | Uplink
[SYS] CPlane Total     | 0x0000000000000000 | 0x0000000000000000
[SYS] CPlane OnTime    | 0x0000000000000000 | 0x0000000000000000
[SYS] CPlane Early     | 0x0000000000000000 | 0x0000000000000000
[SYS] CPlane Late      | 0x0000000000000000 | 0x0000000000000000
[SYS] CPlane Corrupt   | 0x0000000000000000 | 0x0000000000000000
[SYS] UPlane Total     | 0x0000000000000000 | 0x0000000000000000
[SYS] UPlane OnTime    | 0x0000000000000000 | N/A
[SYS] UPlane Ealry     | 0x0000000000000000 | N/A
[SYS] UPlane Late      | 0x0000000000000000 | N/A
[SYS] UPlane Corrupt   | 0x0000000000000000 | N/A
[SYS] Eth Pkt Good     | 0x00000687         | 0x00000c23
[SYS] Eth Pkt Drop     | 0x00000000         | 0x00000000
[SYS] AXIQ status      | 0x00000303         | 0x00010101
[SYS] ------------------------ Tasks ---------------------------
[SYS]                  | UP         | CP         | RT
[SYS] Error            | 0x00000000 | 0x00000000 | 0x00000000
[SYS] Heartbeats       | 0x0053212c | N/A        | N/A
[SYS] Counts           | 0x00000000 | N/A        | 0x00000000
[SYS] Drops            | 0x00000000 | N/A        | 0x00000000
[SYS] ------------------------ VSPAs ---------------------------
[SYS]                  | 0          | 1          | 2
[SYS] Error            | 0x00000000 | 0x00000000 | 0x00000000
[SYS] SYM WR           | 0x00000012 | N/A        | 0x0000001a
[SYS] SYM RD           | 0x00000012 | N/A        | 0x0000001a
[SYS] CMD WR           | 0x00000007 | 0x00000006 | 0x00000005
[SYS] CMD RD           | 0x00000007 | 0x00000006 | 0x00000005
[SYS] ------------------------ Info ----------------------------
[SYS]                  | Downlink           | Uplink
[SYS] RF / fine Gain   |     17 /   -0.8    | 0x42
[SYS] PwrAvg(dBFs/dBm) | N/A                | N/A
[SYS] PwrMax(dBFS)     | N/A                | N/A
[SYS] Showtime 13 seconds

[SYS] ------------------------ Data Direction -------------------
[SYS]                  | Downlink           | Uplink
[SYS] CPlane Total     | 0x0000000000000000 | 0x0000000000000000
[SYS] CPlane OnTime    | 0x0000000000000000 | 0x0000000000000000
[SYS] CPlane Early     | 0x0000000000000000 | 0x0000000000000000
[SYS] CPlane Late      | 0x0000000000000000 | 0x0000000000000000
[SYS] CPlane Corrupt   | 0x0000000000000000 | 0x0000000000000000
[SYS] UPlane Total     | 0x0000000000000000 | 0x0000000000000000
[SYS] UPlane OnTime    | 0x0000000000000000 | N/A
[SYS] UPlane Ealry     | 0x0000000000000000 | N/A
[SYS] UPlane Late      | 0x0000000000000000 | N/A
[SYS] UPlane Corrupt   | 0x0000000000000000 | N/A
[SYS] Eth Pkt Good     | 0x00000689         | 0x00000c47
[SYS] Eth Pkt Drop     | 0x00000000         | 0x00000000
[SYS] AXIQ status      | 0x00000303         | 0x00010101
[SYS] ------------------------ Tasks ---------------------------
[SYS]                  | UP         | CP         | RT
[SYS] Error            | 0x00000000 | 0x00000000 | 0x00000000
[SYS] Heartbeats       | 0x00595c0f | N/A        | N/A
[SYS] Counts           | 0x00000000 | N/A        | 0x00000000
[SYS] Drops            | 0x00000000 | N/A        | 0x00000000
[SYS] ------------------------ VSPAs ---------------------------
[SYS]                  | 0          | 1          | 2
[SYS] Error            | 0x00000000 | 0x00000000 | 0x00000000
[SYS] SYM WR           | 0x00000012 | N/A        | 0x0000001a
[SYS] SYM RD           | 0x00000012 | N/A        | 0x0000001a
[SYS] CMD WR           | 0x00000007 | 0x00000006 | 0x00000005
[SYS] CMD RD           | 0x00000007 | 0x00000006 | 0x00000005
[SYS] ------------------------ Info ----------------------------
[SYS]                  | Downlink           | Uplink
[SYS] RF / fine Gain   |     17 /   -0.8    | 0x42
[SYS] PwrAvg(dBFs/dBm) | N/A                | N/A
[SYS] PwrMax(dBFS)     | N/A                | N/A
[SYS] Showtime 14 seconds

[SYS] ------------------------ Data Direction -------------------
[SYS]                  | Downlink           | Uplink
[SYS] CPlane Total     | 0x0000000000000000 | 0x0000000000000000
[SYS] CPlane OnTime    | 0x0000000000000000 | 0x0000000000000000
[SYS] CPlane Early     | 0x0000000000000000 | 0x0000000000000000
[SYS] CPlane Late      | 0x0000000000000000 | 0x0000000000000000
[SYS] CPlane Corrupt   | 0x0000000000000000 | 0x0000000000000000
[SYS] UPlane Total     | 0x0000000000000000 | 0x0000000000000000
[SYS] UPlane OnTime    | 0x0000000000000000 | N/A
[SYS] UPlane Ealry     | 0x0000000000000000 | N/A
[SYS] UPlane Late      | 0x0000000000000000 | N/A
[SYS] UPlane Corrupt   | 0x0000000000000000 | N/A
[SYS] Eth Pkt Good     | 0x0000068a         | 0x00000c6a
[SYS] Eth Pkt Drop     | 0x00000000         | 0x00000000
[SYS] AXIQ status      | 0x00000303         | 0x00010101
[SYS] ------------------------ Tasks ---------------------------
[SYS]                  | UP         | CP         | RT
[SYS] Error            | 0x00000000 | 0x00000000 | 0x00000000
[SYS] Heartbeats       | 0x005f9704 | N/A        | N/A
[SYS] Counts           | 0x00000000 | N/A        | 0x00000000
[SYS] Drops            | 0x00000000 | N/A        | 0x00000000
[SYS] ------------------------ VSPAs ---------------------------
[SYS]                  | 0          | 1          | 2
[SYS] Error            | 0x00000000 | 0x00000000 | 0x00000000
[SYS] SYM WR           | 0x00000012 | N/A        | 0x0000001a
[SYS] SYM RD           | 0x00000012 | N/A        | 0x0000001a
[SYS] CMD WR           | 0x00000007 | 0x00000006 | 0x00000005
[SYS] CMD RD           | 0x00000007 | 0x00000006 | 0x00000005
[SYS] ------------------------ Info ----------------------------
[SYS]                  | Downlink           | Uplink
[SYS] RF / fine Gain   |     17 /   -0.8    | 0x42
[SYS] PwrAvg(dBFs/dBm) | N/A                | N/A
[SYS] PwrMax(dBFS)     | N/A                | N/A
[SYS] Showtime 15 seconds

[SYS] ------------------------ Data Direction -------------------
[SYS]                  | Downlink           | Uplink
[SYS] CPlane Total     | 0x0000000000000000 | 0x0000000000000000
[SYS] CPlane OnTime    | 0x0000000000000000 | 0x0000000000000000
[SYS] CPlane Early     | 0x0000000000000000 | 0x0000000000000000
[SYS] CPlane Late      | 0x0000000000000000 | 0x0000000000000000
[SYS] CPlane Corrupt   | 0x0000000000000000 | 0x0000000000000000
[SYS] UPlane Total     | 0x0000000000000000 | 0x0000000000000000
[SYS] UPlane OnTime    | 0x0000000000000000 | N/A
[SYS] UPlane Ealry     | 0x0000000000000000 | N/A
[SYS] UPlane Late      | 0x0000000000000000 | N/A
[SYS] UPlane Corrupt   | 0x0000000000000000 | N/A
[SYS] Eth Pkt Good     | 0x0000068c         | 0x00000c8e
[SYS] Eth Pkt Drop     | 0x00000000         | 0x00000000
[SYS] AXIQ status      | 0x00000303         | 0x00010101
[SYS] ------------------------ Tasks ---------------------------
[SYS]                  | UP         | CP         | RT
[SYS] Error            | 0x00000000 | 0x00000000 | 0x00000000
[SYS] Heartbeats       | 0x0065d4b9 | N/A        | N/A
[SYS] Counts           | 0x00000000 | N/A        | 0x00000000
[SYS] Drops            | 0x00000000 | N/A        | 0x00000000
[SYS] ------------------------ VSPAs ---------------------------
[SYS]                  | 0          | 1          | 2
[SYS] Error            | 0x00000000 | 0x00000000 | 0x00000000
[SYS] SYM WR           | 0x00000012 | N/A        | 0x0000001a
[SYS] SYM RD           | 0x00000012 | N/A        | 0x0000001a
[SYS] CMD WR           | 0x00000007 | 0x00000006 | 0x00000005
[SYS] CMD RD           | 0x00000007 | 0x00000006 | 0x00000005
[SYS] ------------------------ Info ----------------------------
[SYS]                  | Downlink           | Uplink
[SYS] RF / fine Gain   |     17 /   -0.8    | 0x42
[SYS] PwrAvg(dBFs/dBm) | N/A                | N/A
[SYS] PwrMax(dBFS)     | N/A                | N/A
[SYS] Showtime 16 seconds

[SYS] ------------------------ Data Direction -------------------
[SYS]                  | Downlink           | Uplink
[SYS] CPlane Total     | 0x0000000000000000 | 0x0000000000000000
[SYS] CPlane OnTime    | 0x0000000000000000 | 0x0000000000000000
[SYS] CPlane Early     | 0x0000000000000000 | 0x0000000000000000
[SYS] CPlane Late      | 0x0000000000000000 | 0x0000000000000000
[SYS] CPlane Corrupt   | 0x0000000000000000 | 0x0000000000000000
[SYS] UPlane Total     | 0x0000000000000000 | 0x0000000000000000
[SYS] UPlane OnTime    | 0x0000000000000000 | N/A
[SYS] UPlane Ealry     | 0x0000000000000000 | N/A
[SYS] UPlane Late      | 0x0000000000000000 | N/A
[SYS] UPlane Corrupt   | 0x0000000000000000 | N/A
[SYS] Eth Pkt Good     | 0x0000068d         | 0x00000cb1
[SYS] Eth Pkt Drop     | 0x00000000         | 0x00000000
[SYS] AXIQ status      | 0x00000303         | 0x00010101
[SYS] ------------------------ Tasks ---------------------------
[SYS]                  | UP         | CP         | RT
[SYS] Error            | 0x00000000 | 0x00000000 | 0x00000000
[SYS] Heartbeats       | 0x006c0fa0 | N/A        | N/A
[SYS] Counts           | 0x00000000 | N/A        | 0x00000000
[SYS] Drops            | 0x00000000 | N/A        | 0x00000000
[SYS] ------------------------ VSPAs ---------------------------
[SYS]                  | 0          | 1          | 2
[SYS] Error            | 0x00000000 | 0x00000000 | 0x00000000
[SYS] SYM WR           | 0x00000012 | N/A        | 0x0000001a
[SYS] SYM RD           | 0x00000012 | N/A        | 0x0000001a
[SYS] CMD WR           | 0x00000007 | 0x00000006 | 0x00000005
[SYS] CMD RD           | 0x00000007 | 0x00000006 | 0x00000005
[SYS] ------------------------ Info ----------------------------
[SYS]                  | Downlink           | Uplink
[SYS] RF / fine Gain   |     17 /   -0.8    | 0x42
[SYS] PwrAvg(dBFs/dBm) | N/A                | N/A
[SYS] PwrMax(dBFS)     | N/A                | N/A
[SYS] Showtime 17 seconds

[SYS] ------------------------ Data Direction -------------------
[SYS]                  | Downlink           | Uplink
[SYS] CPlane Total     | 0x0000000000000000 | 0x0000000000000000
[SYS] CPlane OnTime    | 0x0000000000000000 | 0x0000000000000000
[SYS] CPlane Early     | 0x0000000000000000 | 0x0000000000000000
[SYS] CPlane Late      | 0x0000000000000000 | 0x0000000000000000
[SYS] CPlane Corrupt   | 0x0000000000000000 | 0x0000000000000000
[SYS] UPlane Total     | 0x0000000000000000 | 0x0000000000000000
[SYS] UPlane OnTime    | 0x0000000000000000 | N/A
[SYS] UPlane Ealry     | 0x0000000000000000 | N/A
[SYS] UPlane Late      | 0x0000000000000000 | N/A
[SYS] UPlane Corrupt   | 0x0000000000000000 | N/A
[SYS] Eth Pkt Good     | 0x0000068e         | 0x00000cd5
[SYS] Eth Pkt Drop     | 0x00000000         | 0x00000000
[SYS] AXIQ status      | 0x00000303         | 0x00010101
[SYS] ------------------------ Tasks ---------------------------
[SYS]                  | UP         | CP         | RT
[SYS] Error            | 0x00000000 | 0x00000000 | 0x00000000
[SYS] Heartbeats       | 0x00724a82 | N/A        | N/A
[SYS] Counts           | 0x00000000 | N/A        | 0x00000000
[SYS] Drops            | 0x00000000 | N/A        | 0x00000000
[SYS] ------------------------ VSPAs ---------------------------
[SYS]                  | 0          | 1          | 2
[SYS] Error            | 0x00000000 | 0x00000000 | 0x00000000
[SYS] SYM WR           | 0x00000012 | N/A        | 0x0000001a
[SYS] SYM RD           | 0x00000012 | N/A        | 0x0000001a
[SYS] CMD WR           | 0x00000007 | 0x00000006 | 0x00000005
[SYS] CMD RD           | 0x00000007 | 0x00000006 | 0x00000005
[SYS] ------------------------ Info ----------------------------
[SYS]                  | Downlink           | Uplink
[SYS] RF / fine Gain   |     17 /   -0.8    | 0x42
[SYS] PwrAvg(dBFs/dBm) | N/A                | N/A
[SYS] PwrMax(dBFS)     | N/A                | N/A
[SYS] Showtime 18 seconds

[SYS] ------------------------ Data Direction -------------------
[SYS]                  | Downlink           | Uplink
[SYS] CPlane Total     | 0x0000000000000000 | 0x0000000000000000
[SYS] CPlane OnTime    | 0x0000000000000000 | 0x0000000000000000
[SYS] CPlane Early     | 0x0000000000000000 | 0x0000000000000000
[SYS] CPlane Late      | 0x0000000000000000 | 0x0000000000000000
[SYS] CPlane Corrupt   | 0x0000000000000000 | 0x0000000000000000
[SYS] UPlane Total     | 0x0000000000000000 | 0x0000000000000000
[SYS] UPlane OnTime    | 0x0000000000000000 | N/A
[SYS] UPlane Ealry     | 0x0000000000000000 | N/A
[SYS] UPlane Late      | 0x0000000000000000 | N/A
[SYS] UPlane Corrupt   | 0x0000000000000000 | N/A
[SYS] Eth Pkt Good     | 0x00000690         | 0x00000cf8
[SYS] Eth Pkt Drop     | 0x00000000         | 0x00000000
[SYS] AXIQ status      | 0x00000303         | 0x00010101
[SYS] ------------------------ Tasks ---------------------------
[SYS]                  | UP         | CP         | RT
[SYS] Error            | 0x00000000 | 0x00000000 | 0x00000000
[SYS] Heartbeats       | 0x007890c1 | N/A        | N/A
[SYS] Counts           | 0x00000000 | N/A        | 0x00000000
[SYS] Drops            | 0x00000000 | N/A        | 0x00000000
[SYS] ------------------------ VSPAs ---------------------------
[SYS]                  | 0          | 1          | 2
[SYS] Error            | 0x00000000 | 0x00000000 | 0x00000000
[SYS] SYM WR           | 0x00000012 | N/A        | 0x0000001a
[SYS] SYM RD           | 0x00000012 | N/A        | 0x0000001a
[SYS] CMD WR           | 0x00000007 | 0x00000006 | 0x00000005
[SYS] CMD RD           | 0x00000007 | 0x00000006 | 0x00000005
[SYS] ------------------------ Info ----------------------------
[SYS]                  | Downlink           | Uplink
[SYS] RF / fine Gain   |     17 /   -0.8    | 0x42
[SYS] PwrAvg(dBFs/dBm) | N/A                | N/A
[SYS] PwrMax(dBFS)     | N/A                | N/A
[SYS] Showtime 19 seconds

[SYS] ------------------------ Data Direction -------------------
[SYS]                  | Downlink           | Uplink
[SYS] CPlane Total     | 0x0000000000000000 | 0x0000000000000000
[SYS] CPlane OnTime    | 0x0000000000000000 | 0x0000000000000000
[SYS] CPlane Early     | 0x0000000000000000 | 0x0000000000000000
[SYS] CPlane Late      | 0x0000000000000000 | 0x0000000000000000
[SYS] CPlane Corrupt   | 0x0000000000000000 | 0x0000000000000000
[SYS] UPlane Total     | 0x0000000000000000 | 0x0000000000000000
[SYS] UPlane OnTime    | 0x0000000000000000 | N/A
[SYS] UPlane Ealry     | 0x0000000000000000 | N/A
[SYS] UPlane Late      | 0x0000000000000000 | N/A
[SYS] UPlane Corrupt   | 0x0000000000000000 | N/A
[SYS] Eth Pkt Good     | 0x00000691         | 0x00000d1b
[SYS] Eth Pkt Drop     | 0x00000000         | 0x00000000
[SYS] AXIQ status      | 0x00000303         | 0x00010101
[SYS] ------------------------ Tasks ---------------------------
[SYS]                  | UP         | CP         | RT
[SYS] Error            | 0x00000000 | 0x00000000 | 0x00000000
[SYS] Heartbeats       | 0x007ecb3d | N/A        | N/A
[SYS] Counts           | 0x00000000 | N/A        | 0x00000000
[SYS] Drops            | 0x00000000 | N/A        | 0x00000000
[SYS] ------------------------ VSPAs ---------------------------
[SYS]                  | 0          | 1          | 2
[SYS] Error            | 0x00000000 | 0x00000000 | 0x00000000
[SYS] SYM WR           | 0x00000012 | N/A        | 0x0000001a
[SYS] SYM RD           | 0x00000012 | N/A        | 0x0000001a
[SYS] CMD WR           | 0x00000007 | 0x00000006 | 0x00000005
[SYS] CMD RD           | 0x00000007 | 0x00000006 | 0x00000005
[SYS] ------------------------ Info ----------------------------
[SYS]                  | Downlink           | Uplink
[SYS] RF / fine Gain   |     17 /   -0.8    | 0x42
[SYS] PwrAvg(dBFs/dBm) | N/A                | N/A
[SYS] PwrMax(dBFS)     | N/A                | N/A
[SYS] Showtime 20 seconds

[SYS] ------------------------ Data Direction -------------------
[SYS]                  | Downlink           | Uplink
[SYS] CPlane Total     | 0x0000000000000000 | 0x0000000000000000
[SYS] CPlane OnTime    | 0x0000000000000000 | 0x0000000000000000
[SYS] CPlane Early     | 0x0000000000000000 | 0x0000000000000000
[SYS] CPlane Late      | 0x0000000000000000 | 0x0000000000000000
[SYS] CPlane Corrupt   | 0x0000000000000000 | 0x0000000000000000
[SYS] UPlane Total     | 0x0000000000000000 | 0x0000000000000000
[SYS] UPlane OnTime    | 0x0000000000000000 | N/A
[SYS] UPlane Ealry     | 0x0000000000000000 | N/A
[SYS] UPlane Late      | 0x0000000000000000 | N/A
[SYS] UPlane Corrupt   | 0x0000000000000000 | N/A
[SYS] Eth Pkt Good     | 0x0000069c         | 0x00000d48
[SYS] Eth Pkt Drop     | 0x00000000         | 0x00000000
[SYS] AXIQ status      | 0x00000303         | 0x00010101
[SYS] ------------------------ Tasks ---------------------------
[SYS]                  | UP         | CP         | RT
[SYS] Error            | 0x00000000 | 0x00000000 | 0x00000000
[SYS] Heartbeats       | 0x0085061e | N/A        | N/A
[SYS] Counts           | 0x00000000 | N/A        | 0x00000000
[SYS] Drops            | 0x00000000 | N/A        | 0x00000000
[SYS] ------------------------ VSPAs ---------------------------
[SYS]                  | 0          | 1          | 2
[SYS] Error            | 0x00000000 | 0x00000000 | 0x00000000
[SYS] SYM WR           | 0x00000012 | N/A        | 0x0000001a
[SYS] SYM RD           | 0x00000012 | N/A        | 0x0000001a
[SYS] CMD WR           | 0x00000007 | 0x00000006 | 0x00000005
[SYS] CMD RD           | 0x00000007 | 0x00000006 | 0x00000005
[SYS] ------------------------ Info ----------------------------
[SYS]                  | Downlink           | Uplink
[SYS] RF / fine Gain   |     17 /   -0.8    | 0x42
[SYS] PwrAvg(dBFs/dBm) | N/A                | N/A
[SYS] PwrMax(dBFS)     | N/A                | N/A
[SYS] Showtime 21 seconds

[SYS] ------------------------ Data Direction -------------------
[SYS]                  | Downlink           | Uplink
[SYS] CPlane Total     | 0x0000000000000000 | 0x0000000000000000
[SYS] CPlane OnTime    | 0x0000000000000000 | 0x0000000000000000
[SYS] CPlane Early     | 0x0000000000000000 | 0x0000000000000000
[SYS] CPlane Late      | 0x0000000000000000 | 0x0000000000000000
[SYS] CPlane Corrupt   | 0x0000000000000000 | 0x0000000000000000
[SYS] UPlane Total     | 0x0000000000000000 | 0x0000000000000000
[SYS] UPlane OnTime    | 0x0000000000000000 | N/A
[SYS] UPlane Ealry     | 0x0000000000000000 | N/A
[SYS] UPlane Late      | 0x0000000000000000 | N/A
[SYS] UPlane Corrupt   | 0x0000000000000000 | N/A
[SYS] Eth Pkt Good     | 0x000006b2         | 0x00000d80
[SYS] Eth Pkt Drop     | 0x00000000         | 0x00000000
[SYS] AXIQ status      | 0x00000303         | 0x00010101
[SYS] ------------------------ Tasks ---------------------------
[SYS]                  | UP         | CP         | RT
[SYS] Error            | 0x00000000 | 0x00000000 | 0x00000000
[SYS] Heartbeats       | 0x008b4118 | N/A        | N/A
[SYS] Counts           | 0x00000000 | N/A        | 0x00000000
[SYS] Drops            | 0x00000000 | N/A        | 0x00000000
[SYS] ------------------------ VSPAs ---------------------------
[SYS]                  | 0          | 1          | 2
[SYS] Error            | 0x00000000 | 0x00000000 | 0x00000000
[SYS] SYM WR           | 0x00000012 | N/A        | 0x0000001a
[SYS] SYM RD           | 0x00000012 | N/A        | 0x0000001a
[SYS] CMD WR           | 0x00000007 | 0x00000006 | 0x00000005
[SYS] CMD RD           | 0x00000007 | 0x00000006 | 0x00000005
[SYS] ------------------------ Info ----------------------------
[SYS]                  | Downlink           | Uplink
[SYS] RF / fine Gain   |     17 /   -0.8    | 0x42
[SYS] PwrAvg(dBFs/dBm) | N/A                | N/A
[SYS] PwrMax(dBFS)     | N/A                | N/A
[SYS] Showtime 22 seconds

[SYS] ------------------------ Data Direction -------------------
[SYS]                  | Downlink           | Uplink
[SYS] CPlane Total     | 0x0000000000000000 | 0x0000000000000000
[SYS] CPlane OnTime    | 0x0000000000000000 | 0x0000000000000000
[SYS] CPlane Early     | 0x0000000000000000 | 0x0000000000000000
[SYS] CPlane Late      | 0x0000000000000000 | 0x0000000000000000
[SYS] CPlane Corrupt   | 0x0000000000000000 | 0x0000000000000000
[SYS] UPlane Total     | 0x0000000000000000 | 0x0000000000000000
[SYS] UPlane OnTime    | 0x0000000000000000 | N/A
[SYS] UPlane Ealry     | 0x0000000000000000 | N/A
[SYS] UPlane Late      | 0x0000000000000000 | N/A
[SYS] UPlane Corrupt   | 0x0000000000000000 | N/A
[SYS] Eth Pkt Good     | 0x000006b4         | 0x00000da4
[SYS] Eth Pkt Drop     | 0x00000000         | 0x00000000
[SYS] AXIQ status      | 0x00000303         | 0x00010101
[SYS] ------------------------ Tasks ---------------------------
[SYS]                  | UP         | CP         | RT
[SYS] Error            | 0x00000000 | 0x00000000 | 0x00000000
[SYS] Heartbeats       | 0x00917edd | N/A        | N/A
[SYS] Counts           | 0x00000000 | N/A        | 0x00000000
[SYS] Drops            | 0x00000000 | N/A        | 0x00000000
[SYS] ------------------------ VSPAs ---------------------------
[SYS]                  | 0          | 1          | 2
[SYS] Error            | 0x00000000 | 0x00000000 | 0x00000000
[SYS] SYM WR           | 0x00000012 | N/A        | 0x0000001a
[SYS] SYM RD           | 0x00000012 | N/A        | 0x0000001a
[SYS] CMD WR           | 0x00000007 | 0x00000006 | 0x00000005
[SYS] CMD RD           | 0x00000007 | 0x00000006 | 0x00000005
[SYS] ------------------------ Info ----------------------------
[SYS]                  | Downlink           | Uplink
[SYS] RF / fine Gain   |     17 /   -0.8    | 0x42
[SYS] PwrAvg(dBFs/dBm) | N/A                | N/A
[SYS] PwrMax(dBFS)     | N/A                | N/A
[SYS] Showtime 23 seconds

[SYS] ------------------------ Data Direction -------------------
[SYS]                  | Downlink           | Uplink
[SYS] CPlane Total     | 0x0000000000000000 | 0x0000000000000000
[SYS] CPlane OnTime    | 0x0000000000000000 | 0x0000000000000000
[SYS] CPlane Early     | 0x0000000000000000 | 0x0000000000000000
[SYS] CPlane Late      | 0x0000000000000000 | 0x0000000000000000
[SYS] CPlane Corrupt   | 0x0000000000000000 | 0x0000000000000000
[SYS] UPlane Total     | 0x0000000000000000 | 0x0000000000000000
[SYS] UPlane OnTime    | 0x0000000000000000 | N/A
[SYS] UPlane Ealry     | 0x0000000000000000 | N/A
[SYS] UPlane Late      | 0x0000000000000000 | N/A
[SYS] UPlane Corrupt   | 0x0000000000000000 | N/A
[SYS] Eth Pkt Good     | 0x000006b5         | 0x00000dc7
[SYS] Eth Pkt Drop     | 0x00000000         | 0x00000000
[SYS] AXIQ status      | 0x00000303         | 0x00010101
[SYS] ------------------------ Tasks ---------------------------
[SYS]                  | UP         | CP         | RT
[SYS] Error            | 0x00000000 | 0x00000000 | 0x00000000
[SYS] Heartbeats       | 0x0097b9bc | N/A        | N/A
[SYS] Counts           | 0x00000000 | N/A        | 0x00000000
[SYS] Drops            | 0x00000000 | N/A        | 0x00000000
[SYS] ------------------------ VSPAs ---------------------------
[SYS]                  | 0          | 1          | 2
[SYS] Error            | 0x00000000 | 0x00000000 | 0x00000000
[SYS] SYM WR           | 0x00000012 | N/A        | 0x0000001a
[SYS] SYM RD           | 0x00000012 | N/A        | 0x0000001a
[SYS] CMD WR           | 0x00000007 | 0x00000006 | 0x00000005
[SYS] CMD RD           | 0x00000007 | 0x00000006 | 0x00000005
[SYS] ------------------------ Info ----------------------------
[SYS]                  | Downlink           | Uplink
[SYS] RF / fine Gain   |     17 /   -0.8    | 0x42
[SYS] PwrAvg(dBFs/dBm) | N/A                | N/A
[SYS] PwrMax(dBFS)     | N/A                | N/A
[SYS] Showtime 24 seconds

[SYS] ------------------------ Data Direction -------------------
[SYS]                  | Downlink           | Uplink
[SYS] CPlane Total     | 0x0000000000000000 | 0x0000000000000000
[SYS] CPlane OnTime    | 0x0000000000000000 | 0x0000000000000000
[SYS] CPlane Early     | 0x0000000000000000 | 0x0000000000000000
[SYS] CPlane Late      | 0x0000000000000000 | 0x0000000000000000
[SYS] CPlane Corrupt   | 0x0000000000000000 | 0x0000000000000000
[SYS] UPlane Total     | 0x0000000000000000 | 0x0000000000000000
[SYS] UPlane OnTime    | 0x0000000000000000 | N/A
[SYS] UPlane Ealry     | 0x0000000000000000 | N/A
[SYS] UPlane Late      | 0x0000000000000000 | N/A
[SYS] UPlane Corrupt   | 0x0000000000000000 | N/A
[SYS] Eth Pkt Good     | 0x000006b6         | 0x00000deb
[SYS] Eth Pkt Drop     | 0x00000000         | 0x00000000
[SYS] AXIQ status      | 0x00000303         | 0x00010101
[SYS] ------------------------ Tasks ---------------------------
[SYS]                  | UP         | CP         | RT
[SYS] Error            | 0x00000000 | 0x00000000 | 0x00000000
[SYS] Heartbeats       | 0x009df49a | N/A        | N/A
[SYS] Counts           | 0x00000000 | N/A        | 0x00000000
[SYS] Drops            | 0x00000000 | N/A        | 0x00000000
[SYS] ------------------------ VSPAs ---------------------------
[SYS]                  | 0          | 1          | 2
[SYS] Error            | 0x00000000 | 0x00000000 | 0x00000000
[SYS] SYM WR           | 0x00000012 | N/A        | 0x0000001a
[SYS] SYM RD           | 0x00000012 | N/A        | 0x0000001a
[SYS] CMD WR           | 0x00000007 | 0x00000006 | 0x00000005
[SYS] CMD RD           | 0x00000007 | 0x00000006 | 0x00000005
[SYS] ------------------------ Info ----------------------------
[SYS]                  | Downlink           | Uplink
[SYS] RF / fine Gain   |     17 /   -0.8    | 0x42
[SYS] PwrAvg(dBFs/dBm) | N/A                | N/A
[SYS] PwrMax(dBFS)     | N/A                | N/A
[SYS] Showtime 25 seconds

[SYS] ------------------------ Data Direction -------------------
[SYS]                  | Downlink           | Uplink
[SYS] CPlane Total     | 0x0000000000000000 | 0x0000000000000000
[SYS] CPlane OnTime    | 0x0000000000000000 | 0x0000000000000000
[SYS] CPlane Early     | 0x0000000000000000 | 0x0000000000000000
[SYS] CPlane Late      | 0x0000000000000000 | 0x0000000000000000
[SYS] CPlane Corrupt   | 0x0000000000000000 | 0x0000000000000000
[SYS] UPlane Total     | 0x0000000000000000 | 0x0000000000000000
[SYS] UPlane OnTime    | 0x0000000000000000 | N/A
[SYS] UPlane Ealry     | 0x0000000000000000 | N/A
[SYS] UPlane Late      | 0x0000000000000000 | N/A
[SYS] UPlane Corrupt   | 0x0000000000000000 | N/A
[SYS] Eth Pkt Good     | 0x000006b8         | 0x00000e0e
[SYS] Eth Pkt Drop     | 0x00000000         | 0x00000000
[SYS] AXIQ status      | 0x00000303         | 0x00010101
[SYS] ------------------------ Tasks ---------------------------
[SYS]                  | UP         | CP         | RT
[SYS] Error            | 0x00000000 | 0x00000000 | 0x00000000
[SYS] Heartbeats       | 0x00a4325d | N/A        | N/A
[SYS] Counts           | 0x00000000 | N/A        | 0x00000000
[SYS] Drops            | 0x00000000 | N/A        | 0x00000000
[SYS] ------------------------ VSPAs ---------------------------
[SYS]                  | 0          | 1          | 2
[SYS] Error            | 0x00000000 | 0x00000000 | 0x00000000
[SYS] SYM WR           | 0x00000012 | N/A        | 0x0000001a
[SYS] SYM RD           | 0x00000012 | N/A        | 0x0000001a
[SYS] CMD WR           | 0x00000007 | 0x00000006 | 0x00000005
[SYS] CMD RD           | 0x00000007 | 0x00000006 | 0x00000005
[SYS] ------------------------ Info ----------------------------
[SYS]                  | Downlink           | Uplink
[SYS] RF / fine Gain   |     17 /   -0.8    | 0x42
[SYS] PwrAvg(dBFs/dBm) | N/A                | N/A
[SYS] PwrMax(dBFS)     | N/A                | N/A
[SYS] Showtime 26 seconds

[SYS] ------------------------ Data Direction -------------------
[SYS]                  | Downlink           | Uplink
[SYS] CPlane Total     | 0x0000000000000000 | 0x0000000000000000
[SYS] CPlane OnTime    | 0x0000000000000000 | 0x0000000000000000
[SYS] CPlane Early     | 0x0000000000000000 | 0x0000000000000000
[SYS] CPlane Late      | 0x0000000000000000 | 0x0000000000000000
[SYS] CPlane Corrupt   | 0x0000000000000000 | 0x0000000000000000
[SYS] UPlane Total     | 0x0000000000000000 | 0x0000000000000000
[SYS] UPlane OnTime    | 0x0000000000000000 | N/A
[SYS] UPlane Ealry     | 0x0000000000000000 | N/A
[SYS] UPlane Late      | 0x0000000000000000 | N/A
[SYS] UPlane Corrupt   | 0x0000000000000000 | N/A
[SYS] Eth Pkt Good     | 0x000006b9         | 0x00000e31
[SYS] Eth Pkt Drop     | 0x00000000         | 0x00000000
[SYS] AXIQ status      | 0x00000303         | 0x00010101
[SYS] ------------------------ Tasks ---------------------------
[SYS]                  | UP         | CP         | RT
[SYS] Error            | 0x00000000 | 0x00000000 | 0x00000000
[SYS] Heartbeats       | 0x00aa6d48 | N/A        | N/A
[SYS] Counts           | 0x00000000 | N/A        | 0x00000000
[SYS] Drops            | 0x00000000 | N/A        | 0x00000000
[SYS] ------------------------ VSPAs ---------------------------
[SYS]                  | 0          | 1          | 2
[SYS] Error            | 0x00000000 | 0x00000000 | 0x00000000
[SYS] SYM WR           | 0x00000012 | N/A        | 0x0000001a
[SYS] SYM RD           | 0x00000012 | N/A        | 0x0000001a
[SYS] CMD WR           | 0x00000007 | 0x00000006 | 0x00000005
[SYS] CMD RD           | 0x00000007 | 0x00000006 | 0x00000005
[SYS] ------------------------ Info ----------------------------
[SYS]                  | Downlink           | Uplink
[SYS] RF / fine Gain   |     17 /   -0.8    | 0x42
[SYS] PwrAvg(dBFs/dBm) | N/A                | N/A
[SYS] PwrMax(dBFS)     | N/A                | N/A
[SYS] Showtime 27 seconds

[SYS] ------------------------ Data Direction -------------------
[SYS]                  | Downlink           | Uplink
[SYS] CPlane Total     | 0x0000000000000000 | 0x0000000000000000
[SYS] CPlane OnTime    | 0x0000000000000000 | 0x0000000000000000
[SYS] CPlane Early     | 0x0000000000000000 | 0x0000000000000000
[SYS] CPlane Late      | 0x0000000000000000 | 0x0000000000000000
[SYS] CPlane Corrupt   | 0x0000000000000000 | 0x0000000000000000
[SYS] UPlane Total     | 0x0000000000000000 | 0x0000000000000000
[SYS] UPlane OnTime    | 0x0000000000000000 | N/A
[SYS] UPlane Ealry     | 0x0000000000000000 | N/A
[SYS] UPlane Late      | 0x0000000000000000 | N/A
[SYS] UPlane Corrupt   | 0x0000000000000000 | N/A
[SYS] Eth Pkt Good     | 0x000006bb         | 0x00000e55
[SYS] Eth Pkt Drop     | 0x00000000         | 0x00000000
[SYS] AXIQ status      | 0x00000303         | 0x00010101
[SYS] ------------------------ Tasks ---------------------------
[SYS]                  | UP         | CP         | RT
[SYS] Error            | 0x00000000 | 0x00000000 | 0x00000000
[SYS] Heartbeats       | 0x00b0a828 | N/A        | N/A
[SYS] Counts           | 0x00000000 | N/A        | 0x00000000
[SYS] Drops            | 0x00000000 | N/A        | 0x00000000
[SYS] ------------------------ VSPAs ---------------------------
[SYS]                  | 0          | 1          | 2
[SYS] Error            | 0x00000000 | 0x00000000 | 0x00000000
[SYS] SYM WR           | 0x00000012 | N/A        | 0x0000001a
[SYS] SYM RD           | 0x00000012 | N/A        | 0x0000001a
[SYS] CMD WR           | 0x00000007 | 0x00000006 | 0x00000005
[SYS] CMD RD           | 0x00000007 | 0x00000006 | 0x00000005
[SYS] ------------------------ Info ----------------------------
[SYS]                  | Downlink           | Uplink
[SYS] RF / fine Gain   |     17 /   -0.8    | 0x42
[SYS] PwrAvg(dBFs/dBm) | N/A                | N/A
[SYS] PwrMax(dBFS)     | N/A                | N/A
[SYS] Showtime 28 seconds

[SYS] ------------------------ Data Direction -------------------
[SYS]                  | Downlink           | Uplink
[SYS] CPlane Total     | 0x0000000000000000 | 0x0000000000000000
[SYS] CPlane OnTime    | 0x0000000000000000 | 0x0000000000000000
[SYS] CPlane Early     | 0x0000000000000000 | 0x0000000000000000
[SYS] CPlane Late      | 0x0000000000000000 | 0x0000000000000000
[SYS] CPlane Corrupt   | 0x0000000000000000 | 0x0000000000000000
[SYS] UPlane Total     | 0x0000000000000000 | 0x0000000000000000
[SYS] UPlane OnTime    | 0x0000000000000000 | N/A
[SYS] UPlane Ealry     | 0x0000000000000000 | N/A
[SYS] UPlane Late      | 0x0000000000000000 | N/A
[SYS] UPlane Corrupt   | 0x0000000000000000 | N/A
[SYS] Eth Pkt Good     | 0x000006bc         | 0x00000e78
[SYS] Eth Pkt Drop     | 0x00000000         | 0x00000000
[SYS] AXIQ status      | 0x00000303         | 0x00010101
[SYS] ------------------------ Tasks ---------------------------
[SYS]                  | UP         | CP         | RT
[SYS] Error            | 0x00000000 | 0x00000000 | 0x00000000
[SYS] Heartbeats       | 0x00b6e319 | N/A        | N/A
[SYS] Counts           | 0x00000000 | N/A        | 0x00000000
[SYS] Drops            | 0x00000000 | N/A        | 0x00000000
[SYS] ------------------------ VSPAs ---------------------------
[SYS]                  | 0          | 1          | 2
[SYS] Error            | 0x00000000 | 0x00000000 | 0x00000000
[SYS] SYM WR           | 0x00000012 | N/A        | 0x0000001a
[SYS] SYM RD           | 0x00000012 | N/A        | 0x0000001a
[SYS] CMD WR           | 0x00000007 | 0x00000006 | 0x00000005
[SYS] CMD RD           | 0x00000007 | 0x00000006 | 0x00000005
[SYS] ------------------------ Info ----------------------------
[SYS]                  | Downlink           | Uplink
[SYS] RF / fine Gain   |     17 /   -0.8    | 0x42
[SYS] PwrAvg(dBFs/dBm) | N/A                | N/A
[SYS] PwrMax(dBFS)     | N/A                | N/A
[SYS] Showtime 29 seconds

[SYS] ------------------------ Data Direction -------------------
[SYS]                  | Downlink           | Uplink
[SYS] CPlane Total     | 0x0000000000000000 | 0x0000000000000000
[SYS] CPlane OnTime    | 0x0000000000000000 | 0x0000000000000000
[SYS] CPlane Early     | 0x0000000000000000 | 0x0000000000000000
[SYS] CPlane Late      | 0x0000000000000000 | 0x0000000000000000
[SYS] CPlane Corrupt   | 0x0000000000000000 | 0x0000000000000000
[SYS] UPlane Total     | 0x0000000000000000 | 0x0000000000000000
[SYS] UPlane OnTime    | 0x0000000000000000 | N/A
[SYS] UPlane Ealry     | 0x0000000000000000 | N/A
[SYS] UPlane Late      | 0x0000000000000000 | N/A
[SYS] UPlane Corrupt   | 0x0000000000000000 | N/A
[SYS] Eth Pkt Good     | 0x000006be         | 0x00000e9c
[SYS] Eth Pkt Drop     | 0x00000000         | 0x00000000
[SYS] AXIQ status      | 0x00000303         | 0x00010101
[SYS] ------------------------ Tasks ---------------------------
[SYS]                  | UP         | CP         | RT
[SYS] Error            | 0x00000000 | 0x00000000 | 0x00000000
[SYS] Heartbeats       | 0x00bd20d1 | N/A        | N/A
[SYS] Counts           | 0x00000000 | N/A        | 0x00000000
[SYS] Drops            | 0x00000000 | N/A        | 0x00000000
[SYS] ------------------------ VSPAs ---------------------------
[SYS]                  | 0          | 1          | 2
[SYS] Error            | 0x00000000 | 0x00000000 | 0x00000000
[SYS] SYM WR           | 0x00000012 | N/A        | 0x0000001a
[SYS] SYM RD           | 0x00000012 | N/A        | 0x0000001a
[SYS] CMD WR           | 0x00000007 | 0x00000006 | 0x00000005
[SYS] CMD RD           | 0x00000007 | 0x00000006 | 0x00000005
[SYS] ------------------------ Info ----------------------------
[SYS]                  | Downlink           | Uplink
[SYS] RF / fine Gain   |     17 /   -0.8    | 0x42
[SYS] PwrAvg(dBFs/dBm) | N/A                | N/A
[SYS] PwrMax(dBFS)     | N/A                | N/A
[SYS] Showtime 30 seconds

[SYS] ------------------------ Data Direction -------------------
[SYS]                  | Downlink           | Uplink
[SYS] CPlane Total     | 0x0000000000000000 | 0x0000000000000000
[SYS] CPlane OnTime    | 0x0000000000000000 | 0x0000000000000000
[SYS] CPlane Early     | 0x0000000000000000 | 0x0000000000000000
[SYS] CPlane Late      | 0x0000000000000000 | 0x0000000000000000
[SYS] CPlane Corrupt   | 0x0000000000000000 | 0x0000000000000000
[SYS] UPlane Total     | 0x0000000000000000 | 0x0000000000000000
[SYS] UPlane OnTime    | 0x0000000000000000 | N/A
[SYS] UPlane Ealry     | 0x0000000000000000 | N/A
[SYS] UPlane Late      | 0x0000000000000000 | N/A
[SYS] UPlane Corrupt   | 0x0000000000000000 | N/A
[SYS] Eth Pkt Good     | 0x000006bf         | 0x00000ebf
[SYS] Eth Pkt Drop     | 0x00000000         | 0x00000000
[SYS] AXIQ status      | 0x00000303         | 0x00010101
[SYS] ------------------------ Tasks ---------------------------
[SYS]                  | UP         | CP         | RT
[SYS] Error            | 0x00000000 | 0x00000000 | 0x00000000
[SYS] Heartbeats       | 0x00c35bae | N/A        | N/A
[SYS] Counts           | 0x00000000 | N/A        | 0x00000000
[SYS] Drops            | 0x00000000 | N/A        | 0x00000000
[SYS] ------------------------ VSPAs ---------------------------
[SYS]                  | 0          | 1          | 2
[SYS] Error            | 0x00000000 | 0x00000000 | 0x00000000
[SYS] SYM WR           | 0x00000012 | N/A        | 0x0000001a
[SYS] SYM RD           | 0x00000012 | N/A        | 0x0000001a
[SYS] CMD WR           | 0x00000007 | 0x00000006 | 0x00000005
[SYS] CMD RD           | 0x00000007 | 0x00000006 | 0x00000005
[SYS] ------------------------ Info ----------------------------
[SYS]                  | Downlink           | Uplink
[SYS] RF / fine Gain   |     17 /   -0.8    | 0x42
[SYS] PwrAvg(dBFs/dBm) | N/A                | N/A
[SYS] PwrMax(dBFS)     | N/A                | N/A
[SYS] Showtime 31 seconds

[SYS] ------------------------ Data Direction -------------------
[SYS]                  | Downlink           | Uplink
[SYS] CPlane Total     | 0x0000000000000000 | 0x0000000000000000
[SYS] CPlane OnTime    | 0x0000000000000000 | 0x0000000000000000
[SYS] CPlane Early     | 0x0000000000000000 | 0x0000000000000000
[SYS] CPlane Late      | 0x0000000000000000 | 0x0000000000000000
[SYS] CPlane Corrupt   | 0x0000000000000000 | 0x0000000000000000
[SYS] UPlane Total     | 0x0000000000000000 | 0x0000000000000000
[SYS] UPlane OnTime    | 0x0000000000000000 | N/A
[SYS] UPlane Ealry     | 0x0000000000000000 | N/A
[SYS] UPlane Late      | 0x0000000000000000 | N/A
[SYS] UPlane Corrupt   | 0x0000000000000000 | N/A
[SYS] Eth Pkt Good     | 0x000006c0         | 0x00000ee3
[SYS] Eth Pkt Drop     | 0x00000000         | 0x00000000
[SYS] AXIQ status      | 0x00000303         | 0x00010101
[SYS] ------------------------ Tasks ---------------------------
[SYS]                  | UP         | CP         | RT
[SYS] Error            | 0x00000000 | 0x00000000 | 0x00000000
[SYS] Heartbeats       | 0x00c9968e | N/A        | N/A
[SYS] Counts           | 0x00000000 | N/A        | 0x00000000
[SYS] Drops            | 0x00000000 | N/A        | 0x00000000
[SYS] ------------------------ VSPAs ---------------------------
[SYS]                  | 0          | 1          | 2
[SYS] Error            | 0x00000000 | 0x00000000 | 0x00000000
[SYS] SYM WR           | 0x00000012 | N/A        | 0x0000001a
[SYS] SYM RD           | 0x00000012 | N/A        | 0x0000001a
[SYS] CMD WR           | 0x00000007 | 0x00000006 | 0x00000005
[SYS] CMD RD           | 0x00000007 | 0x00000006 | 0x00000005
[SYS] ------------------------ Info ----------------------------
[SYS]                  | Downlink           | Uplink
[SYS] RF / fine Gain   |     17 /   -0.8    | 0x42
[SYS] PwrAvg(dBFs/dBm) | N/A                | N/A
[SYS] PwrMax(dBFS)     | N/A                | N/A
[SYS] Showtime 32 seconds

[SYS] ------------------------ Data Direction -------------------
[SYS]                  | Downlink           | Uplink
[SYS] CPlane Total     | 0x0000000000000000 | 0x0000000000000000
[SYS] CPlane OnTime    | 0x0000000000000000 | 0x0000000000000000
[SYS] CPlane Early     | 0x0000000000000000 | 0x0000000000000000
[SYS] CPlane Late      | 0x0000000000000000 | 0x0000000000000000
[SYS] CPlane Corrupt   | 0x0000000000000000 | 0x0000000000000000
[SYS] UPlane Total     | 0x0000000000000000 | 0x0000000000000000
[SYS] UPlane OnTime    | 0x0000000000000000 | N/A
[SYS] UPlane Ealry     | 0x0000000000000000 | N/A
[SYS] UPlane Late      | 0x0000000000000000 | N/A
[SYS] UPlane Corrupt   | 0x0000000000000000 | N/A
[SYS] Eth Pkt Good     | 0x000006c2         | 0x00000f06
[SYS] Eth Pkt Drop     | 0x00000000         | 0x00000000
[SYS] AXIQ status      | 0x00000303         | 0x00010101
[SYS] ------------------------ Tasks ---------------------------
[SYS]                  | UP         | CP         | RT
[SYS] Error            | 0x00000000 | 0x00000000 | 0x00000000
[SYS] Heartbeats       | 0x00cfd469 | N/A        | N/A
[SYS] Counts           | 0x00000000 | N/A        | 0x00000000
[SYS] Drops            | 0x00000000 | N/A        | 0x00000000
[SYS] ------------------------ VSPAs ---------------------------
[SYS]                  | 0          | 1          | 2
[SYS] Error            | 0x00000000 | 0x00000000 | 0x00000000
[SYS] SYM WR           | 0x00000012 | N/A        | 0x0000001a
[SYS] SYM RD           | 0x00000012 | N/A        | 0x0000001a
[SYS] CMD WR           | 0x00000007 | 0x00000006 | 0x00000005
[SYS] CMD RD           | 0x00000007 | 0x00000006 | 0x00000005
[SYS] ------------------------ Info ----------------------------
[SYS]                  | Downlink           | Uplink
[SYS] RF / fine Gain   |     17 /   -0.8    | 0x42
[SYS] PwrAvg(dBFs/dBm) | N/A                | N/A
[SYS] PwrMax(dBFS)     | N/A                | N/A
[SYS] Showtime 33 seconds

[SYS] ------------------------ Data Direction -------------------
[SYS]                  | Downlink           | Uplink
[SYS] CPlane Total     | 0x0000000000000000 | 0x0000000000000000
[SYS] CPlane OnTime    | 0x0000000000000000 | 0x0000000000000000
[SYS] CPlane Early     | 0x0000000000000000 | 0x0000000000000000
[SYS] CPlane Late      | 0x0000000000000000 | 0x0000000000000000
[SYS] CPlane Corrupt   | 0x0000000000000000 | 0x0000000000000000
[SYS] UPlane Total     | 0x0000000000000000 | 0x0000000000000000
[SYS] UPlane OnTime    | 0x0000000000000000 | N/A
[SYS] UPlane Ealry     | 0x0000000000000000 | N/A
[SYS] UPlane Late      | 0x0000000000000000 | N/A
[SYS] UPlane Corrupt   | 0x0000000000000000 | N/A
[SYS] Eth Pkt Good     | 0x000006c3         | 0x00000f29
[SYS] Eth Pkt Drop     | 0x00000000         | 0x00000000
[SYS] AXIQ status      | 0x00000303         | 0x00010101
[SYS] ------------------------ Tasks ---------------------------
[SYS]                  | UP         | CP         | RT
[SYS] Error            | 0x00000000 | 0x00000000 | 0x00000000
[SYS] Heartbeats       | 0x00d60f56 | N/A        | N/A
[SYS] Counts           | 0x00000000 | N/A        | 0x00000000
[SYS] Drops            | 0x00000000 | N/A        | 0x00000000
[SYS] ------------------------ VSPAs ---------------------------
[SYS]                  | 0          | 1          | 2
[SYS] Error            | 0x00000000 | 0x00000000 | 0x00000000
[SYS] SYM WR           | 0x00000012 | N/A        | 0x0000001a
[SYS] SYM RD           | 0x00000012 | N/A        | 0x0000001a
[SYS] CMD WR           | 0x00000007 | 0x00000006 | 0x00000005
[SYS] CMD RD           | 0x00000007 | 0x00000006 | 0x00000005
[SYS] ------------------------ Info ----------------------------
[SYS]                  | Downlink           | Uplink
[SYS] RF / fine Gain   |     17 /   -0.8    | 0x42
[SYS] PwrAvg(dBFs/dBm) | N/A                | N/A
[SYS] PwrMax(dBFS)     | N/A                | N/A
[SYS] Showtime 34 seconds

[SYS] ------------------------ Data Direction -------------------
[SYS]                  | Downlink           | Uplink
[SYS] CPlane Total     | 0x0000000000000000 | 0x0000000000000000
[SYS] CPlane OnTime    | 0x0000000000000000 | 0x0000000000000000
[SYS] CPlane Early     | 0x0000000000000000 | 0x0000000000000000
[SYS] CPlane Late      | 0x0000000000000000 | 0x0000000000000000
[SYS] CPlane Corrupt   | 0x0000000000000000 | 0x0000000000000000
[SYS] UPlane Total     | 0x0000000000000000 | 0x0000000000000000
[SYS] UPlane OnTime    | 0x0000000000000000 | N/A
[SYS] UPlane Ealry     | 0x0000000000000000 | N/A
[SYS] UPlane Late      | 0x0000000000000000 | N/A
[SYS] UPlane Corrupt   | 0x0000000000000000 | N/A
[SYS] Eth Pkt Good     | 0x000006e0         | 0x00000f68
[SYS] Eth Pkt Drop     | 0x00000000         | 0x00000000
[SYS] AXIQ status      | 0x00000303         | 0x00010101
[SYS] ------------------------ Tasks ---------------------------
[SYS]                  | UP         | CP         | RT
[SYS] Error            | 0x00000000 | 0x00000000 | 0x00000000
[SYS] Heartbeats       | 0x00dc4a38 | N/A        | N/A
[SYS] Counts           | 0x00000000 | N/A        | 0x00000000
[SYS] Drops            | 0x00000000 | N/A        | 0x00000000
[SYS] ------------------------ VSPAs ---------------------------
[SYS]                  | 0          | 1          | 2
[SYS] Error            | 0x00000000 | 0x00000000 | 0x00000000
[SYS] SYM WR           | 0x00000012 | N/A        | 0x0000001a
[SYS] SYM RD           | 0x00000012 | N/A        | 0x0000001a
[SYS] CMD WR           | 0x00000007 | 0x00000006 | 0x00000005
[SYS] CMD RD           | 0x00000007 | 0x00000006 | 0x00000005
[SYS] ------------------------ Info ----------------------------
[SYS]                  | Downlink           | Uplink
[SYS] RF / fine Gain   |     17 /   -0.8    | 0x42
[SYS] PwrAvg(dBFs/dBm) | N/A                | N/A
[SYS] PwrMax(dBFS)     | N/A                | N/A
[SYS] Showtime 35 seconds

[SYS] ------------------------ Data Direction -------------------
[SYS]                  | Downlink           | Uplink
[SYS] CPlane Total     | 0x0000000000000000 | 0x0000000000000000
[SYS] CPlane OnTime    | 0x0000000000000000 | 0x0000000000000000
[SYS] CPlane Early     | 0x0000000000000000 | 0x0000000000000000
[SYS] CPlane Late      | 0x0000000000000000 | 0x0000000000000000
[SYS] CPlane Corrupt   | 0x0000000000000000 | 0x0000000000000000
[SYS] UPlane Total     | 0x0000000000000000 | 0x0000000000000000
[SYS] UPlane OnTime    | 0x0000000000000000 | N/A
[SYS] UPlane Ealry     | 0x0000000000000000 | N/A
[SYS] UPlane Late      | 0x0000000000000000 | N/A
[SYS] UPlane Corrupt   | 0x0000000000000000 | N/A
[SYS] Eth Pkt Good     | 0x000006e4         | 0x00000f8e
[SYS] Eth Pkt Drop     | 0x00000000         | 0x00000000
[SYS] AXIQ status      | 0x00000303         | 0x00010101
[SYS] ------------------------ Tasks ---------------------------
[SYS]                  | UP         | CP         | RT
[SYS] Error            | 0x00000000 | 0x00000000 | 0x00000000
[SYS] Heartbeats       | 0x00e28535 | N/A        | N/A
[SYS] Counts           | 0x00000000 | N/A        | 0x00000000
[SYS] Drops            | 0x00000000 | N/A        | 0x00000000
[SYS] ------------------------ VSPAs ---------------------------
[SYS]                  | 0          | 1          | 2
[SYS] Error            | 0x00000000 | 0x00000000 | 0x00000000
[SYS] SYM WR           | 0x00000012 | N/A        | 0x0000001a
[SYS] SYM RD           | 0x00000012 | N/A        | 0x0000001a
[SYS] CMD WR           | 0x00000007 | 0x00000006 | 0x00000005
[SYS] CMD RD           | 0x00000007 | 0x00000006 | 0x00000005
[SYS] ------------------------ Info ----------------------------
[SYS]                  | Downlink           | Uplink
[SYS] RF / fine Gain   |     17 /   -0.8    | 0x42
[SYS] PwrAvg(dBFs/dBm) | N/A                | N/A
[SYS] PwrMax(dBFS)     | N/A                | N/A
[SYS] Showtime 36 seconds

[SYS] ------------------------ Data Direction -------------------
[SYS]                  | Downlink           | Uplink
[SYS] CPlane Total     | 0x0000000000000000 | 0x0000000000000000
[SYS] CPlane OnTime    | 0x0000000000000000 | 0x0000000000000000
[SYS] CPlane Early     | 0x0000000000000000 | 0x0000000000000000
[SYS] CPlane Late      | 0x0000000000000000 | 0x0000000000000000
[SYS] CPlane Corrupt   | 0x0000000000000000 | 0x0000000000000000
[SYS] UPlane Total     | 0x0000000000000000 | 0x0000000000000000
[SYS] UPlane OnTime    | 0x0000000000000000 | N/A
[SYS] UPlane Ealry     | 0x0000000000000000 | N/A
[SYS] UPlane Late      | 0x0000000000000000 | N/A
[SYS] UPlane Corrupt   | 0x0000000000000000 | N/A
[SYS] Eth Pkt Good     | 0x000006e5         | 0x00000fb1
[SYS] Eth Pkt Drop     | 0x00000000         | 0x00000000
[SYS] AXIQ status      | 0x00000303         | 0x00010101
[SYS] ------------------------ Tasks ---------------------------
[SYS]                  | UP         | CP         | RT
[SYS] Error            | 0x00000000 | 0x00000000 | 0x00000000
[SYS] Heartbeats       | 0x00e8c2f4 | N/A        | N/A
[SYS] Counts           | 0x00000000 | N/A        | 0x00000000
[SYS] Drops            | 0x00000000 | N/A        | 0x00000000
[SYS] ------------------------ VSPAs ---------------------------
[SYS]                  | 0          | 1          | 2
[SYS] Error            | 0x00000000 | 0x00000000 | 0x00000000
[SYS] SYM WR           | 0x00000012 | N/A        | 0x0000001a
[SYS] SYM RD           | 0x00000012 | N/A        | 0x0000001a
[SYS] CMD WR           | 0x00000007 | 0x00000006 | 0x00000005
[SYS] CMD RD           | 0x00000007 | 0x00000006 | 0x00000005
[SYS] ------------------------ Info ----------------------------
[SYS]                  | Downlink           | Uplink
[SYS] RF / fine Gain   |     17 /   -0.8    | 0x42
[SYS] PwrAvg(dBFs/dBm) | N/A                | N/A
[SYS] PwrMax(dBFS)     | N/A                | N/A
[SYS] Showtime 37 seconds

[SYS] ------------------------ Data Direction -------------------
[SYS]                  | Downlink           | Uplink
[SYS] CPlane Total     | 0x0000000000000000 | 0x0000000000000000
[SYS] CPlane OnTime    | 0x0000000000000000 | 0x0000000000000000
[SYS] CPlane Early     | 0x0000000000000000 | 0x0000000000000000
[SYS] CPlane Late      | 0x0000000000000000 | 0x0000000000000000
[SYS] CPlane Corrupt   | 0x0000000000000000 | 0x0000000000000000
[SYS] UPlane Total     | 0x0000000000000000 | 0x0000000000000000
[SYS] UPlane OnTime    | 0x0000000000000000 | N/A
[SYS] UPlane Ealry     | 0x0000000000000000 | N/A
[SYS] UPlane Late      | 0x0000000000000000 | N/A
[SYS] UPlane Corrupt   | 0x0000000000000000 | N/A
[SYS] Eth Pkt Good     | 0x000006e7         | 0x00000fd5
[SYS] Eth Pkt Drop     | 0x00000000         | 0x00000000
[SYS] AXIQ status      | 0x00000303         | 0x00010101
[SYS] ------------------------ Tasks ---------------------------
[SYS]                  | UP         | CP         | RT
[SYS] Error            | 0x00000000 | 0x00000000 | 0x00000000
[SYS] Heartbeats       | 0x00eefddb | N/A        | N/A
[SYS] Counts           | 0x00000000 | N/A        | 0x00000000
[SYS] Drops            | 0x00000000 | N/A        | 0x00000000
[SYS] ------------------------ VSPAs ---------------------------
[SYS]                  | 0          | 1          | 2
[SYS] Error            | 0x00000000 | 0x00000000 | 0x00000000
[SYS] SYM WR           | 0x00000012 | N/A        | 0x0000001a
[SYS] SYM RD           | 0x00000012 | N/A        | 0x0000001a
[SYS] CMD WR           | 0x00000007 | 0x00000006 | 0x00000005
[SYS] CMD RD           | 0x00000007 | 0x00000006 | 0x00000005
[SYS] ------------------------ Info ----------------------------
[SYS]                  | Downlink           | Uplink
[SYS] RF / fine Gain   |     17 /   -0.8    | 0x42
[SYS] PwrAvg(dBFs/dBm) | N/A                | N/A
[SYS] PwrMax(dBFS)     | N/A                | N/A
[SYS] Showtime 38 seconds

[SYS] ------------------------ Data Direction -------------------
[SYS]                  | Downlink           | Uplink
[SYS] CPlane Total     | 0x0000000000000000 | 0x0000000000000000
[SYS] CPlane OnTime    | 0x0000000000000000 | 0x0000000000000000
[SYS] CPlane Early     | 0x0000000000000000 | 0x0000000000000000
[SYS] CPlane Late      | 0x0000000000000000 | 0x0000000000000000
[SYS] CPlane Corrupt   | 0x0000000000000000 | 0x0000000000000000
[SYS] UPlane Total     | 0x0000000000000000 | 0x0000000000000000
[SYS] UPlane OnTime    | 0x0000000000000000 | N/A
[SYS] UPlane Ealry     | 0x0000000000000000 | N/A
[SYS] UPlane Late      | 0x0000000000000000 | N/A
[SYS] UPlane Corrupt   | 0x0000000000000000 | N/A
[SYS] Eth Pkt Good     | 0x000006e8         | 0x00000ff8
[SYS] Eth Pkt Drop     | 0x00000000         | 0x00000000
[SYS] AXIQ status      | 0x00000303         | 0x00010101
[SYS] ------------------------ Tasks ---------------------------
[SYS]                  | UP         | CP         | RT
[SYS] Error            | 0x00000000 | 0x00000000 | 0x00000000
[SYS] Heartbeats       | 0x00f538d7 | N/A        | N/A
[SYS] Counts           | 0x00000000 | N/A        | 0x00000000
[SYS] Drops            | 0x00000000 | N/A        | 0x00000000
[SYS] ------------------------ VSPAs ---------------------------
[SYS]                  | 0          | 1          | 2
[SYS] Error            | 0x00000000 | 0x00000000 | 0x00000000
[SYS] SYM WR           | 0x00000012 | N/A        | 0x0000001a
[SYS] SYM RD           | 0x00000012 | N/A        | 0x0000001a
[SYS] CMD WR           | 0x00000007 | 0x00000006 | 0x00000005
[SYS] CMD RD           | 0x00000007 | 0x00000006 | 0x00000005
[SYS] ------------------------ Info ----------------------------
[SYS]                  | Downlink           | Uplink
[SYS] RF / fine Gain   |     17 /   -0.8    | 0x42
[SYS] PwrAvg(dBFs/dBm) | N/A                | N/A
[SYS] PwrMax(dBFS)     | N/A                | N/A
[SYS] Showtime 39 seconds

[SYS] ------------------------ Data Direction -------------------
[SYS]                  | Downlink           | Uplink
[SYS] CPlane Total     | 0x0000000000000000 | 0x0000000000000000
[SYS] CPlane OnTime    | 0x0000000000000000 | 0x0000000000000000
[SYS] CPlane Early     | 0x0000000000000000 | 0x0000000000000000
[SYS] CPlane Late      | 0x0000000000000000 | 0x0000000000000000
[SYS] CPlane Corrupt   | 0x0000000000000000 | 0x0000000000000000
[SYS] UPlane Total     | 0x0000000000000000 | 0x0000000000000000
[SYS] UPlane OnTime    | 0x0000000000000000 | N/A
[SYS] UPlane Ealry     | 0x0000000000000000 | N/A
[SYS] UPlane Late      | 0x0000000000000000 | N/A
[SYS] UPlane Corrupt   | 0x0000000000000000 | N/A
[SYS] Eth Pkt Good     | 0x000006ea         | 0x0000101c
[SYS] Eth Pkt Drop     | 0x00000000         | 0x00000000
[SYS] AXIQ status      | 0x00000303         | 0x00010101
[SYS] ------------------------ Tasks ---------------------------
[SYS]                  | UP         | CP         | RT
[SYS] Error            | 0x00000000 | 0x00000000 | 0x00000000
[SYS] Heartbeats       | 0x00fb7698 | N/A        | N/A
[SYS] Counts           | 0x00000000 | N/A        | 0x00000000
[SYS] Drops            | 0x00000000 | N/A        | 0x00000000
[SYS] ------------------------ VSPAs ---------------------------
[SYS]                  | 0          | 1          | 2
[SYS] Error            | 0x00000000 | 0x00000000 | 0x00000000
[SYS] SYM WR           | 0x00000012 | N/A        | 0x0000001a
[SYS] SYM RD           | 0x00000012 | N/A        | 0x0000001a
[SYS] CMD WR           | 0x00000007 | 0x00000006 | 0x00000005
[SYS] CMD RD           | 0x00000007 | 0x00000006 | 0x00000005
[SYS] ------------------------ Info ----------------------------
[SYS]                  | Downlink           | Uplink
[SYS] RF / fine Gain   |     17 /   -0.8    | 0x42
[SYS] PwrAvg(dBFs/dBm) | N/A                | N/A
[SYS] PwrMax(dBFS)     | N/A                | N/A
[SYS] Showtime 40 seconds

[SYS] ------------------------ Data Direction -------------------
[SYS]                  | Downlink           | Uplink
[SYS] CPlane Total     | 0x0000000000000000 | 0x0000000000000000
[SYS] CPlane OnTime    | 0x0000000000000000 | 0x0000000000000000
[SYS] CPlane Early     | 0x0000000000000000 | 0x0000000000000000
[SYS] CPlane Late      | 0x0000000000000000 | 0x0000000000000000
[SYS] CPlane Corrupt   | 0x0000000000000000 | 0x0000000000000000
[SYS] UPlane Total     | 0x0000000000000000 | 0x0000000000000000
[SYS] UPlane OnTime    | 0x0000000000000000 | N/A
[SYS] UPlane Ealry     | 0x0000000000000000 | N/A
[SYS] UPlane Late      | 0x0000000000000000 | N/A
[SYS] UPlane Corrupt   | 0x0000000000000000 | N/A
[SYS] Eth Pkt Good     | 0x000006eb         | 0x0000103f
[SYS] Eth Pkt Drop     | 0x00000000         | 0x00000000
[SYS] AXIQ status      | 0x00000303         | 0x00010101
[SYS] ------------------------ Tasks ---------------------------
[SYS]                  | UP         | CP         | RT
[SYS] Error            | 0x00000000 | 0x00000000 | 0x00000000
[SYS] Heartbeats       | 0x0101b183 | N/A        | N/A
[SYS] Counts           | 0x00000000 | N/A        | 0x00000000
[SYS] Drops            | 0x00000000 | N/A        | 0x00000000
[SYS] ------------------------ VSPAs ---------------------------
[SYS]                  | 0          | 1          | 2
[SYS] Error            | 0x00000000 | 0x00000000 | 0x00000000
[SYS] SYM WR           | 0x00000012 | N/A        | 0x0000001a
[SYS] SYM RD           | 0x00000012 | N/A        | 0x0000001a
[SYS] CMD WR           | 0x00000007 | 0x00000006 | 0x00000005
[SYS] CMD RD           | 0x00000007 | 0x00000006 | 0x00000005
[SYS] ------------------------ Info ----------------------------
[SYS]                  | Downlink           | Uplink
[SYS] RF / fine Gain   |     17 /   -0.8    | 0x42
[SYS] PwrAvg(dBFs/dBm) | N/A                | N/A
[SYS] PwrMax(dBFS)     | N/A                | N/A
[SYS] Showtime 41 seconds

[SYS] ------------------------ Data Direction -------------------
[SYS]                  | Downlink           | Uplink
[SYS] CPlane Total     | 0x0000000000000000 | 0x0000000000000000
[SYS] CPlane OnTime    | 0x0000000000000000 | 0x0000000000000000
[SYS] CPlane Early     | 0x0000000000000000 | 0x0000000000000000
[SYS] CPlane Late      | 0x0000000000000000 | 0x0000000000000000
[SYS] CPlane Corrupt   | 0x0000000000000000 | 0x0000000000000000
[SYS] UPlane Total     | 0x0000000000000000 | 0x0000000000000000
[SYS] UPlane OnTime    | 0x0000000000000000 | N/A
[SYS] UPlane Ealry     | 0x0000000000000000 | N/A
[SYS] UPlane Late      | 0x0000000000000000 | N/A
[SYS] UPlane Corrupt   | 0x0000000000000000 | N/A
[SYS] Eth Pkt Good     | 0x000006ed         | 0x00001063
[SYS] Eth Pkt Drop     | 0x00000000         | 0x00000000
[SYS] AXIQ status      | 0x00000303         | 0x00010101
[SYS] ------------------------ Tasks ---------------------------
[SYS]                  | UP         | CP         | RT
[SYS] Error            | 0x00000000 | 0x00000000 | 0x00000000
[SYS] Heartbeats       | 0x0107ec5e | N/A        | N/A
[SYS] Counts           | 0x00000000 | N/A        | 0x00000000
[SYS] Drops            | 0x00000000 | N/A        | 0x00000000
[SYS] ------------------------ VSPAs ---------------------------
[SYS]                  | 0          | 1          | 2
[SYS] Error            | 0x00000000 | 0x00000000 | 0x00000000
[SYS] SYM WR           | 0x00000012 | N/A        | 0x0000001a
[SYS] SYM RD           | 0x00000012 | N/A        | 0x0000001a
[SYS] CMD WR           | 0x00000007 | 0x00000006 | 0x00000005
[SYS] CMD RD           | 0x00000007 | 0x00000006 | 0x00000005
[SYS] ------------------------ Info ----------------------------
[SYS]                  | Downlink           | Uplink
[SYS] RF / fine Gain   |     17 /   -0.8    | 0x42
[SYS] PwrAvg(dBFs/dBm) | N/A                | N/A
[SYS] PwrMax(dBFS)     | N/A                | N/A
[SYS] Showtime 42 seconds

[SYS] ------------------------ Data Direction -------------------
[SYS]                  | Downlink           | Uplink
[SYS] CPlane Total     | 0x0000000000000000 | 0x0000000000000000
[SYS] CPlane OnTime    | 0x0000000000000000 | 0x0000000000000000
[SYS] CPlane Early     | 0x0000000000000000 | 0x0000000000000000
[SYS] CPlane Late      | 0x0000000000000000 | 0x0000000000000000
[SYS] CPlane Corrupt   | 0x0000000000000000 | 0x0000000000000000
[SYS] UPlane Total     | 0x0000000000000000 | 0x0000000000000000
[SYS] UPlane OnTime    | 0x0000000000000000 | N/A
[SYS] UPlane Ealry     | 0x0000000000000000 | N/A
[SYS] UPlane Late      | 0x0000000000000000 | N/A
[SYS] UPlane Corrupt   | 0x0000000000000000 | N/A
[SYS] Eth Pkt Good     | 0x000006ee         | 0x00001086
[SYS] Eth Pkt Drop     | 0x00000000         | 0x00000000
[SYS] AXIQ status      | 0x00000303         | 0x00010101
[SYS] ------------------------ Tasks ---------------------------
[SYS]                  | UP         | CP         | RT
[SYS] Error            | 0x00000000 | 0x00000000 | 0x00000000
[SYS] Heartbeats       | 0x010e275e | N/A        | N/A
[SYS] Counts           | 0x00000000 | N/A        | 0x00000000
[SYS] Drops            | 0x00000000 | N/A        | 0x00000000
[SYS] ------------------------ VSPAs ---------------------------
[SYS]                  | 0          | 1          | 2
[SYS] Error            | 0x00000000 | 0x00000000 | 0x00000000
[SYS] SYM WR           | 0x00000012 | N/A        | 0x0000001a
[SYS] SYM RD           | 0x00000012 | N/A        | 0x0000001a
[SYS] CMD WR           | 0x00000007 | 0x00000006 | 0x00000005
[SYS] CMD RD           | 0x00000007 | 0x00000006 | 0x00000005
[SYS] ------------------------ Info ----------------------------
[SYS]                  | Downlink           | Uplink
[SYS] RF / fine Gain   |     17 /   -0.8    | 0x42
[SYS] PwrAvg(dBFs/dBm) | N/A                | N/A
[SYS] PwrMax(dBFS)     | N/A                | N/A
[SYS] Showtime 43 seconds

[SYS] ------------------------ Data Direction -------------------
[SYS]                  | Downlink           | Uplink
[SYS] CPlane Total     | 0x0000000000000000 | 0x0000000000000000
[SYS] CPlane OnTime    | 0x0000000000000000 | 0x0000000000000000
[SYS] CPlane Early     | 0x0000000000000000 | 0x0000000000000000
[SYS] CPlane Late      | 0x0000000000000000 | 0x0000000000000000
[SYS] CPlane Corrupt   | 0x0000000000000000 | 0x0000000000000000
[SYS] UPlane Total     | 0x0000000000000000 | 0x0000000000000000
[SYS] UPlane OnTime    | 0x0000000000000000 | N/A
[SYS] UPlane Ealry     | 0x0000000000000000 | N/A
[SYS] UPlane Late      | 0x0000000000000000 | N/A
[SYS] UPlane Corrupt   | 0x0000000000000000 | N/A
[SYS] Eth Pkt Good     | 0x000006ef         | 0x000010a9
[SYS] Eth Pkt Drop     | 0x00000000         | 0x00000000
[SYS] AXIQ status      | 0x00000303         | 0x00010101
[SYS] ------------------------ Tasks ---------------------------
[SYS]                  | UP         | CP         | RT
[SYS] Error            | 0x00000000 | 0x00000000 | 0x00000000
[SYS] Heartbeats       | 0x0114650e | N/A        | N/A
[SYS] Counts           | 0x00000000 | N/A        | 0x00000000
[SYS] Drops            | 0x00000000 | N/A        | 0x00000000
[SYS] ------------------------ VSPAs ---------------------------
[SYS]                  | 0          | 1          | 2
[SYS] Error            | 0x00000000 | 0x00000000 | 0x00000000
[SYS] SYM WR           | 0x00000012 | N/A        | 0x0000001a
[SYS] SYM RD           | 0x00000012 | N/A        | 0x0000001a
[SYS] CMD WR           | 0x00000007 | 0x00000006 | 0x00000005
[SYS] CMD RD           | 0x00000007 | 0x00000006 | 0x00000005
[SYS] ------------------------ Info ----------------------------
[SYS]                  | Downlink           | Uplink
[SYS] RF / fine Gain   |     17 /   -0.8    | 0x42
[SYS] PwrAvg(dBFs/dBm) | N/A                | N/A
[SYS] PwrMax(dBFS)     | N/A                | N/A
[SYS] Showtime 44 seconds

[SYS] ------------------------ Data Direction -------------------
[SYS]                  | Downlink           | Uplink
[SYS] CPlane Total     | 0x0000000000000000 | 0x0000000000000000
[SYS] CPlane OnTime    | 0x0000000000000000 | 0x0000000000000000
[SYS] CPlane Early     | 0x0000000000000000 | 0x0000000000000000
[SYS] CPlane Late      | 0x0000000000000000 | 0x0000000000000000
[SYS] CPlane Corrupt   | 0x0000000000000000 | 0x0000000000000000
[SYS] UPlane Total     | 0x0000000000000000 | 0x0000000000000000
[SYS] UPlane OnTime    | 0x0000000000000000 | N/A
[SYS] UPlane Ealry     | 0x0000000000000000 | N/A
[SYS] UPlane Late      | 0x0000000000000000 | N/A
[SYS] UPlane Corrupt   | 0x0000000000000000 | N/A
[SYS] Eth Pkt Good     | 0x000006f1         | 0x000010cd
[SYS] Eth Pkt Drop     | 0x00000000         | 0x00000000
[SYS] AXIQ status      | 0x00000303         | 0x00010101
[SYS] ------------------------ Tasks ---------------------------
[SYS]                  | UP         | CP         | RT
[SYS] Error            | 0x00000000 | 0x00000000 | 0x00000000
[SYS] Heartbeats       | 0x011a9fe7 | N/A        | N/A
[SYS] Counts           | 0x00000000 | N/A        | 0x00000000
[SYS] Drops            | 0x00000000 | N/A        | 0x00000000
[SYS] ------------------------ VSPAs ---------------------------
[SYS]                  | 0          | 1          | 2
[SYS] Error            | 0x00000000 | 0x00000000 | 0x00000000
[SYS] SYM WR           | 0x00000012 | N/A        | 0x0000001a
[SYS] SYM RD           | 0x00000012 | N/A        | 0x0000001a
[SYS] CMD WR           | 0x00000007 | 0x00000006 | 0x00000005
[SYS] CMD RD           | 0x00000007 | 0x00000006 | 0x00000005
[SYS] ------------------------ Info ----------------------------
[SYS]                  | Downlink           | Uplink
[SYS] RF / fine Gain   |     17 /   -0.8    | 0x42
[SYS] PwrAvg(dBFs/dBm) | N/A                | N/A
[SYS] PwrMax(dBFS)     | N/A                | N/A
[SYS] Showtime 45 seconds

[SYS] ------------------------ Data Direction -------------------
[SYS]                  | Downlink           | Uplink
[SYS] CPlane Total     | 0x0000000000000000 | 0x0000000000000000
[SYS] CPlane OnTime    | 0x0000000000000000 | 0x0000000000000000
[SYS] CPlane Early     | 0x0000000000000000 | 0x0000000000000000
[SYS] CPlane Late      | 0x0000000000000000 | 0x0000000000000000
[SYS] CPlane Corrupt   | 0x0000000000000000 | 0x0000000000000000
[SYS] UPlane Total     | 0x0000000000000000 | 0x0000000000000000
[SYS] UPlane OnTime    | 0x0000000000000000 | N/A
[SYS] UPlane Ealry     | 0x0000000000000000 | N/A
[SYS] UPlane Late      | 0x0000000000000000 | N/A
[SYS] UPlane Corrupt   | 0x0000000000000000 | N/A
[SYS] Eth Pkt Good     | 0x000006f2         | 0x000010f0
[SYS] Eth Pkt Drop     | 0x00000000         | 0x00000000
[SYS] AXIQ status      | 0x00000303         | 0x00010101
[SYS] ------------------------ Tasks ---------------------------
[SYS]                  | UP         | CP         | RT
[SYS] Error            | 0x00000000 | 0x00000000 | 0x00000000
[SYS] Heartbeats       | 0x0120dad5 | N/A        | N/A
[SYS] Counts           | 0x00000000 | N/A        | 0x00000000
[SYS] Drops            | 0x00000000 | N/A        | 0x00000000
[SYS] ------------------------ VSPAs ---------------------------
[SYS]                  | 0          | 1          | 2
[SYS] Error            | 0x00000000 | 0x00000000 | 0x00000000
[SYS] SYM WR           | 0x00000012 | N/A        | 0x0000001a
[SYS] SYM RD           | 0x00000012 | N/A        | 0x0000001a
[SYS] CMD WR           | 0x00000007 | 0x00000006 | 0x00000005
[SYS] CMD RD           | 0x00000007 | 0x00000006 | 0x00000005
[SYS] ------------------------ Info ----------------------------
[SYS]                  | Downlink           | Uplink
[SYS] RF / fine Gain   |     17 /   -0.8    | 0x42
[SYS] PwrAvg(dBFs/dBm) | N/A                | N/A
[SYS] PwrMax(dBFS)     | N/A                | N/A
[SYS] Showtime 46 seconds

[SYS] ------------------------ Data Direction -------------------
[SYS]                  | Downlink           | Uplink
[SYS] CPlane Total     | 0x0000000000000000 | 0x0000000000000000
[SYS] CPlane OnTime    | 0x0000000000000000 | 0x0000000000000000
[SYS] CPlane Early     | 0x0000000000000000 | 0x0000000000000000
[SYS] CPlane Late      | 0x0000000000000000 | 0x0000000000000000
[SYS] CPlane Corrupt   | 0x0000000000000000 | 0x0000000000000000
[SYS] UPlane Total     | 0x0000000000000000 | 0x0000000000000000
[SYS] UPlane OnTime    | 0x0000000000000000 | N/A
[SYS] UPlane Ealry     | 0x0000000000000000 | N/A
[SYS] UPlane Late      | 0x0000000000000000 | N/A
[SYS] UPlane Corrupt   | 0x0000000000000000 | N/A
[SYS] Eth Pkt Good     | 0x000006f4         | 0x00001114
[SYS] Eth Pkt Drop     | 0x00000000         | 0x00000000
[SYS] AXIQ status      | 0x00000303         | 0x00010101
[SYS] ------------------------ Tasks ---------------------------
[SYS]                  | UP         | CP         | RT
[SYS] Error            | 0x00000000 | 0x00000000 | 0x00000000
[SYS] Heartbeats       | 0x01271889 | N/A        | N/A
[SYS] Counts           | 0x00000000 | N/A        | 0x00000000
[SYS] Drops            | 0x00000000 | N/A        | 0x00000000
[SYS] ------------------------ VSPAs ---------------------------
[SYS]                  | 0          | 1          | 2
[SYS] Error            | 0x00000000 | 0x00000000 | 0x00000000
[SYS] SYM WR           | 0x00000012 | N/A        | 0x0000001a
[SYS] SYM RD           | 0x00000012 | N/A        | 0x0000001a
[SYS] CMD WR           | 0x00000007 | 0x00000006 | 0x00000005
[SYS] CMD RD           | 0x00000007 | 0x00000006 | 0x00000005
[SYS] ------------------------ Info ----------------------------
[SYS]                  | Downlink           | Uplink
[SYS] RF / fine Gain   |     17 /   -0.8    | 0x42
[SYS] PwrAvg(dBFs/dBm) | N/A                | N/A
[SYS] PwrMax(dBFS)     | N/A                | N/A
[SYS] Showtime 47 seconds

[SYS] ------------------------ Data Direction -------------------
[SYS]                  | Downlink           | Uplink
[SYS] CPlane Total     | 0x0000000000000000 | 0x0000000000000000
[SYS] CPlane OnTime    | 0x0000000000000000 | 0x0000000000000000
[SYS] CPlane Early     | 0x0000000000000000 | 0x0000000000000000
[SYS] CPlane Late      | 0x0000000000000000 | 0x0000000000000000
[SYS] CPlane Corrupt   | 0x0000000000000000 | 0x0000000000000000
[SYS] UPlane Total     | 0x0000000000000000 | 0x0000000000000000
[SYS] UPlane OnTime    | 0x0000000000000000 | N/A
[SYS] UPlane Ealry     | 0x0000000000000000 | N/A
[SYS] UPlane Late      | 0x0000000000000000 | N/A
[SYS] UPlane Corrupt   | 0x0000000000000000 | N/A
[SYS] Eth Pkt Good     | 0x00000701         | 0x00001143
[SYS] Eth Pkt Drop     | 0x00000000         | 0x00000000
[SYS] AXIQ status      | 0x00000303         | 0x00010101
[SYS] ------------------------ Tasks ---------------------------
[SYS]                  | UP         | CP         | RT
[SYS] Error            | 0x00000000 | 0x00000000 | 0x00000000
[SYS] Heartbeats       | 0x012d5369 | N/A        | N/A
[SYS] Counts           | 0x00000000 | N/A        | 0x00000000
[SYS] Drops            | 0x00000000 | N/A        | 0x00000000
[SYS] ------------------------ VSPAs ---------------------------
[SYS]                  | 0          | 1          | 2
[SYS] Error            | 0x00000000 | 0x00000000 | 0x00000000
[SYS] SYM WR           | 0x00000012 | N/A        | 0x0000001a
[SYS] SYM RD           | 0x00000012 | N/A        | 0x0000001a
[SYS] CMD WR           | 0x00000007 | 0x00000006 | 0x00000005
[SYS] CMD RD           | 0x00000007 | 0x00000006 | 0x00000005
[SYS] ------------------------ Info ----------------------------
[SYS]                  | Downlink           | Uplink
[SYS] RF / fine Gain   |     17 /   -0.8    | 0x42
[SYS] PwrAvg(dBFs/dBm) | N/A                | N/A
[SYS] PwrMax(dBFS)     | N/A                | N/A
[SYS] Showtime 48 seconds

[SYS] ------------------------ Data Direction -------------------
[SYS]                  | Downlink           | Uplink
[SYS] CPlane Total     | 0x0000000000000000 | 0x0000000000000000
[SYS] CPlane OnTime    | 0x0000000000000000 | 0x0000000000000000
[SYS] CPlane Early     | 0x0000000000000000 | 0x0000000000000000
[SYS] CPlane Late      | 0x0000000000000000 | 0x0000000000000000
[SYS] CPlane Corrupt   | 0x0000000000000000 | 0x0000000000000000
[SYS] UPlane Total     | 0x0000000000000000 | 0x0000000000000000
[SYS] UPlane OnTime    | 0x0000000000000000 | N/A
[SYS] UPlane Ealry     | 0x0000000000000000 | N/A
[SYS] UPlane Late      | 0x0000000000000000 | N/A
[SYS] UPlane Corrupt   | 0x0000000000000000 | N/A
[SYS] Eth Pkt Good     | 0x00000715         | 0x00001179
[SYS] Eth Pkt Drop     | 0x00000000         | 0x00000000
[SYS] AXIQ status      | 0x00000303         | 0x00010101
[SYS] ------------------------ Tasks ---------------------------
[SYS]                  | UP         | CP         | RT
[SYS] Error            | 0x00000000 | 0x00000000 | 0x00000000
[SYS] Heartbeats       | 0x01338e4f | N/A        | N/A
[SYS] Counts           | 0x00000000 | N/A        | 0x00000000
[SYS] Drops            | 0x00000000 | N/A        | 0x00000000
[SYS] ------------------------ VSPAs ---------------------------
[SYS]                  | 0          | 1          | 2
[SYS] Error            | 0x00000000 | 0x00000000 | 0x00000000
[SYS] SYM WR           | 0x00000012 | N/A        | 0x0000001a
[SYS] SYM RD           | 0x00000012 | N/A        | 0x0000001a
[SYS] CMD WR           | 0x00000007 | 0x00000006 | 0x00000005
[SYS] CMD RD           | 0x00000007 | 0x00000006 | 0x00000005
[SYS] ------------------------ Info ----------------------------
[SYS]                  | Downlink           | Uplink
[SYS] RF / fine Gain   |     17 /   -0.8    | 0x42
[SYS] PwrAvg(dBFs/dBm) | N/A                | N/A
[SYS] PwrMax(dBFS)     | N/A                | N/A
[SYS] Showtime 49 seconds

[SYS] ------------------------ Data Direction -------------------
[SYS]                  | Downlink           | Uplink
[SYS] CPlane Total     | 0x0000000000000000 | 0x0000000000000000
[SYS] CPlane OnTime    | 0x0000000000000000 | 0x0000000000000000
[SYS] CPlane Early     | 0x0000000000000000 | 0x0000000000000000
[SYS] CPlane Late      | 0x0000000000000000 | 0x0000000000000000
[SYS] CPlane Corrupt   | 0x0000000000000000 | 0x0000000000000000
[SYS] UPlane Total     | 0x0000000000000000 | 0x0000000000000000
[SYS] UPlane OnTime    | 0x0000000000000000 | N/A
[SYS] UPlane Ealry     | 0x0000000000000000 | N/A
[SYS] UPlane Late      | 0x0000000000000000 | N/A
[SYS] UPlane Corrupt   | 0x0000000000000000 | N/A
[SYS] Eth Pkt Good     | 0x00000716         | 0x0000119c
[SYS] Eth Pkt Drop     | 0x00000000         | 0x00000000
[SYS] AXIQ status      | 0x00000303         | 0x00010101
[SYS] ------------------------ Tasks ---------------------------
[SYS]                  | UP         | CP         | RT
[SYS] Error            | 0x00000000 | 0x00000000 | 0x00000000
[SYS] Heartbeats       | 0x0139cfd2 | N/A        | N/A
[SYS] Counts           | 0x00000000 | N/A        | 0x00000000
[SYS] Drops            | 0x00000000 | N/A        | 0x00000000
[SYS] ------------------------ VSPAs ---------------------------
[SYS]                  | 0          | 1          | 2
[SYS] Error            | 0x00000000 | 0x00000000 | 0x00000000
[SYS] SYM WR           | 0x00000012 | N/A        | 0x0000001a
[SYS] SYM RD           | 0x00000012 | N/A        | 0x0000001a
[SYS] CMD WR           | 0x00000007 | 0x00000006 | 0x00000005
[SYS] CMD RD           | 0x00000007 | 0x00000006 | 0x00000005
[SYS] ------------------------ Info ----------------------------
[SYS]                  | Downlink           | Uplink
[SYS] RF / fine Gain   |     17 /   -0.8    | 0x42
[SYS] PwrAvg(dBFs/dBm) | N/A                | N/A
[SYS] PwrMax(dBFS)     | N/A                | N/A
[SYS] Showtime 50 seconds

[SYS] ------------------------ Data Direction -------------------
[SYS]                  | Downlink           | Uplink
[SYS] CPlane Total     | 0x0000000000000000 | 0x0000000000000000
[SYS] CPlane OnTime    | 0x0000000000000000 | 0x0000000000000000
[SYS] CPlane Early     | 0x0000000000000000 | 0x0000000000000000
[SYS] CPlane Late      | 0x0000000000000000 | 0x0000000000000000
[SYS] CPlane Corrupt   | 0x0000000000000000 | 0x0000000000000000
[SYS] UPlane Total     | 0x0000000000000000 | 0x0000000000000000
[SYS] UPlane OnTime    | 0x0000000000000000 | N/A
[SYS] UPlane Ealry     | 0x0000000000000000 | N/A
[SYS] UPlane Late      | 0x0000000000000000 | N/A
[SYS] UPlane Corrupt   | 0x0000000000000000 | N/A
[SYS] Eth Pkt Good     | 0x00000717         | 0x000011bf
[SYS] Eth Pkt Drop     | 0x00000000         | 0x00000000
[SYS] AXIQ status      | 0x00000303         | 0x00010101
[SYS] ------------------------ Tasks ---------------------------
[SYS]                  | UP         | CP         | RT
[SYS] Error            | 0x00000000 | 0x00000000 | 0x00000000
[SYS] Heartbeats       | 0x01400bd5 | N/A        | N/A
[SYS] Counts           | 0x00000000 | N/A        | 0x00000000
[SYS] Drops            | 0x00000000 | N/A        | 0x00000000
[SYS] ------------------------ VSPAs ---------------------------
[SYS]                  | 0          | 1          | 2
[SYS] Error            | 0x00000000 | 0x00000000 | 0x00000000
[SYS] SYM WR           | 0x00000012 | N/A        | 0x0000001a
[SYS] SYM RD           | 0x00000012 | N/A        | 0x0000001a
[SYS] CMD WR           | 0x00000007 | 0x00000006 | 0x00000005
[SYS] CMD RD           | 0x00000007 | 0x00000006 | 0x00000005
[SYS] ------------------------ Info ----------------------------
[SYS]                  | Downlink           | Uplink
[SYS] RF / fine Gain   |     17 /   -0.8    | 0x42
[SYS] PwrAvg(dBFs/dBm) | N/A                | N/A
[SYS] PwrMax(dBFS)     | N/A                | N/A
[SYS] Showtime 51 seconds

[SYS] ------------------------ Data Direction -------------------
[SYS]                  | Downlink           | Uplink
[SYS] CPlane Total     | 0x0000000000000000 | 0x0000000000000000
[SYS] CPlane OnTime    | 0x0000000000000000 | 0x0000000000000000
[SYS] CPlane Early     | 0x0000000000000000 | 0x0000000000000000
[SYS] CPlane Late      | 0x0000000000000000 | 0x0000000000000000
[SYS] CPlane Corrupt   | 0x0000000000000000 | 0x0000000000000000
[SYS] UPlane Total     | 0x0000000000000000 | 0x0000000000000000
[SYS] UPlane OnTime    | 0x0000000000000000 | N/A
[SYS] UPlane Ealry     | 0x0000000000000000 | N/A
[SYS] UPlane Late      | 0x0000000000000000 | N/A
[SYS] UPlane Corrupt   | 0x0000000000000000 | N/A
[SYS] Eth Pkt Good     | 0x00000719         | 0x000011e3
[SYS] Eth Pkt Drop     | 0x00000000         | 0x00000000
[SYS] AXIQ status      | 0x00000303         | 0x00010101
[SYS] ------------------------ Tasks ---------------------------
[SYS]                  | UP         | CP         | RT
[SYS] Error            | 0x00000000 | 0x00000000 | 0x00000000
[SYS] Heartbeats       | 0x014646b1 | N/A        | N/A
[SYS] Counts           | 0x00000000 | N/A        | 0x00000000
[SYS] Drops            | 0x00000000 | N/A        | 0x00000000
[SYS] ------------------------ VSPAs ---------------------------
[SYS]                  | 0          | 1          | 2
[SYS] Error            | 0x00000000 | 0x00000000 | 0x00000000
[SYS] SYM WR           | 0x00000012 | N/A        | 0x0000001a
[SYS] SYM RD           | 0x00000012 | N/A        | 0x0000001a
[SYS] CMD WR           | 0x00000007 | 0x00000006 | 0x00000005
[SYS] CMD RD           | 0x00000007 | 0x00000006 | 0x00000005
[SYS] ------------------------ Info ----------------------------
[SYS]                  | Downlink           | Uplink
[SYS] RF / fine Gain   |     17 /   -0.8    | 0x42
[SYS] PwrAvg(dBFs/dBm) | N/A                | N/A
[SYS] PwrMax(dBFS)     | N/A                | N/A
[SYS] Showtime 52 seconds

[SYS] ------------------------ Data Direction -------------------
[SYS]                  | Downlink           | Uplink
[SYS] CPlane Total     | 0x0000000000000000 | 0x0000000000000000
[SYS] CPlane OnTime    | 0x0000000000000000 | 0x0000000000000000
[SYS] CPlane Early     | 0x0000000000000000 | 0x0000000000000000
[SYS] CPlane Late      | 0x0000000000000000 | 0x0000000000000000
[SYS] CPlane Corrupt   | 0x0000000000000000 | 0x0000000000000000
[SYS] UPlane Total     | 0x0000000000000000 | 0x0000000000000000
[SYS] UPlane OnTime    | 0x0000000000000000 | N/A
[SYS] UPlane Ealry     | 0x0000000000000000 | N/A
[SYS] UPlane Late      | 0x0000000000000000 | N/A
[SYS] UPlane Corrupt   | 0x0000000000000000 | N/A
[SYS] Eth Pkt Good     | 0x0000071a         | 0x00001206
[SYS] Eth Pkt Drop     | 0x00000000         | 0x00000000
[SYS] AXIQ status      | 0x00000303         | 0x00010101
[SYS] ------------------------ Tasks ---------------------------
[SYS]                  | UP         | CP         | RT
[SYS] Error            | 0x00000000 | 0x00000000 | 0x00000000
[SYS] Heartbeats       | 0x014c81a5 | N/A        | N/A
[SYS] Counts           | 0x00000000 | N/A        | 0x00000000
[SYS] Drops            | 0x00000000 | N/A        | 0x00000000
[SYS] ------------------------ VSPAs ---------------------------
[SYS]                  | 0          | 1          | 2
[SYS] Error            | 0x00000000 | 0x00000000 | 0x00000000
[SYS] SYM WR           | 0x00000012 | N/A        | 0x0000001a
[SYS] SYM RD           | 0x00000012 | N/A        | 0x0000001a
[SYS] CMD WR           | 0x00000007 | 0x00000006 | 0x00000005
[SYS] CMD RD           | 0x00000007 | 0x00000006 | 0x00000005
[SYS] ------------------------ Info ----------------------------
[SYS]                  | Downlink           | Uplink
[SYS] RF / fine Gain   |     17 /   -0.8    | 0x42
[SYS] PwrAvg(dBFs/dBm) | N/A                | N/A
[SYS] PwrMax(dBFS)     | N/A                | N/A
[SYS] Showtime 53 seconds

[SYS] ------------------------ Data Direction -------------------
[SYS]                  | Downlink           | Uplink
[SYS] CPlane Total     | 0x0000000000000000 | 0x0000000000000000
[SYS] CPlane OnTime    | 0x0000000000000000 | 0x0000000000000000
[SYS] CPlane Early     | 0x0000000000000000 | 0x0000000000000000
[SYS] CPlane Late      | 0x0000000000000000 | 0x0000000000000000
[SYS] CPlane Corrupt   | 0x0000000000000000 | 0x0000000000000000
[SYS] UPlane Total     | 0x0000000000000000 | 0x0000000000000000
[SYS] UPlane OnTime    | 0x0000000000000000 | N/A
[SYS] UPlane Ealry     | 0x0000000000000000 | N/A
[SYS] UPlane Late      | 0x0000000000000000 | N/A
[SYS] UPlane Corrupt   | 0x0000000000000000 | N/A
[SYS] Eth Pkt Good     | 0x0000071c         | 0x0000122a
[SYS] Eth Pkt Drop     | 0x00000000         | 0x00000000
[SYS] AXIQ status      | 0x00000303         | 0x00010101
[SYS] ------------------------ Tasks ---------------------------
[SYS]                  | UP         | CP         | RT
[SYS] Error            | 0x00000000 | 0x00000000 | 0x00000000
[SYS] Heartbeats       | 0x0152bf66 | N/A        | N/A
[SYS] Counts           | 0x00000000 | N/A        | 0x00000000
[SYS] Drops            | 0x00000000 | N/A        | 0x00000000
[SYS] ------------------------ VSPAs ---------------------------
[SYS]                  | 0          | 1          | 2
[SYS] Error            | 0x00000000 | 0x00000000 | 0x00000000
[SYS] SYM WR           | 0x00000012 | N/A        | 0x0000001a
[SYS] SYM RD           | 0x00000012 | N/A        | 0x0000001a
[SYS] CMD WR           | 0x00000007 | 0x00000006 | 0x00000005
[SYS] CMD RD           | 0x00000007 | 0x00000006 | 0x00000005
[SYS] ------------------------ Info ----------------------------
[SYS]                  | Downlink           | Uplink
[SYS] RF / fine Gain   |     17 /   -0.8    | 0x42
[SYS] PwrAvg(dBFs/dBm) | N/A                | N/A
[SYS] PwrMax(dBFS)     | N/A                | N/A
[SYS] Showtime 54 seconds

[SYS] ------------------------ Data Direction -------------------
[SYS]                  | Downlink           | Uplink
[SYS] CPlane Total     | 0x0000000000000000 | 0x0000000000000000
[SYS] CPlane OnTime    | 0x0000000000000000 | 0x0000000000000000
[SYS] CPlane Early     | 0x0000000000000000 | 0x0000000000000000
[SYS] CPlane Late      | 0x0000000000000000 | 0x0000000000000000
[SYS] CPlane Corrupt   | 0x0000000000000000 | 0x0000000000000000
[SYS] UPlane Total     | 0x0000000000000000 | 0x0000000000000000
[SYS] UPlane OnTime    | 0x0000000000000000 | N/A
[SYS] UPlane Ealry     | 0x0000000000000000 | N/A
[SYS] UPlane Late      | 0x0000000000000000 | N/A
[SYS] UPlane Corrupt   | 0x0000000000000000 | N/A
[SYS] Eth Pkt Good     | 0x0000071d         | 0x0000124d
[SYS] Eth Pkt Drop     | 0x00000000         | 0x00000000
[SYS] AXIQ status      | 0x00000303         | 0x00010101
[SYS] ------------------------ Tasks ---------------------------
[SYS]                  | UP         | CP         | RT
[SYS] Error            | 0x00000000 | 0x00000000 | 0x00000000
[SYS] Heartbeats       | 0x0158fa50 | N/A        | N/A
[SYS] Counts           | 0x00000000 | N/A        | 0x00000000
[SYS] Drops            | 0x00000000 | N/A        | 0x00000000
[SYS] ------------------------ VSPAs ---------------------------
[SYS]                  | 0          | 1          | 2
[SYS] Error            | 0x00000000 | 0x00000000 | 0x00000000
[SYS] SYM WR           | 0x00000012 | N/A        | 0x0000001a
[SYS] SYM RD           | 0x00000012 | N/A        | 0x0000001a
[SYS] CMD WR           | 0x00000007 | 0x00000006 | 0x00000005
[SYS] CMD RD           | 0x00000007 | 0x00000006 | 0x00000005
[SYS] ------------------------ Info ----------------------------
[SYS]                  | Downlink           | Uplink
[SYS] RF / fine Gain   |     17 /   -0.8    | 0x42
[SYS] PwrAvg(dBFs/dBm) | N/A                | N/A
[SYS] PwrMax(dBFS)     | N/A                | N/A
[SYS] Showtime 55 seconds

[SYS] ------------------------ Data Direction -------------------
[SYS]                  | Downlink           | Uplink
[SYS] CPlane Total     | 0x0000000000000000 | 0x0000000000000000
[SYS] CPlane OnTime    | 0x0000000000000000 | 0x0000000000000000
[SYS] CPlane Early     | 0x0000000000000000 | 0x0000000000000000
[SYS] CPlane Late      | 0x0000000000000000 | 0x0000000000000000
[SYS] CPlane Corrupt   | 0x0000000000000000 | 0x0000000000000000
[SYS] UPlane Total     | 0x0000000000000000 | 0x0000000000000000
[SYS] UPlane OnTime    | 0x0000000000000000 | N/A
[SYS] UPlane Ealry     | 0x0000000000000000 | N/A
[SYS] UPlane Late      | 0x0000000000000000 | N/A
[SYS] UPlane Corrupt   | 0x0000000000000000 | N/A
[SYS] Eth Pkt Good     | 0x0000071e         | 0x00001271
[SYS] Eth Pkt Drop     | 0x00000000         | 0x00000000
[SYS] AXIQ status      | 0x00000303         | 0x00010101
[SYS] ------------------------ Tasks ---------------------------
[SYS]                  | UP         | CP         | RT
[SYS] Error            | 0x00000000 | 0x00000000 | 0x00000000
[SYS] Heartbeats       | 0x015f3525 | N/A        | N/A
[SYS] Counts           | 0x00000000 | N/A        | 0x00000000
[SYS] Drops            | 0x00000000 | N/A        | 0x00000000
[SYS] ------------------------ VSPAs ---------------------------
[SYS]                  | 0          | 1          | 2
[SYS] Error            | 0x00000000 | 0x00000000 | 0x00000000
[SYS] SYM WR           | 0x00000012 | N/A        | 0x0000001a
[SYS] SYM RD           | 0x00000012 | N/A        | 0x0000001a
[SYS] CMD WR           | 0x00000007 | 0x00000006 | 0x00000005
[SYS] CMD RD           | 0x00000007 | 0x00000006 | 0x00000005
[SYS] ------------------------ Info ----------------------------
[SYS]                  | Downlink           | Uplink
[SYS] RF / fine Gain   |     17 /   -0.8    | 0x42
[SYS] PwrAvg(dBFs/dBm) | N/A                | N/A
[SYS] PwrMax(dBFS)     | N/A                | N/A
[SYS] Showtime 56 seconds

[SYS] ------------------------ Data Direction -------------------
[SYS]                  | Downlink           | Uplink
[SYS] CPlane Total     | 0x0000000000000000 | 0x0000000000000000
[SYS] CPlane OnTime    | 0x0000000000000000 | 0x0000000000000000
[SYS] CPlane Early     | 0x0000000000000000 | 0x0000000000000000
[SYS] CPlane Late      | 0x0000000000000000 | 0x0000000000000000
[SYS] CPlane Corrupt   | 0x0000000000000000 | 0x0000000000000000
[SYS] UPlane Total     | 0x0000000000000000 | 0x0000000000000000
[SYS] UPlane OnTime    | 0x0000000000000000 | N/A
[SYS] UPlane Ealry     | 0x0000000000000000 | N/A
[SYS] UPlane Late      | 0x0000000000000000 | N/A
[SYS] UPlane Corrupt   | 0x0000000000000000 | N/A
[SYS] Eth Pkt Good     | 0x00000720         | 0x00001294
[SYS] Eth Pkt Drop     | 0x00000000         | 0x00000000
[SYS] AXIQ status      | 0x00000303         | 0x00010101
[SYS] ------------------------ Tasks ---------------------------
[SYS]                  | UP         | CP         | RT
[SYS] Error            | 0x00000000 | 0x00000000 | 0x00000000
[SYS] Heartbeats       | 0x01657e27 | N/A        | N/A
[SYS] Counts           | 0x00000000 | N/A        | 0x00000000
[SYS] Drops            | 0x00000000 | N/A        | 0x00000000
[SYS] ------------------------ VSPAs ---------------------------
[SYS]                  | 0          | 1          | 2
[SYS] Error            | 0x00000000 | 0x00000000 | 0x00000000
[SYS] SYM WR           | 0x00000012 | N/A        | 0x0000001a
[SYS] SYM RD           | 0x00000012 | N/A        | 0x0000001a
[SYS] CMD WR           | 0x00000007 | 0x00000006 | 0x00000005
[SYS] CMD RD           | 0x00000007 | 0x00000006 | 0x00000005
[SYS] ------------------------ Info ----------------------------
[SYS]                  | Downlink           | Uplink
[SYS] RF / fine Gain   |     17 /   -0.8    | 0x42
[SYS] PwrAvg(dBFs/dBm) | N/A                | N/A
[SYS] PwrMax(dBFS)     | N/A                | N/A
[SYS] Showtime 57 seconds

[SYS] ------------------------ Data Direction -------------------
[SYS]                  | Downlink           | Uplink
[SYS] CPlane Total     | 0x0000000000000000 | 0x0000000000000000
[SYS] CPlane OnTime    | 0x0000000000000000 | 0x0000000000000000
[SYS] CPlane Early     | 0x0000000000000000 | 0x0000000000000000
[SYS] CPlane Late      | 0x0000000000000000 | 0x0000000000000000
[SYS] CPlane Corrupt   | 0x0000000000000000 | 0x0000000000000000
[SYS] UPlane Total     | 0x0000000000000000 | 0x0000000000000000
[SYS] UPlane OnTime    | 0x0000000000000000 | N/A
[SYS] UPlane Ealry     | 0x0000000000000000 | N/A
[SYS] UPlane Late      | 0x0000000000000000 | N/A
[SYS] UPlane Corrupt   | 0x0000000000000000 | N/A
[SYS] Eth Pkt Good     | 0x00000721         | 0x000012b7
[SYS] Eth Pkt Drop     | 0x00000000         | 0x00000000
[SYS] AXIQ status      | 0x00000303         | 0x00010101
[SYS] ------------------------ Tasks ---------------------------
[SYS]                  | UP         | CP         | RT
[SYS] Error            | 0x00000000 | 0x00000000 | 0x00000000
[SYS] Heartbeats       | 0x016bb8ff | N/A        | N/A
[SYS] Counts           | 0x00000000 | N/A        | 0x00000000
[SYS] Drops            | 0x00000000 | N/A        | 0x00000000
[SYS] ------------------------ VSPAs ---------------------------
[SYS]                  | 0          | 1          | 2
[SYS] Error            | 0x00000000 | 0x00000000 | 0x00000000
[SYS] SYM WR           | 0x00000012 | N/A        | 0x0000001a
[SYS] SYM RD           | 0x00000012 | N/A        | 0x0000001a
[SYS] CMD WR           | 0x00000007 | 0x00000006 | 0x00000005
[SYS] CMD RD           | 0x00000007 | 0x00000006 | 0x00000005
[SYS] ------------------------ Info ----------------------------
[SYS]                  | Downlink           | Uplink
[SYS] RF / fine Gain   |     17 /   -0.8    | 0x42
[SYS] PwrAvg(dBFs/dBm) | N/A                | N/A
[SYS] PwrMax(dBFS)     | N/A                | N/A
[SYS] Showtime 58 seconds

[SYS] ------------------------ Data Direction -------------------
[SYS]                  | Downlink           | Uplink
[SYS] CPlane Total     | 0x0000000000000000 | 0x0000000000000000
[SYS] CPlane OnTime    | 0x0000000000000000 | 0x0000000000000000
[SYS] CPlane Early     | 0x0000000000000000 | 0x0000000000000000
[SYS] CPlane Late      | 0x0000000000000000 | 0x0000000000000000
[SYS] CPlane Corrupt   | 0x0000000000000000 | 0x0000000000000000
[SYS] UPlane Total     | 0x0000000000000000 | 0x0000000000000000
[SYS] UPlane OnTime    | 0x0000000000000000 | N/A
[SYS] UPlane Ealry     | 0x0000000000000000 | N/A
[SYS] UPlane Late      | 0x0000000000000000 | N/A
[SYS] UPlane Corrupt   | 0x0000000000000000 | N/A
[SYS] Eth Pkt Good     | 0x00000723         | 0x000012db
[SYS] Eth Pkt Drop     | 0x00000000         | 0x00000000
[SYS] AXIQ status      | 0x00000303         | 0x00010101
[SYS] ------------------------ Tasks ---------------------------
[SYS]                  | UP         | CP         | RT
[SYS] Error            | 0x00000000 | 0x00000000 | 0x00000000
[SYS] Heartbeats       | 0x0171f3da | N/A        | N/A
[SYS] Counts           | 0x00000000 | N/A        | 0x00000000
[SYS] Drops            | 0x00000000 | N/A        | 0x00000000
[SYS] ------------------------ VSPAs ---------------------------
[SYS]                  | 0          | 1          | 2
[SYS] Error            | 0x00000000 | 0x00000000 | 0x00000000
[SYS] SYM WR           | 0x00000012 | N/A        | 0x0000001a
[SYS] SYM RD           | 0x00000012 | N/A        | 0x0000001a
[SYS] CMD WR           | 0x00000007 | 0x00000006 | 0x00000005
[SYS] CMD RD           | 0x00000007 | 0x00000006 | 0x00000005
[SYS] ------------------------ Info ----------------------------
[SYS]                  | Downlink           | Uplink
[SYS] RF / fine Gain   |     17 /   -0.8    | 0x42
[SYS] PwrAvg(dBFs/dBm) | N/A                | N/A
[SYS] PwrMax(dBFS)     | N/A                | N/A
[SYS] Showtime 59 seconds

[SYS] ------------------------ Data Direction -------------------
[SYS]                  | Downlink           | Uplink
[SYS] CPlane Total     | 0x0000000000000000 | 0x0000000000000000
[SYS] CPlane OnTime    | 0x0000000000000000 | 0x0000000000000000
[SYS] CPlane Early     | 0x0000000000000000 | 0x0000000000000000
[SYS] CPlane Late      | 0x0000000000000000 | 0x0000000000000000
[SYS] CPlane Corrupt   | 0x0000000000000000 | 0x0000000000000000
[SYS] UPlane Total     | 0x0000000000000000 | 0x0000000000000000
[SYS] UPlane OnTime    | 0x0000000000000000 | N/A
[SYS] UPlane Ealry     | 0x0000000000000000 | N/A
[SYS] UPlane Late      | 0x0000000000000000 | N/A
[SYS] UPlane Corrupt   | 0x0000000000000000 | N/A
[SYS] Eth Pkt Good     | 0x00000724         | 0x000012fe
[SYS] Eth Pkt Drop     | 0x00000000         | 0x00000000
[SYS] AXIQ status      | 0x00000303         | 0x00010101
[SYS] ------------------------ Tasks ---------------------------
[SYS]                  | UP         | CP         | RT
[SYS] Error            | 0x00000000 | 0x00000000 | 0x00000000
[SYS] Heartbeats       | 0x01782ed3 | N/A        | N/A
[SYS] Counts           | 0x00000000 | N/A        | 0x00000000
[SYS] Drops            | 0x00000000 | N/A        | 0x00000000
[SYS] ------------------------ VSPAs ---------------------------
[SYS]                  | 0          | 1          | 2
[SYS] Error            | 0x00000000 | 0x00000000 | 0x00000000
[SYS] SYM WR           | 0x00000012 | N/A        | 0x0000001a
[SYS] SYM RD           | 0x00000012 | N/A        | 0x0000001a
[SYS] CMD WR           | 0x00000007 | 0x00000006 | 0x00000005
[SYS] CMD RD           | 0x00000007 | 0x00000006 | 0x00000005
[SYS] ------------------------ Info ----------------------------
[SYS]                  | Downlink           | Uplink
[SYS] RF / fine Gain   |     17 /   -0.8    | 0x42
[SYS] PwrAvg(dBFs/dBm) | N/A                | N/A
[SYS] PwrMax(dBFS)     | N/A                | N/A
[SYS] Showtime 60 seconds

[SYS] ------------------------ Data Direction -------------------
[SYS]                  | Downlink           | Uplink
[SYS] CPlane Total     | 0x0000000000000000 | 0x0000000000000000
[SYS] CPlane OnTime    | 0x0000000000000000 | 0x0000000000000000
[SYS] CPlane Early     | 0x0000000000000000 | 0x0000000000000000
[SYS] CPlane Late      | 0x0000000000000000 | 0x0000000000000000
[SYS] CPlane Corrupt   | 0x0000000000000000 | 0x0000000000000000
[SYS] UPlane Total     | 0x0000000000000000 | 0x0000000000000000
[SYS] UPlane OnTime    | 0x0000000000000000 | N/A
[SYS] UPlane Ealry     | 0x0000000000000000 | N/A
[SYS] UPlane Late      | 0x0000000000000000 | N/A
[SYS] UPlane Corrupt   | 0x0000000000000000 | N/A
[SYS] Eth Pkt Good     | 0x00000726         | 0x00001322
[SYS] Eth Pkt Drop     | 0x00000000         | 0x00000000
[SYS] AXIQ status      | 0x00000303         | 0x00010101
[SYS] ------------------------ Tasks ---------------------------
[SYS]                  | UP         | CP         | RT
[SYS] Error            | 0x00000000 | 0x00000000 | 0x00000000
[SYS] Heartbeats       | 0x017e6c8c | N/A        | N/A
[SYS] Counts           | 0x00000000 | N/A        | 0x00000000
[SYS] Drops            | 0x00000000 | N/A        | 0x00000000
[SYS] ------------------------ VSPAs ---------------------------
[SYS]                  | 0          | 1          | 2
[SYS] Error            | 0x00000000 | 0x00000000 | 0x00000000
[SYS] SYM WR           | 0x00000012 | N/A        | 0x0000001a
[SYS] SYM RD           | 0x00000012 | N/A        | 0x0000001a
[SYS] CMD WR           | 0x00000007 | 0x00000006 | 0x00000005
[SYS] CMD RD           | 0x00000007 | 0x00000006 | 0x00000005
[SYS] ------------------------ Info ----------------------------
[SYS]                  | Downlink           | Uplink
[SYS] RF / fine Gain   |     17 /   -0.8    | 0x42
[SYS] PwrAvg(dBFs/dBm) | N/A                | N/A
[SYS] PwrMax(dBFS)     | N/A                | N/A
[SYS] Showtime 61 seconds

[SYS] ------------------------ Data Direction -------------------
[SYS]                  | Downlink           | Uplink
[SYS] CPlane Total     | 0x0000000000000000 | 0x0000000000000000
[SYS] CPlane OnTime    | 0x0000000000000000 | 0x0000000000000000
[SYS] CPlane Early     | 0x0000000000000000 | 0x0000000000000000
[SYS] CPlane Late      | 0x0000000000000000 | 0x0000000000000000
[SYS] CPlane Corrupt   | 0x0000000000000000 | 0x0000000000000000
[SYS] UPlane Total     | 0x0000000000000000 | 0x0000000000000000
[SYS] UPlane OnTime    | 0x0000000000000000 | N/A
[SYS] UPlane Ealry     | 0x0000000000000000 | N/A
[SYS] UPlane Late      | 0x0000000000000000 | N/A
[SYS] UPlane Corrupt   | 0x0000000000000000 | N/A
[SYS] Eth Pkt Good     | 0x00000745         | 0x00001363
[SYS] Eth Pkt Drop     | 0x00000000         | 0x00000000
[SYS] AXIQ status      | 0x00000303         | 0x00010101
[SYS] ------------------------ Tasks ---------------------------
[SYS]                  | UP         | CP         | RT
[SYS] Error            | 0x00000000 | 0x00000000 | 0x00000000
[SYS] Heartbeats       | 0x0184a764 | N/A        | N/A
[SYS] Counts           | 0x00000000 | N/A        | 0x00000000
[SYS] Drops            | 0x00000000 | N/A        | 0x00000000
[SYS] ------------------------ VSPAs ---------------------------
[SYS]                  | 0          | 1          | 2
[SYS] Error            | 0x00000000 | 0x00000000 | 0x00000000
[SYS] SYM WR           | 0x00000012 | N/A        | 0x0000001a
[SYS] SYM RD           | 0x00000012 | N/A        | 0x0000001a
[SYS] CMD WR           | 0x00000007 | 0x00000006 | 0x00000005
[SYS] CMD RD           | 0x00000007 | 0x00000006 | 0x00000005
[SYS] ------------------------ Info ----------------------------
[SYS]                  | Downlink           | Uplink
[SYS] RF / fine Gain   |     17 /   -0.8    | 0x42
[SYS] PwrAvg(dBFs/dBm) | N/A                | N/A
[SYS] PwrMax(dBFS)     | N/A                | N/A
[SYS] Showtime 62 seconds

[SYS] ------------------------ Data Direction -------------------
[SYS]                  | Downlink           | Uplink
[SYS] CPlane Total     | 0x0000000000000000 | 0x0000000000000000
[SYS] CPlane OnTime    | 0x0000000000000000 | 0x0000000000000000
[SYS] CPlane Early     | 0x0000000000000000 | 0x0000000000000000
[SYS] CPlane Late      | 0x0000000000000000 | 0x0000000000000000
[SYS] CPlane Corrupt   | 0x0000000000000000 | 0x0000000000000000
[SYS] UPlane Total     | 0x0000000000000000 | 0x0000000000000000
[SYS] UPlane OnTime    | 0x0000000000000000 | N/A
[SYS] UPlane Ealry     | 0x0000000000000000 | N/A
[SYS] UPlane Late      | 0x0000000000000000 | N/A
[SYS] UPlane Corrupt   | 0x0000000000000000 | N/A
[SYS] Eth Pkt Good     | 0x00000746         | 0x00001387
[SYS] Eth Pkt Drop     | 0x00000000         | 0x00000000
[SYS] AXIQ status      | 0x00000303         | 0x00010101
[SYS] ------------------------ Tasks ---------------------------
[SYS]                  | UP         | CP         | RT
[SYS] Error            | 0x00000000 | 0x00000000 | 0x00000000
[SYS] Heartbeats       | 0x018ae23f | N/A        | N/A
[SYS] Counts           | 0x00000000 | N/A        | 0x00000000
[SYS] Drops            | 0x00000000 | N/A        | 0x00000000
[SYS] ------------------------ VSPAs ---------------------------
[SYS]                  | 0          | 1          | 2
[SYS] Error            | 0x00000000 | 0x00000000 | 0x00000000
[SYS] SYM WR           | 0x00000012 | N/A        | 0x0000001a
[SYS] SYM RD           | 0x00000012 | N/A        | 0x0000001a
[SYS] CMD WR           | 0x00000007 | 0x00000006 | 0x00000005
[SYS] CMD RD           | 0x00000007 | 0x00000006 | 0x00000005
[SYS] ------------------------ Info ----------------------------
[SYS]                  | Downlink           | Uplink
[SYS] RF / fine Gain   |     17 /   -0.8    | 0x42
[SYS] PwrAvg(dBFs/dBm) | N/A                | N/A
[SYS] PwrMax(dBFS)     | N/A                | N/A
[SYS] Showtime 63 seconds

[SYS] ------------------------ Data Direction -------------------
[SYS]                  | Downlink           | Uplink
[SYS] CPlane Total     | 0x0000000000000000 | 0x0000000000000000
[SYS] CPlane OnTime    | 0x0000000000000000 | 0x0000000000000000
[SYS] CPlane Early     | 0x0000000000000000 | 0x0000000000000000
[SYS] CPlane Late      | 0x0000000000000000 | 0x0000000000000000
[SYS] CPlane Corrupt   | 0x0000000000000000 | 0x0000000000000000
[SYS] UPlane Total     | 0x0000000000000000 | 0x0000000000000000
[SYS] UPlane OnTime    | 0x0000000000000000 | N/A
[SYS] UPlane Ealry     | 0x0000000000000000 | N/A
[SYS] UPlane Late      | 0x0000000000000000 | N/A
[SYS] UPlane Corrupt   | 0x0000000000000000 | N/A
[SYS] Eth Pkt Good     | 0x00000748         | 0x000013aa
[SYS] Eth Pkt Drop     | 0x00000000         | 0x00000000
[SYS] AXIQ status      | 0x00000303         | 0x00010101
[SYS] ------------------------ Tasks ---------------------------
[SYS]                  | UP         | CP         | RT
[SYS] Error            | 0x00000000 | 0x00000000 | 0x00000000
[SYS] Heartbeats       | 0x0191201f | N/A        | N/A
[SYS] Counts           | 0x00000000 | N/A        | 0x00000000
[SYS] Drops            | 0x00000000 | N/A        | 0x00000000
[SYS] ------------------------ VSPAs ---------------------------
[SYS]                  | 0          | 1          | 2
[SYS] Error            | 0x00000000 | 0x00000000 | 0x00000000
[SYS] SYM WR           | 0x00000012 | N/A        | 0x0000001a
[SYS] SYM RD           | 0x00000012 | N/A        | 0x0000001a
[SYS] CMD WR           | 0x00000007 | 0x00000006 | 0x00000005
[SYS] CMD RD           | 0x00000007 | 0x00000006 | 0x00000005
[SYS] ------------------------ Info ----------------------------
[SYS]                  | Downlink           | Uplink
[SYS] RF / fine Gain   |     17 /   -0.8    | 0x42
[SYS] PwrAvg(dBFs/dBm) | N/A                | N/A
[SYS] PwrMax(dBFS)     | N/A                | N/A
[SYS] Showtime 64 seconds

[SYS] ------------------------ Data Direction -------------------
[SYS]                  | Downlink           | Uplink
[SYS] CPlane Total     | 0x0000000000000000 | 0x0000000000000000
[SYS] CPlane OnTime    | 0x0000000000000000 | 0x0000000000000000
[SYS] CPlane Early     | 0x0000000000000000 | 0x0000000000000000
[SYS] CPlane Late      | 0x0000000000000000 | 0x0000000000000000
[SYS] CPlane Corrupt   | 0x0000000000000000 | 0x0000000000000000
[SYS] UPlane Total     | 0x0000000000000000 | 0x0000000000000000
[SYS] UPlane OnTime    | 0x0000000000000000 | N/A
[SYS] UPlane Ealry     | 0x0000000000000000 | N/A
[SYS] UPlane Late      | 0x0000000000000000 | N/A
[SYS] UPlane Corrupt   | 0x0000000000000000 | N/A
[SYS] Eth Pkt Good     | 0x00000749         | 0x000013cd
[SYS] Eth Pkt Drop     | 0x00000000         | 0x00000000
[SYS] AXIQ status      | 0x00000303         | 0x00010101
[SYS] ------------------------ Tasks ---------------------------
[SYS]                  | UP         | CP         | RT
[SYS] Error            | 0x00000000 | 0x00000000 | 0x00000000
[SYS] Heartbeats       | 0x01975afd | N/A        | N/A
[SYS] Counts           | 0x00000000 | N/A        | 0x00000000
[SYS] Drops            | 0x00000000 | N/A        | 0x00000000
[SYS] ------------------------ VSPAs ---------------------------
[SYS]                  | 0          | 1          | 2
[SYS] Error            | 0x00000000 | 0x00000000 | 0x00000000
[SYS] SYM WR           | 0x00000012 | N/A        | 0x0000001a
[SYS] SYM RD           | 0x00000012 | N/A        | 0x0000001a
[SYS] CMD WR           | 0x00000007 | 0x00000006 | 0x00000005
[SYS] CMD RD           | 0x00000007 | 0x00000006 | 0x00000005
[SYS] ------------------------ Info ----------------------------
[SYS]                  | Downlink           | Uplink
[SYS] RF / fine Gain   |     17 /   -0.8    | 0x42
[SYS] PwrAvg(dBFs/dBm) | N/A                | N/A
[SYS] PwrMax(dBFS)     | N/A                | N/A
[SYS] Showtime 65 seconds

[SYS] ------------------------ Data Direction -------------------
[SYS]                  | Downlink           | Uplink
[SYS] CPlane Total     | 0x0000000000000000 | 0x0000000000000000
[SYS] CPlane OnTime    | 0x0000000000000000 | 0x0000000000000000
[SYS] CPlane Early     | 0x0000000000000000 | 0x0000000000000000
[SYS] CPlane Late      | 0x0000000000000000 | 0x0000000000000000
[SYS] CPlane Corrupt   | 0x0000000000000000 | 0x0000000000000000
[SYS] UPlane Total     | 0x0000000000000000 | 0x0000000000000000
[SYS] UPlane OnTime    | 0x0000000000000000 | N/A
[SYS] UPlane Ealry     | 0x0000000000000000 | N/A
[SYS] UPlane Late      | 0x0000000000000000 | N/A
[SYS] UPlane Corrupt   | 0x0000000000000000 | N/A
[SYS] Eth Pkt Good     | 0x0000074b         | 0x000013f1
[SYS] Eth Pkt Drop     | 0x00000000         | 0x00000000
[SYS] AXIQ status      | 0x00000303         | 0x00010101
[SYS] ------------------------ Tasks ---------------------------
[SYS]                  | UP         | CP         | RT
[SYS] Error            | 0x00000000 | 0x00000000 | 0x00000000
[SYS] Heartbeats       | 0x019d95e0 | N/A        | N/A
[SYS] Counts           | 0x00000000 | N/A        | 0x00000000
[SYS] Drops            | 0x00000000 | N/A        | 0x00000000
[SYS] ------------------------ VSPAs ---------------------------
[SYS]                  | 0          | 1          | 2
[SYS] Error            | 0x00000000 | 0x00000000 | 0x00000000
[SYS] SYM WR           | 0x00000012 | N/A        | 0x0000001a
[SYS] SYM RD           | 0x00000012 | N/A        | 0x0000001a
[SYS] CMD WR           | 0x00000007 | 0x00000006 | 0x00000005
[SYS] CMD RD           | 0x00000007 | 0x00000006 | 0x00000005
[SYS] ------------------------ Info ----------------------------
[SYS]                  | Downlink           | Uplink
[SYS] RF / fine Gain   |     17 /   -0.8    | 0x42
[SYS] PwrAvg(dBFs/dBm) | N/A                | N/A
[SYS] PwrMax(dBFS)     | N/A                | N/A
[SYS] Showtime 66 seconds

[SYS] ------------------------ Data Direction -------------------
[SYS]                  | Downlink           | Uplink
[SYS] CPlane Total     | 0x0000000000000000 | 0x0000000000000000
[SYS] CPlane OnTime    | 0x0000000000000000 | 0x0000000000000000
[SYS] CPlane Early     | 0x0000000000000000 | 0x0000000000000000
[SYS] CPlane Late      | 0x0000000000000000 | 0x0000000000000000
[SYS] CPlane Corrupt   | 0x0000000000000000 | 0x0000000000000000
[SYS] UPlane Total     | 0x0000000000000000 | 0x0000000000000000
[SYS] UPlane OnTime    | 0x0000000000000000 | N/A
[SYS] UPlane Ealry     | 0x0000000000000000 | N/A
[SYS] UPlane Late      | 0x0000000000000000 | N/A
[SYS] UPlane Corrupt   | 0x0000000000000000 | N/A
[SYS] Eth Pkt Good     | 0x0000074c         | 0x00001414
[SYS] Eth Pkt Drop     | 0x00000000         | 0x00000000
[SYS] AXIQ status      | 0x00000303         | 0x00010101
[SYS] ------------------------ Tasks ---------------------------
[SYS]                  | UP         | CP         | RT
[SYS] Error            | 0x00000000 | 0x00000000 | 0x00000000
[SYS] Heartbeats       | 0x01a3d0ca | N/A        | N/A
[SYS] Counts           | 0x00000000 | N/A        | 0x00000000
[SYS] Drops            | 0x00000000 | N/A        | 0x00000000
[SYS] ------------------------ VSPAs ---------------------------
[SYS]                  | 0          | 1          | 2
[SYS] Error            | 0x00000000 | 0x00000000 | 0x00000000
[SYS] SYM WR           | 0x00000012 | N/A        | 0x0000001a
[SYS] SYM RD           | 0x00000012 | N/A        | 0x0000001a
[SYS] CMD WR           | 0x00000007 | 0x00000006 | 0x00000005
[SYS] CMD RD           | 0x00000007 | 0x00000006 | 0x00000005
[SYS] ------------------------ Info ----------------------------
[SYS]                  | Downlink           | Uplink
[SYS] RF / fine Gain   |     17 /   -0.8    | 0x42
[SYS] PwrAvg(dBFs/dBm) | N/A                | N/A
[SYS] PwrMax(dBFS)     | N/A                | N/A
[SYS] Showtime 67 seconds

[SYS] ------------------------ Data Direction -------------------
[SYS]                  | Downlink           | Uplink
[SYS] CPlane Total     | 0x0000000000000000 | 0x0000000000000000
[SYS] CPlane OnTime    | 0x0000000000000000 | 0x0000000000000000
[SYS] CPlane Early     | 0x0000000000000000 | 0x0000000000000000
[SYS] CPlane Late      | 0x0000000000000000 | 0x0000000000000000
[SYS] CPlane Corrupt   | 0x0000000000000000 | 0x0000000000000000
[SYS] UPlane Total     | 0x0000000000000000 | 0x0000000000000000
[SYS] UPlane OnTime    | 0x0000000000000000 | N/A
[SYS] UPlane Ealry     | 0x0000000000000000 | N/A
[SYS] UPlane Late      | 0x0000000000000000 | N/A
[SYS] UPlane Corrupt   | 0x0000000000000000 | N/A
[SYS] Eth Pkt Good     | 0x0000074e         | 0x00001438
[SYS] Eth Pkt Drop     | 0x00000000         | 0x00000000
[SYS] AXIQ status      | 0x00000303         | 0x00010101
[SYS] ------------------------ Tasks ---------------------------
[SYS]                  | UP         | CP         | RT
[SYS] Error            | 0x00000000 | 0x00000000 | 0x00000000
[SYS] Heartbeats       | 0x01aa0e8e | N/A        | N/A
[SYS] Counts           | 0x00000000 | N/A        | 0x00000000
[SYS] Drops            | 0x00000000 | N/A        | 0x00000000
[SYS] ------------------------ VSPAs ---------------------------
[SYS]                  | 0          | 1          | 2
[SYS] Error            | 0x00000000 | 0x00000000 | 0x00000000
[SYS] SYM WR           | 0x00000012 | N/A        | 0x0000001a
[SYS] SYM RD           | 0x00000012 | N/A        | 0x0000001a
[SYS] CMD WR           | 0x00000007 | 0x00000006 | 0x00000005
[SYS] CMD RD           | 0x00000007 | 0x00000006 | 0x00000005
[SYS] ------------------------ Info ----------------------------
[SYS]                  | Downlink           | Uplink
[SYS] RF / fine Gain   |     17 /   -0.8    | 0x42
[SYS] PwrAvg(dBFs/dBm) | N/A                | N/A
[SYS] PwrMax(dBFS)     | N/A                | N/A
[SYS] Showtime 68 seconds

[SYS] ------------------------ Data Direction -------------------
[SYS]                  | Downlink           | Uplink
[SYS] CPlane Total     | 0x0000000000000000 | 0x0000000000000000
[SYS] CPlane OnTime    | 0x0000000000000000 | 0x0000000000000000
[SYS] CPlane Early     | 0x0000000000000000 | 0x0000000000000000
[SYS] CPlane Late      | 0x0000000000000000 | 0x0000000000000000
[SYS] CPlane Corrupt   | 0x0000000000000000 | 0x0000000000000000
[SYS] UPlane Total     | 0x0000000000000000 | 0x0000000000000000
[SYS] UPlane OnTime    | 0x0000000000000000 | N/A
[SYS] UPlane Ealry     | 0x0000000000000000 | N/A
[SYS] UPlane Late      | 0x0000000000000000 | N/A
[SYS] UPlane Corrupt   | 0x0000000000000000 | N/A
[SYS] Eth Pkt Good     | 0x0000074f         | 0x0000145b
[SYS] Eth Pkt Drop     | 0x00000000         | 0x00000000
[SYS] AXIQ status      | 0x00000303         | 0x00010101
[SYS] ------------------------ Tasks ---------------------------
[SYS]                  | UP         | CP         | RT
[SYS] Error            | 0x00000000 | 0x00000000 | 0x00000000
[SYS] Heartbeats       | 0x01b04978 | N/A        | N/A
[SYS] Counts           | 0x00000000 | N/A        | 0x00000000
[SYS] Drops            | 0x00000000 | N/A        | 0x00000000
[SYS] ------------------------ VSPAs ---------------------------
[SYS]                  | 0          | 1          | 2
[SYS] Error            | 0x00000000 | 0x00000000 | 0x00000000
[SYS] SYM WR           | 0x00000012 | N/A        | 0x0000001a
[SYS] SYM RD           | 0x00000012 | N/A        | 0x0000001a
[SYS] CMD WR           | 0x00000007 | 0x00000006 | 0x00000005
[SYS] CMD RD           | 0x00000007 | 0x00000006 | 0x00000005
[SYS] ------------------------ Info ----------------------------
[SYS]                  | Downlink           | Uplink
[SYS] RF / fine Gain   |     17 /   -0.8    | 0x42
[SYS] PwrAvg(dBFs/dBm) | N/A                | N/A
[SYS] PwrMax(dBFS)     | N/A                | N/A
[SYS] Showtime 69 seconds

[SYS] ------------------------ Data Direction -------------------
[SYS]                  | Downlink           | Uplink
[SYS] CPlane Total     | 0x0000000000000000 | 0x0000000000000000
[SYS] CPlane OnTime    | 0x0000000000000000 | 0x0000000000000000
[SYS] CPlane Early     | 0x0000000000000000 | 0x0000000000000000
[SYS] CPlane Late      | 0x0000000000000000 | 0x0000000000000000
[SYS] CPlane Corrupt   | 0x0000000000000000 | 0x0000000000000000
[SYS] UPlane Total     | 0x0000000000000000 | 0x0000000000000000
[SYS] UPlane OnTime    | 0x0000000000000000 | N/A
[SYS] UPlane Ealry     | 0x0000000000000000 | N/A
[SYS] UPlane Late      | 0x0000000000000000 | N/A
[SYS] UPlane Corrupt   | 0x0000000000000000 | N/A
[SYS] Eth Pkt Good     | 0x00000750         | 0x0000147f
[SYS] Eth Pkt Drop     | 0x00000000         | 0x00000000
[SYS] AXIQ status      | 0x00000303         | 0x00010101
[SYS] ------------------------ Tasks ---------------------------
[SYS]                  | UP         | CP         | RT
[SYS] Error            | 0x00000000 | 0x00000000 | 0x00000000
[SYS] Heartbeats       | 0x01b6844e | N/A        | N/A
[SYS] Counts           | 0x00000000 | N/A        | 0x00000000
[SYS] Drops            | 0x00000000 | N/A        | 0x00000000
[SYS] ------------------------ VSPAs ---------------------------
[SYS]                  | 0          | 1          | 2
[SYS] Error            | 0x00000000 | 0x00000000 | 0x00000000
[SYS] SYM WR           | 0x00000012 | N/A        | 0x0000001a
[SYS] SYM RD           | 0x00000012 | N/A        | 0x0000001a
[SYS] CMD WR           | 0x00000007 | 0x00000006 | 0x00000005
[SYS] CMD RD           | 0x00000007 | 0x00000006 | 0x00000005
[SYS] ------------------------ Info ----------------------------
[SYS]                  | Downlink           | Uplink
[SYS] RF / fine Gain   |     17 /   -0.8    | 0x42
[SYS] PwrAvg(dBFs/dBm) | N/A                | N/A
[SYS] PwrMax(dBFS)     | N/A                | N/A
[SYS] Showtime 70 seconds

[SYS] ------------------------ Data Direction -------------------
[SYS]                  | Downlink           | Uplink
[SYS] CPlane Total     | 0x0000000000000000 | 0x0000000000000000
[SYS] CPlane OnTime    | 0x0000000000000000 | 0x0000000000000000
[SYS] CPlane Early     | 0x0000000000000000 | 0x0000000000000000
[SYS] CPlane Late      | 0x0000000000000000 | 0x0000000000000000
[SYS] CPlane Corrupt   | 0x0000000000000000 | 0x0000000000000000
[SYS] UPlane Total     | 0x0000000000000000 | 0x0000000000000000
[SYS] UPlane OnTime    | 0x0000000000000000 | N/A
[SYS] UPlane Ealry     | 0x0000000000000000 | N/A
[SYS] UPlane Late      | 0x0000000000000000 | N/A
[SYS] UPlane Corrupt   | 0x0000000000000000 | N/A
[SYS] Eth Pkt Good     | 0x00000752         | 0x000014a2
[SYS] Eth Pkt Drop     | 0x00000000         | 0x00000000
[SYS] AXIQ status      | 0x00000303         | 0x00010101
[SYS] ------------------------ Tasks ---------------------------
[SYS]                  | UP         | CP         | RT
[SYS] Error            | 0x00000000 | 0x00000000 | 0x00000000
[SYS] Heartbeats       | 0x01bcc21b | N/A        | N/A
[SYS] Counts           | 0x00000000 | N/A        | 0x00000000
[SYS] Drops            | 0x00000000 | N/A        | 0x00000000
[SYS] ------------------------ VSPAs ---------------------------
[SYS]                  | 0          | 1          | 2
[SYS] Error            | 0x00000000 | 0x00000000 | 0x00000000
[SYS] SYM WR           | 0x00000012 | N/A        | 0x0000001a
[SYS] SYM RD           | 0x00000012 | N/A        | 0x0000001a
[SYS] CMD WR           | 0x00000007 | 0x00000006 | 0x00000005
[SYS] CMD RD           | 0x00000007 | 0x00000006 | 0x00000005
[SYS] ------------------------ Info ----------------------------
[SYS]                  | Downlink           | Uplink
[SYS] RF / fine Gain   |     17 /   -0.8    | 0x42
[SYS] PwrAvg(dBFs/dBm) | N/A                | N/A
[SYS] PwrMax(dBFS)     | N/A                | N/A
[SYS] Showtime 71 seconds

[SYS] ------------------------ Data Direction -------------------
[SYS]                  | Downlink           | Uplink
[SYS] CPlane Total     | 0x0000000000000000 | 0x0000000000000000
[SYS] CPlane OnTime    | 0x0000000000000000 | 0x0000000000000000
[SYS] CPlane Early     | 0x0000000000000000 | 0x0000000000000000
[SYS] CPlane Late      | 0x0000000000000000 | 0x0000000000000000
[SYS] CPlane Corrupt   | 0x0000000000000000 | 0x0000000000000000
[SYS] UPlane Total     | 0x0000000000000000 | 0x0000000000000000
[SYS] UPlane OnTime    | 0x0000000000000000 | N/A
[SYS] UPlane Ealry     | 0x0000000000000000 | N/A
[SYS] UPlane Late      | 0x0000000000000000 | N/A
[SYS] UPlane Corrupt   | 0x0000000000000000 | N/A
[SYS] Eth Pkt Good     | 0x00000753         | 0x000014c5
[SYS] Eth Pkt Drop     | 0x00000000         | 0x00000000
[SYS] AXIQ status      | 0x00000303         | 0x00010101
[SYS] ------------------------ Tasks ---------------------------
[SYS]                  | UP         | CP         | RT
[SYS] Error            | 0x00000000 | 0x00000000 | 0x00000000
[SYS] Heartbeats       | 0x01c2fcfe | N/A        | N/A
[SYS] Counts           | 0x00000000 | N/A        | 0x00000000
[SYS] Drops            | 0x00000000 | N/A        | 0x00000000
[SYS] ------------------------ VSPAs ---------------------------
[SYS]                  | 0          | 1          | 2
[SYS] Error            | 0x00000000 | 0x00000000 | 0x00000000
[SYS] SYM WR           | 0x00000012 | N/A        | 0x0000001a
[SYS] SYM RD           | 0x00000012 | N/A        | 0x0000001a
[SYS] CMD WR           | 0x00000007 | 0x00000006 | 0x00000005
[SYS] CMD RD           | 0x00000007 | 0x00000006 | 0x00000005
[SYS] ------------------------ Info ----------------------------
[SYS]                  | Downlink           | Uplink
[SYS] RF / fine Gain   |     17 /   -0.8    | 0x42
[SYS] PwrAvg(dBFs/dBm) | N/A                | N/A
[SYS] PwrMax(dBFS)     | N/A                | N/A
[SYS] Showtime 72 seconds

[SYS] ------------------------ Data Direction -------------------
[SYS]                  | Downlink           | Uplink
[SYS] CPlane Total     | 0x0000000000000000 | 0x0000000000000000
[SYS] CPlane OnTime    | 0x0000000000000000 | 0x0000000000000000
[SYS] CPlane Early     | 0x0000000000000000 | 0x0000000000000000
[SYS] CPlane Late      | 0x0000000000000000 | 0x0000000000000000
[SYS] CPlane Corrupt   | 0x0000000000000000 | 0x0000000000000000
[SYS] UPlane Total     | 0x0000000000000000 | 0x0000000000000000
[SYS] UPlane OnTime    | 0x0000000000000000 | N/A
[SYS] UPlane Ealry     | 0x0000000000000000 | N/A
[SYS] UPlane Late      | 0x0000000000000000 | N/A
[SYS] UPlane Corrupt   | 0x0000000000000000 | N/A
[SYS] Eth Pkt Good     | 0x00000755         | 0x000014e9
[SYS] Eth Pkt Drop     | 0x00000000         | 0x00000000
[SYS] AXIQ status      | 0x00000303         | 0x00010101
[SYS] ------------------------ Tasks ---------------------------
[SYS]                  | UP         | CP         | RT
[SYS] Error            | 0x00000000 | 0x00000000 | 0x00000000
[SYS] Heartbeats       | 0x01c937e0 | N/A        | N/A
[SYS] Counts           | 0x00000000 | N/A        | 0x00000000
[SYS] Drops            | 0x00000000 | N/A        | 0x00000000
[SYS] ------------------------ VSPAs ---------------------------
[SYS]                  | 0          | 1          | 2
[SYS] Error            | 0x00000000 | 0x00000000 | 0x00000000
[SYS] SYM WR           | 0x00000012 | N/A        | 0x0000001a
[SYS] SYM RD           | 0x00000012 | N/A        | 0x0000001a
[SYS] CMD WR           | 0x00000007 | 0x00000006 | 0x00000005
[SYS] CMD RD           | 0x00000007 | 0x00000006 | 0x00000005
[SYS] ------------------------ Info ----------------------------
[SYS]                  | Downlink           | Uplink
[SYS] RF / fine Gain   |     17 /   -0.8    | 0x42
[SYS] PwrAvg(dBFs/dBm) | N/A                | N/A
[SYS] PwrMax(dBFS)     | N/A                | N/A
[SYS] Showtime 73 seconds

[SYS] ------------------------ Data Direction -------------------
[SYS]                  | Downlink           | Uplink
[SYS] CPlane Total     | 0x0000000000000000 | 0x0000000000000000
[SYS] CPlane OnTime    | 0x0000000000000000 | 0x0000000000000000
[SYS] CPlane Early     | 0x0000000000000000 | 0x0000000000000000
[SYS] CPlane Late      | 0x0000000000000000 | 0x0000000000000000
[SYS] CPlane Corrupt   | 0x0000000000000000 | 0x0000000000000000
[SYS] UPlane Total     | 0x0000000000000000 | 0x0000000000000000
[SYS] UPlane OnTime    | 0x0000000000000000 | N/A
[SYS] UPlane Ealry     | 0x0000000000000000 | N/A
[SYS] UPlane Late      | 0x0000000000000000 | N/A
[SYS] UPlane Corrupt   | 0x0000000000000000 | N/A
[SYS] Eth Pkt Good     | 0x00000756         | 0x0000150c
[SYS] Eth Pkt Drop     | 0x00000000         | 0x00000000
[SYS] AXIQ status      | 0x00000303         | 0x00010101
[SYS] ------------------------ Tasks ---------------------------
[SYS]                  | UP         | CP         | RT
[SYS] Error            | 0x00000000 | 0x00000000 | 0x00000000
[SYS] Heartbeats       | 0x01cf72da | N/A        | N/A
[SYS] Counts           | 0x00000000 | N/A        | 0x00000000
[SYS] Drops            | 0x00000000 | N/A        | 0x00000000
[SYS] ------------------------ VSPAs ---------------------------
[SYS]                  | 0          | 1          | 2
[SYS] Error            | 0x00000000 | 0x00000000 | 0x00000000
[SYS] SYM WR           | 0x00000012 | N/A        | 0x0000001a
[SYS] SYM RD           | 0x00000012 | N/A        | 0x0000001a
[SYS] CMD WR           | 0x00000007 | 0x00000006 | 0x00000005
[SYS] CMD RD           | 0x00000007 | 0x00000006 | 0x00000005
[SYS] ------------------------ Info ----------------------------
[SYS]                  | Downlink           | Uplink
[SYS] RF / fine Gain   |     17 /   -0.8    | 0x42
[SYS] PwrAvg(dBFs/dBm) | N/A                | N/A
[SYS] PwrMax(dBFS)     | N/A                | N/A
[SYS] Showtime 74 seconds

[SYS] ------------------------ Data Direction -------------------
[SYS]                  | Downlink           | Uplink
[SYS] CPlane Total     | 0x0000000000000000 | 0x0000000000000000
[SYS] CPlane OnTime    | 0x0000000000000000 | 0x0000000000000000
[SYS] CPlane Early     | 0x0000000000000000 | 0x0000000000000000
[SYS] CPlane Late      | 0x0000000000000000 | 0x0000000000000000
[SYS] CPlane Corrupt   | 0x0000000000000000 | 0x0000000000000000
[SYS] UPlane Total     | 0x0000000000000000 | 0x0000000000000000
[SYS] UPlane OnTime    | 0x0000000000000000 | N/A
[SYS] UPlane Ealry     | 0x0000000000000000 | N/A
[SYS] UPlane Late      | 0x0000000000000000 | N/A
[SYS] UPlane Corrupt   | 0x0000000000000000 | N/A
[SYS] Eth Pkt Good     | 0x00000766         | 0x0000153e
[SYS] Eth Pkt Drop     | 0x00000000         | 0x00000000
[SYS] AXIQ status      | 0x00000303         | 0x00010101
[SYS] ------------------------ Tasks ---------------------------
[SYS]                  | UP         | CP         | RT
[SYS] Error            | 0x00000000 | 0x00000000 | 0x00000000
[SYS] Heartbeats       | 0x01d5b09c | N/A        | N/A
[SYS] Counts           | 0x00000000 | N/A        | 0x00000000
[SYS] Drops            | 0x00000000 | N/A        | 0x00000000
[SYS] ------------------------ VSPAs ---------------------------
[SYS]                  | 0          | 1          | 2
[SYS] Error            | 0x00000000 | 0x00000000 | 0x00000000
[SYS] SYM WR           | 0x00000012 | N/A        | 0x0000001a
[SYS] SYM RD           | 0x00000012 | N/A        | 0x0000001a
[SYS] CMD WR           | 0x00000007 | 0x00000006 | 0x00000005
[SYS] CMD RD           | 0x00000007 | 0x00000006 | 0x00000005
[SYS] ------------------------ Info ----------------------------
[SYS]                  | Downlink           | Uplink
[SYS] RF / fine Gain   |     17 /   -0.8    | 0x42
[SYS] PwrAvg(dBFs/dBm) | N/A                | N/A
[SYS] PwrMax(dBFS)     | N/A                | N/A
[SYS] Showtime 75 seconds

[SYS] ------------------------ Data Direction -------------------
[SYS]                  | Downlink           | Uplink
[SYS] CPlane Total     | 0x0000000000000000 | 0x0000000000000000
[SYS] CPlane OnTime    | 0x0000000000000000 | 0x0000000000000000
[SYS] CPlane Early     | 0x0000000000000000 | 0x0000000000000000
[SYS] CPlane Late      | 0x0000000000000000 | 0x0000000000000000
[SYS] CPlane Corrupt   | 0x0000000000000000 | 0x0000000000000000
[SYS] UPlane Total     | 0x0000000000000000 | 0x0000000000000000
[SYS] UPlane OnTime    | 0x0000000000000000 | N/A
[SYS] UPlane Ealry     | 0x0000000000000000 | N/A
[SYS] UPlane Late      | 0x0000000000000000 | N/A
[SYS] UPlane Corrupt   | 0x0000000000000000 | N/A
[SYS] Eth Pkt Good     | 0x00000777         | 0x00001571
[SYS] Eth Pkt Drop     | 0x00000000         | 0x00000000
[SYS] AXIQ status      | 0x00000303         | 0x00010101
[SYS] ------------------------ Tasks ---------------------------
[SYS]                  | UP         | CP         | RT
[SYS] Error            | 0x00000000 | 0x00000000 | 0x00000000
[SYS] Heartbeats       | 0x01dbeb84 | N/A        | N/A
[SYS] Counts           | 0x00000000 | N/A        | 0x00000000
[SYS] Drops            | 0x00000000 | N/A        | 0x00000000
[SYS] ------------------------ VSPAs ---------------------------
[SYS]                  | 0          | 1          | 2
[SYS] Error            | 0x00000000 | 0x00000000 | 0x00000000
[SYS] SYM WR           | 0x00000012 | N/A        | 0x0000001a
[SYS] SYM RD           | 0x00000012 | N/A        | 0x0000001a
[SYS] CMD WR           | 0x00000007 | 0x00000006 | 0x00000005
[SYS] CMD RD           | 0x00000007 | 0x00000006 | 0x00000005
[SYS] ------------------------ Info ----------------------------
[SYS]                  | Downlink           | Uplink
[SYS] RF / fine Gain   |     17 /   -0.8    | 0x42
[SYS] PwrAvg(dBFs/dBm) | N/A                | N/A
[SYS] PwrMax(dBFS)     | N/A                | N/A
[SYS] Showtime 76 seconds

[SYS] ------------------------ Data Direction -------------------
[SYS]                  | Downlink           | Uplink
[SYS] CPlane Total     | 0x0000000000000000 | 0x0000000000000000
[SYS] CPlane OnTime    | 0x0000000000000000 | 0x0000000000000000
[SYS] CPlane Early     | 0x0000000000000000 | 0x0000000000000000
[SYS] CPlane Late      | 0x0000000000000000 | 0x0000000000000000
[SYS] CPlane Corrupt   | 0x0000000000000000 | 0x0000000000000000
[SYS] UPlane Total     | 0x0000000000000000 | 0x0000000000000000
[SYS] UPlane OnTime    | 0x0000000000000000 | N/A
[SYS] UPlane Ealry     | 0x0000000000000000 | N/A
[SYS] UPlane Late      | 0x0000000000000000 | N/A
[SYS] UPlane Corrupt   | 0x0000000000000000 | N/A
[SYS] Eth Pkt Good     | 0x00000778         | 0x00001594
[SYS] Eth Pkt Drop     | 0x00000000         | 0x00000000
[SYS] AXIQ status      | 0x00000303         | 0x00010101
[SYS] ------------------------ Tasks ---------------------------
[SYS]                  | UP         | CP         | RT
[SYS] Error            | 0x00000000 | 0x00000000 | 0x00000000
[SYS] Heartbeats       | 0x01e2267f | N/A        | N/A
[SYS] Counts           | 0x00000000 | N/A        | 0x00000000
[SYS] Drops            | 0x00000000 | N/A        | 0x00000000
[SYS] ------------------------ VSPAs ---------------------------
[SYS]                  | 0          | 1          | 2
[SYS] Error            | 0x00000000 | 0x00000000 | 0x00000000
[SYS] SYM WR           | 0x00000012 | N/A        | 0x0000001a
[SYS] SYM RD           | 0x00000012 | N/A        | 0x0000001a
[SYS] CMD WR           | 0x00000007 | 0x00000006 | 0x00000005
[SYS] CMD RD           | 0x00000007 | 0x00000006 | 0x00000005
[SYS] ------------------------ Info ----------------------------
[SYS]                  | Downlink           | Uplink
[SYS] RF / fine Gain   |     17 /   -0.8    | 0x42
[SYS] PwrAvg(dBFs/dBm) | N/A                | N/A
[SYS] PwrMax(dBFS)     | N/A                | N/A
[SYS] Showtime 77 seconds

[SYS] ------------------------ Data Direction -------------------
[SYS]                  | Downlink           | Uplink
[SYS] CPlane Total     | 0x0000000000000000 | 0x0000000000000000
[SYS] CPlane OnTime    | 0x0000000000000000 | 0x0000000000000000
[SYS] CPlane Early     | 0x0000000000000000 | 0x0000000000000000
[SYS] CPlane Late      | 0x0000000000000000 | 0x0000000000000000
[SYS] CPlane Corrupt   | 0x0000000000000000 | 0x0000000000000000
[SYS] UPlane Total     | 0x0000000000000000 | 0x0000000000000000
[SYS] UPlane OnTime    | 0x0000000000000000 | N/A
[SYS] UPlane Ealry     | 0x0000000000000000 | N/A
[SYS] UPlane Late      | 0x0000000000000000 | N/A
[SYS] UPlane Corrupt   | 0x0000000000000000 | N/A
[SYS] Eth Pkt Good     | 0x0000077a         | 0x000015b8
[SYS] Eth Pkt Drop     | 0x00000000         | 0x00000000
[SYS] AXIQ status      | 0x00000303         | 0x00010101
[SYS] ------------------------ Tasks ---------------------------
[SYS]                  | UP         | CP         | RT
[SYS] Error            | 0x00000000 | 0x00000000 | 0x00000000
[SYS] Heartbeats       | 0x01e8643b | N/A        | N/A
[SYS] Counts           | 0x00000000 | N/A        | 0x00000000
[SYS] Drops            | 0x00000000 | N/A        | 0x00000000
[SYS] ------------------------ VSPAs ---------------------------
[SYS]                  | 0          | 1          | 2
[SYS] Error            | 0x00000000 | 0x00000000 | 0x00000000
[SYS] SYM WR           | 0x00000012 | N/A        | 0x0000001a
[SYS] SYM RD           | 0x00000012 | N/A        | 0x0000001a
[SYS] CMD WR           | 0x00000007 | 0x00000006 | 0x00000005
[SYS] CMD RD           | 0x00000007 | 0x00000006 | 0x00000005
[SYS] ------------------------ Info ----------------------------
[SYS]                  | Downlink           | Uplink
[SYS] RF / fine Gain   |     17 /   -0.8    | 0x42
[SYS] PwrAvg(dBFs/dBm) | N/A                | N/A
[SYS] PwrMax(dBFS)     | N/A                | N/A
[SYS] Showtime 78 seconds

[SYS] ------------------------ Data Direction -------------------
[SYS]                  | Downlink           | Uplink
[SYS] CPlane Total     | 0x0000000000000000 | 0x0000000000000000
[SYS] CPlane OnTime    | 0x0000000000000000 | 0x0000000000000000
[SYS] CPlane Early     | 0x0000000000000000 | 0x0000000000000000
[SYS] CPlane Late      | 0x0000000000000000 | 0x0000000000000000
[SYS] CPlane Corrupt   | 0x0000000000000000 | 0x0000000000000000
[SYS] UPlane Total     | 0x0000000000000000 | 0x0000000000000000
[SYS] UPlane OnTime    | 0x0000000000000000 | N/A
[SYS] UPlane Ealry     | 0x0000000000000000 | N/A
[SYS] UPlane Late      | 0x0000000000000000 | N/A
[SYS] UPlane Corrupt   | 0x0000000000000000 | N/A
[SYS] Eth Pkt Good     | 0x0000077b         | 0x000015db
[SYS] Eth Pkt Drop     | 0x00000000         | 0x00000000
[SYS] AXIQ status      | 0x00000303         | 0x00010101
[SYS] ------------------------ Tasks ---------------------------
[SYS]                  | UP         | CP         | RT
[SYS] Error            | 0x00000000 | 0x00000000 | 0x00000000
[SYS] Heartbeats       | 0x01ee9f22 | N/A        | N/A
[SYS] Counts           | 0x00000000 | N/A        | 0x00000000
[SYS] Drops            | 0x00000000 | N/A        | 0x00000000
[SYS] ------------------------ VSPAs ---------------------------
[SYS]                  | 0          | 1          | 2
[SYS] Error            | 0x00000000 | 0x00000000 | 0x00000000
[SYS] SYM WR           | 0x00000012 | N/A        | 0x0000001a
[SYS] SYM RD           | 0x00000012 | N/A        | 0x0000001a
[SYS] CMD WR           | 0x00000007 | 0x00000006 | 0x00000005
[SYS] CMD RD           | 0x00000007 | 0x00000006 | 0x00000005
[SYS] ------------------------ Info ----------------------------
[SYS]                  | Downlink           | Uplink
[SYS] RF / fine Gain   |     17 /   -0.8    | 0x42
[SYS] PwrAvg(dBFs/dBm) | N/A                | N/A
[SYS] PwrMax(dBFS)     | N/A                | N/A
[SYS] Showtime 79 seconds

[SYS] ------------------------ Data Direction -------------------
[SYS]                  | Downlink           | Uplink
[SYS] CPlane Total     | 0x0000000000000000 | 0x0000000000000000
[SYS] CPlane OnTime    | 0x0000000000000000 | 0x0000000000000000
[SYS] CPlane Early     | 0x0000000000000000 | 0x0000000000000000
[SYS] CPlane Late      | 0x0000000000000000 | 0x0000000000000000
[SYS] CPlane Corrupt   | 0x0000000000000000 | 0x0000000000000000
[SYS] UPlane Total     | 0x0000000000000000 | 0x0000000000000000
[SYS] UPlane OnTime    | 0x0000000000000000 | N/A
[SYS] UPlane Ealry     | 0x0000000000000000 | N/A
[SYS] UPlane Late      | 0x0000000000000000 | N/A
[SYS] UPlane Corrupt   | 0x0000000000000000 | N/A
[SYS] Eth Pkt Good     | 0x0000077d         | 0x000015ff
[SYS] Eth Pkt Drop     | 0x00000000         | 0x00000000
[SYS] AXIQ status      | 0x00000303         | 0x00010101
[SYS] ------------------------ Tasks ---------------------------
[SYS]                  | UP         | CP         | RT
[SYS] Error            | 0x00000000 | 0x00000000 | 0x00000000
[SYS] Heartbeats       | 0x01f4da07 | N/A        | N/A
[SYS] Counts           | 0x00000000 | N/A        | 0x00000000
[SYS] Drops            | 0x00000000 | N/A        | 0x00000000
[SYS] ------------------------ VSPAs ---------------------------
[SYS]                  | 0          | 1          | 2
[SYS] Error            | 0x00000000 | 0x00000000 | 0x00000000
[SYS] SYM WR           | 0x00000012 | N/A        | 0x0000001a
[SYS] SYM RD           | 0x00000012 | N/A        | 0x0000001a
[SYS] CMD WR           | 0x00000007 | 0x00000006 | 0x00000005
[SYS] CMD RD           | 0x00000007 | 0x00000006 | 0x00000005
[SYS] ------------------------ Info ----------------------------
[SYS]                  | Downlink           | Uplink
[SYS] RF / fine Gain   |     17 /   -0.8    | 0x42
[SYS] PwrAvg(dBFs/dBm) | N/A                | N/A
[SYS] PwrMax(dBFS)     | N/A                | N/A
[SYS] Showtime 80 seconds

[SYS] ------------------------ Data Direction -------------------
[SYS]                  | Downlink           | Uplink
[SYS] CPlane Total     | 0x0000000000000000 | 0x0000000000000000
[SYS] CPlane OnTime    | 0x0000000000000000 | 0x0000000000000000
[SYS] CPlane Early     | 0x0000000000000000 | 0x0000000000000000
[SYS] CPlane Late      | 0x0000000000000000 | 0x0000000000000000
[SYS] CPlane Corrupt   | 0x0000000000000000 | 0x0000000000000000
[SYS] UPlane Total     | 0x0000000000000000 | 0x0000000000000000
[SYS] UPlane OnTime    | 0x0000000000000000 | N/A
[SYS] UPlane Ealry     | 0x0000000000000000 | N/A
[SYS] UPlane Late      | 0x0000000000000000 | N/A
[SYS] UPlane Corrupt   | 0x0000000000000000 | N/A
[SYS] Eth Pkt Good     | 0x0000077e         | 0x00001622
[SYS] Eth Pkt Drop     | 0x00000000         | 0x00000000
[SYS] AXIQ status      | 0x00000303         | 0x00010101
[SYS] ------------------------ Tasks ---------------------------
[SYS]                  | UP         | CP         | RT
[SYS] Error            | 0x00000000 | 0x00000000 | 0x00000000
[SYS] Heartbeats       | 0x01fb150b | N/A        | N/A
[SYS] Counts           | 0x00000000 | N/A        | 0x00000000
[SYS] Drops            | 0x00000000 | N/A        | 0x00000000
[SYS] ------------------------ VSPAs ---------------------------
[SYS]                  | 0          | 1          | 2
[SYS] Error            | 0x00000000 | 0x00000000 | 0x00000000
[SYS] SYM WR           | 0x00000012 | N/A        | 0x0000001a
[SYS] SYM RD           | 0x00000012 | N/A        | 0x0000001a
[SYS] CMD WR           | 0x00000007 | 0x00000006 | 0x00000005
[SYS] CMD RD           | 0x00000007 | 0x00000006 | 0x00000005
[SYS] ------------------------ Info ----------------------------
[SYS]                  | Downlink           | Uplink
[SYS] RF / fine Gain   |     17 /   -0.8    | 0x42
[SYS] PwrAvg(dBFs/dBm) | N/A                | N/A
[SYS] PwrMax(dBFS)     | N/A                | N/A
[SYS] Showtime 81 seconds

[SYS] ------------------------ Data Direction -------------------
[SYS]                  | Downlink           | Uplink
[SYS] CPlane Total     | 0x0000000000000000 | 0x0000000000000000
[SYS] CPlane OnTime    | 0x0000000000000000 | 0x0000000000000000
[SYS] CPlane Early     | 0x0000000000000000 | 0x0000000000000000
[SYS] CPlane Late      | 0x0000000000000000 | 0x0000000000000000
[SYS] CPlane Corrupt   | 0x0000000000000000 | 0x0000000000000000
[SYS] UPlane Total     | 0x0000000000000000 | 0x0000000000000000
[SYS] UPlane OnTime    | 0x0000000000000000 | N/A
[SYS] UPlane Ealry     | 0x0000000000000000 | N/A
[SYS] UPlane Late      | 0x0000000000000000 | N/A
[SYS] UPlane Corrupt   | 0x0000000000000000 | N/A
[SYS] Eth Pkt Good     | 0x0000077f         | 0x00001645
[SYS] Eth Pkt Drop     | 0x00000000         | 0x00000000
[SYS] AXIQ status      | 0x00000303         | 0x00010101
[SYS] ------------------------ Tasks ---------------------------
[SYS]                  | UP         | CP         | RT
[SYS] Error            | 0x00000000 | 0x00000000 | 0x00000000
[SYS] Heartbeats       | 0x020152ca | N/A        | N/A
[SYS] Counts           | 0x00000000 | N/A        | 0x00000000
[SYS] Drops            | 0x00000000 | N/A        | 0x00000000
[SYS] ------------------------ VSPAs ---------------------------
[SYS]                  | 0          | 1          | 2
[SYS] Error            | 0x00000000 | 0x00000000 | 0x00000000
[SYS] SYM WR           | 0x00000012 | N/A        | 0x0000001a
[SYS] SYM RD           | 0x00000012 | N/A        | 0x0000001a
[SYS] CMD WR           | 0x00000007 | 0x00000006 | 0x00000005
[SYS] CMD RD           | 0x00000007 | 0x00000006 | 0x00000005
[SYS] ------------------------ Info ----------------------------
[SYS]                  | Downlink           | Uplink
[SYS] RF / fine Gain   |     17 /   -0.8    | 0x42
[SYS] PwrAvg(dBFs/dBm) | N/A                | N/A
[SYS] PwrMax(dBFS)     | N/A                | N/A
[SYS] Showtime 82 seconds

[SYS] ------------------------ Data Direction -------------------
[SYS]                  | Downlink           | Uplink
[SYS] CPlane Total     | 0x0000000000000000 | 0x0000000000000000
[SYS] CPlane OnTime    | 0x0000000000000000 | 0x0000000000000000
[SYS] CPlane Early     | 0x0000000000000000 | 0x0000000000000000
[SYS] CPlane Late      | 0x0000000000000000 | 0x0000000000000000
[SYS] CPlane Corrupt   | 0x0000000000000000 | 0x0000000000000000
[SYS] UPlane Total     | 0x0000000000000000 | 0x0000000000000000
[SYS] UPlane OnTime    | 0x0000000000000000 | N/A
[SYS] UPlane Ealry     | 0x0000000000000000 | N/A
[SYS] UPlane Late      | 0x0000000000000000 | N/A
[SYS] UPlane Corrupt   | 0x0000000000000000 | N/A
[SYS] Eth Pkt Good     | 0x00000781         | 0x00001669
[SYS] Eth Pkt Drop     | 0x00000000         | 0x00000000
[SYS] AXIQ status      | 0x00000303         | 0x00010101
[SYS] ------------------------ Tasks ---------------------------
[SYS]                  | UP         | CP         | RT
[SYS] Error            | 0x00000000 | 0x00000000 | 0x00000000
[SYS] Heartbeats       | 0x02078da5 | N/A        | N/A
[SYS] Counts           | 0x00000000 | N/A        | 0x00000000
[SYS] Drops            | 0x00000000 | N/A        | 0x00000000
[SYS] ------------------------ VSPAs ---------------------------
[SYS]                  | 0          | 1          | 2
[SYS] Error            | 0x00000000 | 0x00000000 | 0x00000000
[SYS] SYM WR           | 0x00000012 | N/A        | 0x0000001a
[SYS] SYM RD           | 0x00000012 | N/A        | 0x0000001a
[SYS] CMD WR           | 0x00000007 | 0x00000006 | 0x00000005
[SYS] CMD RD           | 0x00000007 | 0x00000006 | 0x00000005
[SYS] ------------------------ Info ----------------------------
[SYS]                  | Downlink           | Uplink
[SYS] RF / fine Gain   |     17 /   -0.8    | 0x42
[SYS] PwrAvg(dBFs/dBm) | N/A                | N/A
[SYS] PwrMax(dBFS)     | N/A                | N/A
[SYS] Showtime 83 seconds

[SYS] ------------------------ Data Direction -------------------
[SYS]                  | Downlink           | Uplink
[SYS] CPlane Total     | 0x0000000000000000 | 0x0000000000000000
[SYS] CPlane OnTime    | 0x0000000000000000 | 0x0000000000000000
[SYS] CPlane Early     | 0x0000000000000000 | 0x0000000000000000
[SYS] CPlane Late      | 0x0000000000000000 | 0x0000000000000000
[SYS] CPlane Corrupt   | 0x0000000000000000 | 0x0000000000000000
[SYS] UPlane Total     | 0x0000000000000000 | 0x0000000000000000
[SYS] UPlane OnTime    | 0x0000000000000000 | N/A
[SYS] UPlane Ealry     | 0x0000000000000000 | N/A
[SYS] UPlane Late      | 0x0000000000000000 | N/A
[SYS] UPlane Corrupt   | 0x0000000000000000 | N/A
[SYS] Eth Pkt Good     | 0x00000782         | 0x0000168c
[SYS] Eth Pkt Drop     | 0x00000000         | 0x00000000
[SYS] AXIQ status      | 0x00000303         | 0x00010101
[SYS] ------------------------ Tasks ---------------------------
[SYS]                  | UP         | CP         | RT
[SYS] Error            | 0x00000000 | 0x00000000 | 0x00000000
[SYS] Heartbeats       | 0x020dc8a1 | N/A        | N/A
[SYS] Counts           | 0x00000000 | N/A        | 0x00000000
[SYS] Drops            | 0x00000000 | N/A        | 0x00000000
[SYS] ------------------------ VSPAs ---------------------------
[SYS]                  | 0          | 1          | 2
[SYS] Error            | 0x00000000 | 0x00000000 | 0x00000000
[SYS] SYM WR           | 0x00000012 | N/A        | 0x0000001a
[SYS] SYM RD           | 0x00000012 | N/A        | 0x0000001a
[SYS] CMD WR           | 0x00000007 | 0x00000006 | 0x00000005
[SYS] CMD RD           | 0x00000007 | 0x00000006 | 0x00000005
[SYS] ------------------------ Info ----------------------------
[SYS]                  | Downlink           | Uplink
[SYS] RF / fine Gain   |     17 /   -0.8    | 0x42
[SYS] PwrAvg(dBFs/dBm) | N/A                | N/A
[SYS] PwrMax(dBFS)     | N/A                | N/A
[SYS] Showtime 84 seconds

[SYS] ------------------------ Data Direction -------------------
[SYS]                  | Downlink           | Uplink
[SYS] CPlane Total     | 0x0000000000000000 | 0x0000000000000000
[SYS] CPlane OnTime    | 0x0000000000000000 | 0x0000000000000000
[SYS] CPlane Early     | 0x0000000000000000 | 0x0000000000000000
[SYS] CPlane Late      | 0x0000000000000000 | 0x0000000000000000
[SYS] CPlane Corrupt   | 0x0000000000000000 | 0x0000000000000000
[SYS] UPlane Total     | 0x0000000000000000 | 0x0000000000000000
[SYS] UPlane OnTime    | 0x0000000000000000 | N/A
[SYS] UPlane Ealry     | 0x0000000000000000 | N/A
[SYS] UPlane Late      | 0x0000000000000000 | N/A
[SYS] UPlane Corrupt   | 0x0000000000000000 | N/A
[SYS] Eth Pkt Good     | 0x00000784         | 0x000016b0
[SYS] Eth Pkt Drop     | 0x00000000         | 0x00000000
[SYS] AXIQ status      | 0x00000303         | 0x00010101
[SYS] ------------------------ Tasks ---------------------------
[SYS]                  | UP         | CP         | RT
[SYS] Error            | 0x00000000 | 0x00000000 | 0x00000000
[SYS] Heartbeats       | 0x02140667 | N/A        | N/A
[SYS] Counts           | 0x00000000 | N/A        | 0x00000000
[SYS] Drops            | 0x00000000 | N/A        | 0x00000000
[SYS] ------------------------ VSPAs ---------------------------
[SYS]                  | 0          | 1          | 2
[SYS] Error            | 0x00000000 | 0x00000000 | 0x00000000
[SYS] SYM WR           | 0x00000012 | N/A        | 0x0000001a
[SYS] SYM RD           | 0x00000012 | N/A        | 0x0000001a
[SYS] CMD WR           | 0x00000007 | 0x00000006 | 0x00000005
[SYS] CMD RD           | 0x00000007 | 0x00000006 | 0x00000005
[SYS] ------------------------ Info ----------------------------
[SYS]                  | Downlink           | Uplink
[SYS] RF / fine Gain   |     17 /   -0.8    | 0x42
[SYS] PwrAvg(dBFs/dBm) | N/A                | N/A
[SYS] PwrMax(dBFS)     | N/A                | N/A
[SYS] Showtime 85 seconds

[SYS] ------------------------ Data Direction -------------------
[SYS]                  | Downlink           | Uplink
[SYS] CPlane Total     | 0x0000000000000000 | 0x0000000000000000
[SYS] CPlane OnTime    | 0x0000000000000000 | 0x0000000000000000
[SYS] CPlane Early     | 0x0000000000000000 | 0x0000000000000000
[SYS] CPlane Late      | 0x0000000000000000 | 0x0000000000000000
[SYS] CPlane Corrupt   | 0x0000000000000000 | 0x0000000000000000
[SYS] UPlane Total     | 0x0000000000000000 | 0x0000000000000000
[SYS] UPlane OnTime    | 0x0000000000000000 | N/A
[SYS] UPlane Ealry     | 0x0000000000000000 | N/A
[SYS] UPlane Late      | 0x0000000000000000 | N/A
[SYS] UPlane Corrupt   | 0x0000000000000000 | N/A
[SYS] Eth Pkt Good     | 0x00000785         | 0x000016d3
[SYS] Eth Pkt Drop     | 0x00000000         | 0x00000000
[SYS] AXIQ status      | 0x00000303         | 0x00010101
[SYS] ------------------------ Tasks ---------------------------
[SYS]                  | UP         | CP         | RT
[SYS] Error            | 0x00000000 | 0x00000000 | 0x00000000
[SYS] Heartbeats       | 0x021a4155 | N/A        | N/A
[SYS] Counts           | 0x00000000 | N/A        | 0x00000000
[SYS] Drops            | 0x00000000 | N/A        | 0x00000000
[SYS] ------------------------ VSPAs ---------------------------
[SYS]                  | 0          | 1          | 2
[SYS] Error            | 0x00000000 | 0x00000000 | 0x00000000
[SYS] SYM WR           | 0x00000012 | N/A        | 0x0000001a
[SYS] SYM RD           | 0x00000012 | N/A        | 0x0000001a
[SYS] CMD WR           | 0x00000007 | 0x00000006 | 0x00000005
[SYS] CMD RD           | 0x00000007 | 0x00000006 | 0x00000005
[SYS] ------------------------ Info ----------------------------
[SYS]                  | Downlink           | Uplink
[SYS] RF / fine Gain   |     17 /   -0.8    | 0x42
[SYS] PwrAvg(dBFs/dBm) | N/A                | N/A
[SYS] PwrMax(dBFS)     | N/A                | N/A
[SYS] Showtime 86 seconds

[SYS] ------------------------ Data Direction -------------------
[SYS]                  | Downlink           | Uplink
[SYS] CPlane Total     | 0x0000000000000000 | 0x0000000000000000
[SYS] CPlane OnTime    | 0x0000000000000000 | 0x0000000000000000
[SYS] CPlane Early     | 0x0000000000000000 | 0x0000000000000000
[SYS] CPlane Late      | 0x0000000000000000 | 0x0000000000000000
[SYS] CPlane Corrupt   | 0x0000000000000000 | 0x0000000000000000
[SYS] UPlane Total     | 0x0000000000000000 | 0x0000000000000000
[SYS] UPlane OnTime    | 0x0000000000000000 | N/A
[SYS] UPlane Ealry     | 0x0000000000000000 | N/A
[SYS] UPlane Late      | 0x0000000000000000 | N/A
[SYS] UPlane Corrupt   | 0x0000000000000000 | N/A
[SYS] Eth Pkt Good     | 0x00000787         | 0x000016f7
[SYS] Eth Pkt Drop     | 0x00000000         | 0x00000000
[SYS] AXIQ status      | 0x00000303         | 0x00010101
[SYS] ------------------------ Tasks ---------------------------
[SYS]                  | UP         | CP         | RT
[SYS] Error            | 0x00000000 | 0x00000000 | 0x00000000
[SYS] Heartbeats       | 0x02207c35 | N/A        | N/A
[SYS] Counts           | 0x00000000 | N/A        | 0x00000000
[SYS] Drops            | 0x00000000 | N/A        | 0x00000000
[SYS] ------------------------ VSPAs ---------------------------
[SYS]                  | 0          | 1          | 2
[SYS] Error            | 0x00000000 | 0x00000000 | 0x00000000
[SYS] SYM WR           | 0x00000012 | N/A        | 0x0000001a
[SYS] SYM RD           | 0x00000012 | N/A        | 0x0000001a
[SYS] CMD WR           | 0x00000007 | 0x00000006 | 0x00000005
[SYS] CMD RD           | 0x00000007 | 0x00000006 | 0x00000005
[SYS] ------------------------ Info ----------------------------
[SYS]                  | Downlink           | Uplink
[SYS] RF / fine Gain   |     17 /   -0.8    | 0x42
[SYS] PwrAvg(dBFs/dBm) | N/A                | N/A
[SYS] PwrMax(dBFS)     | N/A                | N/A
[SYS] Showtime 87 seconds

[SYS] ------------------------ Data Direction -------------------
[SYS]                  | Downlink           | Uplink
[SYS] CPlane Total     | 0x0000000000000000 | 0x0000000000000000
[SYS] CPlane OnTime    | 0x0000000000000000 | 0x0000000000000000
[SYS] CPlane Early     | 0x0000000000000000 | 0x0000000000000000
[SYS] CPlane Late      | 0x0000000000000000 | 0x0000000000000000
[SYS] CPlane Corrupt   | 0x0000000000000000 | 0x0000000000000000
[SYS] UPlane Total     | 0x0000000000000000 | 0x0000000000000000
[SYS] UPlane OnTime    | 0x0000000000000000 | N/A
[SYS] UPlane Ealry     | 0x0000000000000000 | N/A
[SYS] UPlane Late      | 0x0000000000000000 | N/A
[SYS] UPlane Corrupt   | 0x0000000000000000 | N/A
[SYS] Eth Pkt Good     | 0x00000789         | 0x0000171a
[SYS] Eth Pkt Drop     | 0x00000000         | 0x00000000
[SYS] AXIQ status      | 0x00000303         | 0x00010101
[SYS] ------------------------ Tasks ---------------------------
[SYS]                  | UP         | CP         | RT
[SYS] Error            | 0x00000000 | 0x00000000 | 0x00000000
[SYS] Heartbeats       | 0x0226c423 | N/A        | N/A
[SYS] Counts           | 0x00000000 | N/A        | 0x00000000
[SYS] Drops            | 0x00000000 | N/A        | 0x00000000
[SYS] ------------------------ VSPAs ---------------------------
[SYS]                  | 0          | 1          | 2
[SYS] Error            | 0x00000000 | 0x00000000 | 0x00000000
[SYS] SYM WR           | 0x00000012 | N/A        | 0x0000001a
[SYS] SYM RD           | 0x00000012 | N/A        | 0x0000001a
[SYS] CMD WR           | 0x00000007 | 0x00000006 | 0x00000005
[SYS] CMD RD           | 0x00000007 | 0x00000006 | 0x00000005
[SYS] ------------------------ Info ----------------------------
[SYS]                  | Downlink           | Uplink
[SYS] RF / fine Gain   |     17 /   -0.8    | 0x42
[SYS] PwrAvg(dBFs/dBm) | N/A                | N/A
[SYS] PwrMax(dBFS)     | N/A                | N/A
[SYS] Showtime 88 seconds

[SYS] ------------------------ Data Direction -------------------
[SYS]                  | Downlink           | Uplink
[SYS] CPlane Total     | 0x0000000000000000 | 0x0000000000000000
[SYS] CPlane OnTime    | 0x0000000000000000 | 0x0000000000000000
[SYS] CPlane Early     | 0x0000000000000000 | 0x0000000000000000
[SYS] CPlane Late      | 0x0000000000000000 | 0x0000000000000000
[SYS] CPlane Corrupt   | 0x0000000000000000 | 0x0000000000000000
[SYS] UPlane Total     | 0x0000000000000000 | 0x0000000000000000
[SYS] UPlane OnTime    | 0x0000000000000000 | N/A
[SYS] UPlane Ealry     | 0x0000000000000000 | N/A
[SYS] UPlane Late      | 0x0000000000000000 | N/A
[SYS] UPlane Corrupt   | 0x0000000000000000 | N/A
[SYS] Eth Pkt Good     | 0x000007a7         | 0x0000175b
[SYS] Eth Pkt Drop     | 0x00000000         | 0x00000000
[SYS] AXIQ status      | 0x00000303         | 0x00010101
[SYS] ------------------------ Tasks ---------------------------
[SYS]                  | UP         | CP         | RT
[SYS] Error            | 0x00000000 | 0x00000000 | 0x00000000
[SYS] Heartbeats       | 0x022d002a | N/A        | N/A
[SYS] Counts           | 0x00000000 | N/A        | 0x00000000
[SYS] Drops            | 0x00000000 | N/A        | 0x00000000
[SYS] ------------------------ VSPAs ---------------------------
[SYS]                  | 0          | 1          | 2
[SYS] Error            | 0x00000000 | 0x00000000 | 0x00000000
[SYS] SYM WR           | 0x00000012 | N/A        | 0x0000001a
[SYS] SYM RD           | 0x00000012 | N/A        | 0x0000001a
[SYS] CMD WR           | 0x00000007 | 0x00000006 | 0x00000005
[SYS] CMD RD           | 0x00000007 | 0x00000006 | 0x00000005
[SYS] ------------------------ Info ----------------------------
[SYS]                  | Downlink           | Uplink
[SYS] RF / fine Gain   |     17 /   -0.8    | 0x42
[SYS] PwrAvg(dBFs/dBm) | N/A                | N/A
[SYS] PwrMax(dBFS)     | N/A                | N/A
[SYS] Showtime 89 seconds

[SYS] ------------------------ Data Direction -------------------
[SYS]                  | Downlink           | Uplink
[SYS] CPlane Total     | 0x0000000000000000 | 0x0000000000000000
[SYS] CPlane OnTime    | 0x0000000000000000 | 0x0000000000000000
[SYS] CPlane Early     | 0x0000000000000000 | 0x0000000000000000
[SYS] CPlane Late      | 0x0000000000000000 | 0x0000000000000000
[SYS] CPlane Corrupt   | 0x0000000000000000 | 0x0000000000000000
[SYS] UPlane Total     | 0x0000000000000000 | 0x0000000000000000
[SYS] UPlane OnTime    | 0x0000000000000000 | N/A
[SYS] UPlane Ealry     | 0x0000000000000000 | N/A
[SYS] UPlane Late      | 0x0000000000000000 | N/A
[SYS] UPlane Corrupt   | 0x0000000000000000 | N/A
[SYS] Eth Pkt Good     | 0x000007a9         | 0x0000177f
[SYS] Eth Pkt Drop     | 0x00000000         | 0x00000000
[SYS] AXIQ status      | 0x00000303         | 0x00010101
[SYS] ------------------------ Tasks ---------------------------
[SYS]                  | UP         | CP         | RT
[SYS] Error            | 0x00000000 | 0x00000000 | 0x00000000
[SYS] Heartbeats       | 0x02333b0e | N/A        | N/A
[SYS] Counts           | 0x00000000 | N/A        | 0x00000000
[SYS] Drops            | 0x00000000 | N/A        | 0x00000000
[SYS] ------------------------ VSPAs ---------------------------
[SYS]                  | 0          | 1          | 2
[SYS] Error            | 0x00000000 | 0x00000000 | 0x00000000
[SYS] SYM WR           | 0x00000012 | N/A        | 0x0000001a
[SYS] SYM RD           | 0x00000012 | N/A        | 0x0000001a
[SYS] CMD WR           | 0x00000007 | 0x00000006 | 0x00000005
[SYS] CMD RD           | 0x00000007 | 0x00000006 | 0x00000005
[SYS] ------------------------ Info ----------------------------
[SYS]                  | Downlink           | Uplink
[SYS] RF / fine Gain   |     17 /   -0.8    | 0x42
[SYS] PwrAvg(dBFs/dBm) | N/A                | N/A
[SYS] PwrMax(dBFS)     | N/A                | N/A
[SYS] Showtime 90 seconds

[SYS] ------------------------ Data Direction -------------------
[SYS]                  | Downlink           | Uplink
[SYS] CPlane Total     | 0x0000000000000000 | 0x0000000000000000
[SYS] CPlane OnTime    | 0x0000000000000000 | 0x0000000000000000
[SYS] CPlane Early     | 0x0000000000000000 | 0x0000000000000000
[SYS] CPlane Late      | 0x0000000000000000 | 0x0000000000000000
[SYS] CPlane Corrupt   | 0x0000000000000000 | 0x0000000000000000
[SYS] UPlane Total     | 0x0000000000000000 | 0x0000000000000000
[SYS] UPlane OnTime    | 0x0000000000000000 | N/A
[SYS] UPlane Ealry     | 0x0000000000000000 | N/A
[SYS] UPlane Late      | 0x0000000000000000 | N/A
[SYS] UPlane Corrupt   | 0x0000000000000000 | N/A
[SYS] Eth Pkt Good     | 0x000007aa         | 0x000017a2
[SYS] Eth Pkt Drop     | 0x00000000         | 0x00000000
[SYS] AXIQ status      | 0x00000303         | 0x00010101
[SYS] ------------------------ Tasks ---------------------------
[SYS]                  | UP         | CP         | RT
[SYS] Error            | 0x00000000 | 0x00000000 | 0x00000000
[SYS] Heartbeats       | 0x02397602 | N/A        | N/A
[SYS] Counts           | 0x00000000 | N/A        | 0x00000000
[SYS] Drops            | 0x00000000 | N/A        | 0x00000000
[SYS] ------------------------ VSPAs ---------------------------
[SYS]                  | 0          | 1          | 2
[SYS] Error            | 0x00000000 | 0x00000000 | 0x00000000
[SYS] SYM WR           | 0x00000012 | N/A        | 0x0000001a
[SYS] SYM RD           | 0x00000012 | N/A        | 0x0000001a
[SYS] CMD WR           | 0x00000007 | 0x00000006 | 0x00000005
[SYS] CMD RD           | 0x00000007 | 0x00000006 | 0x00000005
[SYS] ------------------------ Info ----------------------------
[SYS]                  | Downlink           | Uplink
[SYS] RF / fine Gain   |     17 /   -0.8    | 0x42
[SYS] PwrAvg(dBFs/dBm) | N/A                | N/A
[SYS] PwrMax(dBFS)     | N/A                | N/A
[SYS] Showtime 91 seconds

[SYS] ------------------------ Data Direction -------------------
[SYS]                  | Downlink           | Uplink
[SYS] CPlane Total     | 0x0000000000000000 | 0x0000000000000000
[SYS] CPlane OnTime    | 0x0000000000000000 | 0x0000000000000000
[SYS] CPlane Early     | 0x0000000000000000 | 0x0000000000000000
[SYS] CPlane Late      | 0x0000000000000000 | 0x0000000000000000
[SYS] CPlane Corrupt   | 0x0000000000000000 | 0x0000000000000000
[SYS] UPlane Total     | 0x0000000000000000 | 0x0000000000000000
[SYS] UPlane OnTime    | 0x0000000000000000 | N/A
[SYS] UPlane Ealry     | 0x0000000000000000 | N/A
[SYS] UPlane Late      | 0x0000000000000000 | N/A
[SYS] UPlane Corrupt   | 0x0000000000000000 | N/A
[SYS] Eth Pkt Good     | 0x000007ac         | 0x000017c6
[SYS] Eth Pkt Drop     | 0x00000000         | 0x00000000
[SYS] AXIQ status      | 0x00000303         | 0x00010101
[SYS] ------------------------ Tasks ---------------------------
[SYS]                  | UP         | CP         | RT
[SYS] Error            | 0x00000000 | 0x00000000 | 0x00000000
[SYS] Heartbeats       | 0x023fb3b6 | N/A        | N/A
[SYS] Counts           | 0x00000000 | N/A        | 0x00000000
[SYS] Drops            | 0x00000000 | N/A        | 0x00000000
[SYS] ------------------------ VSPAs ---------------------------
[SYS]                  | 0          | 1          | 2
[SYS] Error            | 0x00000000 | 0x00000000 | 0x00000000
[SYS] SYM WR           | 0x00000012 | N/A        | 0x0000001a
[SYS] SYM RD           | 0x00000012 | N/A        | 0x0000001a
[SYS] CMD WR           | 0x00000007 | 0x00000006 | 0x00000005
[SYS] CMD RD           | 0x00000007 | 0x00000006 | 0x00000005
[SYS] ------------------------ Info ----------------------------
[SYS]                  | Downlink           | Uplink
[SYS] RF / fine Gain   |     17 /   -0.8    | 0x42
[SYS] PwrAvg(dBFs/dBm) | N/A                | N/A
[SYS] PwrMax(dBFS)     | N/A                | N/A
[SYS] Showtime 92 seconds

[SYS] ------------------------ Data Direction -------------------
[SYS]                  | Downlink           | Uplink
[SYS] CPlane Total     | 0x0000000000000000 | 0x0000000000000000
[SYS] CPlane OnTime    | 0x0000000000000000 | 0x0000000000000000
[SYS] CPlane Early     | 0x0000000000000000 | 0x0000000000000000
[SYS] CPlane Late      | 0x0000000000000000 | 0x0000000000000000
[SYS] CPlane Corrupt   | 0x0000000000000000 | 0x0000000000000000
[SYS] UPlane Total     | 0x0000000000000000 | 0x0000000000000000
[SYS] UPlane OnTime    | 0x0000000000000000 | N/A
[SYS] UPlane Ealry     | 0x0000000000000000 | N/A
[SYS] UPlane Late      | 0x0000000000000000 | N/A
[SYS] UPlane Corrupt   | 0x0000000000000000 | N/A
[SYS] Eth Pkt Good     | 0x000007ad         | 0x000017e9
[SYS] Eth Pkt Drop     | 0x00000000         | 0x00000000
[SYS] AXIQ status      | 0x00000303         | 0x00010101
[SYS] ------------------------ Tasks ---------------------------
[SYS]                  | UP         | CP         | RT
[SYS] Error            | 0x00000000 | 0x00000000 | 0x00000000
[SYS] Heartbeats       | 0x0245ee9b | N/A        | N/A
[SYS] Counts           | 0x00000000 | N/A        | 0x00000000
[SYS] Drops            | 0x00000000 | N/A        | 0x00000000
[SYS] ------------------------ VSPAs ---------------------------
[SYS]                  | 0          | 1          | 2
[SYS] Error            | 0x00000000 | 0x00000000 | 0x00000000
[SYS] SYM WR           | 0x00000012 | N/A        | 0x0000001a
[SYS] SYM RD           | 0x00000012 | N/A        | 0x0000001a
[SYS] CMD WR           | 0x00000007 | 0x00000006 | 0x00000005
[SYS] CMD RD           | 0x00000007 | 0x00000006 | 0x00000005
[SYS] ------------------------ Info ----------------------------
[SYS]                  | Downlink           | Uplink
[SYS] RF / fine Gain   |     17 /   -0.8    | 0x42
[SYS] PwrAvg(dBFs/dBm) | N/A                | N/A
[SYS] PwrMax(dBFS)     | N/A                | N/A
[SYS] Showtime 93 seconds

[SYS] ------------------------ Data Direction -------------------
[SYS]                  | Downlink           | Uplink
[SYS] CPlane Total     | 0x0000000000000000 | 0x0000000000000000
[SYS] CPlane OnTime    | 0x0000000000000000 | 0x0000000000000000
[SYS] CPlane Early     | 0x0000000000000000 | 0x0000000000000000
[SYS] CPlane Late      | 0x0000000000000000 | 0x0000000000000000
[SYS] CPlane Corrupt   | 0x0000000000000000 | 0x0000000000000000
[SYS] UPlane Total     | 0x0000000000000000 | 0x0000000000000000
[SYS] UPlane OnTime    | 0x0000000000000000 | N/A
[SYS] UPlane Ealry     | 0x0000000000000000 | N/A
[SYS] UPlane Late      | 0x0000000000000000 | N/A
[SYS] UPlane Corrupt   | 0x0000000000000000 | N/A
[SYS] Eth Pkt Good     | 0x000007ae         | 0x0000180d
[SYS] Eth Pkt Drop     | 0x00000000         | 0x00000000
[SYS] AXIQ status      | 0x00000303         | 0x00010101
[SYS] ------------------------ Tasks ---------------------------
[SYS]                  | UP         | CP         | RT
[SYS] Error            | 0x00000000 | 0x00000000 | 0x00000000
[SYS] Heartbeats       | 0x024c2980 | N/A        | N/A
[SYS] Counts           | 0x00000000 | N/A        | 0x00000000
[SYS] Drops            | 0x00000000 | N/A        | 0x00000000
[SYS] ------------------------ VSPAs ---------------------------
[SYS]                  | 0          | 1          | 2
[SYS] Error            | 0x00000000 | 0x00000000 | 0x00000000
[SYS] SYM WR           | 0x00000012 | N/A        | 0x0000001a
[SYS] SYM RD           | 0x00000012 | N/A        | 0x0000001a
[SYS] CMD WR           | 0x00000007 | 0x00000006 | 0x00000005
[SYS] CMD RD           | 0x00000007 | 0x00000006 | 0x00000005
[SYS] ------------------------ Info ----------------------------
[SYS]                  | Downlink           | Uplink
[SYS] RF / fine Gain   |     17 /   -0.8    | 0x42
[SYS] PwrAvg(dBFs/dBm) | N/A                | N/A
[SYS] PwrMax(dBFS)     | N/A                | N/A
[SYS] Showtime 94 seconds

[SYS] ------------------------ Data Direction -------------------
[SYS]                  | Downlink           | Uplink
[SYS] CPlane Total     | 0x0000000000000000 | 0x0000000000000000
[SYS] CPlane OnTime    | 0x0000000000000000 | 0x0000000000000000
[SYS] CPlane Early     | 0x0000000000000000 | 0x0000000000000000
[SYS] CPlane Late      | 0x0000000000000000 | 0x0000000000000000
[SYS] CPlane Corrupt   | 0x0000000000000000 | 0x0000000000000000
[SYS] UPlane Total     | 0x0000000000000000 | 0x0000000000000000
[SYS] UPlane OnTime    | 0x0000000000000000 | N/A
[SYS] UPlane Ealry     | 0x0000000000000000 | N/A
[SYS] UPlane Late      | 0x0000000000000000 | N/A
[SYS] UPlane Corrupt   | 0x0000000000000000 | N/A
[SYS] Eth Pkt Good     | 0x000007b0         | 0x00001830
[SYS] Eth Pkt Drop     | 0x00000000         | 0x00000000
[SYS] AXIQ status      | 0x00000303         | 0x00010101
[SYS] ------------------------ Tasks ---------------------------
[SYS]                  | UP         | CP         | RT
[SYS] Error            | 0x00000000 | 0x00000000 | 0x00000000
[SYS] Heartbeats       | 0x0252729f | N/A        | N/A
[SYS] Counts           | 0x00000000 | N/A        | 0x00000000
[SYS] Drops            | 0x00000000 | N/A        | 0x00000000
[SYS] ------------------------ VSPAs ---------------------------
[SYS]                  | 0          | 1          | 2
[SYS] Error            | 0x00000000 | 0x00000000 | 0x00000000
[SYS] SYM WR           | 0x00000012 | N/A        | 0x0000001a
[SYS] SYM RD           | 0x00000012 | N/A        | 0x0000001a
[SYS] CMD WR           | 0x00000007 | 0x00000006 | 0x00000005
[SYS] CMD RD           | 0x00000007 | 0x00000006 | 0x00000005
[SYS] ------------------------ Info ----------------------------
[SYS]                  | Downlink           | Uplink
[SYS] RF / fine Gain   |     17 /   -0.8    | 0x42
[SYS] PwrAvg(dBFs/dBm) | N/A                | N/A
[SYS] PwrMax(dBFS)     | N/A                | N/A
[SYS] Showtime 95 seconds

[SYS] ------------------------ Data Direction -------------------
[SYS]                  | Downlink           | Uplink
[SYS] CPlane Total     | 0x0000000000000000 | 0x0000000000000000
[SYS] CPlane OnTime    | 0x0000000000000000 | 0x0000000000000000
[SYS] CPlane Early     | 0x0000000000000000 | 0x0000000000000000
[SYS] CPlane Late      | 0x0000000000000000 | 0x0000000000000000
[SYS] CPlane Corrupt   | 0x0000000000000000 | 0x0000000000000000
[SYS] UPlane Total     | 0x0000000000000000 | 0x0000000000000000
[SYS] UPlane OnTime    | 0x0000000000000000 | N/A
[SYS] UPlane Ealry     | 0x0000000000000000 | N/A
[SYS] UPlane Late      | 0x0000000000000000 | N/A
[SYS] UPlane Corrupt   | 0x0000000000000000 | N/A
[SYS] Eth Pkt Good     | 0x000007b1         | 0x00001853
[SYS] Eth Pkt Drop     | 0x00000000         | 0x00000000
[SYS] AXIQ status      | 0x00000303         | 0x00010101
[SYS] ------------------------ Tasks ---------------------------
[SYS]                  | UP         | CP         | RT
[SYS] Error            | 0x00000000 | 0x00000000 | 0x00000000
[SYS] Heartbeats       | 0x0258ad78 | N/A        | N/A
[SYS] Counts           | 0x00000000 | N/A        | 0x00000000
[SYS] Drops            | 0x00000000 | N/A        | 0x00000000
[SYS] ------------------------ VSPAs ---------------------------
[SYS]                  | 0          | 1          | 2
[SYS] Error            | 0x00000000 | 0x00000000 | 0x00000000
[SYS] SYM WR           | 0x00000012 | N/A        | 0x0000001a
[SYS] SYM RD           | 0x00000012 | N/A        | 0x0000001a
[SYS] CMD WR           | 0x00000007 | 0x00000006 | 0x00000005
[SYS] CMD RD           | 0x00000007 | 0x00000006 | 0x00000005
[SYS] ------------------------ Info ----------------------------
[SYS]                  | Downlink           | Uplink
[SYS] RF / fine Gain   |     17 /   -0.8    | 0x42
[SYS] PwrAvg(dBFs/dBm) | N/A                | N/A
[SYS] PwrMax(dBFS)     | N/A                | N/A
[SYS] Showtime 96 seconds

[SYS] ------------------------ Data Direction -------------------
[SYS]                  | Downlink           | Uplink
[SYS] CPlane Total     | 0x0000000000000000 | 0x0000000000000000
[SYS] CPlane OnTime    | 0x0000000000000000 | 0x0000000000000000
[SYS] CPlane Early     | 0x0000000000000000 | 0x0000000000000000
[SYS] CPlane Late      | 0x0000000000000000 | 0x0000000000000000
[SYS] CPlane Corrupt   | 0x0000000000000000 | 0x0000000000000000
[SYS] UPlane Total     | 0x0000000000000000 | 0x0000000000000000
[SYS] UPlane OnTime    | 0x0000000000000000 | N/A
[SYS] UPlane Ealry     | 0x0000000000000000 | N/A
[SYS] UPlane Late      | 0x0000000000000000 | N/A
[SYS] UPlane Corrupt   | 0x0000000000000000 | N/A
[SYS] Eth Pkt Good     | 0x000007b3         | 0x00001877
[SYS] Eth Pkt Drop     | 0x00000000         | 0x00000000
[SYS] AXIQ status      | 0x00000303         | 0x00010101
[SYS] ------------------------ Tasks ---------------------------
[SYS]                  | UP         | CP         | RT
[SYS] Error            | 0x00000000 | 0x00000000 | 0x00000000
[SYS] Heartbeats       | 0x025ee855 | N/A        | N/A
[SYS] Counts           | 0x00000000 | N/A        | 0x00000000
[SYS] Drops            | 0x00000000 | N/A        | 0x00000000
[SYS] ------------------------ VSPAs ---------------------------
[SYS]                  | 0          | 1          | 2
[SYS] Error            | 0x00000000 | 0x00000000 | 0x00000000
[SYS] SYM WR           | 0x00000012 | N/A        | 0x0000001a
[SYS] SYM RD           | 0x00000012 | N/A        | 0x0000001a
[SYS] CMD WR           | 0x00000007 | 0x00000006 | 0x00000005
[SYS] CMD RD           | 0x00000007 | 0x00000006 | 0x00000005
[SYS] ------------------------ Info ----------------------------
[SYS]                  | Downlink           | Uplink
[SYS] RF / fine Gain   |     17 /   -0.8    | 0x42
[SYS] PwrAvg(dBFs/dBm) | N/A                | N/A
[SYS] PwrMax(dBFS)     | N/A                | N/A
[SYS] Showtime 97 seconds

[SYS] ------------------------ Data Direction -------------------
[SYS]                  | Downlink           | Uplink
[SYS] CPlane Total     | 0x0000000000000000 | 0x0000000000000000
[SYS] CPlane OnTime    | 0x0000000000000000 | 0x0000000000000000
[SYS] CPlane Early     | 0x0000000000000000 | 0x0000000000000000
[SYS] CPlane Late      | 0x0000000000000000 | 0x0000000000000000
[SYS] CPlane Corrupt   | 0x0000000000000000 | 0x0000000000000000
[SYS] UPlane Total     | 0x0000000000000000 | 0x0000000000000000
[SYS] UPlane OnTime    | 0x0000000000000000 | N/A
[SYS] UPlane Ealry     | 0x0000000000000000 | N/A
[SYS] UPlane Late      | 0x0000000000000000 | N/A
[SYS] UPlane Corrupt   | 0x0000000000000000 | N/A
[SYS] Eth Pkt Good     | 0x000007b4         | 0x0000189a
[SYS] Eth Pkt Drop     | 0x00000000         | 0x00000000
[SYS] AXIQ status      | 0x00000303         | 0x00010101
[SYS] ------------------------ Tasks ---------------------------
[SYS]                  | UP         | CP         | RT
[SYS] Error            | 0x00000000 | 0x00000000 | 0x00000000
[SYS] Heartbeats       | 0x0265233e | N/A        | N/A
[SYS] Counts           | 0x00000000 | N/A        | 0x00000000
[SYS] Drops            | 0x00000000 | N/A        | 0x00000000
[SYS] ------------------------ VSPAs ---------------------------
[SYS]                  | 0          | 1          | 2
[SYS] Error            | 0x00000000 | 0x00000000 | 0x00000000
[SYS] SYM WR           | 0x00000012 | N/A        | 0x0000001a
[SYS] SYM RD           | 0x00000012 | N/A        | 0x0000001a
[SYS] CMD WR           | 0x00000007 | 0x00000006 | 0x00000005
[SYS] CMD RD           | 0x00000007 | 0x00000006 | 0x00000005
[SYS] ------------------------ Info ----------------------------
[SYS]                  | Downlink           | Uplink
[SYS] RF / fine Gain   |     17 /   -0.8    | 0x42
[SYS] PwrAvg(dBFs/dBm) | N/A                | N/A
[SYS] PwrMax(dBFS)     | N/A                | N/A
[SYS] Showtime 98 seconds

[SYS] ------------------------ Data Direction -------------------
[SYS]                  | Downlink           | Uplink
[SYS] CPlane Total     | 0x0000000000000000 | 0x0000000000000000
[SYS] CPlane OnTime    | 0x0000000000000000 | 0x0000000000000000
[SYS] CPlane Early     | 0x0000000000000000 | 0x0000000000000000
[SYS] CPlane Late      | 0x0000000000000000 | 0x0000000000000000
[SYS] CPlane Corrupt   | 0x0000000000000000 | 0x0000000000000000
[SYS] UPlane Total     | 0x0000000000000000 | 0x0000000000000000
[SYS] UPlane OnTime    | 0x0000000000000000 | N/A
[SYS] UPlane Ealry     | 0x0000000000000000 | N/A
[SYS] UPlane Late      | 0x0000000000000000 | N/A
[SYS] UPlane Corrupt   | 0x0000000000000000 | N/A
[SYS] Eth Pkt Good     | 0x000007b6         | 0x000018be
[SYS] Eth Pkt Drop     | 0x00000000         | 0x00000000
[SYS] AXIQ status      | 0x00000303         | 0x00010101
[SYS] ------------------------ Tasks ---------------------------
[SYS]                  | UP         | CP         | RT
[SYS] Error            | 0x00000000 | 0x00000000 | 0x00000000
[SYS] Heartbeats       | 0x026b6101 | N/A        | N/A
[SYS] Counts           | 0x00000000 | N/A        | 0x00000000
[SYS] Drops            | 0x00000000 | N/A        | 0x00000000
[SYS] ------------------------ VSPAs ---------------------------
[SYS]                  | 0          | 1          | 2
[SYS] Error            | 0x00000000 | 0x00000000 | 0x00000000
[SYS] SYM WR           | 0x00000012 | N/A        | 0x0000001a
[SYS] SYM RD           | 0x00000012 | N/A        | 0x0000001a
[SYS] CMD WR           | 0x00000007 | 0x00000006 | 0x00000005
[SYS] CMD RD           | 0x00000007 | 0x00000006 | 0x00000005
[SYS] ------------------------ Info ----------------------------
[SYS]                  | Downlink           | Uplink
[SYS] RF / fine Gain   |     17 /   -0.8    | 0x42
[SYS] PwrAvg(dBFs/dBm) | N/A                | N/A
[SYS] PwrMax(dBFS)     | N/A                | N/A
[SYS] Showtime 99 seconds

[SYS] ------------------------ Data Direction -------------------
[SYS]                  | Downlink           | Uplink
[SYS] CPlane Total     | 0x0000000000000000 | 0x0000000000000000
[SYS] CPlane OnTime    | 0x0000000000000000 | 0x0000000000000000
[SYS] CPlane Early     | 0x0000000000000000 | 0x0000000000000000
[SYS] CPlane Late      | 0x0000000000000000 | 0x0000000000000000
[SYS] CPlane Corrupt   | 0x0000000000000000 | 0x0000000000000000
[SYS] UPlane Total     | 0x0000000000000000 | 0x0000000000000000
[SYS] UPlane OnTime    | 0x0000000000000000 | N/A
[SYS] UPlane Ealry     | 0x0000000000000000 | N/A
[SYS] UPlane Late      | 0x0000000000000000 | N/A
[SYS] UPlane Corrupt   | 0x0000000000000000 | N/A
[SYS] Eth Pkt Good     | 0x000007b7         | 0x000018e1
[SYS] Eth Pkt Drop     | 0x00000000         | 0x00000000
[SYS] AXIQ status      | 0x00000303         | 0x00010101
[SYS] ------------------------ Tasks ---------------------------
[SYS]                  | UP         | CP         | RT
[SYS] Error            | 0x00000000 | 0x00000000 | 0x00000000
[SYS] Heartbeats       | 0x02719be8 | N/A        | N/A
[SYS] Counts           | 0x00000000 | N/A        | 0x00000000
[SYS] Drops            | 0x00000000 | N/A        | 0x00000000
[SYS] ------------------------ VSPAs ---------------------------
[SYS]                  | 0          | 1          | 2
[SYS] Error            | 0x00000000 | 0x00000000 | 0x00000000
[SYS] SYM WR           | 0x00000012 | N/A        | 0x0000001a
[SYS] SYM RD           | 0x00000012 | N/A        | 0x0000001a
[SYS] CMD WR           | 0x00000007 | 0x00000006 | 0x00000005
[SYS] CMD RD           | 0x00000007 | 0x00000006 | 0x00000005
[SYS] ------------------------ Info ----------------------------
[SYS]                  | Downlink           | Uplink
[SYS] RF / fine Gain   |     17 /   -0.8    | 0x42
[SYS] PwrAvg(dBFs/dBm) | N/A                | N/A
[SYS] PwrMax(dBFS)     | N/A                | N/A
[SYS] Showtime 100 seconds

[SYS] ------------------------ Data Direction -------------------
[SYS]                  | Downlink           | Uplink
[SYS] CPlane Total     | 0x0000000000000000 | 0x0000000000000000
[SYS] CPlane OnTime    | 0x0000000000000000 | 0x0000000000000000
[SYS] CPlane Early     | 0x0000000000000000 | 0x0000000000000000
[SYS] CPlane Late      | 0x0000000000000000 | 0x0000000000000000
[SYS] CPlane Corrupt   | 0x0000000000000000 | 0x0000000000000000
[SYS] UPlane Total     | 0x0000000000000000 | 0x0000000000000000
[SYS] UPlane OnTime    | 0x0000000000000000 | N/A
[SYS] UPlane Ealry     | 0x0000000000000000 | N/A
[SYS] UPlane Late      | 0x0000000000000000 | N/A
[SYS] UPlane Corrupt   | 0x0000000000000000 | N/A
[SYS] Eth Pkt Good     | 0x000007b8         | 0x00001905
[SYS] Eth Pkt Drop     | 0x00000000         | 0x00000000
[SYS] AXIQ status      | 0x00000303         | 0x00010101
[SYS] ------------------------ Tasks ---------------------------
[SYS]                  | UP         | CP         | RT
[SYS] Error            | 0x00000000 | 0x00000000 | 0x00000000
[SYS] Heartbeats       | 0x0277d6ca | N/A        | N/A
[SYS] Counts           | 0x00000000 | N/A        | 0x00000000
[SYS] Drops            | 0x00000000 | N/A        | 0x00000000
[SYS] ------------------------ VSPAs ---------------------------
[SYS]                  | 0          | 1          | 2
[SYS] Error            | 0x00000000 | 0x00000000 | 0x00000000
[SYS] SYM WR           | 0x00000012 | N/A        | 0x0000001a
[SYS] SYM RD           | 0x00000012 | N/A        | 0x0000001a
[SYS] CMD WR           | 0x00000007 | 0x00000006 | 0x00000005
[SYS] CMD RD           | 0x00000007 | 0x00000006 | 0x00000005
[SYS] ------------------------ Info ----------------------------
[SYS]                  | Downlink           | Uplink
[SYS] RF / fine Gain   |     17 /   -0.8    | 0x42
[SYS] PwrAvg(dBFs/dBm) | N/A                | N/A
[SYS] PwrMax(dBFS)     | N/A                | N/A
[SYS] Showtime 101 seconds

[SYS] ------------------------ Data Direction -------------------
[SYS]                  | Downlink           | Uplink
[SYS] CPlane Total     | 0x0000000000000000 | 0x0000000000000000
[SYS] CPlane OnTime    | 0x0000000000000000 | 0x0000000000000000
[SYS] CPlane Early     | 0x0000000000000000 | 0x0000000000000000
[SYS] CPlane Late      | 0x0000000000000000 | 0x0000000000000000
[SYS] CPlane Corrupt   | 0x0000000000000000 | 0x0000000000000000
[SYS] UPlane Total     | 0x0000000000000000 | 0x0000000000000000
[SYS] UPlane OnTime    | 0x0000000000000000 | N/A
[SYS] UPlane Ealry     | 0x0000000000000000 | N/A
[SYS] UPlane Late      | 0x0000000000000000 | N/A
[SYS] UPlane Corrupt   | 0x0000000000000000 | N/A
[SYS] Eth Pkt Good     | 0x000007cc         | 0x0000193a
[SYS] Eth Pkt Drop     | 0x00000000         | 0x00000000
[SYS] AXIQ status      | 0x00000303         | 0x00010101
[SYS] ------------------------ Tasks ---------------------------
[SYS]                  | UP         | CP         | RT
[SYS] Error            | 0x00000000 | 0x00000000 | 0x00000000
[SYS] Heartbeats       | 0x027e210c | N/A        | N/A
[SYS] Counts           | 0x00000000 | N/A        | 0x00000000
[SYS] Drops            | 0x00000000 | N/A        | 0x00000000
[SYS] ------------------------ VSPAs ---------------------------
[SYS]                  | 0          | 1          | 2
[SYS] Error            | 0x00000000 | 0x00000000 | 0x00000000
[SYS] SYM WR           | 0x00000012 | N/A        | 0x0000001a
[SYS] SYM RD           | 0x00000012 | N/A        | 0x0000001a
[SYS] CMD WR           | 0x00000007 | 0x00000006 | 0x00000005
[SYS] CMD RD           | 0x00000007 | 0x00000006 | 0x00000005
[SYS] ------------------------ Info ----------------------------
[SYS]                  | Downlink           | Uplink
[SYS] RF / fine Gain   |     17 /   -0.8    | 0x42
[SYS] PwrAvg(dBFs/dBm) | N/A                | N/A
[SYS] PwrMax(dBFS)     | N/A                | N/A
[SYS] Showtime 102 seconds

[SYS] ------------------------ Data Direction -------------------
[SYS]                  | Downlink           | Uplink
[SYS] CPlane Total     | 0x0000000000000000 | 0x0000000000000000
[SYS] CPlane OnTime    | 0x0000000000000000 | 0x0000000000000000
[SYS] CPlane Early     | 0x0000000000000000 | 0x0000000000000000
[SYS] CPlane Late      | 0x0000000000000000 | 0x0000000000000000
[SYS] CPlane Corrupt   | 0x0000000000000000 | 0x0000000000000000
[SYS] UPlane Total     | 0x0000000000000000 | 0x0000000000000000
[SYS] UPlane OnTime    | 0x0000000000000000 | N/A
[SYS] UPlane Ealry     | 0x0000000000000000 | N/A
[SYS] UPlane Late      | 0x0000000000000000 | N/A
[SYS] UPlane Corrupt   | 0x0000000000000000 | N/A
[SYS] Eth Pkt Good     | 0x000007d9         | 0x00001969
[SYS] Eth Pkt Drop     | 0x00000000         | 0x00000000
[SYS] AXIQ status      | 0x00000303         | 0x00010101
[SYS] ------------------------ Tasks ---------------------------
[SYS]                  | UP         | CP         | RT
[SYS] Error            | 0x00000000 | 0x00000000 | 0x00000000
[SYS] Heartbeats       | 0x02845ab7 | N/A        | N/A
[SYS] Counts           | 0x00000000 | N/A        | 0x00000000
[SYS] Drops            | 0x00000000 | N/A        | 0x00000000
[SYS] ------------------------ VSPAs ---------------------------
[SYS]                  | 0          | 1          | 2
[SYS] Error            | 0x00000000 | 0x00000000 | 0x00000000
[SYS] SYM WR           | 0x00000012 | N/A        | 0x0000001a
[SYS] SYM RD           | 0x00000012 | N/A        | 0x0000001a
[SYS] CMD WR           | 0x00000007 | 0x00000006 | 0x00000005
[SYS] CMD RD           | 0x00000007 | 0x00000006 | 0x00000005
[SYS] ------------------------ Info ----------------------------
[SYS]                  | Downlink           | Uplink
[SYS] RF / fine Gain   |     17 /   -0.8    | 0x42
[SYS] PwrAvg(dBFs/dBm) | N/A                | N/A
[SYS] PwrMax(dBFS)     | N/A                | N/A
[SYS] Showtime 103 seconds

[SYS] ------------------------ Data Direction -------------------
[SYS]                  | Downlink           | Uplink
[SYS] CPlane Total     | 0x0000000000000000 | 0x0000000000000000
[SYS] CPlane OnTime    | 0x0000000000000000 | 0x0000000000000000
[SYS] CPlane Early     | 0x0000000000000000 | 0x0000000000000000
[SYS] CPlane Late      | 0x0000000000000000 | 0x0000000000000000
[SYS] CPlane Corrupt   | 0x0000000000000000 | 0x0000000000000000
[SYS] UPlane Total     | 0x0000000000000000 | 0x0000000000000000
[SYS] UPlane OnTime    | 0x0000000000000000 | N/A
[SYS] UPlane Ealry     | 0x0000000000000000 | N/A
[SYS] UPlane Late      | 0x0000000000000000 | N/A
[SYS] UPlane Corrupt   | 0x0000000000000000 | N/A
[SYS] Eth Pkt Good     | 0x000007db         | 0x0000198d
[SYS] Eth Pkt Drop     | 0x00000000         | 0x00000000
[SYS] AXIQ status      | 0x00000303         | 0x00010101
[SYS] ------------------------ Tasks ---------------------------
[SYS]                  | UP         | CP         | RT
[SYS] Error            | 0x00000000 | 0x00000000 | 0x00000000
[SYS] Heartbeats       | 0x028a9597 | N/A        | N/A
[SYS] Counts           | 0x00000000 | N/A        | 0x00000000
[SYS] Drops            | 0x00000000 | N/A        | 0x00000000
[SYS] ------------------------ VSPAs ---------------------------
[SYS]                  | 0          | 1          | 2
[SYS] Error            | 0x00000000 | 0x00000000 | 0x00000000
[SYS] SYM WR           | 0x00000012 | N/A        | 0x0000001a
[SYS] SYM RD           | 0x00000012 | N/A        | 0x0000001a
[SYS] CMD WR           | 0x00000007 | 0x00000006 | 0x00000005
[SYS] CMD RD           | 0x00000007 | 0x00000006 | 0x00000005
[SYS] ------------------------ Info ----------------------------
[SYS]                  | Downlink           | Uplink
[SYS] RF / fine Gain   |     17 /   -0.8    | 0x42
[SYS] PwrAvg(dBFs/dBm) | N/A                | N/A
[SYS] PwrMax(dBFS)     | N/A                | N/A
[SYS] Showtime 104 seconds

[SYS] ------------------------ Data Direction -------------------
[SYS]                  | Downlink           | Uplink
[SYS] CPlane Total     | 0x0000000000000000 | 0x0000000000000000
[SYS] CPlane OnTime    | 0x0000000000000000 | 0x0000000000000000
[SYS] CPlane Early     | 0x0000000000000000 | 0x0000000000000000
[SYS] CPlane Late      | 0x0000000000000000 | 0x0000000000000000
[SYS] CPlane Corrupt   | 0x0000000000000000 | 0x0000000000000000
[SYS] UPlane Total     | 0x0000000000000000 | 0x0000000000000000
[SYS] UPlane OnTime    | 0x0000000000000000 | N/A
[SYS] UPlane Ealry     | 0x0000000000000000 | N/A
[SYS] UPlane Late      | 0x0000000000000000 | N/A
[SYS] UPlane Corrupt   | 0x0000000000000000 | N/A
[SYS] Eth Pkt Good     | 0x000007dc         | 0x000019b0
[SYS] Eth Pkt Drop     | 0x00000000         | 0x00000000
[SYS] AXIQ status      | 0x00000303         | 0x00010101
[SYS] ------------------------ Tasks ---------------------------
[SYS]                  | UP         | CP         | RT
[SYS] Error            | 0x00000000 | 0x00000000 | 0x00000000
[SYS] Heartbeats       | 0x0290d086 | N/A        | N/A
[SYS] Counts           | 0x00000000 | N/A        | 0x00000000
[SYS] Drops            | 0x00000000 | N/A        | 0x00000000
[SYS] ------------------------ VSPAs ---------------------------
[SYS]                  | 0          | 1          | 2
[SYS] Error            | 0x00000000 | 0x00000000 | 0x00000000
[SYS] SYM WR           | 0x00000012 | N/A        | 0x0000001a
[SYS] SYM RD           | 0x00000012 | N/A        | 0x0000001a
[SYS] CMD WR           | 0x00000007 | 0x00000006 | 0x00000005
[SYS] CMD RD           | 0x00000007 | 0x00000006 | 0x00000005
[SYS] ------------------------ Info ----------------------------
[SYS]                  | Downlink           | Uplink
[SYS] RF / fine Gain   |     17 /   -0.8    | 0x42
[SYS] PwrAvg(dBFs/dBm) | N/A                | N/A
[SYS] PwrMax(dBFS)     | N/A                | N/A
[SYS] Showtime 105 seconds

[SYS] ------------------------ Data Direction -------------------
[SYS]                  | Downlink           | Uplink
[SYS] CPlane Total     | 0x0000000000000000 | 0x0000000000000000
[SYS] CPlane OnTime    | 0x0000000000000000 | 0x0000000000000000
[SYS] CPlane Early     | 0x0000000000000000 | 0x0000000000000000
[SYS] CPlane Late      | 0x0000000000000000 | 0x0000000000000000
[SYS] CPlane Corrupt   | 0x0000000000000000 | 0x0000000000000000
[SYS] UPlane Total     | 0x0000000000000000 | 0x0000000000000000
[SYS] UPlane OnTime    | 0x0000000000000000 | N/A
[SYS] UPlane Ealry     | 0x0000000000000000 | N/A
[SYS] UPlane Late      | 0x0000000000000000 | N/A
[SYS] UPlane Corrupt   | 0x0000000000000000 | N/A
[SYS] Eth Pkt Good     | 0x000007de         | 0x000019d4
[SYS] Eth Pkt Drop     | 0x00000000         | 0x00000000
[SYS] AXIQ status      | 0x00000303         | 0x00010101
[SYS] ------------------------ Tasks ---------------------------
[SYS]                  | UP         | CP         | RT
[SYS] Error            | 0x00000000 | 0x00000000 | 0x00000000
[SYS] Heartbeats       | 0x02970e40 | N/A        | N/A
[SYS] Counts           | 0x00000000 | N/A        | 0x00000000
[SYS] Drops            | 0x00000000 | N/A        | 0x00000000
[SYS] ------------------------ VSPAs ---------------------------
[SYS]                  | 0          | 1          | 2
[SYS] Error            | 0x00000000 | 0x00000000 | 0x00000000
[SYS] SYM WR           | 0x00000012 | N/A        | 0x0000001a
[SYS] SYM RD           | 0x00000012 | N/A        | 0x0000001a
[SYS] CMD WR           | 0x00000007 | 0x00000006 | 0x00000005
[SYS] CMD RD           | 0x00000007 | 0x00000006 | 0x00000005
[SYS] ------------------------ Info ----------------------------
[SYS]                  | Downlink           | Uplink
[SYS] RF / fine Gain   |     17 /   -0.8    | 0x42
[SYS] PwrAvg(dBFs/dBm) | N/A                | N/A
[SYS] PwrMax(dBFS)     | N/A                | N/A
[SYS] Showtime 106 seconds

[SYS] ------------------------ Data Direction -------------------
[SYS]                  | Downlink           | Uplink
[SYS] CPlane Total     | 0x0000000000000000 | 0x0000000000000000
[SYS] CPlane OnTime    | 0x0000000000000000 | 0x0000000000000000
[SYS] CPlane Early     | 0x0000000000000000 | 0x0000000000000000
[SYS] CPlane Late      | 0x0000000000000000 | 0x0000000000000000
[SYS] CPlane Corrupt   | 0x0000000000000000 | 0x0000000000000000
[SYS] UPlane Total     | 0x0000000000000000 | 0x0000000000000000
[SYS] UPlane OnTime    | 0x0000000000000000 | N/A
[SYS] UPlane Ealry     | 0x0000000000000000 | N/A
[SYS] UPlane Late      | 0x0000000000000000 | N/A
[SYS] UPlane Corrupt   | 0x0000000000000000 | N/A
[SYS] Eth Pkt Good     | 0x000007df         | 0x000019f7
[SYS] Eth Pkt Drop     | 0x00000000         | 0x00000000
[SYS] AXIQ status      | 0x00000303         | 0x00010101
[SYS] ------------------------ Tasks ---------------------------
[SYS]                  | UP         | CP         | RT
[SYS] Error            | 0x00000000 | 0x00000000 | 0x00000000
[SYS] Heartbeats       | 0x029d4928 | N/A        | N/A
[SYS] Counts           | 0x00000000 | N/A        | 0x00000000
[SYS] Drops            | 0x00000000 | N/A        | 0x00000000
[SYS] ------------------------ VSPAs ---------------------------
[SYS]                  | 0          | 1          | 2
[SYS] Error            | 0x00000000 | 0x00000000 | 0x00000000
[SYS] SYM WR           | 0x00000012 | N/A        | 0x0000001a
[SYS] SYM RD           | 0x00000012 | N/A        | 0x0000001a
[SYS] CMD WR           | 0x00000007 | 0x00000006 | 0x00000005
[SYS] CMD RD           | 0x00000007 | 0x00000006 | 0x00000005
[SYS] ------------------------ Info ----------------------------
[SYS]                  | Downlink           | Uplink
[SYS] RF / fine Gain   |     17 /   -0.8    | 0x42
[SYS] PwrAvg(dBFs/dBm) | N/A                | N/A
[SYS] PwrMax(dBFS)     | N/A                | N/A
[SYS] Showtime 107 seconds

[SYS] ------------------------ Data Direction -------------------
[SYS]                  | Downlink           | Uplink
[SYS] CPlane Total     | 0x0000000000000000 | 0x0000000000000000
[SYS] CPlane OnTime    | 0x0000000000000000 | 0x0000000000000000
[SYS] CPlane Early     | 0x0000000000000000 | 0x0000000000000000
[SYS] CPlane Late      | 0x0000000000000000 | 0x0000000000000000
[SYS] CPlane Corrupt   | 0x0000000000000000 | 0x0000000000000000
[SYS] UPlane Total     | 0x0000000000000000 | 0x0000000000000000
[SYS] UPlane OnTime    | 0x0000000000000000 | N/A
[SYS] UPlane Ealry     | 0x0000000000000000 | N/A
[SYS] UPlane Late      | 0x0000000000000000 | N/A
[SYS] UPlane Corrupt   | 0x0000000000000000 | N/A
[SYS] Eth Pkt Good     | 0x000007e0         | 0x00001a1b
[SYS] Eth Pkt Drop     | 0x00000000         | 0x00000000
[SYS] AXIQ status      | 0x00000303         | 0x00010101
[SYS] ------------------------ Tasks ---------------------------
[SYS]                  | UP         | CP         | RT
[SYS] Error            | 0x00000000 | 0x00000000 | 0x00000000
[SYS] Heartbeats       | 0x02a383fe | N/A        | N/A
[SYS] Counts           | 0x00000000 | N/A        | 0x00000000
[SYS] Drops            | 0x00000000 | N/A        | 0x00000000
[SYS] ------------------------ VSPAs ---------------------------
[SYS]                  | 0          | 1          | 2
[SYS] Error            | 0x00000000 | 0x00000000 | 0x00000000
[SYS] SYM WR           | 0x00000012 | N/A        | 0x0000001a
[SYS] SYM RD           | 0x00000012 | N/A        | 0x0000001a
[SYS] CMD WR           | 0x00000007 | 0x00000006 | 0x00000005
[SYS] CMD RD           | 0x00000007 | 0x00000006 | 0x00000005
[SYS] ------------------------ Info ----------------------------
[SYS]                  | Downlink           | Uplink
[SYS] RF / fine Gain   |     17 /   -0.8    | 0x42
[SYS] PwrAvg(dBFs/dBm) | N/A                | N/A
[SYS] PwrMax(dBFS)     | N/A                | N/A
[SYS] Showtime 108 seconds

[SYS] ------------------------ Data Direction -------------------
[SYS]                  | Downlink           | Uplink
[SYS] CPlane Total     | 0x0000000000000000 | 0x0000000000000000
[SYS] CPlane OnTime    | 0x0000000000000000 | 0x0000000000000000
[SYS] CPlane Early     | 0x0000000000000000 | 0x0000000000000000
[SYS] CPlane Late      | 0x0000000000000000 | 0x0000000000000000
[SYS] CPlane Corrupt   | 0x0000000000000000 | 0x0000000000000000
[SYS] UPlane Total     | 0x0000000000000000 | 0x0000000000000000
[SYS] UPlane OnTime    | 0x0000000000000000 | N/A
[SYS] UPlane Ealry     | 0x0000000000000000 | N/A
[SYS] UPlane Late      | 0x0000000000000000 | N/A
[SYS] UPlane Corrupt   | 0x0000000000000000 | N/A
[SYS] Eth Pkt Good     | 0x000007e2         | 0x00001a3e
[SYS] Eth Pkt Drop     | 0x00000000         | 0x00000000
[SYS] AXIQ status      | 0x00000303         | 0x00010101
[SYS] ------------------------ Tasks ---------------------------
[SYS]                  | UP         | CP         | RT
[SYS] Error            | 0x00000000 | 0x00000000 | 0x00000000
[SYS] Heartbeats       | 0x02a9c1d0 | N/A        | N/A
[SYS] Counts           | 0x00000000 | N/A        | 0x00000000
[SYS] Drops            | 0x00000000 | N/A        | 0x00000000
[SYS] ------------------------ VSPAs ---------------------------
[SYS]                  | 0          | 1          | 2
[SYS] Error            | 0x00000000 | 0x00000000 | 0x00000000
[SYS] SYM WR           | 0x00000012 | N/A        | 0x0000001a
[SYS] SYM RD           | 0x00000012 | N/A        | 0x0000001a
[SYS] CMD WR           | 0x00000007 | 0x00000006 | 0x00000005
[SYS] CMD RD           | 0x00000007 | 0x00000006 | 0x00000005
[SYS] ------------------------ Info ----------------------------
[SYS]                  | Downlink           | Uplink
[SYS] RF / fine Gain   |     17 /   -0.8    | 0x42
[SYS] PwrAvg(dBFs/dBm) | N/A                | N/A
[SYS] PwrMax(dBFS)     | N/A                | N/A
[SYS] Showtime 109 seconds

[SYS] ------------------------ Data Direction -------------------
[SYS]                  | Downlink           | Uplink
[SYS] CPlane Total     | 0x0000000000000000 | 0x0000000000000000
[SYS] CPlane OnTime    | 0x0000000000000000 | 0x0000000000000000
[SYS] CPlane Early     | 0x0000000000000000 | 0x0000000000000000
[SYS] CPlane Late      | 0x0000000000000000 | 0x0000000000000000
[SYS] CPlane Corrupt   | 0x0000000000000000 | 0x0000000000000000
[SYS] UPlane Total     | 0x0000000000000000 | 0x0000000000000000
[SYS] UPlane OnTime    | 0x0000000000000000 | N/A
[SYS] UPlane Ealry     | 0x0000000000000000 | N/A
[SYS] UPlane Late      | 0x0000000000000000 | N/A
[SYS] UPlane Corrupt   | 0x0000000000000000 | N/A
[SYS] Eth Pkt Good     | 0x000007e3         | 0x00001a61
[SYS] Eth Pkt Drop     | 0x00000000         | 0x00000000
[SYS] AXIQ status      | 0x00000303         | 0x00010101
[SYS] ------------------------ Tasks ---------------------------
[SYS]                  | UP         | CP         | RT
[SYS] Error            | 0x00000000 | 0x00000000 | 0x00000000
[SYS] Heartbeats       | 0x02affcb3 | N/A        | N/A
[SYS] Counts           | 0x00000000 | N/A        | 0x00000000
[SYS] Drops            | 0x00000000 | N/A        | 0x00000000
[SYS] ------------------------ VSPAs ---------------------------
[SYS]                  | 0          | 1          | 2
[SYS] Error            | 0x00000000 | 0x00000000 | 0x00000000
[SYS] SYM WR           | 0x00000012 | N/A        | 0x0000001a
[SYS] SYM RD           | 0x00000012 | N/A        | 0x0000001a
[SYS] CMD WR           | 0x00000007 | 0x00000006 | 0x00000005
[SYS] CMD RD           | 0x00000007 | 0x00000006 | 0x00000005
[SYS] ------------------------ Info ----------------------------
[SYS]                  | Downlink           | Uplink
[SYS] RF / fine Gain   |     17 /   -0.8    | 0x42
[SYS] PwrAvg(dBFs/dBm) | N/A                | N/A
[SYS] PwrMax(dBFS)     | N/A                | N/A
[SYS] Showtime 110 seconds

[SYS] ------------------------ Data Direction -------------------
[SYS]                  | Downlink           | Uplink
[SYS] CPlane Total     | 0x0000000000000000 | 0x0000000000000000
[SYS] CPlane OnTime    | 0x0000000000000000 | 0x0000000000000000
[SYS] CPlane Early     | 0x0000000000000000 | 0x0000000000000000
[SYS] CPlane Late      | 0x0000000000000000 | 0x0000000000000000
[SYS] CPlane Corrupt   | 0x0000000000000000 | 0x0000000000000000
[SYS] UPlane Total     | 0x0000000000000000 | 0x0000000000000000
[SYS] UPlane OnTime    | 0x0000000000000000 | N/A
[SYS] UPlane Ealry     | 0x0000000000000000 | N/A
[SYS] UPlane Late      | 0x0000000000000000 | N/A
[SYS] UPlane Corrupt   | 0x0000000000000000 | N/A
[SYS] Eth Pkt Good     | 0x000007e5         | 0x00001a85
[SYS] Eth Pkt Drop     | 0x00000000         | 0x00000000
[SYS] AXIQ status      | 0x00000303         | 0x00010101
[SYS] ------------------------ Tasks ---------------------------
[SYS]                  | UP         | CP         | RT
[SYS] Error            | 0x00000000 | 0x00000000 | 0x00000000
[SYS] Heartbeats       | 0x02b63792 | N/A        | N/A
[SYS] Counts           | 0x00000000 | N/A        | 0x00000000
[SYS] Drops            | 0x00000000 | N/A        | 0x00000000
[SYS] ------------------------ VSPAs ---------------------------
[SYS]                  | 0          | 1          | 2
[SYS] Error            | 0x00000000 | 0x00000000 | 0x00000000
[SYS] SYM WR           | 0x00000012 | N/A        | 0x0000001a
[SYS] SYM RD           | 0x00000012 | N/A        | 0x0000001a
[SYS] CMD WR           | 0x00000007 | 0x00000006 | 0x00000005
[SYS] CMD RD           | 0x00000007 | 0x00000006 | 0x00000005
[SYS] ------------------------ Info ----------------------------
[SYS]                  | Downlink           | Uplink
[SYS] RF / fine Gain   |     17 /   -0.8    | 0x42
[SYS] PwrAvg(dBFs/dBm) | N/A                | N/A
[SYS] PwrMax(dBFS)     | N/A                | N/A
[SYS] Showtime 111 seconds

[SYS] ------------------------ Data Direction -------------------
[SYS]                  | Downlink           | Uplink
[SYS] CPlane Total     | 0x0000000000000000 | 0x0000000000000000
[SYS] CPlane OnTime    | 0x0000000000000000 | 0x0000000000000000
[SYS] CPlane Early     | 0x0000000000000000 | 0x0000000000000000
[SYS] CPlane Late      | 0x0000000000000000 | 0x0000000000000000
[SYS] CPlane Corrupt   | 0x0000000000000000 | 0x0000000000000000
[SYS] UPlane Total     | 0x0000000000000000 | 0x0000000000000000
[SYS] UPlane OnTime    | 0x0000000000000000 | N/A
[SYS] UPlane Ealry     | 0x0000000000000000 | N/A
[SYS] UPlane Late      | 0x0000000000000000 | N/A
[SYS] UPlane Corrupt   | 0x0000000000000000 | N/A
[SYS] Eth Pkt Good     | 0x000007e6         | 0x00001aa8
[SYS] Eth Pkt Drop     | 0x00000000         | 0x00000000
[SYS] AXIQ status      | 0x00000303         | 0x00010101
[SYS] ------------------------ Tasks ---------------------------
[SYS]                  | UP         | CP         | RT
[SYS] Error            | 0x00000000 | 0x00000000 | 0x00000000
[SYS] Heartbeats       | 0x02bc7287 | N/A        | N/A
[SYS] Counts           | 0x00000000 | N/A        | 0x00000000
[SYS] Drops            | 0x00000000 | N/A        | 0x00000000
[SYS] ------------------------ VSPAs ---------------------------
[SYS]                  | 0          | 1          | 2
[SYS] Error            | 0x00000000 | 0x00000000 | 0x00000000
[SYS] SYM WR           | 0x00000012 | N/A        | 0x0000001a
[SYS] SYM RD           | 0x00000012 | N/A        | 0x0000001a
[SYS] CMD WR           | 0x00000007 | 0x00000006 | 0x00000005
[SYS] CMD RD           | 0x00000007 | 0x00000006 | 0x00000005
[SYS] ------------------------ Info ----------------------------
[SYS]                  | Downlink           | Uplink
[SYS] RF / fine Gain   |     17 /   -0.8    | 0x42
[SYS] PwrAvg(dBFs/dBm) | N/A                | N/A
[SYS] PwrMax(dBFS)     | N/A                | N/A
[SYS] Showtime 112 seconds

[SYS] ------------------------ Data Direction -------------------
[SYS]                  | Downlink           | Uplink
[SYS] CPlane Total     | 0x0000000000000000 | 0x0000000000000000
[SYS] CPlane OnTime    | 0x0000000000000000 | 0x0000000000000000
[SYS] CPlane Early     | 0x0000000000000000 | 0x0000000000000000
[SYS] CPlane Late      | 0x0000000000000000 | 0x0000000000000000
[SYS] CPlane Corrupt   | 0x0000000000000000 | 0x0000000000000000
[SYS] UPlane Total     | 0x0000000000000000 | 0x0000000000000000
[SYS] UPlane OnTime    | 0x0000000000000000 | N/A
[SYS] UPlane Ealry     | 0x0000000000000000 | N/A
[SYS] UPlane Late      | 0x0000000000000000 | N/A
[SYS] UPlane Corrupt   | 0x0000000000000000 | N/A
[SYS] Eth Pkt Good     | 0x000007e8         | 0x00001acc
[SYS] Eth Pkt Drop     | 0x00000000         | 0x00000000
[SYS] AXIQ status      | 0x00000303         | 0x00010101
[SYS] ------------------------ Tasks ---------------------------
[SYS]                  | UP         | CP         | RT
[SYS] Error            | 0x00000000 | 0x00000000 | 0x00000000
[SYS] Heartbeats       | 0x02c2b043 | N/A        | N/A
[SYS] Counts           | 0x00000000 | N/A        | 0x00000000
[SYS] Drops            | 0x00000000 | N/A        | 0x00000000
[SYS] ------------------------ VSPAs ---------------------------
[SYS]                  | 0          | 1          | 2
[SYS] Error            | 0x00000000 | 0x00000000 | 0x00000000
[SYS] SYM WR           | 0x00000012 | N/A        | 0x0000001a
[SYS] SYM RD           | 0x00000012 | N/A        | 0x0000001a
[SYS] CMD WR           | 0x00000007 | 0x00000006 | 0x00000005
[SYS] CMD RD           | 0x00000007 | 0x00000006 | 0x00000005
[SYS] ------------------------ Info ----------------------------
[SYS]                  | Downlink           | Uplink
[SYS] RF / fine Gain   |     17 /   -0.8    | 0x42
[SYS] PwrAvg(dBFs/dBm) | N/A                | N/A
[SYS] PwrMax(dBFS)     | N/A                | N/A
[SYS] Showtime 113 seconds

[SYS] ------------------------ Data Direction -------------------
[SYS]                  | Downlink           | Uplink
[SYS] CPlane Total     | 0x0000000000000000 | 0x0000000000000000
[SYS] CPlane OnTime    | 0x0000000000000000 | 0x0000000000000000
[SYS] CPlane Early     | 0x0000000000000000 | 0x0000000000000000
[SYS] CPlane Late      | 0x0000000000000000 | 0x0000000000000000
[SYS] CPlane Corrupt   | 0x0000000000000000 | 0x0000000000000000
[SYS] UPlane Total     | 0x0000000000000000 | 0x0000000000000000
[SYS] UPlane OnTime    | 0x0000000000000000 | N/A
[SYS] UPlane Ealry     | 0x0000000000000000 | N/A
[SYS] UPlane Late      | 0x0000000000000000 | N/A
[SYS] UPlane Corrupt   | 0x0000000000000000 | N/A
[SYS] Eth Pkt Good     | 0x000007e9         | 0x00001aef
[SYS] Eth Pkt Drop     | 0x00000000         | 0x00000000
[SYS] AXIQ status      | 0x00000303         | 0x00010101
[SYS] ------------------------ Tasks ---------------------------
[SYS]                  | UP         | CP         | RT
[SYS] Error            | 0x00000000 | 0x00000000 | 0x00000000
[SYS] Heartbeats       | 0x02c8eb23 | N/A        | N/A
[SYS] Counts           | 0x00000000 | N/A        | 0x00000000
[SYS] Drops            | 0x00000000 | N/A        | 0x00000000
[SYS] ------------------------ VSPAs ---------------------------
[SYS]                  | 0          | 1          | 2
[SYS] Error            | 0x00000000 | 0x00000000 | 0x00000000
[SYS] SYM WR           | 0x00000012 | N/A        | 0x0000001a
[SYS] SYM RD           | 0x00000012 | N/A        | 0x0000001a
[SYS] CMD WR           | 0x00000007 | 0x00000006 | 0x00000005
[SYS] CMD RD           | 0x00000007 | 0x00000006 | 0x00000005
[SYS] ------------------------ Info ----------------------------
[SYS]                  | Downlink           | Uplink
[SYS] RF / fine Gain   |     17 /   -0.8    | 0x42
[SYS] PwrAvg(dBFs/dBm) | N/A                | N/A
[SYS] PwrMax(dBFS)     | N/A                | N/A
[SYS] Showtime 114 seconds

[SYS] ------------------------ Data Direction -------------------
[SYS]                  | Downlink           | Uplink
[SYS] CPlane Total     | 0x0000000000000000 | 0x0000000000000000
[SYS] CPlane OnTime    | 0x0000000000000000 | 0x0000000000000000
[SYS] CPlane Early     | 0x0000000000000000 | 0x0000000000000000
[SYS] CPlane Late      | 0x0000000000000000 | 0x0000000000000000
[SYS] CPlane Corrupt   | 0x0000000000000000 | 0x0000000000000000
[SYS] UPlane Total     | 0x0000000000000000 | 0x0000000000000000
[SYS] UPlane OnTime    | 0x0000000000000000 | N/A
[SYS] UPlane Ealry     | 0x0000000000000000 | N/A
[SYS] UPlane Late      | 0x0000000000000000 | N/A
[SYS] UPlane Corrupt   | 0x0000000000000000 | N/A
[SYS] Eth Pkt Good     | 0x000007f0         | 0x00001b18
[SYS] Eth Pkt Drop     | 0x00000000         | 0x00000000
[SYS] AXIQ status      | 0x00000303         | 0x00010101
[SYS] ------------------------ Tasks ---------------------------
[SYS]                  | UP         | CP         | RT
[SYS] Error            | 0x00000000 | 0x00000000 | 0x00000000
[SYS] Heartbeats       | 0x02cf2622 | N/A        | N/A
[SYS] Counts           | 0x00000000 | N/A        | 0x00000000
[SYS] Drops            | 0x00000000 | N/A        | 0x00000000
[SYS] ------------------------ VSPAs ---------------------------
[SYS]                  | 0          | 1          | 2
[SYS] Error            | 0x00000000 | 0x00000000 | 0x00000000
[SYS] SYM WR           | 0x00000012 | N/A        | 0x0000001a
[SYS] SYM RD           | 0x00000012 | N/A        | 0x0000001a
[SYS] CMD WR           | 0x00000007 | 0x00000006 | 0x00000005
[SYS] CMD RD           | 0x00000007 | 0x00000006 | 0x00000005
[SYS] ------------------------ Info ----------------------------
[SYS]                  | Downlink           | Uplink
[SYS] RF / fine Gain   |     17 /   -0.8    | 0x42
[SYS] PwrAvg(dBFs/dBm) | N/A                | N/A
[SYS] PwrMax(dBFS)     | N/A                | N/A
[SYS] Showtime 115 seconds

[SYS] ------------------------ Data Direction -------------------
[SYS]                  | Downlink           | Uplink
[SYS] CPlane Total     | 0x0000000000000000 | 0x0000000000000000
[SYS] CPlane OnTime    | 0x0000000000000000 | 0x0000000000000000
[SYS] CPlane Early     | 0x0000000000000000 | 0x0000000000000000
[SYS] CPlane Late      | 0x0000000000000000 | 0x0000000000000000
[SYS] CPlane Corrupt   | 0x0000000000000000 | 0x0000000000000000
[SYS] UPlane Total     | 0x0000000000000000 | 0x0000000000000000
[SYS] UPlane OnTime    | 0x0000000000000000 | N/A
[SYS] UPlane Ealry     | 0x0000000000000000 | N/A
[SYS] UPlane Late      | 0x0000000000000000 | N/A
[SYS] UPlane Corrupt   | 0x0000000000000000 | N/A
[SYS] Eth Pkt Good     | 0x0000080a         | 0x00001b54
[SYS] Eth Pkt Drop     | 0x00000000         | 0x00000000
[SYS] AXIQ status      | 0x00000303         | 0x00010101
[SYS] ------------------------ Tasks ---------------------------
[SYS]                  | UP         | CP         | RT
[SYS] Error            | 0x00000000 | 0x00000000 | 0x00000000
[SYS] Heartbeats       | 0x02d563e2 | N/A        | N/A
[SYS] Counts           | 0x00000000 | N/A        | 0x00000000
[SYS] Drops            | 0x00000000 | N/A        | 0x00000000
[SYS] ------------------------ VSPAs ---------------------------
[SYS]                  | 0          | 1          | 2
[SYS] Error            | 0x00000000 | 0x00000000 | 0x00000000
[SYS] SYM WR           | 0x00000012 | N/A        | 0x0000001a
[SYS] SYM RD           | 0x00000012 | N/A        | 0x0000001a
[SYS] CMD WR           | 0x00000007 | 0x00000006 | 0x00000005
[SYS] CMD RD           | 0x00000007 | 0x00000006 | 0x00000005
[SYS] ------------------------ Info ----------------------------
[SYS]                  | Downlink           | Uplink
[SYS] RF / fine Gain   |     17 /   -0.8    | 0x42
[SYS] PwrAvg(dBFs/dBm) | N/A                | N/A
[SYS] PwrMax(dBFS)     | N/A                | N/A
[SYS] Showtime 116 seconds

[SYS] ------------------------ Data Direction -------------------
[SYS]                  | Downlink           | Uplink
[SYS] CPlane Total     | 0x0000000000000000 | 0x0000000000000000
[SYS] CPlane OnTime    | 0x0000000000000000 | 0x0000000000000000
[SYS] CPlane Early     | 0x0000000000000000 | 0x0000000000000000
[SYS] CPlane Late      | 0x0000000000000000 | 0x0000000000000000
[SYS] CPlane Corrupt   | 0x0000000000000000 | 0x0000000000000000
[SYS] UPlane Total     | 0x0000000000000000 | 0x0000000000000000
[SYS] UPlane OnTime    | 0x0000000000000000 | N/A
[SYS] UPlane Ealry     | 0x0000000000000000 | N/A
[SYS] UPlane Late      | 0x0000000000000000 | N/A
[SYS] UPlane Corrupt   | 0x0000000000000000 | N/A
[SYS] Eth Pkt Good     | 0x0000080b         | 0x00001b77
[SYS] Eth Pkt Drop     | 0x00000000         | 0x00000000
[SYS] AXIQ status      | 0x00000303         | 0x00010101
[SYS] ------------------------ Tasks ---------------------------
[SYS]                  | UP         | CP         | RT
[SYS] Error            | 0x00000000 | 0x00000000 | 0x00000000
[SYS] Heartbeats       | 0x02db9ec6 | N/A        | N/A
[SYS] Counts           | 0x00000000 | N/A        | 0x00000000
[SYS] Drops            | 0x00000000 | N/A        | 0x00000000
[SYS] ------------------------ VSPAs ---------------------------
[SYS]                  | 0          | 1          | 2
[SYS] Error            | 0x00000000 | 0x00000000 | 0x00000000
[SYS] SYM WR           | 0x00000012 | N/A        | 0x0000001a
[SYS] SYM RD           | 0x00000012 | N/A        | 0x0000001a
[SYS] CMD WR           | 0x00000007 | 0x00000006 | 0x00000005
[SYS] CMD RD           | 0x00000007 | 0x00000006 | 0x00000005
[SYS] ------------------------ Info ----------------------------
[SYS]                  | Downlink           | Uplink
[SYS] RF / fine Gain   |     17 /   -0.8    | 0x42
[SYS] PwrAvg(dBFs/dBm) | N/A                | N/A
[SYS] PwrMax(dBFS)     | N/A                | N/A
[SYS] Showtime 117 seconds

[SYS] ------------------------ Data Direction -------------------
[SYS]                  | Downlink           | Uplink
[SYS] CPlane Total     | 0x0000000000000000 | 0x0000000000000000
[SYS] CPlane OnTime    | 0x0000000000000000 | 0x0000000000000000
[SYS] CPlane Early     | 0x0000000000000000 | 0x0000000000000000
[SYS] CPlane Late      | 0x0000000000000000 | 0x0000000000000000
[SYS] CPlane Corrupt   | 0x0000000000000000 | 0x0000000000000000
[SYS] UPlane Total     | 0x0000000000000000 | 0x0000000000000000
[SYS] UPlane OnTime    | 0x0000000000000000 | N/A
[SYS] UPlane Ealry     | 0x0000000000000000 | N/A
[SYS] UPlane Late      | 0x0000000000000000 | N/A
[SYS] UPlane Corrupt   | 0x0000000000000000 | N/A
[SYS] Eth Pkt Good     | 0x0000080d         | 0x00001b9b
[SYS] Eth Pkt Drop     | 0x00000000         | 0x00000000
[SYS] AXIQ status      | 0x00000303         | 0x00010101
[SYS] ------------------------ Tasks ---------------------------
[SYS]                  | UP         | CP         | RT
[SYS] Error            | 0x00000000 | 0x00000000 | 0x00000000
[SYS] Heartbeats       | 0x02e1d9ad | N/A        | N/A
[SYS] Counts           | 0x00000000 | N/A        | 0x00000000
[SYS] Drops            | 0x00000000 | N/A        | 0x00000000
[SYS] ------------------------ VSPAs ---------------------------
[SYS]                  | 0          | 1          | 2
[SYS] Error            | 0x00000000 | 0x00000000 | 0x00000000
[SYS] SYM WR           | 0x00000012 | N/A        | 0x0000001a
[SYS] SYM RD           | 0x00000012 | N/A        | 0x0000001a
[SYS] CMD WR           | 0x00000007 | 0x00000006 | 0x00000005
[SYS] CMD RD           | 0x00000007 | 0x00000006 | 0x00000005
[SYS] ------------------------ Info ----------------------------
[SYS]                  | Downlink           | Uplink
[SYS] RF / fine Gain   |     17 /   -0.8    | 0x42
[SYS] PwrAvg(dBFs/dBm) | N/A                | N/A
[SYS] PwrMax(dBFS)     | N/A                | N/A
[SYS] Showtime 118 seconds

[SYS] ------------------------ Data Direction -------------------
[SYS]                  | Downlink           | Uplink
[SYS] CPlane Total     | 0x0000000000000000 | 0x0000000000000000
[SYS] CPlane OnTime    | 0x0000000000000000 | 0x0000000000000000
[SYS] CPlane Early     | 0x0000000000000000 | 0x0000000000000000
[SYS] CPlane Late      | 0x0000000000000000 | 0x0000000000000000
[SYS] CPlane Corrupt   | 0x0000000000000000 | 0x0000000000000000
[SYS] UPlane Total     | 0x0000000000000000 | 0x0000000000000000
[SYS] UPlane OnTime    | 0x0000000000000000 | N/A
[SYS] UPlane Ealry     | 0x0000000000000000 | N/A
[SYS] UPlane Late      | 0x0000000000000000 | N/A
[SYS] UPlane Corrupt   | 0x0000000000000000 | N/A
[SYS] Eth Pkt Good     | 0x0000080e         | 0x00001bbe
[SYS] Eth Pkt Drop     | 0x00000000         | 0x00000000
[SYS] AXIQ status      | 0x00000303         | 0x00010101
[SYS] ------------------------ Tasks ---------------------------
[SYS]                  | UP         | CP         | RT
[SYS] Error            | 0x00000000 | 0x00000000 | 0x00000000
[SYS] Heartbeats       | 0x02e814ac | N/A        | N/A
[SYS] Counts           | 0x00000000 | N/A        | 0x00000000
[SYS] Drops            | 0x00000000 | N/A        | 0x00000000
[SYS] ------------------------ VSPAs ---------------------------
[SYS]                  | 0          | 1          | 2
[SYS] Error            | 0x00000000 | 0x00000000 | 0x00000000
[SYS] SYM WR           | 0x00000012 | N/A        | 0x0000001a
[SYS] SYM RD           | 0x00000012 | N/A        | 0x0000001a
[SYS] CMD WR           | 0x00000007 | 0x00000006 | 0x00000005
[SYS] CMD RD           | 0x00000007 | 0x00000006 | 0x00000005
[SYS] ------------------------ Info ----------------------------
[SYS]                  | Downlink           | Uplink
[SYS] RF / fine Gain   |     17 /   -0.8    | 0x42
[SYS] PwrAvg(dBFs/dBm) | N/A                | N/A
[SYS] PwrMax(dBFS)     | N/A                | N/A
[SYS] Showtime 119 seconds

[SYS] ------------------------ Data Direction -------------------
[SYS]                  | Downlink           | Uplink
[SYS] CPlane Total     | 0x0000000000000000 | 0x0000000000000000
[SYS] CPlane OnTime    | 0x0000000000000000 | 0x0000000000000000
[SYS] CPlane Early     | 0x0000000000000000 | 0x0000000000000000
[SYS] CPlane Late      | 0x0000000000000000 | 0x0000000000000000
[SYS] CPlane Corrupt   | 0x0000000000000000 | 0x0000000000000000
[SYS] UPlane Total     | 0x0000000000000000 | 0x0000000000000000
[SYS] UPlane OnTime    | 0x0000000000000000 | N/A
[SYS] UPlane Ealry     | 0x0000000000000000 | N/A
[SYS] UPlane Late      | 0x0000000000000000 | N/A
[SYS] UPlane Corrupt   | 0x0000000000000000 | N/A
[SYS] Eth Pkt Good     | 0x0000080f         | 0x00001be1
[SYS] Eth Pkt Drop     | 0x00000000         | 0x00000000
[SYS] AXIQ status      | 0x00000303         | 0x00010101
[SYS] ------------------------ Tasks ---------------------------
[SYS]                  | UP         | CP         | RT
[SYS] Error            | 0x00000000 | 0x00000000 | 0x00000000
[SYS] Heartbeats       | 0x02ee5272 | N/A        | N/A
[SYS] Counts           | 0x00000000 | N/A        | 0x00000000
[SYS] Drops            | 0x00000000 | N/A        | 0x00000000
[SYS] ------------------------ VSPAs ---------------------------
[SYS]                  | 0          | 1          | 2
[SYS] Error            | 0x00000000 | 0x00000000 | 0x00000000
[SYS] SYM WR           | 0x00000012 | N/A        | 0x0000001a
[SYS] SYM RD           | 0x00000012 | N/A        | 0x0000001a
[SYS] CMD WR           | 0x00000007 | 0x00000006 | 0x00000005
[SYS] CMD RD           | 0x00000007 | 0x00000006 | 0x00000005
[SYS] ------------------------ Info ----------------------------
[SYS]                  | Downlink           | Uplink
[SYS] RF / fine Gain   |     17 /   -0.8    | 0x42
[SYS] PwrAvg(dBFs/dBm) | N/A                | N/A
[SYS] PwrMax(dBFS)     | N/A                | N/A
[SYS] Showtime 120 seconds

[SYS] ------------------------ Data Direction -------------------
[SYS]                  | Downlink           | Uplink
[SYS] CPlane Total     | 0x0000000000000000 | 0x0000000000000000
[SYS] CPlane OnTime    | 0x0000000000000000 | 0x0000000000000000
[SYS] CPlane Early     | 0x0000000000000000 | 0x0000000000000000
[SYS] CPlane Late      | 0x0000000000000000 | 0x0000000000000000
[SYS] CPlane Corrupt   | 0x0000000000000000 | 0x0000000000000000
[SYS] UPlane Total     | 0x0000000000000000 | 0x0000000000000000
[SYS] UPlane OnTime    | 0x0000000000000000 | N/A
[SYS] UPlane Ealry     | 0x0000000000000000 | N/A
[SYS] UPlane Late      | 0x0000000000000000 | N/A
[SYS] UPlane Corrupt   | 0x0000000000000000 | N/A
[SYS] Eth Pkt Good     | 0x00000811         | 0x00001c05
[SYS] Eth Pkt Drop     | 0x00000000         | 0x00000000
[SYS] AXIQ status      | 0x00000303         | 0x00010101
[SYS] ------------------------ Tasks ---------------------------
[SYS]                  | UP         | CP         | RT
[SYS] Error            | 0x00000000 | 0x00000000 | 0x00000000
[SYS] Heartbeats       | 0x02f48d57 | N/A        | N/A
[SYS] Counts           | 0x00000000 | N/A        | 0x00000000
[SYS] Drops            | 0x00000000 | N/A        | 0x00000000
[SYS] ------------------------ VSPAs ---------------------------
[SYS]                  | 0          | 1          | 2
[SYS] Error            | 0x00000000 | 0x00000000 | 0x00000000
[SYS] SYM WR           | 0x00000012 | N/A        | 0x0000001a
[SYS] SYM RD           | 0x00000012 | N/A        | 0x0000001a
[SYS] CMD WR           | 0x00000007 | 0x00000006 | 0x00000005
[SYS] CMD RD           | 0x00000007 | 0x00000006 | 0x00000005
[SYS] ------------------------ Info ----------------------------
[SYS]                  | Downlink           | Uplink
[SYS] RF / fine Gain   |     17 /   -0.8    | 0x42
[SYS] PwrAvg(dBFs/dBm) | N/A                | N/A
[SYS] PwrMax(dBFS)     | N/A                | N/A
[SYS] Showtime 121 seconds

[SYS] ------------------------ Data Direction -------------------
[SYS]                  | Downlink           | Uplink
[SYS] CPlane Total     | 0x0000000000000000 | 0x0000000000000000
[SYS] CPlane OnTime    | 0x0000000000000000 | 0x0000000000000000
[SYS] CPlane Early     | 0x0000000000000000 | 0x0000000000000000
[SYS] CPlane Late      | 0x0000000000000000 | 0x0000000000000000
[SYS] CPlane Corrupt   | 0x0000000000000000 | 0x0000000000000000
[SYS] UPlane Total     | 0x0000000000000000 | 0x0000000000000000
[SYS] UPlane OnTime    | 0x0000000000000000 | N/A
[SYS] UPlane Ealry     | 0x0000000000000000 | N/A
[SYS] UPlane Late      | 0x0000000000000000 | N/A
[SYS] UPlane Corrupt   | 0x0000000000000000 | N/A
[SYS] Eth Pkt Good     | 0x00000812         | 0x00001c28
[SYS] Eth Pkt Drop     | 0x00000000         | 0x00000000
[SYS] AXIQ status      | 0x00000303         | 0x00010101
[SYS] ------------------------ Tasks ---------------------------
[SYS]                  | UP         | CP         | RT
[SYS] Error            | 0x00000000 | 0x00000000 | 0x00000000
[SYS] Heartbeats       | 0x02fac854 | N/A        | N/A
[SYS] Counts           | 0x00000000 | N/A        | 0x00000000
[SYS] Drops            | 0x00000000 | N/A        | 0x00000000
[SYS] ------------------------ VSPAs ---------------------------
[SYS]                  | 0          | 1          | 2
[SYS] Error            | 0x00000000 | 0x00000000 | 0x00000000
[SYS] SYM WR           | 0x00000012 | N/A        | 0x0000001a
[SYS] SYM RD           | 0x00000012 | N/A        | 0x0000001a
[SYS] CMD WR           | 0x00000007 | 0x00000006 | 0x00000005
[SYS] CMD RD           | 0x00000007 | 0x00000006 | 0x00000005
[SYS] ------------------------ Info ----------------------------
[SYS]                  | Downlink           | Uplink
[SYS] RF / fine Gain   |     17 /   -0.8    | 0x42
[SYS] PwrAvg(dBFs/dBm) | N/A                | N/A
[SYS] PwrMax(dBFS)     | N/A                | N/A
[SYS] Showtime 122 seconds

[SYS] ------------------------ Data Direction -------------------
[SYS]                  | Downlink           | Uplink
[SYS] CPlane Total     | 0x0000000000000000 | 0x0000000000000000
[SYS] CPlane OnTime    | 0x0000000000000000 | 0x0000000000000000
[SYS] CPlane Early     | 0x0000000000000000 | 0x0000000000000000
[SYS] CPlane Late      | 0x0000000000000000 | 0x0000000000000000
[SYS] CPlane Corrupt   | 0x0000000000000000 | 0x0000000000000000
[SYS] UPlane Total     | 0x0000000000000000 | 0x0000000000000000
[SYS] UPlane OnTime    | 0x0000000000000000 | N/A
[SYS] UPlane Ealry     | 0x0000000000000000 | N/A
[SYS] UPlane Late      | 0x0000000000000000 | N/A
[SYS] UPlane Corrupt   | 0x0000000000000000 | N/A
[SYS] Eth Pkt Good     | 0x00000814         | 0x00001c4c
[SYS] Eth Pkt Drop     | 0x00000000         | 0x00000000
[SYS] AXIQ status      | 0x00000303         | 0x00010101
[SYS] ------------------------ Tasks ---------------------------
[SYS]                  | UP         | CP         | RT
[SYS] Error            | 0x00000000 | 0x00000000 | 0x00000000
[SYS] Heartbeats       | 0x03010611 | N/A        | N/A
[SYS] Counts           | 0x00000000 | N/A        | 0x00000000
[SYS] Drops            | 0x00000000 | N/A        | 0x00000000
[SYS] ------------------------ VSPAs ---------------------------
[SYS]                  | 0          | 1          | 2
[SYS] Error            | 0x00000000 | 0x00000000 | 0x00000000
[SYS] SYM WR           | 0x00000012 | N/A        | 0x0000001a
[SYS] SYM RD           | 0x00000012 | N/A        | 0x0000001a
[SYS] CMD WR           | 0x00000007 | 0x00000006 | 0x00000005
[SYS] CMD RD           | 0x00000007 | 0x00000006 | 0x00000005
[SYS] ------------------------ Info ----------------------------
[SYS]                  | Downlink           | Uplink
[SYS] RF / fine Gain   |     17 /   -0.8    | 0x42
[SYS] PwrAvg(dBFs/dBm) | N/A                | N/A
[SYS] PwrMax(dBFS)     | N/A                | N/A
[SYS] Showtime 123 seconds

[SYS] ------------------------ Data Direction -------------------
[SYS]                  | Downlink           | Uplink
[SYS] CPlane Total     | 0x0000000000000000 | 0x0000000000000000
[SYS] CPlane OnTime    | 0x0000000000000000 | 0x0000000000000000
[SYS] CPlane Early     | 0x0000000000000000 | 0x0000000000000000
[SYS] CPlane Late      | 0x0000000000000000 | 0x0000000000000000
[SYS] CPlane Corrupt   | 0x0000000000000000 | 0x0000000000000000
[SYS] UPlane Total     | 0x0000000000000000 | 0x0000000000000000
[SYS] UPlane OnTime    | 0x0000000000000000 | N/A
[SYS] UPlane Ealry     | 0x0000000000000000 | N/A
[SYS] UPlane Late      | 0x0000000000000000 | N/A
[SYS] UPlane Corrupt   | 0x0000000000000000 | N/A
[SYS] Eth Pkt Good     | 0x00000815         | 0x00001c6f
[SYS] Eth Pkt Drop     | 0x00000000         | 0x00000000
[SYS] AXIQ status      | 0x00000303         | 0x00010101
[SYS] ------------------------ Tasks ---------------------------
[SYS]                  | UP         | CP         | RT
[SYS] Error            | 0x00000000 | 0x00000000 | 0x00000000
[SYS] Heartbeats       | 0x030740fc | N/A        | N/A
[SYS] Counts           | 0x00000000 | N/A        | 0x00000000
[SYS] Drops            | 0x00000000 | N/A        | 0x00000000
[SYS] ------------------------ VSPAs ---------------------------
[SYS]                  | 0          | 1          | 2
[SYS] Error            | 0x00000000 | 0x00000000 | 0x00000000
[SYS] SYM WR           | 0x00000012 | N/A        | 0x0000001a
[SYS] SYM RD           | 0x00000012 | N/A        | 0x0000001a
[SYS] CMD WR           | 0x00000007 | 0x00000006 | 0x00000005
[SYS] CMD RD           | 0x00000007 | 0x00000006 | 0x00000005
[SYS] ------------------------ Info ----------------------------
[SYS]                  | Downlink           | Uplink
[SYS] RF / fine Gain   |     17 /   -0.8    | 0x42
[SYS] PwrAvg(dBFs/dBm) | N/A                | N/A
[SYS] PwrMax(dBFS)     | N/A                | N/A
[SYS] Showtime 124 seconds

[SYS] ------------------------ Data Direction -------------------
[SYS]                  | Downlink           | Uplink
[SYS] CPlane Total     | 0x0000000000000000 | 0x0000000000000000
[SYS] CPlane OnTime    | 0x0000000000000000 | 0x0000000000000000
[SYS] CPlane Early     | 0x0000000000000000 | 0x0000000000000000
[SYS] CPlane Late      | 0x0000000000000000 | 0x0000000000000000
[SYS] CPlane Corrupt   | 0x0000000000000000 | 0x0000000000000000
[SYS] UPlane Total     | 0x0000000000000000 | 0x0000000000000000
[SYS] UPlane OnTime    | 0x0000000000000000 | N/A
[SYS] UPlane Ealry     | 0x0000000000000000 | N/A
[SYS] UPlane Late      | 0x0000000000000000 | N/A
[SYS] UPlane Corrupt   | 0x0000000000000000 | N/A
[SYS] Eth Pkt Good     | 0x00000817         | 0x00001c93
[SYS] Eth Pkt Drop     | 0x00000000         | 0x00000000
[SYS] AXIQ status      | 0x00000303         | 0x00010101
[SYS] ------------------------ Tasks ---------------------------
[SYS]                  | UP         | CP         | RT
[SYS] Error            | 0x00000000 | 0x00000000 | 0x00000000
[SYS] Heartbeats       | 0x030d7bd7 | N/A        | N/A
[SYS] Counts           | 0x00000000 | N/A        | 0x00000000
[SYS] Drops            | 0x00000000 | N/A        | 0x00000000
[SYS] ------------------------ VSPAs ---------------------------
[SYS]                  | 0          | 1          | 2
[SYS] Error            | 0x00000000 | 0x00000000 | 0x00000000
[SYS] SYM WR           | 0x00000012 | N/A        | 0x0000001a
[SYS] SYM RD           | 0x00000012 | N/A        | 0x0000001a
[SYS] CMD WR           | 0x00000007 | 0x00000006 | 0x00000005
[SYS] CMD RD           | 0x00000007 | 0x00000006 | 0x00000005
[SYS] ------------------------ Info ----------------------------
[SYS]                  | Downlink           | Uplink
[SYS] RF / fine Gain   |     17 /   -0.8    | 0x42
[SYS] PwrAvg(dBFs/dBm) | N/A                | N/A
[SYS] PwrMax(dBFS)     | N/A                | N/A
[SYS] Showtime 125 seconds

[SYS] ------------------------ Data Direction -------------------
[SYS]                  | Downlink           | Uplink
[SYS] CPlane Total     | 0x0000000000000000 | 0x0000000000000000
[SYS] CPlane OnTime    | 0x0000000000000000 | 0x0000000000000000
[SYS] CPlane Early     | 0x0000000000000000 | 0x0000000000000000
[SYS] CPlane Late      | 0x0000000000000000 | 0x0000000000000000
[SYS] CPlane Corrupt   | 0x0000000000000000 | 0x0000000000000000
[SYS] UPlane Total     | 0x0000000000000000 | 0x0000000000000000
[SYS] UPlane OnTime    | 0x0000000000000000 | N/A
[SYS] UPlane Ealry     | 0x0000000000000000 | N/A
[SYS] UPlane Late      | 0x0000000000000000 | N/A
[SYS] UPlane Corrupt   | 0x0000000000000000 | N/A
[SYS] Eth Pkt Good     | 0x00000818         | 0x00001cb6
[SYS] Eth Pkt Drop     | 0x00000000         | 0x00000000
[SYS] AXIQ status      | 0x00000303         | 0x00010101
[SYS] ------------------------ Tasks ---------------------------
[SYS]                  | UP         | CP         | RT
[SYS] Error            | 0x00000000 | 0x00000000 | 0x00000000
[SYS] Heartbeats       | 0x0313bc96 | N/A        | N/A
[SYS] Counts           | 0x00000000 | N/A        | 0x00000000
[SYS] Drops            | 0x00000000 | N/A        | 0x00000000
[SYS] ------------------------ VSPAs ---------------------------
[SYS]                  | 0          | 1          | 2
[SYS] Error            | 0x00000000 | 0x00000000 | 0x00000000
[SYS] SYM WR           | 0x00000012 | N/A        | 0x0000001a
[SYS] SYM RD           | 0x00000012 | N/A        | 0x0000001a
[SYS] CMD WR           | 0x00000007 | 0x00000006 | 0x00000005
[SYS] CMD RD           | 0x00000007 | 0x00000006 | 0x00000005
[SYS] ------------------------ Info ----------------------------
[SYS]                  | Downlink           | Uplink
[SYS] RF / fine Gain   |     17 /   -0.8    | 0x42
[SYS] PwrAvg(dBFs/dBm) | N/A                | N/A
[SYS] PwrMax(dBFS)     | N/A                | N/A
[SYS] Showtime 126 seconds

[SYS] ------------------------ Data Direction -------------------
[SYS]                  | Downlink           | Uplink
[SYS] CPlane Total     | 0x0000000000000000 | 0x0000000000000000
[SYS] CPlane OnTime    | 0x0000000000000000 | 0x0000000000000000
[SYS] CPlane Early     | 0x0000000000000000 | 0x0000000000000000
[SYS] CPlane Late      | 0x0000000000000000 | 0x0000000000000000
[SYS] CPlane Corrupt   | 0x0000000000000000 | 0x0000000000000000
[SYS] UPlane Total     | 0x0000000000000000 | 0x0000000000000000
[SYS] UPlane OnTime    | 0x0000000000000000 | N/A
[SYS] UPlane Ealry     | 0x0000000000000000 | N/A
[SYS] UPlane Late      | 0x0000000000000000 | N/A
[SYS] UPlane Corrupt   | 0x0000000000000000 | N/A
[SYS] Eth Pkt Good     | 0x00000819         | 0x00001cd9
[SYS] Eth Pkt Drop     | 0x00000000         | 0x00000000
[SYS] AXIQ status      | 0x00000303         | 0x00010101
[SYS] ------------------------ Tasks ---------------------------
[SYS]                  | UP         | CP         | RT
[SYS] Error            | 0x00000000 | 0x00000000 | 0x00000000
[SYS] Heartbeats       | 0x0319f957 | N/A        | N/A
[SYS] Counts           | 0x00000000 | N/A        | 0x00000000
[SYS] Drops            | 0x00000000 | N/A        | 0x00000000
[SYS] ------------------------ VSPAs ---------------------------
[SYS]                  | 0          | 1          | 2
[SYS] Error            | 0x00000000 | 0x00000000 | 0x00000000
[SYS] SYM WR           | 0x00000012 | N/A        | 0x0000001a
[SYS] SYM RD           | 0x00000012 | N/A        | 0x0000001a
[SYS] CMD WR           | 0x00000007 | 0x00000006 | 0x00000005
[SYS] CMD RD           | 0x00000007 | 0x00000006 | 0x00000005
[SYS] ------------------------ Info ----------------------------
[SYS]                  | Downlink           | Uplink
[SYS] RF / fine Gain   |     17 /   -0.8    | 0x42
[SYS] PwrAvg(dBFs/dBm) | N/A                | N/A
[SYS] PwrMax(dBFS)     | N/A                | N/A
[SYS] Showtime 127 seconds

[SYS] ------------------------ Data Direction -------------------
[SYS]                  | Downlink           | Uplink
[SYS] CPlane Total     | 0x0000000000000000 | 0x0000000000000000
[SYS] CPlane OnTime    | 0x0000000000000000 | 0x0000000000000000
[SYS] CPlane Early     | 0x0000000000000000 | 0x0000000000000000
[SYS] CPlane Late      | 0x0000000000000000 | 0x0000000000000000
[SYS] CPlane Corrupt   | 0x0000000000000000 | 0x0000000000000000
[SYS] UPlane Total     | 0x0000000000000000 | 0x0000000000000000
[SYS] UPlane OnTime    | 0x0000000000000000 | N/A
[SYS] UPlane Ealry     | 0x0000000000000000 | N/A
[SYS] UPlane Late      | 0x0000000000000000 | N/A
[SYS] UPlane Corrupt   | 0x0000000000000000 | N/A
[SYS] Eth Pkt Good     | 0x0000081b         | 0x00001cfd
[SYS] Eth Pkt Drop     | 0x00000000         | 0x00000000
[SYS] AXIQ status      | 0x00000303         | 0x00010101
[SYS] ------------------------ Tasks ---------------------------
[SYS]                  | UP         | CP         | RT
[SYS] Error            | 0x00000000 | 0x00000000 | 0x00000000
[SYS] Heartbeats       | 0x03203439 | N/A        | N/A
[SYS] Counts           | 0x00000000 | N/A        | 0x00000000
[SYS] Drops            | 0x00000000 | N/A        | 0x00000000
[SYS] ------------------------ VSPAs ---------------------------
[SYS]                  | 0          | 1          | 2
[SYS] Error            | 0x00000000 | 0x00000000 | 0x00000000
[SYS] SYM WR           | 0x00000012 | N/A        | 0x0000001a
[SYS] SYM RD           | 0x00000012 | N/A        | 0x0000001a
[SYS] CMD WR           | 0x00000007 | 0x00000006 | 0x00000005
[SYS] CMD RD           | 0x00000007 | 0x00000006 | 0x00000005
[SYS] ------------------------ Info ----------------------------
[SYS]                  | Downlink           | Uplink
[SYS] RF / fine Gain   |     17 /   -0.8    | 0x42
[SYS] PwrAvg(dBFs/dBm) | N/A                | N/A
[SYS] PwrMax(dBFS)     | N/A                | N/A
[SYS] Showtime 128 seconds

[SYS] ------------------------ Data Direction -------------------
[SYS]                  | Downlink           | Uplink
[SYS] CPlane Total     | 0x0000000000000000 | 0x0000000000000000
[SYS] CPlane OnTime    | 0x0000000000000000 | 0x0000000000000000
[SYS] CPlane Early     | 0x0000000000000000 | 0x0000000000000000
[SYS] CPlane Late      | 0x0000000000000000 | 0x0000000000000000
[SYS] CPlane Corrupt   | 0x0000000000000000 | 0x0000000000000000
[SYS] UPlane Total     | 0x0000000000000000 | 0x0000000000000000
[SYS] UPlane OnTime    | 0x0000000000000000 | N/A
[SYS] UPlane Ealry     | 0x0000000000000000 | N/A
[SYS] UPlane Late      | 0x0000000000000000 | N/A
[SYS] UPlane Corrupt   | 0x0000000000000000 | N/A
[SYS] Eth Pkt Good     | 0x00000831         | 0x00001d35
[SYS] Eth Pkt Drop     | 0x00000000         | 0x00000000
[SYS] AXIQ status      | 0x00000303         | 0x00010101
[SYS] ------------------------ Tasks ---------------------------
[SYS]                  | UP         | CP         | RT
[SYS] Error            | 0x00000000 | 0x00000000 | 0x00000000
[SYS] Heartbeats       | 0x03266f32 | N/A        | N/A
[SYS] Counts           | 0x00000000 | N/A        | 0x00000000
[SYS] Drops            | 0x00000000 | N/A        | 0x00000000
[SYS] ------------------------ VSPAs ---------------------------
[SYS]                  | 0          | 1          | 2
[SYS] Error            | 0x00000000 | 0x00000000 | 0x00000000
[SYS] SYM WR           | 0x00000012 | N/A        | 0x0000001a
[SYS] SYM RD           | 0x00000012 | N/A        | 0x0000001a
[SYS] CMD WR           | 0x00000007 | 0x00000006 | 0x00000005
[SYS] CMD RD           | 0x00000007 | 0x00000006 | 0x00000005
[SYS] ------------------------ Info ----------------------------
[SYS]                  | Downlink           | Uplink
[SYS] RF / fine Gain   |     17 /   -0.8    | 0x42
[SYS] PwrAvg(dBFs/dBm) | N/A                | N/A
[SYS] PwrMax(dBFS)     | N/A                | N/A
[SYS] Showtime 129 seconds

[SYS] ------------------------ Data Direction -------------------
[SYS]                  | Downlink           | Uplink
[SYS] CPlane Total     | 0x0000000000000000 | 0x0000000000000000
[SYS] CPlane OnTime    | 0x0000000000000000 | 0x0000000000000000
[SYS] CPlane Early     | 0x0000000000000000 | 0x0000000000000000
[SYS] CPlane Late      | 0x0000000000000000 | 0x0000000000000000
[SYS] CPlane Corrupt   | 0x0000000000000000 | 0x0000000000000000
[SYS] UPlane Total     | 0x0000000000000000 | 0x0000000000000000
[SYS] UPlane OnTime    | 0x0000000000000000 | N/A
[SYS] UPlane Ealry     | 0x0000000000000000 | N/A
[SYS] UPlane Late      | 0x0000000000000000 | N/A
[SYS] UPlane Corrupt   | 0x0000000000000000 | N/A
[SYS] Eth Pkt Good     | 0x0000083c         | 0x00001d62
[SYS] Eth Pkt Drop     | 0x00000000         | 0x00000000
[SYS] AXIQ status      | 0x00000303         | 0x00010101
[SYS] ------------------------ Tasks ---------------------------
[SYS]                  | UP         | CP         | RT
[SYS] Error            | 0x00000000 | 0x00000000 | 0x00000000
[SYS] Heartbeats       | 0x032cacef | N/A        | N/A
[SYS] Counts           | 0x00000000 | N/A        | 0x00000000
[SYS] Drops            | 0x00000000 | N/A        | 0x00000000
[SYS] ------------------------ VSPAs ---------------------------
[SYS]                  | 0          | 1          | 2
[SYS] Error            | 0x00000000 | 0x00000000 | 0x00000000
[SYS] SYM WR           | 0x00000012 | N/A        | 0x0000001a
[SYS] SYM RD           | 0x00000012 | N/A        | 0x0000001a
[SYS] CMD WR           | 0x00000007 | 0x00000006 | 0x00000005
[SYS] CMD RD           | 0x00000007 | 0x00000006 | 0x00000005
[SYS] ------------------------ Info ----------------------------
[SYS]                  | Downlink           | Uplink
[SYS] RF / fine Gain   |     17 /   -0.8    | 0x42
[SYS] PwrAvg(dBFs/dBm) | N/A                | N/A
[SYS] PwrMax(dBFS)     | N/A                | N/A
[SYS] Showtime 130 seconds

[SYS] ------------------------ Data Direction -------------------
[SYS]                  | Downlink           | Uplink
[SYS] CPlane Total     | 0x0000000000000000 | 0x0000000000000000
[SYS] CPlane OnTime    | 0x0000000000000000 | 0x0000000000000000
[SYS] CPlane Early     | 0x0000000000000000 | 0x0000000000000000
[SYS] CPlane Late      | 0x0000000000000000 | 0x0000000000000000
[SYS] CPlane Corrupt   | 0x0000000000000000 | 0x0000000000000000
[SYS] UPlane Total     | 0x0000000000000000 | 0x0000000000000000
[SYS] UPlane OnTime    | 0x0000000000000000 | N/A
[SYS] UPlane Ealry     | 0x0000000000000000 | N/A
[SYS] UPlane Late      | 0x0000000000000000 | N/A
[SYS] UPlane Corrupt   | 0x0000000000000000 | N/A
[SYS] Eth Pkt Good     | 0x0000083d         | 0x00001d85
[SYS] Eth Pkt Drop     | 0x00000000         | 0x00000000
[SYS] AXIQ status      | 0x00000303         | 0x00010101
[SYS] ------------------------ Tasks ---------------------------
[SYS]                  | UP         | CP         | RT
[SYS] Error            | 0x00000000 | 0x00000000 | 0x00000000
[SYS] Heartbeats       | 0x0332e7d5 | N/A        | N/A
[SYS] Counts           | 0x00000000 | N/A        | 0x00000000
[SYS] Drops            | 0x00000000 | N/A        | 0x00000000
[SYS] ------------------------ VSPAs ---------------------------
[SYS]                  | 0          | 1          | 2
[SYS] Error            | 0x00000000 | 0x00000000 | 0x00000000
[SYS] SYM WR           | 0x00000012 | N/A        | 0x0000001a
[SYS] SYM RD           | 0x00000012 | N/A        | 0x0000001a
[SYS] CMD WR           | 0x00000007 | 0x00000006 | 0x00000005
[SYS] CMD RD           | 0x00000007 | 0x00000006 | 0x00000005
[SYS] ------------------------ Info ----------------------------
[SYS]                  | Downlink           | Uplink
[SYS] RF / fine Gain   |     17 /   -0.8    | 0x42
[SYS] PwrAvg(dBFs/dBm) | N/A                | N/A
[SYS] PwrMax(dBFS)     | N/A                | N/A
[SYS] Showtime 131 seconds

[SYS] ------------------------ Data Direction -------------------
[SYS]                  | Downlink           | Uplink
[SYS] CPlane Total     | 0x0000000000000000 | 0x0000000000000000
[SYS] CPlane OnTime    | 0x0000000000000000 | 0x0000000000000000
[SYS] CPlane Early     | 0x0000000000000000 | 0x0000000000000000
[SYS] CPlane Late      | 0x0000000000000000 | 0x0000000000000000
[SYS] CPlane Corrupt   | 0x0000000000000000 | 0x0000000000000000
[SYS] UPlane Total     | 0x0000000000000000 | 0x0000000000000000
[SYS] UPlane OnTime    | 0x0000000000000000 | N/A
[SYS] UPlane Ealry     | 0x0000000000000000 | N/A
[SYS] UPlane Late      | 0x0000000000000000 | N/A
[SYS] UPlane Corrupt   | 0x0000000000000000 | N/A
[SYS] Eth Pkt Good     | 0x0000083f         | 0x00001da9
[SYS] Eth Pkt Drop     | 0x00000000         | 0x00000000
[SYS] AXIQ status      | 0x00000303         | 0x00010101
[SYS] ------------------------ Tasks ---------------------------
[SYS]                  | UP         | CP         | RT
[SYS] Error            | 0x00000000 | 0x00000000 | 0x00000000
[SYS] Heartbeats       | 0x033922b8 | N/A        | N/A
[SYS] Counts           | 0x00000000 | N/A        | 0x00000000
[SYS] Drops            | 0x00000000 | N/A        | 0x00000000
[SYS] ------------------------ VSPAs ---------------------------
[SYS]                  | 0          | 1          | 2
[SYS] Error            | 0x00000000 | 0x00000000 | 0x00000000
[SYS] SYM WR           | 0x00000012 | N/A        | 0x0000001a
[SYS] SYM RD           | 0x00000012 | N/A        | 0x0000001a
[SYS] CMD WR           | 0x00000007 | 0x00000006 | 0x00000005
[SYS] CMD RD           | 0x00000007 | 0x00000006 | 0x00000005
[SYS] ------------------------ Info ----------------------------
[SYS]                  | Downlink           | Uplink
[SYS] RF / fine Gain   |     17 /   -0.8    | 0x42
[SYS] PwrAvg(dBFs/dBm) | N/A                | N/A
[SYS] PwrMax(dBFS)     | N/A                | N/A
[SYS] Showtime 132 seconds

[SYS] ------------------------ Data Direction -------------------
[SYS]                  | Downlink           | Uplink
[SYS] CPlane Total     | 0x0000000000000000 | 0x0000000000000000
[SYS] CPlane OnTime    | 0x0000000000000000 | 0x0000000000000000
[SYS] CPlane Early     | 0x0000000000000000 | 0x0000000000000000
[SYS] CPlane Late      | 0x0000000000000000 | 0x0000000000000000
[SYS] CPlane Corrupt   | 0x0000000000000000 | 0x0000000000000000
[SYS] UPlane Total     | 0x0000000000000000 | 0x0000000000000000
[SYS] UPlane OnTime    | 0x0000000000000000 | N/A
[SYS] UPlane Ealry     | 0x0000000000000000 | N/A
[SYS] UPlane Late      | 0x0000000000000000 | N/A
[SYS] UPlane Corrupt   | 0x0000000000000000 | N/A
[SYS] Eth Pkt Good     | 0x00000840         | 0x00001dcc
[SYS] Eth Pkt Drop     | 0x00000000         | 0x00000000
[SYS] AXIQ status      | 0x00000303         | 0x00010101
[SYS] ------------------------ Tasks ---------------------------
[SYS]                  | UP         | CP         | RT
[SYS] Error            | 0x00000000 | 0x00000000 | 0x00000000
[SYS] Heartbeats       | 0x033f6b16 | N/A        | N/A
[SYS] Counts           | 0x00000000 | N/A        | 0x00000000
[SYS] Drops            | 0x00000000 | N/A        | 0x00000000
[SYS] ------------------------ VSPAs ---------------------------
[SYS]                  | 0          | 1          | 2
[SYS] Error            | 0x00000000 | 0x00000000 | 0x00000000
[SYS] SYM WR           | 0x00000012 | N/A        | 0x0000001a
[SYS] SYM RD           | 0x00000012 | N/A        | 0x0000001a
[SYS] CMD WR           | 0x00000007 | 0x00000006 | 0x00000005
[SYS] CMD RD           | 0x00000007 | 0x00000006 | 0x00000005
[SYS] ------------------------ Info ----------------------------
[SYS]                  | Downlink           | Uplink
[SYS] RF / fine Gain   |     17 /   -0.8    | 0x42
[SYS] PwrAvg(dBFs/dBm) | N/A                | N/A
[SYS] PwrMax(dBFS)     | N/A                | N/A
[SYS] Showtime 133 seconds

[SYS] ------------------------ Data Direction -------------------
[SYS]                  | Downlink           | Uplink
[SYS] CPlane Total     | 0x0000000000000000 | 0x0000000000000000
[SYS] CPlane OnTime    | 0x0000000000000000 | 0x0000000000000000
[SYS] CPlane Early     | 0x0000000000000000 | 0x0000000000000000
[SYS] CPlane Late      | 0x0000000000000000 | 0x0000000000000000
[SYS] CPlane Corrupt   | 0x0000000000000000 | 0x0000000000000000
[SYS] UPlane Total     | 0x0000000000000000 | 0x0000000000000000
[SYS] UPlane OnTime    | 0x0000000000000000 | N/A
[SYS] UPlane Ealry     | 0x0000000000000000 | N/A
[SYS] UPlane Late      | 0x0000000000000000 | N/A
[SYS] UPlane Corrupt   | 0x0000000000000000 | N/A
[SYS] Eth Pkt Good     | 0x00000841         | 0x00001def
[SYS] Eth Pkt Drop     | 0x00000000         | 0x00000000
[SYS] AXIQ status      | 0x00000303         | 0x00010101
[SYS] ------------------------ Tasks ---------------------------
[SYS]                  | UP         | CP         | RT
[SYS] Error            | 0x00000000 | 0x00000000 | 0x00000000
[SYS] Heartbeats       | 0x0345a6a7 | N/A        | N/A
[SYS] Counts           | 0x00000000 | N/A        | 0x00000000
[SYS] Drops            | 0x00000000 | N/A        | 0x00000000
[SYS] ------------------------ VSPAs ---------------------------
[SYS]                  | 0          | 1          | 2
[SYS] Error            | 0x00000000 | 0x00000000 | 0x00000000
[SYS] SYM WR           | 0x00000012 | N/A        | 0x0000001a
[SYS] SYM RD           | 0x00000012 | N/A        | 0x0000001a
[SYS] CMD WR           | 0x00000007 | 0x00000006 | 0x00000005
[SYS] CMD RD           | 0x00000007 | 0x00000006 | 0x00000005
[SYS] ------------------------ Info ----------------------------
[SYS]                  | Downlink           | Uplink
[SYS] RF / fine Gain   |     17 /   -0.8    | 0x42
[SYS] PwrAvg(dBFs/dBm) | N/A                | N/A
[SYS] PwrMax(dBFS)     | N/A                | N/A
[SYS] Showtime 134 seconds

[SYS] ------------------------ Data Direction -------------------
[SYS]                  | Downlink           | Uplink
[SYS] CPlane Total     | 0x0000000000000000 | 0x0000000000000000
[SYS] CPlane OnTime    | 0x0000000000000000 | 0x0000000000000000
[SYS] CPlane Early     | 0x0000000000000000 | 0x0000000000000000
[SYS] CPlane Late      | 0x0000000000000000 | 0x0000000000000000
[SYS] CPlane Corrupt   | 0x0000000000000000 | 0x0000000000000000
[SYS] UPlane Total     | 0x0000000000000000 | 0x0000000000000000
[SYS] UPlane OnTime    | 0x0000000000000000 | N/A
[SYS] UPlane Ealry     | 0x0000000000000000 | N/A
[SYS] UPlane Late      | 0x0000000000000000 | N/A
[SYS] UPlane Corrupt   | 0x0000000000000000 | N/A
[SYS] Eth Pkt Good     | 0x00000843         | 0x00001e13
[SYS] Eth Pkt Drop     | 0x00000000         | 0x00000000
[SYS] AXIQ status      | 0x00000303         | 0x00010101
[SYS] ------------------------ Tasks ---------------------------
[SYS]                  | UP         | CP         | RT
[SYS] Error            | 0x00000000 | 0x00000000 | 0x00000000
[SYS] Heartbeats       | 0x034be180 | N/A        | N/A
[SYS] Counts           | 0x00000000 | N/A        | 0x00000000
[SYS] Drops            | 0x00000000 | N/A        | 0x00000000
[SYS] ------------------------ VSPAs ---------------------------
[SYS]                  | 0          | 1          | 2
[SYS] Error            | 0x00000000 | 0x00000000 | 0x00000000
[SYS] SYM WR           | 0x00000012 | N/A        | 0x0000001a
[SYS] SYM RD           | 0x00000012 | N/A        | 0x0000001a
[SYS] CMD WR           | 0x00000007 | 0x00000006 | 0x00000005
[SYS] CMD RD           | 0x00000007 | 0x00000006 | 0x00000005
[SYS] ------------------------ Info ----------------------------
[SYS]                  | Downlink           | Uplink
[SYS] RF / fine Gain   |     17 /   -0.8    | 0x42
[SYS] PwrAvg(dBFs/dBm) | N/A                | N/A
[SYS] PwrMax(dBFS)     | N/A                | N/A
[SYS] Showtime 135 seconds

[SYS] ------------------------ Data Direction -------------------
[SYS]                  | Downlink           | Uplink
[SYS] CPlane Total     | 0x0000000000000000 | 0x0000000000000000
[SYS] CPlane OnTime    | 0x0000000000000000 | 0x0000000000000000
[SYS] CPlane Early     | 0x0000000000000000 | 0x0000000000000000
[SYS] CPlane Late      | 0x0000000000000000 | 0x0000000000000000
[SYS] CPlane Corrupt   | 0x0000000000000000 | 0x0000000000000000
[SYS] UPlane Total     | 0x0000000000000000 | 0x0000000000000000
[SYS] UPlane OnTime    | 0x0000000000000000 | N/A
[SYS] UPlane Ealry     | 0x0000000000000000 | N/A
[SYS] UPlane Late      | 0x0000000000000000 | N/A
[SYS] UPlane Corrupt   | 0x0000000000000000 | N/A
[SYS] Eth Pkt Good     | 0x00000844         | 0x00001e36
[SYS] Eth Pkt Drop     | 0x00000000         | 0x00000000
[SYS] AXIQ status      | 0x00000303         | 0x00010101
[SYS] ------------------------ Tasks ---------------------------
[SYS]                  | UP         | CP         | RT
[SYS] Error            | 0x00000000 | 0x00000000 | 0x00000000
[SYS] Heartbeats       | 0x03521c7b | N/A        | N/A
[SYS] Counts           | 0x00000000 | N/A        | 0x00000000
[SYS] Drops            | 0x00000000 | N/A        | 0x00000000
[SYS] ------------------------ VSPAs ---------------------------
[SYS]                  | 0          | 1          | 2
[SYS] Error            | 0x00000000 | 0x00000000 | 0x00000000
[SYS] SYM WR           | 0x00000012 | N/A        | 0x0000001a
[SYS] SYM RD           | 0x00000012 | N/A        | 0x0000001a
[SYS] CMD WR           | 0x00000007 | 0x00000006 | 0x00000005
[SYS] CMD RD           | 0x00000007 | 0x00000006 | 0x00000005
[SYS] ------------------------ Info ----------------------------
[SYS]                  | Downlink           | Uplink
[SYS] RF / fine Gain   |     17 /   -0.8    | 0x42
[SYS] PwrAvg(dBFs/dBm) | N/A                | N/A
[SYS] PwrMax(dBFS)     | N/A                | N/A
[SYS] Showtime 136 seconds

[SYS] ------------------------ Data Direction -------------------
[SYS]                  | Downlink           | Uplink
[SYS] CPlane Total     | 0x0000000000000000 | 0x0000000000000000
[SYS] CPlane OnTime    | 0x0000000000000000 | 0x0000000000000000
[SYS] CPlane Early     | 0x0000000000000000 | 0x0000000000000000
[SYS] CPlane Late      | 0x0000000000000000 | 0x0000000000000000
[SYS] CPlane Corrupt   | 0x0000000000000000 | 0x0000000000000000
[SYS] UPlane Total     | 0x0000000000000000 | 0x0000000000000000
[SYS] UPlane OnTime    | 0x0000000000000000 | N/A
[SYS] UPlane Ealry     | 0x0000000000000000 | N/A
[SYS] UPlane Late      | 0x0000000000000000 | N/A
[SYS] UPlane Corrupt   | 0x0000000000000000 | N/A
[SYS] Eth Pkt Good     | 0x00000846         | 0x00001e5a
[SYS] Eth Pkt Drop     | 0x00000000         | 0x00000000
[SYS] AXIQ status      | 0x00000303         | 0x00010101
[SYS] ------------------------ Tasks ---------------------------
[SYS]                  | UP         | CP         | RT
[SYS] Error            | 0x00000000 | 0x00000000 | 0x00000000
[SYS] Heartbeats       | 0x03585a3d | N/A        | N/A
[SYS] Counts           | 0x00000000 | N/A        | 0x00000000
[SYS] Drops            | 0x00000000 | N/A        | 0x00000000
[SYS] ------------------------ VSPAs ---------------------------
[SYS]                  | 0          | 1          | 2
[SYS] Error            | 0x00000000 | 0x00000000 | 0x00000000
[SYS] SYM WR           | 0x00000012 | N/A        | 0x0000001a
[SYS] SYM RD           | 0x00000012 | N/A        | 0x0000001a
[SYS] CMD WR           | 0x00000007 | 0x00000006 | 0x00000005
[SYS] CMD RD           | 0x00000007 | 0x00000006 | 0x00000005
[SYS] ------------------------ Info ----------------------------
[SYS]                  | Downlink           | Uplink
[SYS] RF / fine Gain   |     17 /   -0.8    | 0x42
[SYS] PwrAvg(dBFs/dBm) | N/A                | N/A
[SYS] PwrMax(dBFS)     | N/A                | N/A
[SYS] Showtime 137 seconds

[SYS] ------------------------ Data Direction -------------------
[SYS]                  | Downlink           | Uplink
[SYS] CPlane Total     | 0x0000000000000000 | 0x0000000000000000
[SYS] CPlane OnTime    | 0x0000000000000000 | 0x0000000000000000
[SYS] CPlane Early     | 0x0000000000000000 | 0x0000000000000000
[SYS] CPlane Late      | 0x0000000000000000 | 0x0000000000000000
[SYS] CPlane Corrupt   | 0x0000000000000000 | 0x0000000000000000
[SYS] UPlane Total     | 0x0000000000000000 | 0x0000000000000000
[SYS] UPlane OnTime    | 0x0000000000000000 | N/A
[SYS] UPlane Ealry     | 0x0000000000000000 | N/A
[SYS] UPlane Late      | 0x0000000000000000 | N/A
[SYS] UPlane Corrupt   | 0x0000000000000000 | N/A
[SYS] Eth Pkt Good     | 0x00000847         | 0x00001e7d
[SYS] Eth Pkt Drop     | 0x00000000         | 0x00000000
[SYS] AXIQ status      | 0x00000303         | 0x00010101
[SYS] ------------------------ Tasks ---------------------------
[SYS]                  | UP         | CP         | RT
[SYS] Error            | 0x00000000 | 0x00000000 | 0x00000000
[SYS] Heartbeats       | 0x035e9520 | N/A        | N/A
[SYS] Counts           | 0x00000000 | N/A        | 0x00000000
[SYS] Drops            | 0x00000000 | N/A        | 0x00000000
[SYS] ------------------------ VSPAs ---------------------------
[SYS]                  | 0          | 1          | 2
[SYS] Error            | 0x00000000 | 0x00000000 | 0x00000000
[SYS] SYM WR           | 0x00000012 | N/A        | 0x0000001a
[SYS] SYM RD           | 0x00000012 | N/A        | 0x0000001a
[SYS] CMD WR           | 0x00000007 | 0x00000006 | 0x00000005
[SYS] CMD RD           | 0x00000007 | 0x00000006 | 0x00000005
[SYS] ------------------------ Info ----------------------------
[SYS]                  | Downlink           | Uplink
[SYS] RF / fine Gain   |     17 /   -0.8    | 0x42
[SYS] PwrAvg(dBFs/dBm) | N/A                | N/A
[SYS] PwrMax(dBFS)     | N/A                | N/A
[SYS] Showtime 138 seconds

[SYS] ------------------------ Data Direction -------------------
[SYS]                  | Downlink           | Uplink
[SYS] CPlane Total     | 0x0000000000000000 | 0x0000000000000000
[SYS] CPlane OnTime    | 0x0000000000000000 | 0x0000000000000000
[SYS] CPlane Early     | 0x0000000000000000 | 0x0000000000000000
[SYS] CPlane Late      | 0x0000000000000000 | 0x0000000000000000
[SYS] CPlane Corrupt   | 0x0000000000000000 | 0x0000000000000000
[SYS] UPlane Total     | 0x0000000000000000 | 0x0000000000000000
[SYS] UPlane OnTime    | 0x0000000000000000 | N/A
[SYS] UPlane Ealry     | 0x0000000000000000 | N/A
[SYS] UPlane Late      | 0x0000000000000000 | N/A
[SYS] UPlane Corrupt   | 0x0000000000000000 | N/A
[SYS] Eth Pkt Good     | 0x00000848         | 0x00001ea1
[SYS] Eth Pkt Drop     | 0x00000000         | 0x00000000
[SYS] AXIQ status      | 0x00000303         | 0x00010101
[SYS] ------------------------ Tasks ---------------------------
[SYS]                  | UP         | CP         | RT
[SYS] Error            | 0x00000000 | 0x00000000 | 0x00000000
[SYS] Heartbeats       | 0x0364d005 | N/A        | N/A
[SYS] Counts           | 0x00000000 | N/A        | 0x00000000
[SYS] Drops            | 0x00000000 | N/A        | 0x00000000
[SYS] ------------------------ VSPAs ---------------------------
[SYS]                  | 0          | 1          | 2
[SYS] Error            | 0x00000000 | 0x00000000 | 0x00000000
[SYS] SYM WR           | 0x00000012 | N/A        | 0x0000001a
[SYS] SYM RD           | 0x00000012 | N/A        | 0x0000001a
[SYS] CMD WR           | 0x00000007 | 0x00000006 | 0x00000005
[SYS] CMD RD           | 0x00000007 | 0x00000006 | 0x00000005
[SYS] ------------------------ Info ----------------------------
[SYS]                  | Downlink           | Uplink
[SYS] RF / fine Gain   |     17 /   -0.8    | 0x42
[SYS] PwrAvg(dBFs/dBm) | N/A                | N/A
[SYS] PwrMax(dBFS)     | N/A                | N/A
[SYS] Showtime 139 seconds

[SYS] ------------------------ Data Direction -------------------
[SYS]                  | Downlink           | Uplink
[SYS] CPlane Total     | 0x0000000000000000 | 0x0000000000000000
[SYS] CPlane OnTime    | 0x0000000000000000 | 0x0000000000000000
[SYS] CPlane Early     | 0x0000000000000000 | 0x0000000000000000
[SYS] CPlane Late      | 0x0000000000000000 | 0x0000000000000000
[SYS] CPlane Corrupt   | 0x0000000000000000 | 0x0000000000000000
[SYS] UPlane Total     | 0x0000000000000000 | 0x0000000000000000
[SYS] UPlane OnTime    | 0x0000000000000000 | N/A
[SYS] UPlane Ealry     | 0x0000000000000000 | N/A
[SYS] UPlane Late      | 0x0000000000000000 | N/A
[SYS] UPlane Corrupt   | 0x0000000000000000 | N/A
[SYS] Eth Pkt Good     | 0x0000084a         | 0x00001ec4
[SYS] Eth Pkt Drop     | 0x00000000         | 0x00000000
[SYS] AXIQ status      | 0x00000303         | 0x00010101
[SYS] ------------------------ Tasks ---------------------------
[SYS]                  | UP         | CP         | RT
[SYS] Error            | 0x00000000 | 0x00000000 | 0x00000000
[SYS] Heartbeats       | 0x036b197e | N/A        | N/A
[SYS] Counts           | 0x00000000 | N/A        | 0x00000000
[SYS] Drops            | 0x00000000 | N/A        | 0x00000000
[SYS] ------------------------ VSPAs ---------------------------
[SYS]                  | 0          | 1          | 2
[SYS] Error            | 0x00000000 | 0x00000000 | 0x00000000
[SYS] SYM WR           | 0x00000012 | N/A        | 0x0000001a
[SYS] SYM RD           | 0x00000012 | N/A        | 0x0000001a
[SYS] CMD WR           | 0x00000007 | 0x00000006 | 0x00000005
[SYS] CMD RD           | 0x00000007 | 0x00000006 | 0x00000005
[SYS] ------------------------ Info ----------------------------
[SYS]                  | Downlink           | Uplink
[SYS] RF / fine Gain   |     17 /   -0.8    | 0x42
[SYS] PwrAvg(dBFs/dBm) | N/A                | N/A
[SYS] PwrMax(dBFS)     | N/A                | N/A
[SYS] Showtime 140 seconds

[SYS] ------------------------ Data Direction -------------------
[SYS]                  | Downlink           | Uplink
[SYS] CPlane Total     | 0x0000000000000000 | 0x0000000000000000
[SYS] CPlane OnTime    | 0x0000000000000000 | 0x0000000000000000
[SYS] CPlane Early     | 0x0000000000000000 | 0x0000000000000000
[SYS] CPlane Late      | 0x0000000000000000 | 0x0000000000000000
[SYS] CPlane Corrupt   | 0x0000000000000000 | 0x0000000000000000
[SYS] UPlane Total     | 0x0000000000000000 | 0x0000000000000000
[SYS] UPlane OnTime    | 0x0000000000000000 | N/A
[SYS] UPlane Ealry     | 0x0000000000000000 | N/A
[SYS] UPlane Late      | 0x0000000000000000 | N/A
[SYS] UPlane Corrupt   | 0x0000000000000000 | N/A
[SYS] Eth Pkt Good     | 0x0000084b         | 0x00001ee7
[SYS] Eth Pkt Drop     | 0x00000000         | 0x00000000
[SYS] AXIQ status      | 0x00000303         | 0x00010101
[SYS] ------------------------ Tasks ---------------------------
[SYS]                  | UP         | CP         | RT
[SYS] Error            | 0x00000000 | 0x00000000 | 0x00000000
[SYS] Heartbeats       | 0x037153f6 | N/A        | N/A
[SYS] Counts           | 0x00000000 | N/A        | 0x00000000
[SYS] Drops            | 0x00000000 | N/A        | 0x00000000
[SYS] ------------------------ VSPAs ---------------------------
[SYS]                  | 0          | 1          | 2
[SYS] Error            | 0x00000000 | 0x00000000 | 0x00000000
[SYS] SYM WR           | 0x00000012 | N/A        | 0x0000001a
[SYS] SYM RD           | 0x00000012 | N/A        | 0x0000001a
[SYS] CMD WR           | 0x00000007 | 0x00000006 | 0x00000005
[SYS] CMD RD           | 0x00000007 | 0x00000006 | 0x00000005
[SYS] ------------------------ Info ----------------------------
[SYS]                  | Downlink           | Uplink
[SYS] RF / fine Gain   |     17 /   -0.8    | 0x42
[SYS] PwrAvg(dBFs/dBm) | N/A                | N/A
[SYS] PwrMax(dBFS)     | N/A                | N/A
[SYS] Showtime 141 seconds

[SYS] ------------------------ Data Direction -------------------
[SYS]                  | Downlink           | Uplink
[SYS] CPlane Total     | 0x0000000000000000 | 0x0000000000000000
[SYS] CPlane OnTime    | 0x0000000000000000 | 0x0000000000000000
[SYS] CPlane Early     | 0x0000000000000000 | 0x0000000000000000
[SYS] CPlane Late      | 0x0000000000000000 | 0x0000000000000000
[SYS] CPlane Corrupt   | 0x0000000000000000 | 0x0000000000000000
[SYS] UPlane Total     | 0x0000000000000000 | 0x0000000000000000
[SYS] UPlane OnTime    | 0x0000000000000000 | N/A
[SYS] UPlane Ealry     | 0x0000000000000000 | N/A
[SYS] UPlane Late      | 0x0000000000000000 | N/A
[SYS] UPlane Corrupt   | 0x0000000000000000 | N/A
[SYS] Eth Pkt Good     | 0x00000856         | 0x00001f14
[SYS] Eth Pkt Drop     | 0x00000000         | 0x00000000
[SYS] AXIQ status      | 0x00000303         | 0x00010101
[SYS] ------------------------ Tasks ---------------------------
[SYS]                  | UP         | CP         | RT
[SYS] Error            | 0x00000000 | 0x00000000 | 0x00000000
[SYS] Heartbeats       | 0x03778ed8 | N/A        | N/A
[SYS] Counts           | 0x00000000 | N/A        | 0x00000000
[SYS] Drops            | 0x00000000 | N/A        | 0x00000000
[SYS] ------------------------ VSPAs ---------------------------
[SYS]                  | 0          | 1          | 2
[SYS] Error            | 0x00000000 | 0x00000000 | 0x00000000
[SYS] SYM WR           | 0x00000012 | N/A        | 0x0000001a
[SYS] SYM RD           | 0x00000012 | N/A        | 0x0000001a
[SYS] CMD WR           | 0x00000007 | 0x00000006 | 0x00000005
[SYS] CMD RD           | 0x00000007 | 0x00000006 | 0x00000005
[SYS] ------------------------ Info ----------------------------
[SYS]                  | Downlink           | Uplink
[SYS] RF / fine Gain   |     17 /   -0.8    | 0x42
[SYS] PwrAvg(dBFs/dBm) | N/A                | N/A
[SYS] PwrMax(dBFS)     | N/A                | N/A
[SYS] Showtime 142 seconds

[SYS] ------------------------ Data Direction -------------------
[SYS]                  | Downlink           | Uplink
[SYS] CPlane Total     | 0x0000000000000000 | 0x0000000000000000
[SYS] CPlane OnTime    | 0x0000000000000000 | 0x0000000000000000
[SYS] CPlane Early     | 0x0000000000000000 | 0x0000000000000000
[SYS] CPlane Late      | 0x0000000000000000 | 0x0000000000000000
[SYS] CPlane Corrupt   | 0x0000000000000000 | 0x0000000000000000
[SYS] UPlane Total     | 0x0000000000000000 | 0x0000000000000000
[SYS] UPlane OnTime    | 0x0000000000000000 | N/A
[SYS] UPlane Ealry     | 0x0000000000000000 | N/A
[SYS] UPlane Late      | 0x0000000000000000 | N/A
[SYS] UPlane Corrupt   | 0x0000000000000000 | N/A
[SYS] Eth Pkt Good     | 0x0000086c         | 0x00001f4c
[SYS] Eth Pkt Drop     | 0x00000000         | 0x00000000
[SYS] AXIQ status      | 0x00000303         | 0x00010101
[SYS] ------------------------ Tasks ---------------------------
[SYS]                  | UP         | CP         | RT
[SYS] Error            | 0x00000000 | 0x00000000 | 0x00000000
[SYS] Heartbeats       | 0x037dc9d1 | N/A        | N/A
[SYS] Counts           | 0x00000000 | N/A        | 0x00000000
[SYS] Drops            | 0x00000000 | N/A        | 0x00000000
[SYS] ------------------------ VSPAs ---------------------------
[SYS]                  | 0          | 1          | 2
[SYS] Error            | 0x00000000 | 0x00000000 | 0x00000000
[SYS] SYM WR           | 0x00000012 | N/A        | 0x0000001a
[SYS] SYM RD           | 0x00000012 | N/A        | 0x0000001a
[SYS] CMD WR           | 0x00000007 | 0x00000006 | 0x00000005
[SYS] CMD RD           | 0x00000007 | 0x00000006 | 0x00000005
[SYS] ------------------------ Info ----------------------------
[SYS]                  | Downlink           | Uplink
[SYS] RF / fine Gain   |     17 /   -0.8    | 0x42
[SYS] PwrAvg(dBFs/dBm) | N/A                | N/A
[SYS] PwrMax(dBFS)     | N/A                | N/A
[SYS] Showtime 143 seconds

[SYS] ------------------------ Data Direction -------------------
[SYS]                  | Downlink           | Uplink
[SYS] CPlane Total     | 0x0000000000000000 | 0x0000000000000000
[SYS] CPlane OnTime    | 0x0000000000000000 | 0x0000000000000000
[SYS] CPlane Early     | 0x0000000000000000 | 0x0000000000000000
[SYS] CPlane Late      | 0x0000000000000000 | 0x0000000000000000
[SYS] CPlane Corrupt   | 0x0000000000000000 | 0x0000000000000000
[SYS] UPlane Total     | 0x0000000000000000 | 0x0000000000000000
[SYS] UPlane OnTime    | 0x0000000000000000 | N/A
[SYS] UPlane Ealry     | 0x0000000000000000 | N/A
[SYS] UPlane Late      | 0x0000000000000000 | N/A
[SYS] UPlane Corrupt   | 0x0000000000000000 | N/A
[SYS] Eth Pkt Good     | 0x0000086e         | 0x00001f70
[SYS] Eth Pkt Drop     | 0x00000000         | 0x00000000
[SYS] AXIQ status      | 0x00000303         | 0x00010101
[SYS] ------------------------ Tasks ---------------------------
[SYS]                  | UP         | CP         | RT
[SYS] Error            | 0x00000000 | 0x00000000 | 0x00000000
[SYS] Heartbeats       | 0x03840789 | N/A        | N/A
[SYS] Counts           | 0x00000000 | N/A        | 0x00000000
[SYS] Drops            | 0x00000000 | N/A        | 0x00000000
[SYS] ------------------------ VSPAs ---------------------------
[SYS]                  | 0          | 1          | 2
[SYS] Error            | 0x00000000 | 0x00000000 | 0x00000000
[SYS] SYM WR           | 0x00000012 | N/A        | 0x0000001a
[SYS] SYM RD           | 0x00000012 | N/A        | 0x0000001a
[SYS] CMD WR           | 0x00000007 | 0x00000006 | 0x00000005
[SYS] CMD RD           | 0x00000007 | 0x00000006 | 0x00000005
[SYS] ------------------------ Info ----------------------------
[SYS]                  | Downlink           | Uplink
[SYS] RF / fine Gain   |     17 /   -0.8    | 0x42
[SYS] PwrAvg(dBFs/dBm) | N/A                | N/A
[SYS] PwrMax(dBFS)     | N/A                | N/A
[SYS] Showtime 144 seconds

[SYS] ------------------------ Data Direction -------------------
[SYS]                  | Downlink           | Uplink
[SYS] CPlane Total     | 0x0000000000000000 | 0x0000000000000000
[SYS] CPlane OnTime    | 0x0000000000000000 | 0x0000000000000000
[SYS] CPlane Early     | 0x0000000000000000 | 0x0000000000000000
[SYS] CPlane Late      | 0x0000000000000000 | 0x0000000000000000
[SYS] CPlane Corrupt   | 0x0000000000000000 | 0x0000000000000000
[SYS] UPlane Total     | 0x0000000000000000 | 0x0000000000000000
[SYS] UPlane OnTime    | 0x0000000000000000 | N/A
[SYS] UPlane Ealry     | 0x0000000000000000 | N/A
[SYS] UPlane Late      | 0x0000000000000000 | N/A
[SYS] UPlane Corrupt   | 0x0000000000000000 | N/A
[SYS] Eth Pkt Good     | 0x0000086f         | 0x00001f93
[SYS] Eth Pkt Drop     | 0x00000000         | 0x00000000
[SYS] AXIQ status      | 0x00000303         | 0x00010101
[SYS] ------------------------ Tasks ---------------------------
[SYS]                  | UP         | CP         | RT
[SYS] Error            | 0x00000000 | 0x00000000 | 0x00000000
[SYS] Heartbeats       | 0x038a426b | N/A        | N/A
[SYS] Counts           | 0x00000000 | N/A        | 0x00000000
[SYS] Drops            | 0x00000000 | N/A        | 0x00000000
[SYS] ------------------------ VSPAs ---------------------------
[SYS]                  | 0          | 1          | 2
[SYS] Error            | 0x00000000 | 0x00000000 | 0x00000000
[SYS] SYM WR           | 0x00000012 | N/A        | 0x0000001a
[SYS] SYM RD           | 0x00000012 | N/A        | 0x0000001a
[SYS] CMD WR           | 0x00000007 | 0x00000006 | 0x00000005
[SYS] CMD RD           | 0x00000007 | 0x00000006 | 0x00000005
[SYS] ------------------------ Info ----------------------------
[SYS]                  | Downlink           | Uplink
[SYS] RF / fine Gain   |     17 /   -0.8    | 0x42
[SYS] PwrAvg(dBFs/dBm) | N/A                | N/A
[SYS] PwrMax(dBFS)     | N/A                | N/A
[SYS] Showtime 145 seconds

[SYS] ------------------------ Data Direction -------------------
[SYS]                  | Downlink           | Uplink
[SYS] CPlane Total     | 0x0000000000000000 | 0x0000000000000000
[SYS] CPlane OnTime    | 0x0000000000000000 | 0x0000000000000000
[SYS] CPlane Early     | 0x0000000000000000 | 0x0000000000000000
[SYS] CPlane Late      | 0x0000000000000000 | 0x0000000000000000
[SYS] CPlane Corrupt   | 0x0000000000000000 | 0x0000000000000000
[SYS] UPlane Total     | 0x0000000000000000 | 0x0000000000000000
[SYS] UPlane OnTime    | 0x0000000000000000 | N/A
[SYS] UPlane Ealry     | 0x0000000000000000 | N/A
[SYS] UPlane Late      | 0x0000000000000000 | N/A
[SYS] UPlane Corrupt   | 0x0000000000000000 | N/A
[SYS] Eth Pkt Good     | 0x00000870         | 0x00001fb7
[SYS] Eth Pkt Drop     | 0x00000000         | 0x00000000
[SYS] AXIQ status      | 0x00000303         | 0x00010101
[SYS] ------------------------ Tasks ---------------------------
[SYS]                  | UP         | CP         | RT
[SYS] Error            | 0x00000000 | 0x00000000 | 0x00000000
[SYS] Heartbeats       | 0x03907d50 | N/A        | N/A
[SYS] Counts           | 0x00000000 | N/A        | 0x00000000
[SYS] Drops            | 0x00000000 | N/A        | 0x00000000
[SYS] ------------------------ VSPAs ---------------------------
[SYS]                  | 0          | 1          | 2
[SYS] Error            | 0x00000000 | 0x00000000 | 0x00000000
[SYS] SYM WR           | 0x00000012 | N/A        | 0x0000001a
[SYS] SYM RD           | 0x00000012 | N/A        | 0x0000001a
[SYS] CMD WR           | 0x00000007 | 0x00000006 | 0x00000005
[SYS] CMD RD           | 0x00000007 | 0x00000006 | 0x00000005
[SYS] ------------------------ Info ----------------------------
[SYS]                  | Downlink           | Uplink
[SYS] RF / fine Gain   |     17 /   -0.8    | 0x42
[SYS] PwrAvg(dBFs/dBm) | N/A                | N/A
[SYS] PwrMax(dBFS)     | N/A                | N/A
[SYS] Showtime 146 seconds

[SYS] ------------------------ Data Direction -------------------
[SYS]                  | Downlink           | Uplink
[SYS] CPlane Total     | 0x0000000000000000 | 0x0000000000000000
[SYS] CPlane OnTime    | 0x0000000000000000 | 0x0000000000000000
[SYS] CPlane Early     | 0x0000000000000000 | 0x0000000000000000
[SYS] CPlane Late      | 0x0000000000000000 | 0x0000000000000000
[SYS] CPlane Corrupt   | 0x0000000000000000 | 0x0000000000000000
[SYS] UPlane Total     | 0x0000000000000000 | 0x0000000000000000
[SYS] UPlane OnTime    | 0x0000000000000000 | N/A
[SYS] UPlane Ealry     | 0x0000000000000000 | N/A
[SYS] UPlane Late      | 0x0000000000000000 | N/A
[SYS] UPlane Corrupt   | 0x0000000000000000 | N/A
[SYS] Eth Pkt Good     | 0x00000872         | 0x00001fda
[SYS] Eth Pkt Drop     | 0x00000000         | 0x00000000
[SYS] AXIQ status      | 0x00000303         | 0x00010101
[SYS] ------------------------ Tasks ---------------------------
[SYS]                  | UP         | CP         | RT
[SYS] Error            | 0x00000000 | 0x00000000 | 0x00000000
[SYS] Heartbeats       | 0x0396bb2b | N/A        | N/A
[SYS] Counts           | 0x00000000 | N/A        | 0x00000000
[SYS] Drops            | 0x00000000 | N/A        | 0x00000000
[SYS] ------------------------ VSPAs ---------------------------
[SYS]                  | 0          | 1          | 2
[SYS] Error            | 0x00000000 | 0x00000000 | 0x00000000
[SYS] SYM WR           | 0x00000012 | N/A        | 0x0000001a
[SYS] SYM RD           | 0x00000012 | N/A        | 0x0000001a
[SYS] CMD WR           | 0x00000007 | 0x00000006 | 0x00000005
[SYS] CMD RD           | 0x00000007 | 0x00000006 | 0x00000005
[SYS] ------------------------ Info ----------------------------
[SYS]                  | Downlink           | Uplink
[SYS] RF / fine Gain   |     17 /   -0.8    | 0x42
[SYS] PwrAvg(dBFs/dBm) | N/A                | N/A
[SYS] PwrMax(dBFS)     | N/A                | N/A
[SYS] Showtime 147 seconds

[SYS] ------------------------ Data Direction -------------------
[SYS]                  | Downlink           | Uplink
[SYS] CPlane Total     | 0x0000000000000000 | 0x0000000000000000
[SYS] CPlane OnTime    | 0x0000000000000000 | 0x0000000000000000
[SYS] CPlane Early     | 0x0000000000000000 | 0x0000000000000000
[SYS] CPlane Late      | 0x0000000000000000 | 0x0000000000000000
[SYS] CPlane Corrupt   | 0x0000000000000000 | 0x0000000000000000
[SYS] UPlane Total     | 0x0000000000000000 | 0x0000000000000000
[SYS] UPlane OnTime    | 0x0000000000000000 | N/A
[SYS] UPlane Ealry     | 0x0000000000000000 | N/A
[SYS] UPlane Late      | 0x0000000000000000 | N/A
[SYS] UPlane Corrupt   | 0x0000000000000000 | N/A
[SYS] Eth Pkt Good     | 0x00000873         | 0x00001ffd
[SYS] Eth Pkt Drop     | 0x00000000         | 0x00000000
[SYS] AXIQ status      | 0x00000303         | 0x00010101
[SYS] ------------------------ Tasks ---------------------------
[SYS]                  | UP         | CP         | RT
[SYS] Error            | 0x00000000 | 0x00000000 | 0x00000000
[SYS] Heartbeats       | 0x039cf614 | N/A        | N/A
[SYS] Counts           | 0x00000000 | N/A        | 0x00000000
[SYS] Drops            | 0x00000000 | N/A        | 0x00000000
[SYS] ------------------------ VSPAs ---------------------------
[SYS]                  | 0          | 1          | 2
[SYS] Error            | 0x00000000 | 0x00000000 | 0x00000000
[SYS] SYM WR           | 0x00000012 | N/A        | 0x0000001a
[SYS] SYM RD           | 0x00000012 | N/A        | 0x0000001a
[SYS] CMD WR           | 0x00000007 | 0x00000006 | 0x00000005
[SYS] CMD RD           | 0x00000007 | 0x00000006 | 0x00000005
[SYS] ------------------------ Info ----------------------------
[SYS]                  | Downlink           | Uplink
[SYS] RF / fine Gain   |     17 /   -0.8    | 0x42
[SYS] PwrAvg(dBFs/dBm) | N/A                | N/A
[SYS] PwrMax(dBFS)     | N/A                | N/A
[SYS] Showtime 148 seconds

[SYS] ------------------------ Data Direction -------------------
[SYS]                  | Downlink           | Uplink
[SYS] CPlane Total     | 0x0000000000000000 | 0x0000000000000000
[SYS] CPlane OnTime    | 0x0000000000000000 | 0x0000000000000000
[SYS] CPlane Early     | 0x0000000000000000 | 0x0000000000000000
[SYS] CPlane Late      | 0x0000000000000000 | 0x0000000000000000
[SYS] CPlane Corrupt   | 0x0000000000000000 | 0x0000000000000000
[SYS] UPlane Total     | 0x0000000000000000 | 0x0000000000000000
[SYS] UPlane OnTime    | 0x0000000000000000 | N/A
[SYS] UPlane Ealry     | 0x0000000000000000 | N/A
[SYS] UPlane Late      | 0x0000000000000000 | N/A
[SYS] UPlane Corrupt   | 0x0000000000000000 | N/A
[SYS] Eth Pkt Good     | 0x00000875         | 0x00002021
[SYS] Eth Pkt Drop     | 0x00000000         | 0x00000000
[SYS] AXIQ status      | 0x00000303         | 0x00010101
[SYS] ------------------------ Tasks ---------------------------
[SYS]                  | UP         | CP         | RT
[SYS] Error            | 0x00000000 | 0x00000000 | 0x00000000
[SYS] Heartbeats       | 0x03a330ed | N/A        | N/A
[SYS] Counts           | 0x00000000 | N/A        | 0x00000000
[SYS] Drops            | 0x00000000 | N/A        | 0x00000000
[SYS] ------------------------ VSPAs ---------------------------
[SYS]                  | 0          | 1          | 2
[SYS] Error            | 0x00000000 | 0x00000000 | 0x00000000
[SYS] SYM WR           | 0x00000012 | N/A        | 0x0000001a
[SYS] SYM RD           | 0x00000012 | N/A        | 0x0000001a
[SYS] CMD WR           | 0x00000007 | 0x00000006 | 0x00000005
[SYS] CMD RD           | 0x00000007 | 0x00000006 | 0x00000005
[SYS] ------------------------ Info ----------------------------
[SYS]                  | Downlink           | Uplink
[SYS] RF / fine Gain   |     17 /   -0.8    | 0x42
[SYS] PwrAvg(dBFs/dBm) | N/A                | N/A
[SYS] PwrMax(dBFS)     | N/A                | N/A
[SYS] Showtime 149 seconds

[SYS] ------------------------ Data Direction -------------------
[SYS]                  | Downlink           | Uplink
[SYS] CPlane Total     | 0x0000000000000000 | 0x0000000000000000
[SYS] CPlane OnTime    | 0x0000000000000000 | 0x0000000000000000
[SYS] CPlane Early     | 0x0000000000000000 | 0x0000000000000000
[SYS] CPlane Late      | 0x0000000000000000 | 0x0000000000000000
[SYS] CPlane Corrupt   | 0x0000000000000000 | 0x0000000000000000
[SYS] UPlane Total     | 0x0000000000000000 | 0x0000000000000000
[SYS] UPlane OnTime    | 0x0000000000000000 | N/A
[SYS] UPlane Ealry     | 0x0000000000000000 | N/A
[SYS] UPlane Late      | 0x0000000000000000 | N/A
[SYS] UPlane Corrupt   | 0x0000000000000000 | N/A
[SYS] Eth Pkt Good     | 0x00000876         | 0x00002044
[SYS] Eth Pkt Drop     | 0x00000000         | 0x00000000
[SYS] AXIQ status      | 0x00000303         | 0x00010101
[SYS] ------------------------ Tasks ---------------------------
[SYS]                  | UP         | CP         | RT
[SYS] Error            | 0x00000000 | 0x00000000 | 0x00000000
[SYS] Heartbeats       | 0x03a96be5 | N/A        | N/A
[SYS] Counts           | 0x00000000 | N/A        | 0x00000000
[SYS] Drops            | 0x00000000 | N/A        | 0x00000000
[SYS] ------------------------ VSPAs ---------------------------
[SYS]                  | 0          | 1          | 2
[SYS] Error            | 0x00000000 | 0x00000000 | 0x00000000
[SYS] SYM WR           | 0x00000012 | N/A        | 0x0000001a
[SYS] SYM RD           | 0x00000012 | N/A        | 0x0000001a
[SYS] CMD WR           | 0x00000007 | 0x00000006 | 0x00000005
[SYS] CMD RD           | 0x00000007 | 0x00000006 | 0x00000005
[SYS] ------------------------ Info ----------------------------
[SYS]                  | Downlink           | Uplink
[SYS] RF / fine Gain   |     17 /   -0.8    | 0x42
[SYS] PwrAvg(dBFs/dBm) | N/A                | N/A
[SYS] PwrMax(dBFS)     | N/A                | N/A
[SYS] Showtime 150 seconds

[SYS] ------------------------ Data Direction -------------------
[SYS]                  | Downlink           | Uplink
[SYS] CPlane Total     | 0x0000000000000000 | 0x0000000000000000
[SYS] CPlane OnTime    | 0x0000000000000000 | 0x0000000000000000
[SYS] CPlane Early     | 0x0000000000000000 | 0x0000000000000000
[SYS] CPlane Late      | 0x0000000000000000 | 0x0000000000000000
[SYS] CPlane Corrupt   | 0x0000000000000000 | 0x0000000000000000
[SYS] UPlane Total     | 0x0000000000000000 | 0x0000000000000000
[SYS] UPlane OnTime    | 0x0000000000000000 | N/A
[SYS] UPlane Ealry     | 0x0000000000000000 | N/A
[SYS] UPlane Late      | 0x0000000000000000 | N/A
[SYS] UPlane Corrupt   | 0x0000000000000000 | N/A
[SYS] Eth Pkt Good     | 0x00000878         | 0x00002068
[SYS] Eth Pkt Drop     | 0x00000000         | 0x00000000
[SYS] AXIQ status      | 0x00000303         | 0x00010101
[SYS] ------------------------ Tasks ---------------------------
[SYS]                  | UP         | CP         | RT
[SYS] Error            | 0x00000000 | 0x00000000 | 0x00000000
[SYS] Heartbeats       | 0x03afa9aa | N/A        | N/A
[SYS] Counts           | 0x00000000 | N/A        | 0x00000000
[SYS] Drops            | 0x00000000 | N/A        | 0x00000000
[SYS] ------------------------ VSPAs ---------------------------
[SYS]                  | 0          | 1          | 2
[SYS] Error            | 0x00000000 | 0x00000000 | 0x00000000
[SYS] SYM WR           | 0x00000012 | N/A        | 0x0000001a
[SYS] SYM RD           | 0x00000012 | N/A        | 0x0000001a
[SYS] CMD WR           | 0x00000007 | 0x00000006 | 0x00000005
[SYS] CMD RD           | 0x00000007 | 0x00000006 | 0x00000005
[SYS] ------------------------ Info ----------------------------
[SYS]                  | Downlink           | Uplink
[SYS] RF / fine Gain   |     17 /   -0.8    | 0x42
[SYS] PwrAvg(dBFs/dBm) | N/A                | N/A
[SYS] PwrMax(dBFS)     | N/A                | N/A
[SYS] Showtime 151 seconds

[SYS] ------------------------ Data Direction -------------------
[SYS]                  | Downlink           | Uplink
[SYS] CPlane Total     | 0x0000000000000000 | 0x0000000000000000
[SYS] CPlane OnTime    | 0x0000000000000000 | 0x0000000000000000
[SYS] CPlane Early     | 0x0000000000000000 | 0x0000000000000000
[SYS] CPlane Late      | 0x0000000000000000 | 0x0000000000000000
[SYS] CPlane Corrupt   | 0x0000000000000000 | 0x0000000000000000
[SYS] UPlane Total     | 0x0000000000000000 | 0x0000000000000000
[SYS] UPlane OnTime    | 0x0000000000000000 | N/A
[SYS] UPlane Ealry     | 0x0000000000000000 | N/A
[SYS] UPlane Late      | 0x0000000000000000 | N/A
[SYS] UPlane Corrupt   | 0x0000000000000000 | N/A
[SYS] Eth Pkt Good     | 0x00000879         | 0x0000208b
[SYS] Eth Pkt Drop     | 0x00000000         | 0x00000000
[SYS] AXIQ status      | 0x00000303         | 0x00010101
[SYS] ------------------------ Tasks ---------------------------
[SYS]                  | UP         | CP         | RT
[SYS] Error            | 0x00000000 | 0x00000000 | 0x00000000
[SYS] Heartbeats       | 0x03b5e48f | N/A        | N/A
[SYS] Counts           | 0x00000000 | N/A        | 0x00000000
[SYS] Drops            | 0x00000000 | N/A        | 0x00000000
[SYS] ------------------------ VSPAs ---------------------------
[SYS]                  | 0          | 1          | 2
[SYS] Error            | 0x00000000 | 0x00000000 | 0x00000000
[SYS] SYM WR           | 0x00000012 | N/A        | 0x0000001a
[SYS] SYM RD           | 0x00000012 | N/A        | 0x0000001a
[SYS] CMD WR           | 0x00000007 | 0x00000006 | 0x00000005
[SYS] CMD RD           | 0x00000007 | 0x00000006 | 0x00000005
[SYS] ------------------------ Info ----------------------------
[SYS]                  | Downlink           | Uplink
[SYS] RF / fine Gain   |     17 /   -0.8    | 0x42
[SYS] PwrAvg(dBFs/dBm) | N/A                | N/A
[SYS] PwrMax(dBFS)     | N/A                | N/A
[SYS] Showtime 152 seconds

[SYS] ------------------------ Data Direction -------------------
[SYS]                  | Downlink           | Uplink
[SYS] CPlane Total     | 0x0000000000000000 | 0x0000000000000000
[SYS] CPlane OnTime    | 0x0000000000000000 | 0x0000000000000000
[SYS] CPlane Early     | 0x0000000000000000 | 0x0000000000000000
[SYS] CPlane Late      | 0x0000000000000000 | 0x0000000000000000
[SYS] CPlane Corrupt   | 0x0000000000000000 | 0x0000000000000000
[SYS] UPlane Total     | 0x0000000000000000 | 0x0000000000000000
[SYS] UPlane OnTime    | 0x0000000000000000 | N/A
[SYS] UPlane Ealry     | 0x0000000000000000 | N/A
[SYS] UPlane Late      | 0x0000000000000000 | N/A
[SYS] UPlane Corrupt   | 0x0000000000000000 | N/A
[SYS] Eth Pkt Good     | 0x0000087a         | 0x000020af
[SYS] Eth Pkt Drop     | 0x00000000         | 0x00000000
[SYS] AXIQ status      | 0x00000303         | 0x00010101
[SYS] ------------------------ Tasks ---------------------------
[SYS]                  | UP         | CP         | RT
[SYS] Error            | 0x00000000 | 0x00000000 | 0x00000000
[SYS] Heartbeats       | 0x03bc1f73 | N/A        | N/A
[SYS] Counts           | 0x00000000 | N/A        | 0x00000000
[SYS] Drops            | 0x00000000 | N/A        | 0x00000000
[SYS] ------------------------ VSPAs ---------------------------
[SYS]                  | 0          | 1          | 2
[SYS] Error            | 0x00000000 | 0x00000000 | 0x00000000
[SYS] SYM WR           | 0x00000012 | N/A        | 0x0000001a
[SYS] SYM RD           | 0x00000012 | N/A        | 0x0000001a
[SYS] CMD WR           | 0x00000007 | 0x00000006 | 0x00000005
[SYS] CMD RD           | 0x00000007 | 0x00000006 | 0x00000005
[SYS] ------------------------ Info ----------------------------
[SYS]                  | Downlink           | Uplink
[SYS] RF / fine Gain   |     17 /   -0.8    | 0x42
[SYS] PwrAvg(dBFs/dBm) | N/A                | N/A
[SYS] PwrMax(dBFS)     | N/A                | N/A
[SYS] Showtime 153 seconds

[SYS] ------------------------ Data Direction -------------------
[SYS]                  | Downlink           | Uplink
[SYS] CPlane Total     | 0x0000000000000000 | 0x0000000000000000
[SYS] CPlane OnTime    | 0x0000000000000000 | 0x0000000000000000
[SYS] CPlane Early     | 0x0000000000000000 | 0x0000000000000000
[SYS] CPlane Late      | 0x0000000000000000 | 0x0000000000000000
[SYS] CPlane Corrupt   | 0x0000000000000000 | 0x0000000000000000
[SYS] UPlane Total     | 0x0000000000000000 | 0x0000000000000000
[SYS] UPlane OnTime    | 0x0000000000000000 | N/A
[SYS] UPlane Ealry     | 0x0000000000000000 | N/A
[SYS] UPlane Late      | 0x0000000000000000 | N/A
[SYS] UPlane Corrupt   | 0x0000000000000000 | N/A
[SYS] Eth Pkt Good     | 0x0000087c         | 0x000020d2
[SYS] Eth Pkt Drop     | 0x00000000         | 0x00000000
[SYS] AXIQ status      | 0x00000303         | 0x00010101
[SYS] ------------------------ Tasks ---------------------------
[SYS]                  | UP         | CP         | RT
[SYS] Error            | 0x00000000 | 0x00000000 | 0x00000000
[SYS] Heartbeats       | 0x03c25d3d | N/A        | N/A
[SYS] Counts           | 0x00000000 | N/A        | 0x00000000
[SYS] Drops            | 0x00000000 | N/A        | 0x00000000
[SYS] ------------------------ VSPAs ---------------------------
[SYS]                  | 0          | 1          | 2
[SYS] Error            | 0x00000000 | 0x00000000 | 0x00000000
[SYS] SYM WR           | 0x00000012 | N/A        | 0x0000001a
[SYS] SYM RD           | 0x00000012 | N/A        | 0x0000001a
[SYS] CMD WR           | 0x00000007 | 0x00000006 | 0x00000005
[SYS] CMD RD           | 0x00000007 | 0x00000006 | 0x00000005
[SYS] ------------------------ Info ----------------------------
[SYS]                  | Downlink           | Uplink
[SYS] RF / fine Gain   |     17 /   -0.8    | 0x42
[SYS] PwrAvg(dBFs/dBm) | N/A                | N/A
[SYS] PwrMax(dBFS)     | N/A                | N/A
[SYS] Showtime 154 seconds

[SYS] ------------------------ Data Direction -------------------
[SYS]                  | Downlink           | Uplink
[SYS] CPlane Total     | 0x0000000000000000 | 0x0000000000000000
[SYS] CPlane OnTime    | 0x0000000000000000 | 0x0000000000000000
[SYS] CPlane Early     | 0x0000000000000000 | 0x0000000000000000
[SYS] CPlane Late      | 0x0000000000000000 | 0x0000000000000000
[SYS] CPlane Corrupt   | 0x0000000000000000 | 0x0000000000000000
[SYS] UPlane Total     | 0x0000000000000000 | 0x0000000000000000
[SYS] UPlane OnTime    | 0x0000000000000000 | N/A
[SYS] UPlane Ealry     | 0x0000000000000000 | N/A
[SYS] UPlane Late      | 0x0000000000000000 | N/A
[SYS] UPlane Corrupt   | 0x0000000000000000 | N/A
[SYS] Eth Pkt Good     | 0x0000087d         | 0x000020f5
[SYS] Eth Pkt Drop     | 0x00000000         | 0x00000000
[SYS] AXIQ status      | 0x00000303         | 0x00010101
[SYS] ------------------------ Tasks ---------------------------
[SYS]                  | UP         | CP         | RT
[SYS] Error            | 0x00000000 | 0x00000000 | 0x00000000
[SYS] Heartbeats       | 0x03c8981f | N/A        | N/A
[SYS] Counts           | 0x00000000 | N/A        | 0x00000000
[SYS] Drops            | 0x00000000 | N/A        | 0x00000000
[SYS] ------------------------ VSPAs ---------------------------
[SYS]                  | 0          | 1          | 2
[SYS] Error            | 0x00000000 | 0x00000000 | 0x00000000
[SYS] SYM WR           | 0x00000012 | N/A        | 0x0000001a
[SYS] SYM RD           | 0x00000012 | N/A        | 0x0000001a
[SYS] CMD WR           | 0x00000007 | 0x00000006 | 0x00000005
[SYS] CMD RD           | 0x00000007 | 0x00000006 | 0x00000005
[SYS] ------------------------ Info ----------------------------
[SYS]                  | Downlink           | Uplink
[SYS] RF / fine Gain   |     17 /   -0.8    | 0x42
[SYS] PwrAvg(dBFs/dBm) | N/A                | N/A
[SYS] PwrMax(dBFS)     | N/A                | N/A
[SYS] Showtime 155 seconds

[SYS] ------------------------ Data Direction -------------------
[SYS]                  | Downlink           | Uplink
[SYS] CPlane Total     | 0x0000000000000000 | 0x0000000000000000
[SYS] CPlane OnTime    | 0x0000000000000000 | 0x0000000000000000
[SYS] CPlane Early     | 0x0000000000000000 | 0x0000000000000000
[SYS] CPlane Late      | 0x0000000000000000 | 0x0000000000000000
[SYS] CPlane Corrupt   | 0x0000000000000000 | 0x0000000000000000
[SYS] UPlane Total     | 0x0000000000000000 | 0x0000000000000000
[SYS] UPlane OnTime    | 0x0000000000000000 | N/A
[SYS] UPlane Ealry     | 0x0000000000000000 | N/A
[SYS] UPlane Late      | 0x0000000000000000 | N/A
[SYS] UPlane Corrupt   | 0x0000000000000000 | N/A
[SYS] Eth Pkt Good     | 0x00000897         | 0x00002131
[SYS] Eth Pkt Drop     | 0x00000000         | 0x00000000
[SYS] AXIQ status      | 0x00000303         | 0x00010101
[SYS] ------------------------ Tasks ---------------------------
[SYS]                  | UP         | CP         | RT
[SYS] Error            | 0x00000000 | 0x00000000 | 0x00000000
[SYS] Heartbeats       | 0x03ced306 | N/A        | N/A
[SYS] Counts           | 0x00000000 | N/A        | 0x00000000
[SYS] Drops            | 0x00000000 | N/A        | 0x00000000
[SYS] ------------------------ VSPAs ---------------------------
[SYS]                  | 0          | 1          | 2
[SYS] Error            | 0x00000000 | 0x00000000 | 0x00000000
[SYS] SYM WR           | 0x00000012 | N/A        | 0x0000001a
[SYS] SYM RD           | 0x00000012 | N/A        | 0x0000001a
[SYS] CMD WR           | 0x00000007 | 0x00000006 | 0x00000005
[SYS] CMD RD           | 0x00000007 | 0x00000006 | 0x00000005
[SYS] ------------------------ Info ----------------------------
[SYS]                  | Downlink           | Uplink
[SYS] RF / fine Gain   |     17 /   -0.8    | 0x42
[SYS] PwrAvg(dBFs/dBm) | N/A                | N/A
[SYS] PwrMax(dBFS)     | N/A                | N/A
[SYS] Showtime 156 seconds

[SYS] ------------------------ Data Direction -------------------
[SYS]                  | Downlink           | Uplink
[SYS] CPlane Total     | 0x0000000000000000 | 0x0000000000000000
[SYS] CPlane OnTime    | 0x0000000000000000 | 0x0000000000000000
[SYS] CPlane Early     | 0x0000000000000000 | 0x0000000000000000
[SYS] CPlane Late      | 0x0000000000000000 | 0x0000000000000000
[SYS] CPlane Corrupt   | 0x0000000000000000 | 0x0000000000000000
[SYS] UPlane Total     | 0x0000000000000000 | 0x0000000000000000
[SYS] UPlane OnTime    | 0x0000000000000000 | N/A
[SYS] UPlane Ealry     | 0x0000000000000000 | N/A
[SYS] UPlane Late      | 0x0000000000000000 | N/A
[SYS] UPlane Corrupt   | 0x0000000000000000 | N/A
[SYS] Eth Pkt Good     | 0x0000089e         | 0x0000215a
[SYS] Eth Pkt Drop     | 0x00000000         | 0x00000000
[SYS] AXIQ status      | 0x00000303         | 0x00010101
[SYS] ------------------------ Tasks ---------------------------
[SYS]                  | UP         | CP         | RT
[SYS] Error            | 0x00000000 | 0x00000000 | 0x00000000
[SYS] Heartbeats       | 0x03d50e08 | N/A        | N/A
[SYS] Counts           | 0x00000000 | N/A        | 0x00000000
[SYS] Drops            | 0x00000000 | N/A        | 0x00000000
[SYS] ------------------------ VSPAs ---------------------------
[SYS]                  | 0          | 1          | 2
[SYS] Error            | 0x00000000 | 0x00000000 | 0x00000000
[SYS] SYM WR           | 0x00000012 | N/A        | 0x0000001a
[SYS] SYM RD           | 0x00000012 | N/A        | 0x0000001a
[SYS] CMD WR           | 0x00000007 | 0x00000006 | 0x00000005
[SYS] CMD RD           | 0x00000007 | 0x00000006 | 0x00000005
[SYS] ------------------------ Info ----------------------------
[SYS]                  | Downlink           | Uplink
[SYS] RF / fine Gain   |     17 /   -0.8    | 0x42
[SYS] PwrAvg(dBFs/dBm) | N/A                | N/A
[SYS] PwrMax(dBFS)     | N/A                | N/A
[SYS] Showtime 157 seconds

[SYS] ------------------------ Data Direction -------------------
[SYS]                  | Downlink           | Uplink
[SYS] CPlane Total     | 0x0000000000000000 | 0x0000000000000000
[SYS] CPlane OnTime    | 0x0000000000000000 | 0x0000000000000000
[SYS] CPlane Early     | 0x0000000000000000 | 0x0000000000000000
[SYS] CPlane Late      | 0x0000000000000000 | 0x0000000000000000
[SYS] CPlane Corrupt   | 0x0000000000000000 | 0x0000000000000000
[SYS] UPlane Total     | 0x0000000000000000 | 0x0000000000000000
[SYS] UPlane OnTime    | 0x0000000000000000 | N/A
[SYS] UPlane Ealry     | 0x0000000000000000 | N/A
[SYS] UPlane Late      | 0x0000000000000000 | N/A
[SYS] UPlane Corrupt   | 0x0000000000000000 | N/A
[SYS] Eth Pkt Good     | 0x0000089f         | 0x0000217d
[SYS] Eth Pkt Drop     | 0x00000000         | 0x00000000
[SYS] AXIQ status      | 0x00000303         | 0x00010101
[SYS] ------------------------ Tasks ---------------------------
[SYS]                  | UP         | CP         | RT
[SYS] Error            | 0x00000000 | 0x00000000 | 0x00000000
[SYS] Heartbeats       | 0x03db4bc5 | N/A        | N/A
[SYS] Counts           | 0x00000000 | N/A        | 0x00000000
[SYS] Drops            | 0x00000000 | N/A        | 0x00000000
[SYS] ------------------------ VSPAs ---------------------------
[SYS]                  | 0          | 1          | 2
[SYS] Error            | 0x00000000 | 0x00000000 | 0x00000000
[SYS] SYM WR           | 0x00000012 | N/A        | 0x0000001a
[SYS] SYM RD           | 0x00000012 | N/A        | 0x0000001a
[SYS] CMD WR           | 0x00000007 | 0x00000006 | 0x00000005
[SYS] CMD RD           | 0x00000007 | 0x00000006 | 0x00000005
[SYS] ------------------------ Info ----------------------------
[SYS]                  | Downlink           | Uplink
[SYS] RF / fine Gain   |     17 /   -0.8    | 0x42
[SYS] PwrAvg(dBFs/dBm) | N/A                | N/A
[SYS] PwrMax(dBFS)     | N/A                | N/A
[SYS] Showtime 158 seconds

[SYS] ------------------------ Data Direction -------------------
[SYS]                  | Downlink           | Uplink
[SYS] CPlane Total     | 0x0000000000000000 | 0x0000000000000000
[SYS] CPlane OnTime    | 0x0000000000000000 | 0x0000000000000000
[SYS] CPlane Early     | 0x0000000000000000 | 0x0000000000000000
[SYS] CPlane Late      | 0x0000000000000000 | 0x0000000000000000
[SYS] CPlane Corrupt   | 0x0000000000000000 | 0x0000000000000000
[SYS] UPlane Total     | 0x0000000000000000 | 0x0000000000000000
[SYS] UPlane OnTime    | 0x0000000000000000 | N/A
[SYS] UPlane Ealry     | 0x0000000000000000 | N/A
[SYS] UPlane Late      | 0x0000000000000000 | N/A
[SYS] UPlane Corrupt   | 0x0000000000000000 | N/A
[SYS] Eth Pkt Good     | 0x000008a1         | 0x000021a1
[SYS] Eth Pkt Drop     | 0x00000000         | 0x00000000
[SYS] AXIQ status      | 0x00000303         | 0x00010101
[SYS] ------------------------ Tasks ---------------------------
[SYS]                  | UP         | CP         | RT
[SYS] Error            | 0x00000000 | 0x00000000 | 0x00000000
[SYS] Heartbeats       | 0x03e186a7 | N/A        | N/A
[SYS] Counts           | 0x00000000 | N/A        | 0x00000000
[SYS] Drops            | 0x00000000 | N/A        | 0x00000000
[SYS] ------------------------ VSPAs ---------------------------
[SYS]                  | 0          | 1          | 2
[SYS] Error            | 0x00000000 | 0x00000000 | 0x00000000
[SYS] SYM WR           | 0x00000012 | N/A        | 0x0000001a
[SYS] SYM RD           | 0x00000012 | N/A        | 0x0000001a
[SYS] CMD WR           | 0x00000007 | 0x00000006 | 0x00000005
[SYS] CMD RD           | 0x00000007 | 0x00000006 | 0x00000005
[SYS] ------------------------ Info ----------------------------
[SYS]                  | Downlink           | Uplink
[SYS] RF / fine Gain   |     17 /   -0.8    | 0x42
[SYS] PwrAvg(dBFs/dBm) | N/A                | N/A
[SYS] PwrMax(dBFS)     | N/A                | N/A
[SYS] Showtime 159 seconds

[SYS] ------------------------ Data Direction -------------------
[SYS]                  | Downlink           | Uplink
[SYS] CPlane Total     | 0x0000000000000000 | 0x0000000000000000
[SYS] CPlane OnTime    | 0x0000000000000000 | 0x0000000000000000
[SYS] CPlane Early     | 0x0000000000000000 | 0x0000000000000000
[SYS] CPlane Late      | 0x0000000000000000 | 0x0000000000000000
[SYS] CPlane Corrupt   | 0x0000000000000000 | 0x0000000000000000
[SYS] UPlane Total     | 0x0000000000000000 | 0x0000000000000000
[SYS] UPlane OnTime    | 0x0000000000000000 | N/A
[SYS] UPlane Ealry     | 0x0000000000000000 | N/A
[SYS] UPlane Late      | 0x0000000000000000 | N/A
[SYS] UPlane Corrupt   | 0x0000000000000000 | N/A
[SYS] Eth Pkt Good     | 0x000008a2         | 0x000021c4
[SYS] Eth Pkt Drop     | 0x00000000         | 0x00000000
[SYS] AXIQ status      | 0x00000303         | 0x00010101
[SYS] ------------------------ Tasks ---------------------------
[SYS]                  | UP         | CP         | RT
[SYS] Error            | 0x00000000 | 0x00000000 | 0x00000000
[SYS] Heartbeats       | 0x03e7c193 | N/A        | N/A
[SYS] Counts           | 0x00000000 | N/A        | 0x00000000
[SYS] Drops            | 0x00000000 | N/A        | 0x00000000
[SYS] ------------------------ VSPAs ---------------------------
[SYS]                  | 0          | 1          | 2
[SYS] Error            | 0x00000000 | 0x00000000 | 0x00000000
[SYS] SYM WR           | 0x00000012 | N/A        | 0x0000001a
[SYS] SYM RD           | 0x00000012 | N/A        | 0x0000001a
[SYS] CMD WR           | 0x00000007 | 0x00000006 | 0x00000005
[SYS] CMD RD           | 0x00000007 | 0x00000006 | 0x00000005
[SYS] ------------------------ Info ----------------------------
[SYS]                  | Downlink           | Uplink
[SYS] RF / fine Gain   |     17 /   -0.8    | 0x42
[SYS] PwrAvg(dBFs/dBm) | N/A                | N/A
[SYS] PwrMax(dBFS)     | N/A                | N/A
[SYS] Showtime 160 seconds

[SYS] ------------------------ Data Direction -------------------
[SYS]                  | Downlink           | Uplink
[SYS] CPlane Total     | 0x0000000000000000 | 0x0000000000000000
[SYS] CPlane OnTime    | 0x0000000000000000 | 0x0000000000000000
[SYS] CPlane Early     | 0x0000000000000000 | 0x0000000000000000
[SYS] CPlane Late      | 0x0000000000000000 | 0x0000000000000000
[SYS] CPlane Corrupt   | 0x0000000000000000 | 0x0000000000000000
[SYS] UPlane Total     | 0x0000000000000000 | 0x0000000000000000
[SYS] UPlane OnTime    | 0x0000000000000000 | N/A
[SYS] UPlane Ealry     | 0x0000000000000000 | N/A
[SYS] UPlane Late      | 0x0000000000000000 | N/A
[SYS] UPlane Corrupt   | 0x0000000000000000 | N/A
[SYS] Eth Pkt Good     | 0x000008a4         | 0x000021e8
[SYS] Eth Pkt Drop     | 0x00000000         | 0x00000000
[SYS] AXIQ status      | 0x00000303         | 0x00010101
[SYS] ------------------------ Tasks ---------------------------
[SYS]                  | UP         | CP         | RT
[SYS] Error            | 0x00000000 | 0x00000000 | 0x00000000
[SYS] Heartbeats       | 0x03edff52 | N/A        | N/A
[SYS] Counts           | 0x00000000 | N/A        | 0x00000000
[SYS] Drops            | 0x00000000 | N/A        | 0x00000000
[SYS] ------------------------ VSPAs ---------------------------
[SYS]                  | 0          | 1          | 2
[SYS] Error            | 0x00000000 | 0x00000000 | 0x00000000
[SYS] SYM WR           | 0x00000012 | N/A        | 0x0000001a
[SYS] SYM RD           | 0x00000012 | N/A        | 0x0000001a
[SYS] CMD WR           | 0x00000007 | 0x00000006 | 0x00000005
[SYS] CMD RD           | 0x00000007 | 0x00000006 | 0x00000005
[SYS] ------------------------ Info ----------------------------
[SYS]                  | Downlink           | Uplink
[SYS] RF / fine Gain   |     17 /   -0.8    | 0x42
[SYS] PwrAvg(dBFs/dBm) | N/A                | N/A
[SYS] PwrMax(dBFS)     | N/A                | N/A
[SYS] Showtime 161 seconds

[SYS] ------------------------ Data Direction -------------------
[SYS]                  | Downlink           | Uplink
[SYS] CPlane Total     | 0x0000000000000000 | 0x0000000000000000
[SYS] CPlane OnTime    | 0x0000000000000000 | 0x0000000000000000
[SYS] CPlane Early     | 0x0000000000000000 | 0x0000000000000000
[SYS] CPlane Late      | 0x0000000000000000 | 0x0000000000000000
[SYS] CPlane Corrupt   | 0x0000000000000000 | 0x0000000000000000
[SYS] UPlane Total     | 0x0000000000000000 | 0x0000000000000000
[SYS] UPlane OnTime    | 0x0000000000000000 | N/A
[SYS] UPlane Ealry     | 0x0000000000000000 | N/A
[SYS] UPlane Late      | 0x0000000000000000 | N/A
[SYS] UPlane Corrupt   | 0x0000000000000000 | N/A
[SYS] Eth Pkt Good     | 0x000008a5         | 0x0000220b
[SYS] Eth Pkt Drop     | 0x00000000         | 0x00000000
[SYS] AXIQ status      | 0x00000303         | 0x00010101
[SYS] ------------------------ Tasks ---------------------------
[SYS]                  | UP         | CP         | RT
[SYS] Error            | 0x00000000 | 0x00000000 | 0x00000000
[SYS] Heartbeats       | 0x03f43a38 | N/A        | N/A
[SYS] Counts           | 0x00000000 | N/A        | 0x00000000
[SYS] Drops            | 0x00000000 | N/A        | 0x00000000
[SYS] ------------------------ VSPAs ---------------------------
[SYS]                  | 0          | 1          | 2
[SYS] Error            | 0x00000000 | 0x00000000 | 0x00000000
[SYS] SYM WR           | 0x00000012 | N/A        | 0x0000001a
[SYS] SYM RD           | 0x00000012 | N/A        | 0x0000001a
[SYS] CMD WR           | 0x00000007 | 0x00000006 | 0x00000005
[SYS] CMD RD           | 0x00000007 | 0x00000006 | 0x00000005
[SYS] ------------------------ Info ----------------------------
[SYS]                  | Downlink           | Uplink
[SYS] RF / fine Gain   |     17 /   -0.8    | 0x42
[SYS] PwrAvg(dBFs/dBm) | N/A                | N/A
[SYS] PwrMax(dBFS)     | N/A                | N/A
[SYS] Showtime 162 seconds

[SYS] ------------------------ Data Direction -------------------
[SYS]                  | Downlink           | Uplink
[SYS] CPlane Total     | 0x0000000000000000 | 0x0000000000000000
[SYS] CPlane OnTime    | 0x0000000000000000 | 0x0000000000000000
[SYS] CPlane Early     | 0x0000000000000000 | 0x0000000000000000
[SYS] CPlane Late      | 0x0000000000000000 | 0x0000000000000000
[SYS] CPlane Corrupt   | 0x0000000000000000 | 0x0000000000000000
[SYS] UPlane Total     | 0x0000000000000000 | 0x0000000000000000
[SYS] UPlane OnTime    | 0x0000000000000000 | N/A
[SYS] UPlane Ealry     | 0x0000000000000000 | N/A
[SYS] UPlane Late      | 0x0000000000000000 | N/A
[SYS] UPlane Corrupt   | 0x0000000000000000 | N/A
[SYS] Eth Pkt Good     | 0x000008a7         | 0x0000222f
[SYS] Eth Pkt Drop     | 0x00000000         | 0x00000000
[SYS] AXIQ status      | 0x00000303         | 0x00010101
[SYS] ------------------------ Tasks ---------------------------
[SYS]                  | UP         | CP         | RT
[SYS] Error            | 0x00000000 | 0x00000000 | 0x00000000
[SYS] Heartbeats       | 0x03fa7511 | N/A        | N/A
[SYS] Counts           | 0x00000000 | N/A        | 0x00000000
[SYS] Drops            | 0x00000000 | N/A        | 0x00000000
[SYS] ------------------------ VSPAs ---------------------------
[SYS]                  | 0          | 1          | 2
[SYS] Error            | 0x00000000 | 0x00000000 | 0x00000000
[SYS] SYM WR           | 0x00000012 | N/A        | 0x0000001a
[SYS] SYM RD           | 0x00000012 | N/A        | 0x0000001a
[SYS] CMD WR           | 0x00000007 | 0x00000006 | 0x00000005
[SYS] CMD RD           | 0x00000007 | 0x00000006 | 0x00000005
[SYS] ------------------------ Info ----------------------------
[SYS]                  | Downlink           | Uplink
[SYS] RF / fine Gain   |     17 /   -0.8    | 0x42
[SYS] PwrAvg(dBFs/dBm) | N/A                | N/A
[SYS] PwrMax(dBFS)     | N/A                | N/A
[SYS] Showtime 163 seconds

[SYS] ------------------------ Data Direction -------------------
[SYS]                  | Downlink           | Uplink
[SYS] CPlane Total     | 0x0000000000000000 | 0x0000000000000000
[SYS] CPlane OnTime    | 0x0000000000000000 | 0x0000000000000000
[SYS] CPlane Early     | 0x0000000000000000 | 0x0000000000000000
[SYS] CPlane Late      | 0x0000000000000000 | 0x0000000000000000
[SYS] CPlane Corrupt   | 0x0000000000000000 | 0x0000000000000000
[SYS] UPlane Total     | 0x0000000000000000 | 0x0000000000000000
[SYS] UPlane OnTime    | 0x0000000000000000 | N/A
[SYS] UPlane Ealry     | 0x0000000000000000 | N/A
[SYS] UPlane Late      | 0x0000000000000000 | N/A
[SYS] UPlane Corrupt   | 0x0000000000000000 | N/A
[SYS] Eth Pkt Good     | 0x000008a8         | 0x00002252
[SYS] Eth Pkt Drop     | 0x00000000         | 0x00000000
[SYS] AXIQ status      | 0x00000303         | 0x00010101
[SYS] ------------------------ Tasks ---------------------------
[SYS]                  | UP         | CP         | RT
[SYS] Error            | 0x00000000 | 0x00000000 | 0x00000000
[SYS] Heartbeats       | 0x0400b00a | N/A        | N/A
[SYS] Counts           | 0x00000000 | N/A        | 0x00000000
[SYS] Drops            | 0x00000000 | N/A        | 0x00000000
[SYS] ------------------------ VSPAs ---------------------------
[SYS]                  | 0          | 1          | 2
[SYS] Error            | 0x00000000 | 0x00000000 | 0x00000000
[SYS] SYM WR           | 0x00000012 | N/A        | 0x0000001a
[SYS] SYM RD           | 0x00000012 | N/A        | 0x0000001a
[SYS] CMD WR           | 0x00000007 | 0x00000006 | 0x00000005
[SYS] CMD RD           | 0x00000007 | 0x00000006 | 0x00000005
[SYS] ------------------------ Info ----------------------------
[SYS]                  | Downlink           | Uplink
[SYS] RF / fine Gain   |     17 /   -0.8    | 0x42
[SYS] PwrAvg(dBFs/dBm) | N/A                | N/A
[SYS] PwrMax(dBFS)     | N/A                | N/A
[SYS] Showtime 164 seconds

[SYS] ------------------------ Data Direction -------------------
[SYS]                  | Downlink           | Uplink
[SYS] CPlane Total     | 0x0000000000000000 | 0x0000000000000000
[SYS] CPlane OnTime    | 0x0000000000000000 | 0x0000000000000000
[SYS] CPlane Early     | 0x0000000000000000 | 0x0000000000000000
[SYS] CPlane Late      | 0x0000000000000000 | 0x0000000000000000
[SYS] CPlane Corrupt   | 0x0000000000000000 | 0x0000000000000000
[SYS] UPlane Total     | 0x0000000000000000 | 0x0000000000000000
[SYS] UPlane OnTime    | 0x0000000000000000 | N/A
[SYS] UPlane Ealry     | 0x0000000000000000 | N/A
[SYS] UPlane Late      | 0x0000000000000000 | N/A
[SYS] UPlane Corrupt   | 0x0000000000000000 | N/A
[SYS] Eth Pkt Good     | 0x000008a9         | 0x00002275
[SYS] Eth Pkt Drop     | 0x00000000         | 0x00000000
[SYS] AXIQ status      | 0x00000303         | 0x00010101
[SYS] ------------------------ Tasks ---------------------------
[SYS]                  | UP         | CP         | RT
[SYS] Error            | 0x00000000 | 0x00000000 | 0x00000000
[SYS] Heartbeats       | 0x0406edc9 | N/A        | N/A
[SYS] Counts           | 0x00000000 | N/A        | 0x00000000
[SYS] Drops            | 0x00000000 | N/A        | 0x00000000
[SYS] ------------------------ VSPAs ---------------------------
[SYS]                  | 0          | 1          | 2
[SYS] Error            | 0x00000000 | 0x00000000 | 0x00000000
[SYS] SYM WR           | 0x00000012 | N/A        | 0x0000001a
[SYS] SYM RD           | 0x00000012 | N/A        | 0x0000001a
[SYS] CMD WR           | 0x00000007 | 0x00000006 | 0x00000005
[SYS] CMD RD           | 0x00000007 | 0x00000006 | 0x00000005
[SYS] ------------------------ Info ----------------------------
[SYS]                  | Downlink           | Uplink
[SYS] RF / fine Gain   |     17 /   -0.8    | 0x42
[SYS] PwrAvg(dBFs/dBm) | N/A                | N/A
[SYS] PwrMax(dBFS)     | N/A                | N/A
[SYS] Showtime 165 seconds

[SYS] ------------------------ Data Direction -------------------
[SYS]                  | Downlink           | Uplink
[SYS] CPlane Total     | 0x0000000000000000 | 0x0000000000000000
[SYS] CPlane OnTime    | 0x0000000000000000 | 0x0000000000000000
[SYS] CPlane Early     | 0x0000000000000000 | 0x0000000000000000
[SYS] CPlane Late      | 0x0000000000000000 | 0x0000000000000000
[SYS] CPlane Corrupt   | 0x0000000000000000 | 0x0000000000000000
[SYS] UPlane Total     | 0x0000000000000000 | 0x0000000000000000
[SYS] UPlane OnTime    | 0x0000000000000000 | N/A
[SYS] UPlane Ealry     | 0x0000000000000000 | N/A
[SYS] UPlane Late      | 0x0000000000000000 | N/A
[SYS] UPlane Corrupt   | 0x0000000000000000 | N/A
[SYS] Eth Pkt Good     | 0x000008ab         | 0x00002299
[SYS] Eth Pkt Drop     | 0x00000000         | 0x00000000
[SYS] AXIQ status      | 0x00000303         | 0x00010101
[SYS] ------------------------ Tasks ---------------------------
[SYS]                  | UP         | CP         | RT
[SYS] Error            | 0x00000000 | 0x00000000 | 0x00000000
[SYS] Heartbeats       | 0x040d28b1 | N/A        | N/A
[SYS] Counts           | 0x00000000 | N/A        | 0x00000000
[SYS] Drops            | 0x00000000 | N/A        | 0x00000000
[SYS] ------------------------ VSPAs ---------------------------
[SYS]                  | 0          | 1          | 2
[SYS] Error            | 0x00000000 | 0x00000000 | 0x00000000
[SYS] SYM WR           | 0x00000012 | N/A        | 0x0000001a
[SYS] SYM RD           | 0x00000012 | N/A        | 0x0000001a
[SYS] CMD WR           | 0x00000007 | 0x00000006 | 0x00000005
[SYS] CMD RD           | 0x00000007 | 0x00000006 | 0x00000005
[SYS] ------------------------ Info ----------------------------
[SYS]                  | Downlink           | Uplink
[SYS] RF / fine Gain   |     17 /   -0.8    | 0x42
[SYS] PwrAvg(dBFs/dBm) | N/A                | N/A
[SYS] PwrMax(dBFS)     | N/A                | N/A
[SYS] Showtime 166 seconds

[SYS] ------------------------ Data Direction -------------------
[SYS]                  | Downlink           | Uplink
[SYS] CPlane Total     | 0x0000000000000000 | 0x0000000000000000
[SYS] CPlane OnTime    | 0x0000000000000000 | 0x0000000000000000
[SYS] CPlane Early     | 0x0000000000000000 | 0x0000000000000000
[SYS] CPlane Late      | 0x0000000000000000 | 0x0000000000000000
[SYS] CPlane Corrupt   | 0x0000000000000000 | 0x0000000000000000
[SYS] UPlane Total     | 0x0000000000000000 | 0x0000000000000000
[SYS] UPlane OnTime    | 0x0000000000000000 | N/A
[SYS] UPlane Ealry     | 0x0000000000000000 | N/A
[SYS] UPlane Late      | 0x0000000000000000 | N/A
[SYS] UPlane Corrupt   | 0x0000000000000000 | N/A
[SYS] Eth Pkt Good     | 0x000008ac         | 0x000022bc
[SYS] Eth Pkt Drop     | 0x00000000         | 0x00000000
[SYS] AXIQ status      | 0x00000303         | 0x00010101
[SYS] ------------------------ Tasks ---------------------------
[SYS]                  | UP         | CP         | RT
[SYS] Error            | 0x00000000 | 0x00000000 | 0x00000000
[SYS] Heartbeats       | 0x041363a8 | N/A        | N/A
[SYS] Counts           | 0x00000000 | N/A        | 0x00000000
[SYS] Drops            | 0x00000000 | N/A        | 0x00000000
[SYS] ------------------------ VSPAs ---------------------------
[SYS]                  | 0          | 1          | 2
[SYS] Error            | 0x00000000 | 0x00000000 | 0x00000000
[SYS] SYM WR           | 0x00000012 | N/A        | 0x0000001a
[SYS] SYM RD           | 0x00000012 | N/A        | 0x0000001a
[SYS] CMD WR           | 0x00000007 | 0x00000006 | 0x00000005
[SYS] CMD RD           | 0x00000007 | 0x00000006 | 0x00000005
[SYS] ------------------------ Info ----------------------------
[SYS]                  | Downlink           | Uplink
[SYS] RF / fine Gain   |     17 /   -0.8    | 0x42
[SYS] PwrAvg(dBFs/dBm) | N/A                | N/A
[SYS] PwrMax(dBFS)     | N/A                | N/A
[SYS] Showtime 167 seconds

[SYS] Heartbeats       | 0x0418afbe | N/A        | N/A
[SYS]                  | 0          | 1          | 2
[SYS] UPlane Corrupt   | 0x0000000000000000 | N/A
[SYS]                  | UP         | CP         | RT
[SYS] ------------------------ VSPAs ---------------------------
[SYS] CPlane Late      | 0x0000000000000000 | 0x0000000000000000
[SYS] Error            | 0x00000000 | 0x00000000 | 0x00000000
[SYS] UPlane Total     | 0x00000000000c60a9 | 0x000000000000e846
[SYS] CMD WR           | 0x00000005 | 0x00000007 | 0x00000000
[SYS] CPlane Total     | 0x0000000000002fbc | 0x0000000000001a72
[SYS]                  | UP         | CP         | RT
[SYS] UPlane OnTime    | 0x00000000000e26e1 | N/A
[SYS] Error            | 0x00000000 | 0x00000000 | 0x00000000
[SYS]                  | 0          | 1          | 2
[SYS] UPlane Total     | 0x000000000011bc6f | 0x0000000000014e7c
[SYS] Error            | 0x00000000 | 0x00000000 | 0x00002000
[SYS]                  | Downlink           | Uplink
[SYS] CPlane Total     | 0x00000000000049e8 | 0x000000000000289a
