Fri May 24 12:35:47 CST 2024
AP2 >> [CLI] Running.

>> Ethernet PHY Tx/Rx is stable
XPCS VR_MII_DIG_STS: 0x00000010
COP PORSR1: 0x4d73d43f
COP PORSR2: 0x9fd7ffff
[INIT] Kernel is ready.
[MP] Running
[MP] Ruqual Starts
[MP] BOARD_CFG State
[SYS] ORAN CP info: e02821f8
[SYS] ORAN UP info: e0282250
Recv socket error! [Errno 100] Network is down
[MP] RF master path is set.
[MP] Center of Channel Bandwidth is 3450720kHz.
[MP] RF Frequency is set to 6901440, unit : 500Hz.
[MP] TX array channel bandwidth = 100 MHz.
[MP] RX array channel bandwidth = 100 MHz.
[RF_MON] Diora if is llcp
[RF_MON] Diora init successfully
[MP] Start Cal Task
[CAL] CAL starts and wait to trigger.
[MP] Board CFG Done
[MP] Idle State
[MP] CMD-SYNC
[MP] SP Starts
[MP] STAT-SYNC
[SP] SP is running
[MP] STAT-SYNC_DONE
[MP] CMD-CALI
[MP] STAT-CALI
[CAL] Start RF Calibration.
[CAL] TX BW index = 1, DPD BW index = 3.
Start to calibrate BB TX BW.
BW calibration done with ftune = 9, Gain difference = 0.0052dB
Start to calibrate BB RX BW.
BW calibration done with ftune = 10, Gain difference = 0.0518dB
Start to calibrate CH_RX RX DC.
Set RX gain to 0x0.
Rx DC value: -366 + -109j in Q13. Rx ADC compensation:  366 +  109j in Q13.
Set RX gain to 0x2.
Rx DC value:  116 +   81j in Q13. Adjust RX coarse DC with I = 16, Q = 16.
Rx DC value: -394 + -387j in Q13. Adjust RX coarse DC with I =  8, Q =  8.
Rx DC value: -136 + -153j in Q13. Adjust RX coarse DC with I =  4, Q =  4.
Rx DC value:  -10 +  -33j in Q13. Adjust RX coarse DC with I =  2, Q =  2.
Rx DC value:   51 +   23j in Q13. Adjust RX coarse DC with I =  3, Q =  3.
Rx DC value:   19 +   -3j in Q13. Adjust RX fine DC with I = 16, Q =-16.
Rx DC value:    2 +   11j in Q13. Adjust RX fine DC with I = 24, Q = -8.
Rx DC value:   -2 +    5j in Q13. Adjust RX fine DC with I = 20, Q = -4.
Rx DC value:    1 +    0j in Q13. Adjust RX fine DC with I = 22, Q = -2.
Rx DC value:   -1 +    0j in Q13. Adjust RX fine DC with I = 21, Q = -3.
Set RX gain to 0x12.
Rx DC value:  116 +   81j in Q13. Adjust RX coarse DC with I = 16, Q = 16.
Rx DC value: -400 + -387j in Q13. Adjust RX coarse DC with I =  8, Q =  8.
Rx DC value: -142 + -151j in Q13. Adjust RX coarse DC with I =  4, Q =  4.
Rx DC value:   -9 +  -32j in Q13. Adjust RX coarse DC with I =  2, Q =  2.
Rx DC value:   53 +   23j in Q13. Adjust RX coarse DC with I =  3, Q =  3.
Rx DC value:   23 +   -3j in Q13. Adjust RX fine DC with I = 16, Q =-16.
Rx DC value:    5 +   10j in Q13. Adjust RX fine DC with I = 24, Q = -8.
Rx DC value:   -2 +    3j in Q13. Adjust RX fine DC with I = 20, Q = -4.
Rx DC value:    1 +    0j in Q13. Adjust RX fine DC with I = 22, Q = -6.
Rx DC value:    0 +    1j in Q13. Adjust RX fine DC with I = 21, Q = -5.
Set RX gain to 0x22.
Rx DC value:  121 +   79j in Q13. Adjust RX coarse DC with I = 16, Q = 16.
Rx DC value: -400 + -388j in Q13. Adjust RX coarse DC with I =  8, Q =  8.
Rx DC value: -138 + -152j in Q13. Adjust RX coarse DC with I =  4, Q =  4.
Rx DC value:   -6 +  -32j in Q13. Adjust RX coarse DC with I =  2, Q =  2.
Rx DC value:   55 +   24j in Q13. Adjust RX coarse DC with I =  3, Q =  3.
Rx DC value:   20 +   -6j in Q13. Adjust RX fine DC with I = 16, Q =-16.
Rx DC value:    6 +    9j in Q13. Adjust RX fine DC with I = 24, Q = -8.
Rx DC value:    0 +    2j in Q13. Adjust RX fine DC with I = 20, Q = -4.
Rx DC value:    2 +   -3j in Q13. Adjust RX fine DC with I = 22, Q = -6.
Rx DC value:    1 +    0j in Q13. Adjust RX fine DC with I = 23, Q = -5.
Set RX gain to 0x32.
Rx DC value:  120 +   78j in Q13. Adjust RX coarse DC with I = 16, Q = 16.
Rx DC value: -399 + -388j in Q13. Adjust RX coarse DC with I =  8, Q =  8.
Rx DC value: -140 + -152j in Q13. Adjust RX coarse DC with I =  4, Q =  4.
Rx DC value:   -9 +  -33j in Q13. Adjust RX coarse DC with I =  2, Q =  2.
Rx DC value:   57 +   22j in Q13. Adjust RX coarse DC with I =  3, Q =  3.
Rx DC value:   24 +   -4j in Q13. Adjust RX fine DC with I = 16, Q =-16.
Rx DC value:    7 +    8j in Q13. Adjust RX fine DC with I = 24, Q = -8.
Rx DC value:    0 +    0j in Q13. Adjust RX fine DC with I = 20, Q = -4.
Rx DC value:    2 +   -3j in Q13. Adjust RX fine DC with I = 22, Q = -6.
Rx DC value:    3 +   -1j in Q13. Adjust RX fine DC with I = 23, Q = -7.
Set RX gain to 0x42.
Rx DC value:  119 +   78j in Q13. Adjust RX coarse DC with I = 16, Q = 16.
Rx DC value: -397 + -391j in Q13. Adjust RX coarse DC with I =  8, Q =  8.
Rx DC value: -136 + -154j in Q13. Adjust RX coarse DC with I =  4, Q =  4.
Rx DC value:   -7 +  -36j in Q13. Adjust RX coarse DC with I =  2, Q =  2.
Rx DC value:   55 +   20j in Q13. Adjust RX coarse DC with I =  3, Q =  3.
Rx DC value:   24 +   -6j in Q13. Adjust RX fine DC with I = 16, Q =-16.
Rx DC value:   10 +    9j in Q13. Adjust RX fine DC with I = 24, Q = -8.
Rx DC value:    0 +    3j in Q13. Adjust RX fine DC with I = 28, Q = -4.
Rx DC value:   -2 +    0j in Q13. Adjust RX fine DC with I = 26, Q = -6.
Rx DC value:   -3 +    0j in Q13. Adjust RX fine DC with I = 25, Q = -5.
Set RX gain to 0x52.
Rx DC value:  120 +   76j in Q13. Adjust RX coarse DC with I = 16, Q = 16.
Rx DC value: -398 + -392j in Q13. Adjust RX coarse DC with I =  8, Q =  8.
Rx DC value: -138 + -159j in Q13. Adjust RX coarse DC with I =  4, Q =  4.
Rx DC value:   -6 +  -38j in Q13. Adjust RX coarse DC with I =  2, Q =  2.
Rx DC value:   57 +   18j in Q13. Adjust RX coarse DC with I =  3, Q =  3.
Rx DC value:   26 +  -11j in Q13. Adjust RX fine DC with I = 16, Q =-16.
Rx DC value:    7 +    2j in Q13. Adjust RX fine DC with I = 24, Q = -8.
Rx DC value:    0 +   -4j in Q13. Adjust RX fine DC with I = 28, Q =-12.
Rx DC value:   -2 +    0j in Q13. Adjust RX fine DC with I = 26, Q =-10.
Rx DC value:   -2 +   -2j in Q13. Adjust RX fine DC with I = 25, Q =-11.
Set RX gain to 0x62.
Rx DC value:  113 +   68j in Q13. Adjust RX coarse DC with I = 16, Q = 16.
Rx DC value: -405 + -400j in Q13. Adjust RX coarse DC with I =  8, Q =  8.
Rx DC value: -143 + -165j in Q13. Adjust RX coarse DC with I =  4, Q =  4.
Rx DC value:  -12 +  -49j in Q13. Adjust RX coarse DC with I =  2, Q =  2.
Rx DC value:   49 +   10j in Q13. Adjust RX coarse DC with I =  3, Q =  3.
Rx DC value:   16 +  -17j in Q13. Adjust RX fine DC with I = 16, Q =-16.
Rx DC value:    3 +   -3j in Q13. Adjust RX fine DC with I = 24, Q =-24.
Rx DC value:   -4 +    3j in Q13. Adjust RX fine DC with I = 20, Q =-20.
Rx DC value:    0 +    0j in Q13. Adjust RX fine DC with I = 18, Q =-18.
Rx DC value:    0 +    0j in Q13. Adjust RX fine DC with I = 19, Q =-19.
Set RX gain to 0x72.
Rx DC value:  103 +   55j in Q13. Adjust RX coarse DC with I = 16, Q = 16.
Rx DC value: -415 + -410j in Q13. Adjust RX coarse DC with I =  8, Q =  8.
Rx DC value: -157 + -177j in Q13. Adjust RX coarse DC with I =  4, Q =  4.
Rx DC value:  -25 +  -58j in Q13. Adjust RX coarse DC with I =  2, Q =  2.
Rx DC value:   39 +   -1j in Q13. Adjust RX coarse DC with I =  3, Q =  1.
Rx DC value:    6 +   27j in Q13. Adjust RX fine DC with I = 16, Q = 16.
Rx DC value:   -9 +   11j in Q13. Adjust RX fine DC with I =  8, Q = 24.
Rx DC value:    0 +    5j in Q13. Adjust RX fine DC with I = 12, Q = 28.
Rx DC value:   -4 +    0j in Q13. Adjust RX fine DC with I = 10, Q = 30.
Rx DC value:   -3 +   -2j in Q13. Adjust RX fine DC with I =  9, Q = 29.
Rx DC Calibration done.
Start to calibrate CH_TX RX DC.
Set RX gain to 0x5.
Rx DC value:  105 +   32j in Q13. Adjust RX coarse DC with I = 16, Q = 16.
Rx DC value: -1131 + -1076j in Q13. Adjust RX coarse DC with I =  8, Q =  8.
Rx DC value: -510 + -520j in Q13. Adjust RX coarse DC with I =  4, Q =  4.
Rx DC value: -197 + -240j in Q13. Adjust RX coarse DC with I =  2, Q =  2.
Rx DC value:  -44 + -101j in Q13. Adjust RX coarse DC with I =  1, Q =  1.
Rx DC value:   31 +  -33j in Q13. Adjust RX fine DC with I = 16, Q =-16.
Rx DC value:   -3 +    2j in Q13. Adjust RX fine DC with I =  8, Q = -8.
Rx DC value:   16 +  -17j in Q13. Adjust RX fine DC with I = 12, Q =-12.
Rx DC value:    6 +   -7j in Q13. Adjust RX fine DC with I = 14, Q =-14.
Rx DC value:    1 +   -4j in Q13. Adjust RX fine DC with I = 15, Q =-15.
Set RX gain to 0x15.
Rx DC value:  106 +   29j in Q13. Adjust RX coarse DC with I = 16, Q = 16.
Rx DC value: -1128 + -1078j in Q13. Adjust RX coarse DC with I =  8, Q =  8.
Rx DC value: -509 + -522j in Q13. Adjust RX coarse DC with I =  4, Q =  4.
Rx DC value: -195 + -243j in Q13. Adjust RX coarse DC with I =  2, Q =  2.
Rx DC value:  -40 + -102j in Q13. Adjust RX coarse DC with I =  1, Q =  1.
Rx DC value:   32 +  -36j in Q13. Adjust RX fine DC with I = 16, Q =-16.
Rx DC value:   -4 +    1j in Q13. Adjust RX fine DC with I =  8, Q = -8.
Rx DC value:   14 +  -16j in Q13. Adjust RX fine DC with I = 12, Q =-12.
Rx DC value:    5 +   -7j in Q13. Adjust RX fine DC with I = 14, Q =-14.
Rx DC value:    0 +   -2j in Q13. Adjust RX fine DC with I = 15, Q =-15.
Set RX gain to 0x25.
Rx DC value:  113 +   28j in Q13. Adjust RX coarse DC with I = 16, Q = 16.
Rx DC value: -1126 + -1078j in Q13. Adjust RX coarse DC with I =  8, Q =  8.
Rx DC value: -508 + -523j in Q13. Adjust RX coarse DC with I =  4, Q =  4.
Rx DC value: -193 + -243j in Q13. Adjust RX coarse DC with I =  2, Q =  2.
Rx DC value:  -38 + -103j in Q13. Adjust RX coarse DC with I =  1, Q =  1.
Rx DC value:   34 +  -36j in Q13. Adjust RX fine DC with I = 16, Q =-16.
Rx DC value:   -2 +    0j in Q13. Adjust RX fine DC with I =  8, Q = -8.
Rx DC value:   16 +  -18j in Q13. Adjust RX fine DC with I = 12, Q =-12.
Rx DC value:    5 +   -7j in Q13. Adjust RX fine DC with I = 14, Q =-14.
Rx DC value:    2 +   -4j in Q13. Adjust RX fine DC with I = 15, Q =-15.
Set RX gain to 0x35.
Rx DC value:  110 +   25j in Q13. Adjust RX coarse DC with I = 16, Q = 16.
Rx DC value: -1129 + -1079j in Q13. Adjust RX coarse DC with I =  8, Q =  8.
Rx DC value: -506 + -524j in Q13. Adjust RX coarse DC with I =  4, Q =  4.
Rx DC value: -194 + -245j in Q13. Adjust RX coarse DC with I =  2, Q =  2.
Rx DC value:  -39 + -106j in Q13. Adjust RX coarse DC with I =  1, Q =  1.
Rx DC value:   36 +  -38j in Q13. Adjust RX fine DC with I = 16, Q =-16.
Rx DC value:   -2 +   -2j in Q13. Adjust RX fine DC with I =  8, Q =-24.
Rx DC value:   17 +   15j in Q13. Adjust RX fine DC with I = 12, Q =-20.
Rx DC value:    8 +    4j in Q13. Adjust RX fine DC with I = 14, Q =-18.
Rx DC value:    3 +    0j in Q13. Adjust RX fine DC with I = 15, Q =-17.
Set RX gain to 0x45.
Rx DC value:  114 +   21j in Q13. Adjust RX coarse DC with I = 16, Q = 16.
Rx DC value: -1122 + -1083j in Q13. Adjust RX coarse DC with I =  8, Q =  8.
Rx DC value: -505 + -529j in Q13. Adjust RX coarse DC with I =  4, Q =  4.
Rx DC value: -192 + -246j in Q13. Adjust RX coarse DC with I =  2, Q =  2.
Rx DC value:  -39 + -108j in Q13. Adjust RX coarse DC with I =  1, Q =  1.
Rx DC value:   37 +  -46j in Q13. Adjust RX fine DC with I = 16, Q =-16.
Rx DC value:    0 +   -7j in Q13. Adjust RX fine DC with I =  8, Q =-24.
Rx DC value:   19 +    8j in Q13. Adjust RX fine DC with I = 12, Q =-20.
Rx DC value:    8 +    1j in Q13. Adjust RX fine DC with I = 14, Q =-18.
Rx DC value:    3 +   -3j in Q13. Adjust RX fine DC with I = 15, Q =-19.
Set RX gain to 0x55.
Rx DC value:  113 +   12j in Q13. Adjust RX coarse DC with I = 16, Q = 16.
Rx DC value: -1121 + -1096j in Q13. Adjust RX coarse DC with I =  8, Q =  8.
Rx DC value: -504 + -540j in Q13. Adjust RX coarse DC with I =  4, Q =  4.
Rx DC value: -189 + -260j in Q13. Adjust RX coarse DC with I =  2, Q =  2.
Rx DC value:  -37 + -120j in Q13. Adjust RX coarse DC with I =  1, Q =  1.
Rx DC value:   40 +  -54j in Q13. Adjust RX fine DC with I = 16, Q =-16.
Rx DC value:    0 +  -17j in Q13. Adjust RX fine DC with I = 24, Q =-24.
Rx DC value:  -19 +    1j in Q13. Adjust RX fine DC with I = 20, Q =-20.
Rx DC value:   -9 +   -7j in Q13. Adjust RX fine DC with I = 18, Q =-22.
Rx DC value:   -3 +   -4j in Q13. Adjust RX fine DC with I = 17, Q =-23.
Set RX gain to 0x65.
Rx DC value:  103 +   -7j in Q13. Adjust RX coarse DC with I = 16, Q =-16.
Rx DC value: -1106 + 1132j in Q13. Adjust RX coarse DC with I =  8, Q = -8.
Rx DC value: -499 +  567j in Q13. Adjust RX coarse DC with I =  4, Q = -4.
Rx DC value: -193 +  282j in Q13. Adjust RX coarse DC with I =  2, Q = -2.
Rx DC value:  -43 +  139j in Q13. Adjust RX coarse DC with I =  1, Q = -1.
Rx DC value:   29 +   67j in Q13. Adjust RX fine DC with I = 16, Q = 16.
Rx DC value:   -9 +   31j in Q13. Adjust RX fine DC with I =  8, Q = 24.
Rx DC value:    8 +   12j in Q13. Adjust RX fine DC with I = 12, Q = 28.
Rx DC value:   -1 +    5j in Q13. Adjust RX fine DC with I = 10, Q = 30.
Rx DC value:    2 +    0j in Q13. Adjust RX fine DC with I = 11, Q = 31.
Set RX gain to 0x75.
Rx DC value:   84 +  -46j in Q13. Adjust RX coarse DC with I = 16, Q =-16.
Rx DC value: -1119 + 1091j in Q13. Adjust RX coarse DC with I =  8, Q = -8.
Rx DC value: -518 +  525j in Q13. Adjust RX coarse DC with I =  4, Q = -4.
Rx DC value: -213 +  242j in Q13. Adjust RX coarse DC with I =  2, Q = -2.
Rx DC value:  -64 +   98j in Q13. Adjust RX coarse DC with I =  1, Q = -1.
Rx DC value:    8 +   27j in Q13. Adjust RX fine DC with I = 16, Q = 16.
Rx DC value:  -29 +   -8j in Q13. Adjust RX fine DC with I =  8, Q =  8.
Rx DC value:  -12 +    7j in Q13. Adjust RX fine DC with I =  4, Q = 12.
Rx DC value:   -2 +   -1j in Q13. Adjust RX fine DC with I =  2, Q = 10.
Rx DC value:    2 +    0j in Q13. Adjust RX fine DC with I =  3, Q = 11.
Rx DC Calibration done.
Start to calibrate TX IQMM.
Image power =   331033 dB, IRR =  -221208 with Q scale = 7372 in Q13.
Image power =   348496 dB, IRR =  -210396 with Q scale = 9011 in Q13.
Image power =   200220 dB, IRR =  -355428 with Q scale = 8191 in Q13.
Image power =   273505 dB, IRR =  -280291 with Q scale = 7782 in Q13.
Image power =   206288 dB, IRR =  -348902 with Q scale = 7987 in Q13.
Image power =   147668 dB, IRR =  -407736 with Q scale = 8089 in Q13.
Image power =   171826 dB, IRR =  -383997 with Q scale = 8140 in Q13.
Image power =   158129 dB, IRR =  -397669 with Q scale = 8115 in Q13.
Image power =   152182 dB, IRR =  -402312 with Q scale = 8102 in Q13.
Image power =   153077 dB, IRR =  -401914 with Q scale = 8095 in Q13.
TxIQMM with Gain_I =     8192, Gain_Q = 8089 ratio =     -447 dB in Q13.
Start to calibrate TX LOL.
Set RX gain to 0x2.
Tx LOL PWR =       51 dB with LOL compensation -1638 +    0j in Q13.
Tx LOL PWR =       52 dB with LOL compensation 1638 +    0j in Q13.
Tx LOL PWR =       30 dB with LOL compensation    0 +    0j in Q13.
Tx LOL PWR =       44 dB with LOL compensation -819 +    0j in Q13.
Tx LOL PWR =       37 dB with LOL compensation -409 +    0j in Q13.
Tx LOL PWR =       28 dB with LOL compensation -204 +    0j in Q13.
Tx LOL PWR =       24 dB with LOL compensation -102 +    0j in Q13.
Tx LOL PWR =       24 dB with LOL compensation -153 +    0j in Q13.
Tx LOL PWR =       24 dB with LOL compensation -127 +    0j in Q13.
Tx LOL PWR =       24 dB with LOL compensation -115 +    0j in Q13.
Tx LOL PWR =       24 dB with LOL compensation -121 +    0j in Q13.
Tx LOL PWR =       51 dB with LOL compensation -121 + -1638j in Q13.
Tx LOL PWR =       52 dB with LOL compensation -121 + 1638j in Q13.
Tx LOL PWR =       24 dB with LOL compensation -121 +    0j in Q13.
Tx LOL PWR =       45 dB with LOL compensation -121 + -819j in Q13.
Tx LOL PWR =       38 dB with LOL compensation -121 + -409j in Q13.
Tx LOL PWR =       30 dB with LOL compensation -121 + -204j in Q13.
Tx LOL PWR =       18 dB with LOL compensation -121 + -102j in Q13.
Tx LOL PWR =       10 dB with LOL compensation -121 +  -51j in Q13.
Tx LOL PWR =        8 dB with LOL compensation -121 +  -76j in Q13.
Tx LOL PWR =       -1 dB with LOL compensation -121 +  -63j in Q13.
Tx LOL PWR =        3 dB with LOL compensation -121 +  -70j in Q13.
Tx LOL PWR =       -3 dB with LOL compensation -121 +  -67j in Q13.
Tx LOL PWR =       -6 dB with LOL compensation -121 +  -65j in Q13.
Tx LOL PWR =       -3 dB with LOL compensation -121 +  -66j in Q13.
Tx LOL PWR =       -1 dB with LOL compensation -121 +  -65j in Q13.
Tx LOL PWR =       51 dB with LOL compensation -1638 +  -65j in Q13.
Tx LOL PWR =       52 dB with LOL compensation 1638 +  -65j in Q13.
Tx LOL PWR =       29 dB with LOL compensation    0 +  -65j in Q13.
Tx LOL PWR =       44 dB with LOL compensation -819 +  -65j in Q13.
Tx LOL PWR =       36 dB with LOL compensation -409 +  -65j in Q13.
Tx LOL PWR =       26 dB with LOL compensation -204 +  -65j in Q13.
Tx LOL PWR =       12 dB with LOL compensation -102 +  -65j in Q13.
Tx LOL PWR =       17 dB with LOL compensation -153 +  -65j in Q13.
Tx LOL PWR =        4 dB with LOL compensation -127 +  -65j in Q13.
Tx LOL PWR =        2 dB with LOL compensation -115 +  -65j in Q13.
Tx LOL PWR =       -1 dB with LOL compensation -121 +  -65j in Q13.
Tx LOL PWR =        0 dB with LOL compensation -118 +  -65j in Q13.
Tx LOL PWR =       -4 dB with LOL compensation -119 +  -65j in Q13.
Tx LOL PWR =       -7 dB with LOL compensation -120 +  -65j in Q13.
Tx LOL PWR =       -5 dB with LOL compensation -120 +  -65j in Q13.
Tx LOL PWR =       -4 dB with LOL compensation -120 +  -65j in Q13.
Tx LOL PWR =       51 dB with LOL compensation -120 + -1638j in Q13.
Tx LOL PWR =       52 dB with LOL compensation -120 + 1638j in Q13.
Tx LOL PWR =       24 dB with LOL compensation -120 +    0j in Q13.
Tx LOL PWR =       45 dB with LOL compensation -120 + -819j in Q13.
Tx LOL PWR =       38 dB with LOL compensation -120 + -409j in Q13.
Tx LOL PWR =       30 dB with LOL compensation -120 + -204j in Q13.
Tx LOL PWR =       19 dB with LOL compensation -120 + -102j in Q13.
Tx LOL PWR =       11 dB with LOL compensation -120 +  -51j in Q13.
Tx LOL PWR =        8 dB with LOL compensation -120 +  -76j in Q13.
Tx LOL PWR =       -6 dB with LOL compensation -120 +  -63j in Q13.
Tx LOL PWR =        0 dB with LOL compensation -120 +  -70j in Q13.
Tx LOL PWR =       -4 dB with LOL compensation -120 +  -67j in Q13.
Tx LOL PWR =       -1 dB with LOL compensation -120 +  -65j in Q13.
Tx LOL calibration done with LOL compensation -120 +  -65j in Q13.
Start to calibrate TX Power, DL gain from M-plane is 240000.
Target AUX value:  571, Init TX RF gain is 0, fine gain is 0 dB in Q13
Current AUX Value:   45. Adjust TX RF gain to  8, fine gain to      0 dB in Q13
Current AUX Value:  102. Adjust TX RF gain to 13, fine gain to      0 dB in Q13
Current AUX Value:  317. Adjust TX RF gain to 14, fine gain to      0 dB in Q13
Current AUX Value:  393. Adjust TX RF gain to 15, fine gain to      0 dB in Q13
Current AUX Value:  506. Adjust TX RF gain to 16, fine gain to      0 dB in Q13
Current AUX Value:  641. Adjust TX RF gain to 16, fine gain to  -7911 dB in Q13
Current AUX Value:  570. Adjust TX RF gain to 16, fine gain to  -7881 dB in Q13
Current AUX Value:  569. Adjust TX RF gain to 16, fine gain to  -7821 dB in Q13
Current AUX Value:  571. Adjust TX RF gain to 16, fine gain to  -7821 dB in Q13
Current AUX Value:  570. Adjust TX RF gain to 16, fine gain to  -7791 dB in Q13
Current AUX Value:  570. Adjust TX RF gain to 16, fine gain to  -7761 dB in Q13
Current AUX Value:  572. Adjust TX RF gain to 16, fine gain to  -7791 dB in Q13
Current AUX Value:  571. Adjust TX RF gain to 16, fine gain to  -7791 dB in Q13
Current AUX Value:  571. Adjust TX RF gain to 16, fine gain to  -7791 dB in Q13
Current AUX Value:  571. Adjust TX RF gain to 16, fine gain to  -7791 dB in Q13
Current AUX Value:  571. Adjust TX RF gain to 16, fine gain to  -7791 dB in Q13
TX Power calibration is done.
Enter concurrent calibration mode
DPD training start.
DPD enabled, set TX ftune to 0, RX ftune to 10.
Set TX gain to 16.
Set RX gain to 0x3.
DPD struct = 6, InBand Weighting = 1, CFR regrowth drop = 0, MP 1st ord = 0.
DPD training RX PAPR = 15. 0.
DPD Npolys = 4, Taps = 27, is odd = 0, group delay = 0.
DPD polynomial 0, order = 7, input delay = 0, norm delay = 0
DPD polynomial 1, order = 7, input delay = 1, norm delay = 1
DPD polynomial 2, order = 7, input delay = 0, norm delay = 1
DPD polynomial 3, order = 6, input delay = 0, norm delay = 2
CFR on for DPD with 0 dB margin in Q13. beta = 8192 in Q13.
Rx PAPR = 20.88 in DPD loop back with target gain difference = 5.88 dB.
Adjust RX gain to 0x5.
Rx PAPR = 16.97 in DPD loop back with target gain difference = 1.97 dB.
Adjust RX gain to 0x13.
Rx PAPR = 15.48 in DPD loop back with target gain difference = 0.48 dB.
RX gain adjustment done. Calculate delay.
DPD path delay = 27.59 in samples under 2x sampling rate.
TX dump delay =  73, RX dump delay =  64.
DPD fractional delay = -1505 in Q13.
measured left ACLR = 32.30, right ACLR = 27.85 at 0th iteration.
Q matrix is not positive definite. Increase diagonal term.
TX fine gain = -2688 dB in Q13. Set comp_gain = -5102 dB in Q13. 
a[ 0] =     1671 +   -77661j, tho[ 0] =     5111 +    17159j in Q13.
a[ 1] =   -10333 +   164263j, tho[ 1] =     6324 +    21237j in Q13.
a[ 2] =    10520 +   -21806j, tho[ 2] =     7834 +    26818j in Q13.
a[ 3] =     9998 +  -202636j, tho[ 3] =     9600 +    34416j in Q13.
a[ 4] =   -17255 +   214162j, tho[ 4] =    11341 +    44292j in Q13.
a[ 5] =     4161 +   -93930j, tho[ 5] =    12129 +    54932j in Q13.
a[ 6] =      679 +    17153j, tho[ 6] =     9561 +    56450j in Q13.
a[ 7] =    35308 +    72335j, tho[ 7] =    -2064 +    15455j in Q13.
a[ 8] =   -90114 +  -247124j, tho[ 8] =    -2459 +    19304j in Q13.
a[ 9] =    49619 +   268836j, tho[ 9] =    -3091 +    24619j in Q13.
a[10] =    62421 +   -56528j, tho[10] =    -4127 +    31923j in Q13.
a[11] =  -101236 +   -78851j, tho[11] =    -5813 +    41537j in Q13.
a[12] =    53476 +    52005j, tho[12] =    -8289 +    52143j in Q13.
a[13] =    -9493 +   -11418j, tho[13] =   -10216 +    54449j in Q13.
a[14] =     8474 +   -27775j, tho[14] =     -818 +    15736j in Q13.
a[15] =   -16707 +   104354j, tho[15] =     -754 +    19854j in Q13.
a[16] =      -63 +  -100625j, tho[16] =     -690 +    25652j in Q13.
a[17] =    19060 +   -24479j, tho[17] =     -660 +    33848j in Q13.
a[18] =    -8291 +    85385j, tho[18] =     -744 +    45122j in Q13.
a[19] =    -3153 +   -43309j, tho[19] =    -1079 +    58685j in Q13.
a[20] =     1748 +     6655j, tho[20] =    -1633 +    64699j in Q13.
a[21] =    27746 +     2761j, tho[21] =    -5941 +     9237j in Q13.
a[22] =   -78650 +      -28j, tho[22] =    -7133 +    12391j in Q13.
a[23] =    81837 +   -16747j, tho[23] =    -8650 +    17358j in Q13.
a[24] =   -36302 +    24281j, tho[24] =   -10480 +    25299j in Q13.
a[25] =     5475 +   -14005j, tho[25] =   -12304 +    37398j in Q13.
a[26] =     -277 +     2680j, tho[26] =   -12405 +    49470j in Q13.
Power of tho  =       27.64 dB.
Current AUX Value:  569. Adjust TX RF gain to 16, fine gain to  -2621 dB in Q13
measured left ACLR = 37.87, right ACLR = 39.73 at 1th iteration.
TX fine gain = 468 dB in Q13. Set comp_gain = -8192 dB in Q13. 
a[ 0] =    28197 +   -54269j, tho[ 0] =      499 +      286j in Q13.
a[ 1] =   -68891 +    98324j, tho[ 1] =      466 +      464j in Q13.
a[ 2] =    30466 +    45185j, tho[ 2] =      313 +      758j in Q13.
a[ 3] =    56099 +  -231551j, tho[ 3] =      -82 +     1240j in Q13.
a[ 4] =   -68407 +   218432j, tho[ 4] =     -940 +     2001j in Q13.
a[ 5] =    24862 +   -93292j, tho[ 5] =    -2522 +     3065j in Q13.
a[ 6] =    -2263 +    17216j, tho[ 6] =    -4406 +     3912j in Q13.
a[ 7] =    33621 +   113658j, tho[ 7] =     3757 +     2846j in Q13.
a[ 8] =   -91445 +  -353804j, tho[ 8] =     4520 +     3665j in Q13.
a[ 9] =    61760 +   327798j, tho[ 9] =     5425 +     4831j in Q13.
a[10] =    50492 +    11604j, tho[10] =     6403 +     6486j in Q13.
a[11] =  -100224 +  -177169j, tho[11] =     7205 +     8749j in Q13.
a[12] =    55745 +    96635j, tho[12] =     7185 +    11390j in Q13.
a[13] =   -10561 +   -19850j, tho[13] =     5004 +    12408j in Q13.
a[14] =    19932 +   -23274j, tho[14] =     3235 +     2424j in Q13.
a[15] =   -63292 +    92308j, tho[15] =     3837 +     3112j in Q13.
a[16] =    60124 +   -75748j, tho[16] =     4496 +     4093j in Q13.
a[17] =     -680 +   -69114j, tho[17] =     5078 +     5487j in Q13.
a[18] =   -21649 +   129437j, tho[18] =     5217 +     7397j in Q13.
a[19] =     4841 +   -64186j, tho[19] =     4086 +     9628j in Q13.
a[20] =     1452 +    10186j, tho[20] =      530 +    10458j in Q13.
a[21] =    22695 +    -4047j, tho[21] =     3546 +     3524j in Q13.
a[22] =   -58784 +    23082j, tho[22] =     4424 +     4578j in Q13.
a[23] =    53398 +   -46757j, tho[23] =     5543 +     6102j in Q13.
a[24] =   -17851 +    42679j, tho[24] =     6820 +     8301j in Q13.
a[25] =      642 +   -19506j, tho[25] =     7753 +    11246j in Q13.
a[26] =      281 +     3434j, tho[26] =     6533 +    13475j in Q13.
Power of tho  =       14.36 dB.
Current AUX Value:  582. Adjust TX RF gain to 17, fine gain to -16234 dB in Q13
Current AUX Value:  568. Adjust TX RF gain to 17, fine gain to -16136 dB in Q13
measured left ACLR = 40.64, right ACLR = 41.91 at 2th iteration.
Q matrix is not positive definite. Increase diagonal term.
TX fine gain = -16136 dB in Q13. Set comp_gain = -8192 dB in Q13. 
a[ 0] =    42609 +   -22010j, tho[ 0] =     -726 +       76j in Q13.
a[ 1] =  -104426 +    13517j, tho[ 1] =     -946 +      185j in Q13.
a[ 2] =    47595 +   107308j, tho[ 2] =    -1250 +      337j in Q13.
a[ 3] =    77951 +  -213824j, tho[ 3] =    -1674 +      539j in Q13.
a[ 4] =   -95419 +   172255j, tho[ 4] =    -2249 +      782j in Q13.
a[ 5] =    35737 +   -70294j, tho[ 5] =    -2930 +      993j in Q13.
a[ 6] =    -4309 +    12864j, tho[ 6] =    -3202 +      936j in Q13.
a[ 7] =    31923 +   124628j, tho[ 7] =     1066 +      129j in Q13.
a[ 8] =   -90378 +  -356797j, tho[ 8] =     1282 +      310j in Q13.
a[ 9] =    59592 +   313282j, tho[ 9] =     1537 +      614j in Q13.
a[10] =    54969 +    -3496j, tho[10] =     1810 +     1118j in Q13.
a[11] =   -99889 +  -133645j, tho[11] =     2030 +     1916j in Q13.
a[12] =    52316 +    69198j, tho[12] =     2007 +     3012j in Q13.
a[13] =    -9633 +   -13582j, tho[13] =     1356 +     3727j in Q13.
a[14] =    20240 +   -38513j, tho[14] =      740 +       79j in Q13.
a[15] =   -62015 +   114672j, tho[15] =      844 +      239j in Q13.
a[16] =    61149 +   -87094j, tho[16] =      928 +      509j in Q13.
a[17] =    -1661 +   -53308j, tho[17] =      929 +      952j in Q13.
a[18] =   -27294 +   110086j, tho[18] =      711 +     1636j in Q13.
a[19] =    10072 +   -55238j, tho[19] =       10 +     2524j in Q13.
a[20] =     1094 +     8687j, tho[20] =    -1337 +     2971j in Q13.
a[21] =    22849 +   -10366j, tho[21] =     1701 +      454j in Q13.
a[22] =   -58366 +    39652j, tho[22] =     2026 +      678j in Q13.
a[23] =    51275 +   -60815j, tho[23] =     2410 +     1069j in Q13.
a[24] =   -15865 +    45434j, tho[24] =     2790 +     1758j in Q13.
a[25] =      247 +   -17876j, tho[25] =     2928 +     2898j in Q13.
a[26] =       61 +     2676j, tho[26] =     2159 +     4173j in Q13.
Power of tho  =        3.99 dB.
Current AUX Value:  570. Adjust TX RF gain to 17, fine gain to -16099 dB in Q13
measured left ACLR = 43.02, right ACLR = 43.03 at 3th iteration.
TX fine gain = -16797 dB in Q13. Set comp_gain = -7493 dB in Q13. 
a[ 0] =    45007 +    -5046j, tho[ 0] =     -177 +      673j in Q13.
a[ 1] =  -111938 +   -28626j, tho[ 1] =     -295 +      758j in Q13.
a[ 2] =    52725 +   129620j, tho[ 2] =     -456 +      850j in Q13.
a[ 3] =    83452 +  -188292j, tho[ 3] =     -676 +      936j in Q13.
a[ 4] =  -105431 +   135827j, tho[ 4] =     -962 +      977j in Q13.
a[ 5] =    41506 +   -53827j, tho[ 5] =    -1275 +      889j in Q13.
a[ 6] =    -5770 +     9947j, tho[ 6] =    -1351 +      533j in Q13.
a[ 7] =    39730 +   123151j, tho[ 7] =       46 +      537j in Q13.
a[ 8] =   -98123 +  -336361j, tho[ 8] =      -28 +      611j in Q13.
a[ 9] =    52578 +   288440j, tho[ 9] =     -141 +      723j in Q13.
a[10] =    66157 +   -17711j, tho[10] =     -314 +      893j in Q13.
a[11] =  -104461 +   -95648j, tho[11] =     -581 +     1142j in Q13.
a[12] =    52939 +    46692j, tho[12] =     -959 +     1448j in Q13.
a[13] =    -9456 +    -8316j, tho[13] =    -1267 +     1525j in Q13.
a[14] =    14223 +   -51819j, tho[14] =       41 +      570j in Q13.
a[15] =   -58920 +   135405j, tho[15] =      -46 +      649j in Q13.
a[16] =    66161 +   -93858j, tho[16] =     -179 +      765j in Q13.
a[17] =     1373 +   -52207j, tho[17] =     -384 +      933j in Q13.
a[18] =   -36928 +   105233j, tho[18] =     -701 +     1163j in Q13.
a[19] =    15042 +   -51481j, tho[19] =    -1150 +     1408j in Q13.
a[20] =      274 +     7713j, tho[20] =    -1520 +     1368j in Q13.
a[21] =    21769 +   -12600j, tho[21] =      122 +      233j in Q13.
a[22] =   -55147 +    43166j, tho[22] =      100 +      330j in Q13.
a[23] =    47601 +   -60522j, tho[23] =       35 +      505j in Q13.
a[24] =   -13923 +    42210j, tho[24] =     -118 +      820j in Q13.
a[25] =     -312 +   -15794j, tho[25] =     -444 +     1349j in Q13.
a[26] =       89 +     2077j, tho[26] =     -962 +     1936j in Q13.
Power of tho  =       -2.23 dB.
Current AUX Value:  568. Adjust TX RF gain to 17, fine gain to -16700 dB in Q13
measured left ACLR = 44.34, right ACLR = 42.37 at 4th iteration.
TX fine gain = -19016 dB in Q13. Set comp_gain = -5177 dB in Q13. 
a[ 0] =    42218 +     1905j, tho[ 0] =      311 +      211j in Q13.
a[ 1] =  -106886 +   -45203j, tho[ 1] =      254 +      205j in Q13.
a[ 2] =    49712 +   136543j, tho[ 2] =      163 +      174j in Q13.
a[ 3] =    85925 +  -174622j, tho[ 3] =       21 +       92j in Q13.
a[ 4] =  -109673 +   118646j, tho[ 4] =     -187 +      -83j in Q13.
a[ 5] =    44838 +   -46440j, tho[ 5] =     -456 +     -404j in Q13.
a[ 6] =    -6702 +     8868j, tho[ 6] =     -633 +     -782j in Q13.
a[ 7] =    44729 +   126820j, tho[ 7] =      -52 +      138j in Q13.
a[ 8] =  -101058 +  -334980j, tho[ 8] =     -155 +      184j in Q13.
a[ 9] =    44328 +   279619j, tho[ 9] =     -299 +      227j in Q13.
a[10] =    76407 +   -19013j, tho[10] =     -503 +      256j in Q13.
a[11] =  -110686 +   -84843j, tho[11] =     -788 +      251j in Q13.
a[12] =    56212 +    39355j, tho[12] =    -1140 +      178j in Q13.
a[13] =   -10178 +    -6456j, tho[13] =    -1329 +        6j in Q13.
a[14] =     8633 +   -54665j, tho[14] =       38 +      163j in Q13.
a[15] =   -55215 +   134829j, tho[15] =      -44 +      200j in Q13.
a[16] =    70425 +   -87011j, tho[16] =     -160 +      227j in Q13.
a[17] =     1850 +   -54583j, tho[17] =     -327 +      228j in Q13.
a[18] =   -41601 +   101837j, tho[18] =     -562 +      167j in Q13.
a[19] =    16671 +   -48744j, tho[19] =     -856 +      -19j in Q13.
a[20] =       37 +     6988j, tho[20] =    -1020 +     -364j in Q13.
a[21] =    16621 +   -12628j, tho[21] =     -146 +     -102j in Q13.
a[22] =   -45254 +    42622j, tho[22] =     -230 +      -66j in Q13.
a[23] =    42732 +   -59178j, tho[23] =     -353 +      -11j in Q13.
a[24] =   -14919 +    41199j, tho[24] =     -545 +       67j in Q13.
a[25] =      809 +   -15273j, tho[25] =     -842 +      164j in Q13.
a[26] =      -67 +     1942j, tho[26] =    -1168 +      215j in Q13.
Power of tho  =       -7.73 dB.
Current AUX Value:  559. Adjust TX RF gain to 17, fine gain to -18645 dB in Q13
Current AUX Value:  561. Adjust TX RF gain to 17, fine gain to -18335 dB in Q13
Current AUX Value:  566. Adjust TX RF gain to 17, fine gain to -18178 dB in Q13
measured left ACLR = 43.82, right ACLR = 42.70 at 5th iteration.
TX fine gain = -18550 dB in Q13. Set comp_gain = -4804 dB in Q13. 
a[ 0] =    45830 +     8784j, tho[ 0] =     -223 +     -269j in Q13.
a[ 1] =  -112662 +   -64382j, tho[ 1] =     -267 +     -315j in Q13.
a[ 2] =    49732 +   149853j, tho[ 2] =     -329 +     -384j in Q13.
a[ 3] =    90521 +  -165688j, tho[ 3] =     -415 +     -488j in Q13.
a[ 4] =  -113285 +   101507j, tho[ 4] =     -519 +     -643j in Q13.
a[ 5] =    46398 +   -37587j, tho[ 5] =     -604 +     -845j in Q13.
a[ 6] =    -7069 +     7029j, tho[ 6] =     -541 +     -934j in Q13.
a[ 7] =    43564 +   121843j, tho[ 7] =     -121 +     -241j in Q13.
a[ 8] =   -98086 +  -323247j, tho[ 8] =     -188 +     -279j in Q13.
a[ 9] =    41109 +   275174j, tho[ 9] =     -287 +     -340j in Q13.
a[10] =    79164 +   -28688j, tho[10] =     -432 +     -437j in Q13.
a[11] =  -112767 +   -73398j, tho[11] =     -629 +     -592j in Q13.
a[12] =    56953 +    34212j, tho[12] =     -854 +     -809j in Q13.
a[13] =   -10036 +    -5299j, tho[13] =     -931 +     -952j in Q13.
a[14] =    13026 +   -47614j, tho[14] =     -130 +     -263j in Q13.
a[15] =   -63410 +   120744j, tho[15] =     -194 +     -307j in Q13.
a[16] =    71814 +   -86838j, tho[16] =     -288 +     -375j in Q13.
a[17] =     6749 +   -35268j, tho[17] =     -421 +     -484j in Q13.
a[18] =   -44415 +    83433j, tho[18] =     -594 +     -660j in Q13.
a[19] =    17034 +   -41419j, tho[19] =     -769 +     -912j in Q13.
a[20] =      -99 +     5717j, tho[20] =     -759 +    -1089j in Q13.
a[21] =    16099 +   -16367j, tho[21] =      -43 +      -51j in Q13.
a[22] =   -44233 +    54170j, tho[22] =     -104 +      -92j in Q13.
a[23] =    42492 +   -72884j, tho[23] =     -201 +     -162j in Q13.
a[24] =   -15651 +    48908j, tho[24] =     -356 +     -284j in Q13.
a[25] =     1393 +   -17372j, tho[25] =     -581 +     -492j in Q13.
a[26] =     -248 +     2138j, tho[26] =     -772 +     -751j in Q13.
Power of tho  =       -6.38 dB.
Current AUX Value:  563. Adjust TX RF gain to 17, fine gain to -18302 dB in Q13
Current AUX Value:  566. Adjust TX RF gain to 17, fine gain to -18144 dB in Q13
measured left ACLR = 43.59, right ACLR = 42.16 at 6th iteration.
TX fine gain = -18023 dB in Q13. Set comp_gain = -4925 dB in Q13. 
a[ 0] =    48142 +    15207j, tho[ 0] =       78 +     -107j in Q13.
a[ 1] =  -116685 +   -78428j, tho[ 1] =      155 +     -131j in Q13.
a[ 2] =    49726 +   153616j, tho[ 2] =      270 +     -163j in Q13.
a[ 3] =    93960 +  -152287j, tho[ 3] =      443 +     -207j in Q13.
a[ 4] =  -115160 +    87359j, tho[ 4] =      695 +     -266j in Q13.
a[ 5] =    46556 +   -32215j, tho[ 5] =     1014 +     -334j in Q13.
a[ 6] =    -7073 +     6264j, tho[ 6] =     1194 +     -356j in Q13.
a[ 7] =    42288 +   117785j, tho[ 7] =      -17 +        3j in Q13.
a[ 8] =   -93416 +  -315280j, tho[ 8] =       21 +       22j in Q13.
a[ 9] =    37881 +   271563j, tho[ 9] =       80 +       57j in Q13.
a[10] =    74902 +   -31079j, tho[10] =      165 +      114j in Q13.
a[11] =  -107857 +   -69720j, tho[11] =      283 +      198j in Q13.
a[12] =    55877 +    31960j, tho[12] =      424 +      298j in Q13.
a[13] =   -10022 +    -4680j, tho[13] =      501 +      335j in Q13.
a[14] =     9479 +   -46496j, tho[14] =      -21 +      -19j in Q13.
a[15] =   -59279 +   120914j, tho[15] =       30 +      -12j in Q13.
a[16] =    74580 +   -92384j, tho[16] =      112 +        0j in Q13.
a[17] =     2912 +   -27788j, tho[17] =      242 +       23j in Q13.
a[18] =   -43481 +    78592j, tho[18] =      445 +       52j in Q13.
a[19] =    16823 +   -39191j, tho[19] =      741 +       71j in Q13.
a[20] =      -94 +     5157j, tho[20] =     1014 +       42j in Q13.
a[21] =    15272 +   -15346j, tho[21] =      -98 +       48j in Q13.
a[22] =   -41866 +    50557j, tho[22] =      -81 +      102j in Q13.
a[23] =    40699 +   -67739j, tho[23] =      -44 +      185j in Q13.
a[24] =   -15289 +    45679j, tho[24] =       32 +      305j in Q13.
a[25] =     1336 +   -16624j, tho[25] =      179 +      450j in Q13.
a[26] =     -249 +     2089j, tho[26] =      402 +      508j in Q13.
Power of tho  =       -9.74 dB.
Current AUX Value:  569. Adjust TX RF gain to 17, fine gain to -17956 dB in Q13
measured left ACLR = 43.76, right ACLR = 42.88 at 7th iteration.
TX fine gain = -17855 dB in Q13. Set comp_gain = -5026 dB in Q13. 
a[ 0] =    48282 +    15868j, tho[ 0] =      -34 +        1j in Q13.
a[ 1] =  -116778 +   -79931j, tho[ 1] =       -7 +      -34j in Q13.
a[ 2] =    49586 +   154159j, tho[ 2] =       28 +      -85j in Q13.
a[ 3] =    93995 +  -151018j, tho[ 3] =       72 +     -157j in Q13.
a[ 4] =  -115033 +    85792j, tho[ 4] =      127 +     -251j in Q13.
a[ 5] =    46481 +   -31466j, tho[ 5] =      189 +     -350j in Q13.
a[ 6] =    -7058 +     6109j, tho[ 6] =      221 +     -362j in Q13.
a[ 7] =    42322 +   117324j, tho[ 7] =        0 +      117j in Q13.
a[ 8] =   -93038 +  -314348j, tho[ 8] =       13 +       78j in Q13.
a[ 9] =    37401 +   271210j, tho[ 9] =       33 +       24j in Q13.
a[10] =    74485 +   -31574j, tho[10] =       61 +      -53j in Q13.
a[11] =  -107015 +   -69204j, tho[11] =       96 +     -158j in Q13.
a[12] =    55455 +    31766j, tho[12] =      131 +     -285j in Q13.
a[13] =    -9935 +    -4639j, tho[13] =      133 +     -361j in Q13.
a[14] =     9018 +   -46864j, tho[14] =        0 +       93j in Q13.
a[15] =   -58903 +   122086j, tho[15] =       16 +       54j in Q13.
a[16] =    75116 +   -93658j, tho[16] =       41 +       -2j in Q13.
a[17] =     2359 +   -27322j, tho[17] =       78 +      -81j in Q13.
a[18] =   -43453 +    78738j, tho[18] =      131 +     -187j in Q13.
a[19] =    16900 +   -39358j, tho[19] =      199 +     -309j in Q13.
a[20] =     -120 +     5187j, tho[20] =      249 +     -367j in Q13.
a[21] =    15375 +   -15338j, tho[21] =        4 +       37j in Q13.
a[22] =   -41984 +    50661j, tho[22] =       19 +       12j in Q13.
a[23] =    40664 +   -68005j, tho[23] =       39 +      -31j in Q13.
a[24] =   -15214 +    45897j, tho[24] =       64 +     -107j in Q13.
a[25] =     1310 +   -16688j, tho[25] =       92 +     -228j in Q13.
a[26] =     -244 +     2099j, tho[26] =      104 +     -358j in Q13.
Power of tho  =      -16.79 dB.
Current AUX Value:  567. Adjust TX RF gain to 17, fine gain to -17727 dB in Q13
measured left ACLR = 44.14, right ACLR = 42.77 at 8th iteration.
TX fine gain = -17686 dB in Q13. Set comp_gain = -5067 dB in Q13. 
a[ 0] =    48029 +    16108j, tho[ 0] =      283 +       -8j in Q13.
a[ 1] =  -116253 +   -80712j, tho[ 1] =      314 +      -18j in Q13.
a[ 2] =    49526 +   154655j, tho[ 2] =      350 +      -35j in Q13.
a[ 3] =    93377 +  -150233j, tho[ 3] =      393 +      -62j in Q13.
a[ 4] =  -114442 +    84485j, tho[ 4] =      438 +     -105j in Q13.
a[ 5] =    46259 +   -30752j, tho[ 5] =      470 +     -164j in Q13.
a[ 6] =    -7016 +     5948j, tho[ 6] =      420 +     -194j in Q13.
a[ 7] =    42389 +   116292j, tho[ 7] =       83 +     -249j in Q13.
a[ 8] =   -93152 +  -313208j, tho[ 8] =       85 +     -263j in Q13.
a[ 9] =    37490 +   271704j, tho[ 9] =       85 +     -277j in Q13.
a[10] =    74386 +   -32202j, tho[10] =       84 +     -294j in Q13.
a[11] =  -106895 +   -69440j, tho[11] =       83 +     -314j in Q13.
a[12] =    55389 +    32043j, tho[12] =       81 +     -329j in Q13.
a[13] =    -9914 +    -4692j, tho[13] =       74 +     -294j in Q13.
a[14] =     9310 +   -46027j, tho[14] =      125 +     -226j in Q13.
a[15] =   -59559 +   121499j, tho[15] =      140 +     -236j in Q13.
a[16] =    75398 +   -94714j, tho[16] =      158 +     -247j in Q13.
a[17] =     2690 +   -26392j, tho[17] =      185 +     -260j in Q13.
a[18] =   -43819 +    78835j, tho[18] =      227 +     -276j in Q13.
a[19] =    17028 +   -39582j, tho[19] =      292 +     -288j in Q13.
a[20] =     -153 +     5232j, tho[20] =      355 +     -254j in Q13.
a[21] =    15462 +   -14927j, tho[21] =      -39 +     -249j in Q13.
a[22] =   -42215 +    49677j, tho[22] =      -43 +     -265j in Q13.
a[23] =    40897 +   -67146j, tho[23] =      -48 +     -282j in Q13.
a[24] =   -15342 +    45549j, tho[24] =      -48 +     -296j in Q13.
a[25] =     1350 +   -16606j, tho[25] =      -35 +     -295j in Q13.
a[26] =     -247 +     2083j, tho[26] =       11 +     -229j in Q13.
Power of tho  =      -13.44 dB.
Current AUX Value:  561. Adjust TX RF gain to 17, fine gain to -17376 dB in Q13
Current AUX Value:  566. Adjust TX RF gain to 17, fine gain to -17218 dB in Q13
measured left ACLR = 43.96, right ACLR = 42.74 at 9th iteration.
TX fine gain = -17212 dB in Q13. Set comp_gain = -5073 dB in Q13. 
a[ 0] =    47772 +    16219j, tho[ 0] =      247 +      -95j in Q13.
a[ 1] =  -115830 +   -81043j, tho[ 1] =      281 +     -161j in Q13.
a[ 2] =    49433 +   154765j, tho[ 2] =      334 +     -241j in Q13.
a[ 3] =    93291 +  -149835j, tho[ 3] =      416 +     -333j in Q13.
a[ 4] =  -114496 +    84026j, tho[ 4] =      536 +     -422j in Q13.
a[ 5] =    46351 +   -30541j, tho[ 5] =      684 +     -467j in Q13.
a[ 6] =    -7046 +     5905j, tho[ 6] =      738 +     -369j in Q13.
a[ 7] =    42822 +   116125j, tho[ 7] =        7 +      -67j in Q13.
a[ 8] =   -93578 +  -312859j, tho[ 8] =       49 +     -102j in Q13.
a[ 9] =    37185 +   271409j, tho[ 9] =      107 +     -142j in Q13.
a[10] =    74943 +   -32152j, tho[10] =      189 +     -184j in Q13.
a[11] =  -107210 +   -69265j, tho[11] =      300 +     -219j in Q13.
a[12] =    55485 +    31875j, tho[12] =      430 +     -229j in Q13.
a[13] =    -9925 +    -4639j, tho[13] =      489 +     -172j in Q13.
a[14] =     9233 +   -46142j, tho[14] =       55 +      -73j in Q13.
a[15] =   -59722 +   121793j, tho[15] =      101 +     -116j in Q13.
a[16] =    75546 +   -94836j, tho[16] =      167 +     -168j in Q13.
a[17] =     2994 +   -26510j, tho[17] =      265 +     -229j in Q13.
a[18] =   -44138 +    78869j, tho[18] =      408 +     -291j in Q13.
a[19] =    17118 +   -39526j, tho[19] =      599 +     -328j in Q13.
a[20] =     -169 +     5201j, tho[20] =      740 +     -262j in Q13.
a[21] =    15451 +   -14651j, tho[21] =     -113 +      -23j in Q13.
a[22] =   -42081 +    48833j, tho[22] =      -73 +      -25j in Q13.
a[23] =    40660 +   -66141j, tho[23] =      -16 +      -35j in Q13.
a[24] =   -15185 +    44948j, tho[24] =       71 +      -59j in Q13.
a[25] =     1307 +   -16412j, tho[25] =      205 +     -104j in Q13.
a[26] =     -240 +     2053j, tho[26] =      362 +     -145j in Q13.
Power of tho  =      -11.26 dB.
Save DPD coefficients back to MIB.
[CAL] DPD training took    29671 ticks.
Turn off DPD for other calibrations.
Start to calibrate RX IQMM.
Set RX gain to 0x72.
IQMM coefficient in Q13:
[0]:      14
[1]:     216
[2]:    -941
[3]:    1934
[4]:    5693
[5]:    1706
[6]:    -746
[7]:     169
[CALI] RX IQMC gain diff = -1391 dB(Q13).RX IQMC calibrate done.
DPD turned on.
Final TX Gain set to 17.
Final RX Gain set to 0x42 in non-hash mode.
Exit concurrent calibration mode
RF calibration done and back to standby state.
[MP] STAT-READY
[MP] CMD-ORAN_START
[MP] Start ORAN
[RF_MON] Check LLCP health
[RF_MON] Check LLCP stattus rtc : 0, data : 0x1a0, LLCP is ready
	sys_state           1 - SS_STANDBY
	capll_unlock        0
	capll_vtune_det_hi  0	capll_vtune_det_lo  0
	trxpll_unlock       0
	trxpll_vtune_det_hi 0	trxpll_vtune_det_lo 0
	trxpll_vco_det_hi   0	trxpll_vco_det_lo   0
[RF_MON] Active RF setup ...
[RF_MON] Set TX bandwidth index = 3, FTune = 0. DPD enabled.
[RF_MON] Set RX bandwidth index = 9.
[RF_MON] Set PLL freq_msw = 105, freq_lsw = 20159.
[RF_MON] Set PLL accurate.
[RF_MON] Active RF setup is done.
	sys_state           7 - SS-ACTIVE
	capll_unlock        0
	capll_vtune_det_hi  0	capll_vtune_det_lo  0
	trxpll_unlock       0
	trxpll_vtune_det_hi 0	trxpll_vtune_det_lo 0
	trxpll_vco_det_hi   0	trxpll_vco_det_lo   0
[RF_MON] Active VERI setup ...
[RF_MON] Set TX path delay compensate to 131.
[RF_MON] Set ORAN TX parameters, PRBs to 273.
[RF_MON] Set ORAN RX parameters, PRBs to 273.
[RF_MON] Active VERI setup is done.
[ORAN] DL COMP IQ Bitwidth: 9
[ORAN] DL COMP Type: 0
[ORAN] DL COMP Format: 1
[ORAN] DL COMP Format Param1: 0
[ORAN] DL COMP Format Param2: 0
[ORAN] UL COMP IQ Bitwidth: 9
[ORAN] UL COMP TYPE: 0
[ORAN] UL COMP Format: 1
[ORAN] UL COMP Format Param1: 0
[ORAN] UL COMP Format Param2: 0
[ORAN] RU MACADDR 00:e0:0c:00:ae:06
[ORAN] DU MACADDR 00:11:22:33:44:66
[ORAN] VLAN ID: 3
[ORAN] VLAN PCP: 7
[ORAN] L2 MTU: 8000
[ORAN] DL COMP IQ Bitwidth: 9
[ORAN] DL COMP Type: 0
[ORAN] DL COMP Format: 1
[ORAN] DL COMP Format Param1: 0
[ORAN] DL COMP Format Param2: 0
[ORAN] UL COMP IQ Bitwidth: 9
[ORAN] UL COMP TYPE: 0
[ORAN] UL COMP Format: 1
[ORAN] UL COMP Format Param1: 0
[ORAN] UL COMP Format Param2: 0
[ORAN] TDD N_TA Offset: 25600
[RATE] TRXSW settling pre-kick is 0.0 us
[RATE] PA settling pre-kick is 2.0 us
[RATE] DPD settling pre-kick is 0.0 us
[MP] STAT-ORAN
[CALI] Calibration task get into ORAN active mode.
[SYS] ------------------------ Data Direction -------------------
[SYS]                  | Downlink           | Uplink
[SYS] CPlane Total     | 0x0000000000000000 | 0x0000000000000000
[SYS] CPlane OnTime    | 0x0000000000000000 | 0x0000000000000000
[SYS] CPlane Early     | 0x0000000000000000 | 0x0000000000000000
[SYS] CPlane Late      | 0x0000000000000000 | 0x0000000000000000
[SYS] CPlane Corrupt   | 0x0000000000000000 | 0x0000000000000000
[SYS] UPlane Total     | 0x0000000000000000 | 0x0000000000000000
[SYS] UPlane OnTime    | 0x0000000000000000 | N/A
[SYS] UPlane Ealry     | 0x0000000000000000 | N/A
[SYS] UPlane Late      | 0x0000000000000000 | N/A
[SYS] UPlane Corrupt   | 0x0000000000000000 | N/A
[SYS] Eth Pkt Good     | 0x00000671         | 0x00000a88
[SYS] Eth Pkt Drop     | 0x00000000         | 0x00000000
[SYS] AXIQ status      | 0x00000303         | 0x00010101
[SYS] ------------------------ Tasks ---------------------------
[SYS]                  | UP         | CP         | RT
[SYS] Error            | 0x00000000 | 0x00000000 | 0x00000000
[SYS] Heartbeats       | 0x000c0b0d | N/A        | N/A
[SYS] Counts           | 0x00000000 | N/A        | 0x00000000
[SYS] Drops            | 0x00000000 | N/A        | 0x00000000
[SYS] ------------------------ VSPAs ---------------------------
[SYS]                  | 0          | 1          | 2
[SYS] Error            | 0x00000000 | 0x00000000 | 0x00000000
[SYS] SYM WR           | 0x00000014 | N/A        | 0x00000012
[SYS] SYM RD           | 0x00000014 | N/A        | 0x00000012
[SYS] CMD WR           | 0x00000007 | 0x00000006 | 0x00000007
[SYS] CMD RD           | 0x00000007 | 0x00000006 | 0x00000007
[SYS] ------------------------ Info ----------------------------
[SYS]                  | Downlink           | Uplink
[SYS] RF / fine Gain   |     17 /   -2.1    | 0x42
[SYS] PwrAvg(dBFs/dBm) | N/A                | N/A
[SYS] PwrMax(dBFS)     | N/A                | N/A
[SYS] Showtime 1 seconds

[SYS] ------------------------ Data Direction -------------------
[SYS]                  | Downlink           | Uplink
[SYS] CPlane Total     | 0x0000000000000000 | 0x0000000000000000
[SYS] CPlane OnTime    | 0x0000000000000000 | 0x0000000000000000
[SYS] CPlane Early     | 0x0000000000000000 | 0x0000000000000000
[SYS] CPlane Late      | 0x0000000000000000 | 0x0000000000000000
[SYS] CPlane Corrupt   | 0x0000000000000000 | 0x0000000000000000
[SYS] UPlane Total     | 0x0000000000000000 | 0x0000000000000000
[SYS] UPlane OnTime    | 0x0000000000000000 | N/A
[SYS] UPlane Ealry     | 0x0000000000000000 | N/A
[SYS] UPlane Late      | 0x0000000000000000 | N/A
[SYS] UPlane Corrupt   | 0x0000000000000000 | N/A
[SYS] Eth Pkt Good     | 0x00000672         | 0x00000aab
[SYS] Eth Pkt Drop     | 0x00000000         | 0x00000000
[SYS] AXIQ status      | 0x00000303         | 0x00010101
[SYS] ------------------------ Tasks ---------------------------
[SYS]                  | UP         | CP         | RT
[SYS] Error            | 0x00000000 | 0x00000000 | 0x00000000
[SYS] Heartbeats       | 0x00124609 | N/A        | N/A
[SYS] Counts           | 0x00000000 | N/A        | 0x00000000
[SYS] Drops            | 0x00000000 | N/A        | 0x00000000
[SYS] ------------------------ VSPAs ---------------------------
[SYS]                  | 0          | 1          | 2
[SYS] Error            | 0x00000000 | 0x00000000 | 0x00000000
[SYS] SYM WR           | 0x00000014 | N/A        | 0x00000012
[SYS] SYM RD           | 0x00000014 | N/A        | 0x00000012
[SYS] CMD WR           | 0x00000007 | 0x00000006 | 0x00000007
[SYS] CMD RD           | 0x00000007 | 0x00000006 | 0x00000007
[SYS] ------------------------ Info ----------------------------
[SYS]                  | Downlink           | Uplink
[SYS] RF / fine Gain   |     17 /   -2.1    | 0x42
[SYS] PwrAvg(dBFs/dBm) | N/A                | N/A
[SYS] PwrMax(dBFS)     | N/A                | N/A
[SYS] Showtime 2 seconds

[SYS] ------------------------ Data Direction -------------------
[SYS]                  | Downlink           | Uplink
[SYS] CPlane Total     | 0x0000000000000000 | 0x0000000000000000
[SYS] CPlane OnTime    | 0x0000000000000000 | 0x0000000000000000
[SYS] CPlane Early     | 0x0000000000000000 | 0x0000000000000000
[SYS] CPlane Late      | 0x0000000000000000 | 0x0000000000000000
[SYS] CPlane Corrupt   | 0x0000000000000000 | 0x0000000000000000
[SYS] UPlane Total     | 0x0000000000000000 | 0x0000000000000000
[SYS] UPlane OnTime    | 0x0000000000000000 | N/A
[SYS] UPlane Ealry     | 0x0000000000000000 | N/A
[SYS] UPlane Late      | 0x0000000000000000 | N/A
[SYS] UPlane Corrupt   | 0x0000000000000000 | N/A
[SYS] Eth Pkt Good     | 0x00000674         | 0x00000acf
[SYS] Eth Pkt Drop     | 0x00000000         | 0x00000000
[SYS] AXIQ status      | 0x00000303         | 0x00010101
[SYS] ------------------------ Tasks ---------------------------
[SYS]                  | UP         | CP         | RT
[SYS] Error            | 0x00000000 | 0x00000000 | 0x00000000
[SYS] Heartbeats       | 0x001883c8 | N/A        | N/A
[SYS] Counts           | 0x00000000 | N/A        | 0x00000000
[SYS] Drops            | 0x00000000 | N/A        | 0x00000000
[SYS] ------------------------ VSPAs ---------------------------
[SYS]                  | 0          | 1          | 2
[SYS] Error            | 0x00000000 | 0x00000000 | 0x00000000
[SYS] SYM WR           | 0x00000014 | N/A        | 0x00000012
[SYS] SYM RD           | 0x00000014 | N/A        | 0x00000012
[SYS] CMD WR           | 0x00000007 | 0x00000006 | 0x00000007
[SYS] CMD RD           | 0x00000007 | 0x00000006 | 0x00000007
[SYS] ------------------------ Info ----------------------------
[SYS]                  | Downlink           | Uplink
[SYS] RF / fine Gain   |     17 /   -2.1    | 0x42
[SYS] PwrAvg(dBFs/dBm) | N/A                | N/A
[SYS] PwrMax(dBFS)     | N/A                | N/A
[SYS] Showtime 3 seconds

[SYS] ------------------------ Data Direction -------------------
[SYS]                  | Downlink           | Uplink
[SYS] CPlane Total     | 0x0000000000000000 | 0x0000000000000000
[SYS] CPlane OnTime    | 0x0000000000000000 | 0x0000000000000000
[SYS] CPlane Early     | 0x0000000000000000 | 0x0000000000000000
[SYS] CPlane Late      | 0x0000000000000000 | 0x0000000000000000
[SYS] CPlane Corrupt   | 0x0000000000000000 | 0x0000000000000000
[SYS] UPlane Total     | 0x0000000000000000 | 0x0000000000000000
[SYS] UPlane OnTime    | 0x0000000000000000 | N/A
[SYS] UPlane Ealry     | 0x0000000000000000 | N/A
[SYS] UPlane Late      | 0x0000000000000000 | N/A
[SYS] UPlane Corrupt   | 0x0000000000000000 | N/A
[SYS] Eth Pkt Good     | 0x00000675         | 0x00000af2
[SYS] Eth Pkt Drop     | 0x00000000         | 0x00000000
[SYS] AXIQ status      | 0x00000303         | 0x00010101
[SYS] ------------------------ Tasks ---------------------------
[SYS]                  | UP         | CP         | RT
[SYS] Error            | 0x00000000 | 0x00000000 | 0x00000000
[SYS] Heartbeats       | 0x001ebeb2 | N/A        | N/A
[SYS] Counts           | 0x00000000 | N/A        | 0x00000000
[SYS] Drops            | 0x00000000 | N/A        | 0x00000000
[SYS] ------------------------ VSPAs ---------------------------
[SYS]                  | 0          | 1          | 2
[SYS] Error            | 0x00000000 | 0x00000000 | 0x00000000
[SYS] SYM WR           | 0x00000014 | N/A        | 0x00000012
[SYS] SYM RD           | 0x00000014 | N/A        | 0x00000012
[SYS] CMD WR           | 0x00000007 | 0x00000006 | 0x00000007
[SYS] CMD RD           | 0x00000007 | 0x00000006 | 0x00000007
[SYS] ------------------------ Info ----------------------------
[SYS]                  | Downlink           | Uplink
[SYS] RF / fine Gain   |     17 /   -2.1    | 0x42
[SYS] PwrAvg(dBFs/dBm) | N/A                | N/A
[SYS] PwrMax(dBFS)     | N/A                | N/A
[SYS] Showtime 4 seconds

[SYS] ------------------------ Data Direction -------------------
[SYS]                  | Downlink           | Uplink
[SYS] CPlane Total     | 0x0000000000000000 | 0x0000000000000000
[SYS] CPlane OnTime    | 0x0000000000000000 | 0x0000000000000000
[SYS] CPlane Early     | 0x0000000000000000 | 0x0000000000000000
[SYS] CPlane Late      | 0x0000000000000000 | 0x0000000000000000
[SYS] CPlane Corrupt   | 0x0000000000000000 | 0x0000000000000000
[SYS] UPlane Total     | 0x0000000000000000 | 0x0000000000000000
[SYS] UPlane OnTime    | 0x0000000000000000 | N/A
[SYS] UPlane Ealry     | 0x0000000000000000 | N/A
[SYS] UPlane Late      | 0x0000000000000000 | N/A
[SYS] UPlane Corrupt   | 0x0000000000000000 | N/A
[SYS] Eth Pkt Good     | 0x00000676         | 0x00000b15
[SYS] Eth Pkt Drop     | 0x00000000         | 0x00000000
[SYS] AXIQ status      | 0x00000303         | 0x00010101
[SYS] ------------------------ Tasks ---------------------------
[SYS]                  | UP         | CP         | RT
[SYS] Error            | 0x00000000 | 0x00000000 | 0x00000000
[SYS] Heartbeats       | 0x0024f99c | N/A        | N/A
[SYS] Counts           | 0x00000000 | N/A        | 0x00000000
[SYS] Drops            | 0x00000000 | N/A        | 0x00000000
[SYS] ------------------------ VSPAs ---------------------------
[SYS]                  | 0          | 1          | 2
[SYS] Error            | 0x00000000 | 0x00000000 | 0x00000000
[SYS] SYM WR           | 0x00000014 | N/A        | 0x00000012
[SYS] SYM RD           | 0x00000014 | N/A        | 0x00000012
[SYS] CMD WR           | 0x00000007 | 0x00000006 | 0x00000007
[SYS] CMD RD           | 0x00000007 | 0x00000006 | 0x00000007
[SYS] ------------------------ Info ----------------------------
[SYS]                  | Downlink           | Uplink
[SYS] RF / fine Gain   |     17 /   -2.1    | 0x42
[SYS] PwrAvg(dBFs/dBm) | N/A                | N/A
[SYS] PwrMax(dBFS)     | N/A                | N/A
[SYS] Showtime 5 seconds

[SYS] ------------------------ Data Direction -------------------
[SYS]                  | Downlink           | Uplink
[SYS] CPlane Total     | 0x0000000000000000 | 0x0000000000000000
[SYS] CPlane OnTime    | 0x0000000000000000 | 0x0000000000000000
[SYS] CPlane Early     | 0x0000000000000000 | 0x0000000000000000
[SYS] CPlane Late      | 0x0000000000000000 | 0x0000000000000000
[SYS] CPlane Corrupt   | 0x0000000000000000 | 0x0000000000000000
[SYS] UPlane Total     | 0x0000000000000000 | 0x0000000000000000
[SYS] UPlane OnTime    | 0x0000000000000000 | N/A
[SYS] UPlane Ealry     | 0x0000000000000000 | N/A
[SYS] UPlane Late      | 0x0000000000000000 | N/A
[SYS] UPlane Corrupt   | 0x0000000000000000 | N/A
[SYS] Eth Pkt Good     | 0x00000678         | 0x00000b39
[SYS] Eth Pkt Drop     | 0x00000000         | 0x00000000
[SYS] AXIQ status      | 0x00000303         | 0x00010101
[SYS] ------------------------ Tasks ---------------------------
[SYS]                  | UP         | CP         | RT
[SYS] Error            | 0x00000000 | 0x00000000 | 0x00000000
[SYS] Heartbeats       | 0x002b397b | N/A        | N/A
[SYS] Counts           | 0x00000000 | N/A        | 0x00000000
[SYS] Drops            | 0x00000000 | N/A        | 0x00000000
[SYS] ------------------------ VSPAs ---------------------------
[SYS]                  | 0          | 1          | 2
[SYS] Error            | 0x00000000 | 0x00000000 | 0x00000000
[SYS] SYM WR           | 0x00000014 | N/A        | 0x00000012
[SYS] SYM RD           | 0x00000014 | N/A        | 0x00000012
[SYS] CMD WR           | 0x00000007 | 0x00000006 | 0x00000007
[SYS] CMD RD           | 0x00000007 | 0x00000006 | 0x00000007
[SYS] ------------------------ Info ----------------------------
[SYS]                  | Downlink           | Uplink
[SYS] RF / fine Gain   |     17 /   -2.1    | 0x42
[SYS] PwrAvg(dBFs/dBm) | N/A                | N/A
[SYS] PwrMax(dBFS)     | N/A                | N/A
[SYS] Showtime 6 seconds

[SYS] ------------------------ Data Direction -------------------
[SYS]                  | Downlink           | Uplink
[SYS] CPlane Total     | 0x0000000000000000 | 0x0000000000000000
[SYS] CPlane OnTime    | 0x0000000000000000 | 0x0000000000000000
[SYS] CPlane Early     | 0x0000000000000000 | 0x0000000000000000
[SYS] CPlane Late      | 0x0000000000000000 | 0x0000000000000000
[SYS] CPlane Corrupt   | 0x0000000000000000 | 0x0000000000000000
[SYS] UPlane Total     | 0x0000000000000000 | 0x0000000000000000
[SYS] UPlane OnTime    | 0x0000000000000000 | N/A
[SYS] UPlane Ealry     | 0x0000000000000000 | N/A
[SYS] UPlane Late      | 0x0000000000000000 | N/A
[SYS] UPlane Corrupt   | 0x0000000000000000 | N/A
[SYS] Eth Pkt Good     | 0x00000679         | 0x00000b5c
[SYS] Eth Pkt Drop     | 0x00000000         | 0x00000000
[SYS] AXIQ status      | 0x00000303         | 0x00010101
[SYS] ------------------------ Tasks ---------------------------
[SYS]                  | UP         | CP         | RT
[SYS] Error            | 0x00000000 | 0x00000000 | 0x00000000
[SYS] Heartbeats       | 0x003173f0 | N/A        | N/A
[SYS] Counts           | 0x00000000 | N/A        | 0x00000000
[SYS] Drops            | 0x00000000 | N/A        | 0x00000000
[SYS] ------------------------ VSPAs ---------------------------
[SYS]                  | 0          | 1          | 2
[SYS] Error            | 0x00000000 | 0x00000000 | 0x00000000
[SYS] SYM WR           | 0x00000014 | N/A        | 0x00000012
[SYS] SYM RD           | 0x00000014 | N/A        | 0x00000012
[SYS] CMD WR           | 0x00000007 | 0x00000006 | 0x00000007
[SYS] CMD RD           | 0x00000007 | 0x00000006 | 0x00000007
[SYS] ------------------------ Info ----------------------------
[SYS]                  | Downlink           | Uplink
[SYS] RF / fine Gain   |     17 /   -2.1    | 0x42
[SYS] PwrAvg(dBFs/dBm) | N/A                | N/A
[SYS] PwrMax(dBFS)     | N/A                | N/A
[SYS] Showtime 7 seconds

[SYS] ------------------------ Data Direction -------------------
[SYS]                  | Downlink           | Uplink
[SYS] CPlane Total     | 0x0000000000000000 | 0x0000000000000000
[SYS] CPlane OnTime    | 0x0000000000000000 | 0x0000000000000000
[SYS] CPlane Early     | 0x0000000000000000 | 0x0000000000000000
[SYS] CPlane Late      | 0x0000000000000000 | 0x0000000000000000
[SYS] CPlane Corrupt   | 0x0000000000000000 | 0x0000000000000000
[SYS] UPlane Total     | 0x0000000000000000 | 0x0000000000000000
[SYS] UPlane OnTime    | 0x0000000000000000 | N/A
[SYS] UPlane Ealry     | 0x0000000000000000 | N/A
[SYS] UPlane Late      | 0x0000000000000000 | N/A
[SYS] UPlane Corrupt   | 0x0000000000000000 | N/A
[SYS] Eth Pkt Good     | 0x00000694         | 0x00000b98
[SYS] Eth Pkt Drop     | 0x00000000         | 0x00000000
[SYS] AXIQ status      | 0x00000303         | 0x00010101
[SYS] ------------------------ Tasks ---------------------------
[SYS]                  | UP         | CP         | RT
[SYS] Error            | 0x00000000 | 0x00000000 | 0x00000000
[SYS] Heartbeats       | 0x0037aed4 | N/A        | N/A
[SYS] Counts           | 0x00000000 | N/A        | 0x00000000
[SYS] Drops            | 0x00000000 | N/A        | 0x00000000
[SYS] ------------------------ VSPAs ---------------------------
[SYS]                  | 0          | 1          | 2
[SYS] Error            | 0x00000000 | 0x00000000 | 0x00000000
[SYS] SYM WR           | 0x00000014 | N/A        | 0x00000012
[SYS] SYM RD           | 0x00000014 | N/A        | 0x00000012
[SYS] CMD WR           | 0x00000007 | 0x00000006 | 0x00000007
[SYS] CMD RD           | 0x00000007 | 0x00000006 | 0x00000007
[SYS] ------------------------ Info ----------------------------
[SYS]                  | Downlink           | Uplink
[SYS] RF / fine Gain   |     17 /   -2.1    | 0x42
[SYS] PwrAvg(dBFs/dBm) | N/A                | N/A
[SYS] PwrMax(dBFS)     | N/A                | N/A
[SYS] Showtime 8 seconds

[SYS] ------------------------ Data Direction -------------------
[SYS]                  | Downlink           | Uplink
[SYS] CPlane Total     | 0x0000000000000000 | 0x0000000000000000
[SYS] CPlane OnTime    | 0x0000000000000000 | 0x0000000000000000
[SYS] CPlane Early     | 0x0000000000000000 | 0x0000000000000000
[SYS] CPlane Late      | 0x0000000000000000 | 0x0000000000000000
[SYS] CPlane Corrupt   | 0x0000000000000000 | 0x0000000000000000
[SYS] UPlane Total     | 0x0000000000000000 | 0x0000000000000000
[SYS] UPlane OnTime    | 0x0000000000000000 | N/A
[SYS] UPlane Ealry     | 0x0000000000000000 | N/A
[SYS] UPlane Late      | 0x0000000000000000 | N/A
[SYS] UPlane Corrupt   | 0x0000000000000000 | N/A
[SYS] Eth Pkt Good     | 0x0000069a         | 0x00000bc1
[SYS] Eth Pkt Drop     | 0x00000000         | 0x00000000
[SYS] AXIQ status      | 0x00000303         | 0x00010101
[SYS] ------------------------ Tasks ---------------------------
[SYS]                  | UP         | CP         | RT
[SYS] Error            | 0x00000000 | 0x00000000 | 0x00000000
[SYS] Heartbeats       | 0x003de9ce | N/A        | N/A
[SYS] Counts           | 0x00000000 | N/A        | 0x00000000
[SYS] Drops            | 0x00000000 | N/A        | 0x00000000
[SYS] ------------------------ VSPAs ---------------------------
[SYS]                  | 0          | 1          | 2
[SYS] Error            | 0x00000000 | 0x00000000 | 0x00000000
[SYS] SYM WR           | 0x00000014 | N/A        | 0x00000012
[SYS] SYM RD           | 0x00000014 | N/A        | 0x00000012
[SYS] CMD WR           | 0x00000007 | 0x00000006 | 0x00000007
[SYS] CMD RD           | 0x00000007 | 0x00000006 | 0x00000007
[SYS] ------------------------ Info ----------------------------
[SYS]                  | Downlink           | Uplink
[SYS] RF / fine Gain   |     17 /   -2.1    | 0x42
[SYS] PwrAvg(dBFs/dBm) | N/A                | N/A
[SYS] PwrMax(dBFS)     | N/A                | N/A
[SYS] Showtime 9 seconds

[SYS] ------------------------ Data Direction -------------------
[SYS]                  | Downlink           | Uplink
[SYS] CPlane Total     | 0x0000000000000000 | 0x0000000000000000
[SYS] CPlane OnTime    | 0x0000000000000000 | 0x0000000000000000
[SYS] CPlane Early     | 0x0000000000000000 | 0x0000000000000000
[SYS] CPlane Late      | 0x0000000000000000 | 0x0000000000000000
[SYS] CPlane Corrupt   | 0x0000000000000000 | 0x0000000000000000
[SYS] UPlane Total     | 0x0000000000000000 | 0x0000000000000000
[SYS] UPlane OnTime    | 0x0000000000000000 | N/A
[SYS] UPlane Ealry     | 0x0000000000000000 | N/A
[SYS] UPlane Late      | 0x0000000000000000 | N/A
[SYS] UPlane Corrupt   | 0x0000000000000000 | N/A
[SYS] Eth Pkt Good     | 0x0000069c         | 0x00000be5
[SYS] Eth Pkt Drop     | 0x00000000         | 0x00000000
[SYS] AXIQ status      | 0x00000303         | 0x00010101
[SYS] ------------------------ Tasks ---------------------------
[SYS]                  | UP         | CP         | RT
[SYS] Error            | 0x00000000 | 0x00000000 | 0x00000000
[SYS] Heartbeats       | 0x00442792 | N/A        | N/A
[SYS] Counts           | 0x00000000 | N/A        | 0x00000000
[SYS] Drops            | 0x00000000 | N/A        | 0x00000000
[SYS] ------------------------ VSPAs ---------------------------
[SYS]                  | 0          | 1          | 2
[SYS] Error            | 0x00000000 | 0x00000000 | 0x00000000
[SYS] SYM WR           | 0x00000014 | N/A        | 0x00000012
[SYS] SYM RD           | 0x00000014 | N/A        | 0x00000012
[SYS] CMD WR           | 0x00000007 | 0x00000006 | 0x00000007
[SYS] CMD RD           | 0x00000007 | 0x00000006 | 0x00000007
[SYS] ------------------------ Info ----------------------------
[SYS]                  | Downlink           | Uplink
[SYS] RF / fine Gain   |     17 /   -2.1    | 0x42
[SYS] PwrAvg(dBFs/dBm) | N/A                | N/A
[SYS] PwrMax(dBFS)     | N/A                | N/A
[SYS] Showtime 10 seconds

[SYS] ------------------------ Data Direction -------------------
[SYS]                  | Downlink           | Uplink
[SYS] CPlane Total     | 0x0000000000000000 | 0x0000000000000000
[SYS] CPlane OnTime    | 0x0000000000000000 | 0x0000000000000000
[SYS] CPlane Early     | 0x0000000000000000 | 0x0000000000000000
[SYS] CPlane Late      | 0x0000000000000000 | 0x0000000000000000
[SYS] CPlane Corrupt   | 0x0000000000000000 | 0x0000000000000000
[SYS] UPlane Total     | 0x0000000000000000 | 0x0000000000000000
[SYS] UPlane OnTime    | 0x0000000000000000 | N/A
[SYS] UPlane Ealry     | 0x0000000000000000 | N/A
[SYS] UPlane Late      | 0x0000000000000000 | N/A
[SYS] UPlane Corrupt   | 0x0000000000000000 | N/A
[SYS] Eth Pkt Good     | 0x0000069d         | 0x00000c08
[SYS] Eth Pkt Drop     | 0x00000000         | 0x00000000
[SYS] AXIQ status      | 0x00000303         | 0x00010101
[SYS] ------------------------ Tasks ---------------------------
[SYS]                  | UP         | CP         | RT
[SYS] Error            | 0x00000000 | 0x00000000 | 0x00000000
[SYS] Heartbeats       | 0x004a6276 | N/A        | N/A
[SYS] Counts           | 0x00000000 | N/A        | 0x00000000
[SYS] Drops            | 0x00000000 | N/A        | 0x00000000
[SYS] ------------------------ VSPAs ---------------------------
[SYS]                  | 0          | 1          | 2
[SYS] Error            | 0x00000000 | 0x00000000 | 0x00000000
[SYS] SYM WR           | 0x00000014 | N/A        | 0x00000012
[SYS] SYM RD           | 0x00000014 | N/A        | 0x00000012
[SYS] CMD WR           | 0x00000007 | 0x00000006 | 0x00000007
[SYS] CMD RD           | 0x00000007 | 0x00000006 | 0x00000007
[SYS] ------------------------ Info ----------------------------
[SYS]                  | Downlink           | Uplink
[SYS] RF / fine Gain   |     17 /   -2.1    | 0x42
[SYS] PwrAvg(dBFs/dBm) | N/A                | N/A
[SYS] PwrMax(dBFS)     | N/A                | N/A
[SYS] Showtime 11 seconds

[SYS] ------------------------ Data Direction -------------------
[SYS]                  | Downlink           | Uplink
[SYS] CPlane Total     | 0x0000000000000000 | 0x0000000000000000
[SYS] CPlane OnTime    | 0x0000000000000000 | 0x0000000000000000
[SYS] CPlane Early     | 0x0000000000000000 | 0x0000000000000000
[SYS] CPlane Late      | 0x0000000000000000 | 0x0000000000000000
[SYS] CPlane Corrupt   | 0x0000000000000000 | 0x0000000000000000
[SYS] UPlane Total     | 0x0000000000000000 | 0x0000000000000000
[SYS] UPlane OnTime    | 0x0000000000000000 | N/A
[SYS] UPlane Ealry     | 0x0000000000000000 | N/A
[SYS] UPlane Late      | 0x0000000000000000 | N/A
[SYS] UPlane Corrupt   | 0x0000000000000000 | N/A
[SYS] Eth Pkt Good     | 0x0000069e         | 0x00000c2b
[SYS] Eth Pkt Drop     | 0x00000000         | 0x00000000
[SYS] AXIQ status      | 0x00000303         | 0x00010101
[SYS] ------------------------ Tasks ---------------------------
[SYS]                  | UP         | CP         | RT
[SYS] Error            | 0x00000000 | 0x00000000 | 0x00000000
[SYS] Heartbeats       | 0x00509d59 | N/A        | N/A
[SYS] Counts           | 0x00000000 | N/A        | 0x00000000
[SYS] Drops            | 0x00000000 | N/A        | 0x00000000
[SYS] ------------------------ VSPAs ---------------------------
[SYS]                  | 0          | 1          | 2
[SYS] Error            | 0x00000000 | 0x00000000 | 0x00000000
[SYS] SYM WR           | 0x00000014 | N/A        | 0x00000012
[SYS] SYM RD           | 0x00000014 | N/A        | 0x00000012
[SYS] CMD WR           | 0x00000007 | 0x00000006 | 0x00000007
[SYS] CMD RD           | 0x00000007 | 0x00000006 | 0x00000007
[SYS] ------------------------ Info ----------------------------
[SYS]                  | Downlink           | Uplink
[SYS] RF / fine Gain   |     17 /   -2.1    | 0x42
[SYS] PwrAvg(dBFs/dBm) | N/A                | N/A
[SYS] PwrMax(dBFS)     | N/A                | N/A
[SYS] Showtime 12 seconds

[SYS] ------------------------ Data Direction -------------------
[SYS]                  | Downlink           | Uplink
[SYS] CPlane Total     | 0x0000000000000000 | 0x0000000000000000
[SYS] CPlane OnTime    | 0x0000000000000000 | 0x0000000000000000
[SYS] CPlane Early     | 0x0000000000000000 | 0x0000000000000000
[SYS] CPlane Late      | 0x0000000000000000 | 0x0000000000000000
[SYS] CPlane Corrupt   | 0x0000000000000000 | 0x0000000000000000
[SYS] UPlane Total     | 0x0000000000000000 | 0x0000000000000000
[SYS] UPlane OnTime    | 0x0000000000000000 | N/A
[SYS] UPlane Ealry     | 0x0000000000000000 | N/A
[SYS] UPlane Late      | 0x0000000000000000 | N/A
[SYS] UPlane Corrupt   | 0x0000000000000000 | N/A
[SYS] Eth Pkt Good     | 0x000006a0         | 0x00000c4f
[SYS] Eth Pkt Drop     | 0x00000000         | 0x00000000
[SYS] AXIQ status      | 0x00000303         | 0x00010101
[SYS] ------------------------ Tasks ---------------------------
[SYS]                  | UP         | CP         | RT
[SYS] Error            | 0x00000000 | 0x00000000 | 0x00000000
[SYS] Heartbeats       | 0x0056db22 | N/A        | N/A
[SYS] Counts           | 0x00000000 | N/A        | 0x00000000
[SYS] Drops            | 0x00000000 | N/A        | 0x00000000
[SYS] ------------------------ VSPAs ---------------------------
[SYS]                  | 0          | 1          | 2
[SYS] Error            | 0x00000000 | 0x00000000 | 0x00000000
[SYS] SYM WR           | 0x00000014 | N/A        | 0x00000012
[SYS] SYM RD           | 0x00000014 | N/A        | 0x00000012
[SYS] CMD WR           | 0x00000007 | 0x00000006 | 0x00000007
[SYS] CMD RD           | 0x00000007 | 0x00000006 | 0x00000007
[SYS] ------------------------ Info ----------------------------
[SYS]                  | Downlink           | Uplink
[SYS] RF / fine Gain   |     17 /   -2.1    | 0x42
[SYS] PwrAvg(dBFs/dBm) | N/A                | N/A
[SYS] PwrMax(dBFS)     | N/A                | N/A
[SYS] Showtime 13 seconds

[SYS] ------------------------ Data Direction -------------------
[SYS]                  | Downlink           | Uplink
[SYS] CPlane Total     | 0x0000000000000000 | 0x0000000000000000
[SYS] CPlane OnTime    | 0x0000000000000000 | 0x0000000000000000
[SYS] CPlane Early     | 0x0000000000000000 | 0x0000000000000000
[SYS] CPlane Late      | 0x0000000000000000 | 0x0000000000000000
[SYS] CPlane Corrupt   | 0x0000000000000000 | 0x0000000000000000
[SYS] UPlane Total     | 0x0000000000000000 | 0x0000000000000000
[SYS] UPlane OnTime    | 0x0000000000000000 | N/A
[SYS] UPlane Ealry     | 0x0000000000000000 | N/A
[SYS] UPlane Late      | 0x0000000000000000 | N/A
[SYS] UPlane Corrupt   | 0x0000000000000000 | N/A
[SYS] Eth Pkt Good     | 0x000006a1         | 0x00000c72
[SYS] Eth Pkt Drop     | 0x00000000         | 0x00000000
[SYS] AXIQ status      | 0x00000303         | 0x00010101
[SYS] ------------------------ Tasks ---------------------------
[SYS]                  | UP         | CP         | RT
[SYS] Error            | 0x00000000 | 0x00000000 | 0x00000000
[SYS] Heartbeats       | 0x005d1604 | N/A        | N/A
[SYS] Counts           | 0x00000000 | N/A        | 0x00000000
[SYS] Drops            | 0x00000000 | N/A        | 0x00000000
[SYS] ------------------------ VSPAs ---------------------------
[SYS]                  | 0          | 1          | 2
[SYS] Error            | 0x00000000 | 0x00000000 | 0x00000000
[SYS] SYM WR           | 0x00000014 | N/A        | 0x00000012
[SYS] SYM RD           | 0x00000014 | N/A        | 0x00000012
[SYS] CMD WR           | 0x00000007 | 0x00000006 | 0x00000007
[SYS] CMD RD           | 0x00000007 | 0x00000006 | 0x00000007
[SYS] ------------------------ Info ----------------------------
[SYS]                  | Downlink           | Uplink
[SYS] RF / fine Gain   |     17 /   -2.1    | 0x42
[SYS] PwrAvg(dBFs/dBm) | N/A                | N/A
[SYS] PwrMax(dBFS)     | N/A                | N/A
[SYS] Showtime 14 seconds

[SYS] ------------------------ Data Direction -------------------
[SYS]                  | Downlink           | Uplink
[SYS] CPlane Total     | 0x0000000000000000 | 0x0000000000000000
[SYS] CPlane OnTime    | 0x0000000000000000 | 0x0000000000000000
[SYS] CPlane Early     | 0x0000000000000000 | 0x0000000000000000
[SYS] CPlane Late      | 0x0000000000000000 | 0x0000000000000000
[SYS] CPlane Corrupt   | 0x0000000000000000 | 0x0000000000000000
[SYS] UPlane Total     | 0x0000000000000000 | 0x0000000000000000
[SYS] UPlane OnTime    | 0x0000000000000000 | N/A
[SYS] UPlane Ealry     | 0x0000000000000000 | N/A
[SYS] UPlane Late      | 0x0000000000000000 | N/A
[SYS] UPlane Corrupt   | 0x0000000000000000 | N/A
[SYS] Eth Pkt Good     | 0x000006a3         | 0x00000c96
[SYS] Eth Pkt Drop     | 0x00000000         | 0x00000000
[SYS] AXIQ status      | 0x00000303         | 0x00010101
[SYS] ------------------------ Tasks ---------------------------
[SYS]                  | UP         | CP         | RT
[SYS] Error            | 0x00000000 | 0x00000000 | 0x00000000
[SYS] Heartbeats       | 0x006350e6 | N/A        | N/A
[SYS] Counts           | 0x00000000 | N/A        | 0x00000000
[SYS] Drops            | 0x00000000 | N/A        | 0x00000000
[SYS] ------------------------ VSPAs ---------------------------
[SYS]                  | 0          | 1          | 2
[SYS] Error            | 0x00000000 | 0x00000000 | 0x00000000
[SYS] SYM WR           | 0x00000014 | N/A        | 0x00000012
[SYS] SYM RD           | 0x00000014 | N/A        | 0x00000012
[SYS] CMD WR           | 0x00000007 | 0x00000006 | 0x00000007
[SYS] CMD RD           | 0x00000007 | 0x00000006 | 0x00000007
[SYS] ------------------------ Info ----------------------------
[SYS]                  | Downlink           | Uplink
[SYS] RF / fine Gain   |     17 /   -2.1    | 0x42
[SYS] PwrAvg(dBFs/dBm) | N/A                | N/A
[SYS] PwrMax(dBFS)     | N/A                | N/A
[SYS] Showtime 15 seconds

[SYS] ------------------------ Data Direction -------------------
[SYS]                  | Downlink           | Uplink
[SYS] CPlane Total     | 0x0000000000000000 | 0x0000000000000000
[SYS] CPlane OnTime    | 0x0000000000000000 | 0x0000000000000000
[SYS] CPlane Early     | 0x0000000000000000 | 0x0000000000000000
[SYS] CPlane Late      | 0x0000000000000000 | 0x0000000000000000
[SYS] CPlane Corrupt   | 0x0000000000000000 | 0x0000000000000000
[SYS] UPlane Total     | 0x0000000000000000 | 0x0000000000000000
[SYS] UPlane OnTime    | 0x0000000000000000 | N/A
[SYS] UPlane Ealry     | 0x0000000000000000 | N/A
[SYS] UPlane Late      | 0x0000000000000000 | N/A
[SYS] UPlane Corrupt   | 0x0000000000000000 | N/A
[SYS] Eth Pkt Good     | 0x000006a4         | 0x00000cb9
[SYS] Eth Pkt Drop     | 0x00000000         | 0x00000000
[SYS] AXIQ status      | 0x00000303         | 0x00010101
[SYS] ------------------------ Tasks ---------------------------
[SYS]                  | UP         | CP         | RT
[SYS] Error            | 0x00000000 | 0x00000000 | 0x00000000
[SYS] Heartbeats       | 0x00698be9 | N/A        | N/A
[SYS] Counts           | 0x00000000 | N/A        | 0x00000000
[SYS] Drops            | 0x00000000 | N/A        | 0x00000000
[SYS] ------------------------ VSPAs ---------------------------
[SYS]                  | 0          | 1          | 2
[SYS] Error            | 0x00000000 | 0x00000000 | 0x00000000
[SYS] SYM WR           | 0x00000014 | N/A        | 0x00000012
[SYS] SYM RD           | 0x00000014 | N/A        | 0x00000012
[SYS] CMD WR           | 0x00000007 | 0x00000006 | 0x00000007
[SYS] CMD RD           | 0x00000007 | 0x00000006 | 0x00000007
[SYS] ------------------------ Info ----------------------------
[SYS]                  | Downlink           | Uplink
[SYS] RF / fine Gain   |     17 /   -2.1    | 0x42
[SYS] PwrAvg(dBFs/dBm) | N/A                | N/A
[SYS] PwrMax(dBFS)     | N/A                | N/A
[SYS] Showtime 16 seconds

[SYS] ------------------------ Data Direction -------------------
[SYS]                  | Downlink           | Uplink
[SYS] CPlane Total     | 0x0000000000000000 | 0x0000000000000000
[SYS] CPlane OnTime    | 0x0000000000000000 | 0x0000000000000000
[SYS] CPlane Early     | 0x0000000000000000 | 0x0000000000000000
[SYS] CPlane Late      | 0x0000000000000000 | 0x0000000000000000
[SYS] CPlane Corrupt   | 0x0000000000000000 | 0x0000000000000000
[SYS] UPlane Total     | 0x0000000000000000 | 0x0000000000000000
[SYS] UPlane OnTime    | 0x0000000000000000 | N/A
[SYS] UPlane Ealry     | 0x0000000000000000 | N/A
[SYS] UPlane Late      | 0x0000000000000000 | N/A
[SYS] UPlane Corrupt   | 0x0000000000000000 | N/A
[SYS] Eth Pkt Good     | 0x000006a6         | 0x00000cdd
[SYS] Eth Pkt Drop     | 0x00000000         | 0x00000000
[SYS] AXIQ status      | 0x00000303         | 0x00010101
[SYS] ------------------------ Tasks ---------------------------
[SYS]                  | UP         | CP         | RT
[SYS] Error            | 0x00000000 | 0x00000000 | 0x00000000
[SYS] Heartbeats       | 0x006fc9a6 | N/A        | N/A
[SYS] Counts           | 0x00000000 | N/A        | 0x00000000
[SYS] Drops            | 0x00000000 | N/A        | 0x00000000
[SYS] ------------------------ VSPAs ---------------------------
[SYS]                  | 0          | 1          | 2
[SYS] Error            | 0x00000000 | 0x00000000 | 0x00000000
[SYS] SYM WR           | 0x00000014 | N/A        | 0x00000012
[SYS] SYM RD           | 0x00000014 | N/A        | 0x00000012
[SYS] CMD WR           | 0x00000007 | 0x00000006 | 0x00000007
[SYS] CMD RD           | 0x00000007 | 0x00000006 | 0x00000007
[SYS] ------------------------ Info ----------------------------
[SYS]                  | Downlink           | Uplink
[SYS] RF / fine Gain   |     17 /   -2.1    | 0x42
[SYS] PwrAvg(dBFs/dBm) | N/A                | N/A
[SYS] PwrMax(dBFS)     | N/A                | N/A
[SYS] Showtime 17 seconds

[SYS] ------------------------ Data Direction -------------------
[SYS]                  | Downlink           | Uplink
[SYS] CPlane Total     | 0x0000000000000000 | 0x0000000000000000
[SYS] CPlane OnTime    | 0x0000000000000000 | 0x0000000000000000
[SYS] CPlane Early     | 0x0000000000000000 | 0x0000000000000000
[SYS] CPlane Late      | 0x0000000000000000 | 0x0000000000000000
[SYS] CPlane Corrupt   | 0x0000000000000000 | 0x0000000000000000
[SYS] UPlane Total     | 0x0000000000000000 | 0x0000000000000000
[SYS] UPlane OnTime    | 0x0000000000000000 | N/A
[SYS] UPlane Ealry     | 0x0000000000000000 | N/A
[SYS] UPlane Late      | 0x0000000000000000 | N/A
[SYS] UPlane Corrupt   | 0x0000000000000000 | N/A
[SYS] Eth Pkt Good     | 0x000006a7         | 0x00000d00
[SYS] Eth Pkt Drop     | 0x00000000         | 0x00000000
[SYS] AXIQ status      | 0x00000303         | 0x00010101
[SYS] ------------------------ Tasks ---------------------------
[SYS]                  | UP         | CP         | RT
[SYS] Error            | 0x00000000 | 0x00000000 | 0x00000000
[SYS] Heartbeats       | 0x0076048a | N/A        | N/A
[SYS] Counts           | 0x00000000 | N/A        | 0x00000000
[SYS] Drops            | 0x00000000 | N/A        | 0x00000000
[SYS] ------------------------ VSPAs ---------------------------
[SYS]                  | 0          | 1          | 2
[SYS] Error            | 0x00000000 | 0x00000000 | 0x00000000
[SYS] SYM WR           | 0x00000014 | N/A        | 0x00000012
[SYS] SYM RD           | 0x00000014 | N/A        | 0x00000012
[SYS] CMD WR           | 0x00000007 | 0x00000006 | 0x00000007
[SYS] CMD RD           | 0x00000007 | 0x00000006 | 0x00000007
[SYS] ------------------------ Info ----------------------------
[SYS]                  | Downlink           | Uplink
[SYS] RF / fine Gain   |     17 /   -2.1    | 0x42
[SYS] PwrAvg(dBFs/dBm) | N/A                | N/A
[SYS] PwrMax(dBFS)     | N/A                | N/A
[SYS] Showtime 18 seconds

[SYS] ------------------------ Data Direction -------------------
[SYS]                  | Downlink           | Uplink
[SYS] CPlane Total     | 0x0000000000000000 | 0x0000000000000000
[SYS] CPlane OnTime    | 0x0000000000000000 | 0x0000000000000000
[SYS] CPlane Early     | 0x0000000000000000 | 0x0000000000000000
[SYS] CPlane Late      | 0x0000000000000000 | 0x0000000000000000
[SYS] CPlane Corrupt   | 0x0000000000000000 | 0x0000000000000000
[SYS] UPlane Total     | 0x0000000000000000 | 0x0000000000000000
[SYS] UPlane OnTime    | 0x0000000000000000 | N/A
[SYS] UPlane Ealry     | 0x0000000000000000 | N/A
[SYS] UPlane Late      | 0x0000000000000000 | N/A
[SYS] UPlane Corrupt   | 0x0000000000000000 | N/A
[SYS] Eth Pkt Good     | 0x000006a8         | 0x00000d23
[SYS] Eth Pkt Drop     | 0x00000000         | 0x00000000
[SYS] AXIQ status      | 0x00000303         | 0x00010101
[SYS] ------------------------ Tasks ---------------------------
[SYS]                  | UP         | CP         | RT
[SYS] Error            | 0x00000000 | 0x00000000 | 0x00000000
[SYS] Heartbeats       | 0x007c3f63 | N/A        | N/A
[SYS] Counts           | 0x00000000 | N/A        | 0x00000000
[SYS] Drops            | 0x00000000 | N/A        | 0x00000000
[SYS] ------------------------ VSPAs ---------------------------
[SYS]                  | 0          | 1          | 2
[SYS] Error            | 0x00000000 | 0x00000000 | 0x00000000
[SYS] SYM WR           | 0x00000014 | N/A        | 0x00000012
[SYS] SYM RD           | 0x00000014 | N/A        | 0x00000012
[SYS] CMD WR           | 0x00000007 | 0x00000006 | 0x00000007
[SYS] CMD RD           | 0x00000007 | 0x00000006 | 0x00000007
[SYS] ------------------------ Info ----------------------------
[SYS]                  | Downlink           | Uplink
[SYS] RF / fine Gain   |     17 /   -2.1    | 0x42
[SYS] PwrAvg(dBFs/dBm) | N/A                | N/A
[SYS] PwrMax(dBFS)     | N/A                | N/A
[SYS] Showtime 19 seconds

[SYS] ------------------------ Data Direction -------------------
[SYS]                  | Downlink           | Uplink
[SYS] CPlane Total     | 0x0000000000000000 | 0x0000000000000000
[SYS] CPlane OnTime    | 0x0000000000000000 | 0x0000000000000000
[SYS] CPlane Early     | 0x0000000000000000 | 0x0000000000000000
[SYS] CPlane Late      | 0x0000000000000000 | 0x0000000000000000
[SYS] CPlane Corrupt   | 0x0000000000000000 | 0x0000000000000000
[SYS] UPlane Total     | 0x0000000000000000 | 0x0000000000000000
[SYS] UPlane OnTime    | 0x0000000000000000 | N/A
[SYS] UPlane Ealry     | 0x0000000000000000 | N/A
[SYS] UPlane Late      | 0x0000000000000000 | N/A
[SYS] UPlane Corrupt   | 0x0000000000000000 | N/A
[SYS] Eth Pkt Good     | 0x000006aa         | 0x00000d47
[SYS] Eth Pkt Drop     | 0x00000000         | 0x00000000
[SYS] AXIQ status      | 0x00000303         | 0x00010101
[SYS] ------------------------ Tasks ---------------------------
[SYS]                  | UP         | CP         | RT
[SYS] Error            | 0x00000000 | 0x00000000 | 0x00000000
[SYS] Heartbeats       | 0x00827d33 | N/A        | N/A
[SYS] Counts           | 0x00000000 | N/A        | 0x00000000
[SYS] Drops            | 0x00000000 | N/A        | 0x00000000
[SYS] ------------------------ VSPAs ---------------------------
[SYS]                  | 0          | 1          | 2
[SYS] Error            | 0x00000000 | 0x00000000 | 0x00000000
[SYS] SYM WR           | 0x00000014 | N/A        | 0x00000012
[SYS] SYM RD           | 0x00000014 | N/A        | 0x00000012
[SYS] CMD WR           | 0x00000007 | 0x00000006 | 0x00000007
[SYS] CMD RD           | 0x00000007 | 0x00000006 | 0x00000007
[SYS] ------------------------ Info ----------------------------
[SYS]                  | Downlink           | Uplink
[SYS] RF / fine Gain   |     17 /   -2.1    | 0x42
[SYS] PwrAvg(dBFs/dBm) | N/A                | N/A
[SYS] PwrMax(dBFS)     | N/A                | N/A
[SYS] Showtime 20 seconds

[SYS] ------------------------ Data Direction -------------------
[SYS]                  | Downlink           | Uplink
[SYS] CPlane Total     | 0x0000000000000000 | 0x0000000000000000
[SYS] CPlane OnTime    | 0x0000000000000000 | 0x0000000000000000
[SYS] CPlane Early     | 0x0000000000000000 | 0x0000000000000000
[SYS] CPlane Late      | 0x0000000000000000 | 0x0000000000000000
[SYS] CPlane Corrupt   | 0x0000000000000000 | 0x0000000000000000
[SYS] UPlane Total     | 0x0000000000000000 | 0x0000000000000000
[SYS] UPlane OnTime    | 0x0000000000000000 | N/A
[SYS] UPlane Ealry     | 0x0000000000000000 | N/A
[SYS] UPlane Late      | 0x0000000000000000 | N/A
[SYS] UPlane Corrupt   | 0x0000000000000000 | N/A
[SYS] Eth Pkt Good     | 0x000006b7         | 0x00000d76
[SYS] Eth Pkt Drop     | 0x00000000         | 0x00000000
[SYS] AXIQ status      | 0x00000303         | 0x00010101
[SYS] ------------------------ Tasks ---------------------------
[SYS]                  | UP         | CP         | RT
[SYS] Error            | 0x00000000 | 0x00000000 | 0x00000000
[SYS] Heartbeats       | 0x0088b810 | N/A        | N/A
[SYS] Counts           | 0x00000000 | N/A        | 0x00000000
[SYS] Drops            | 0x00000000 | N/A        | 0x00000000
[SYS] ------------------------ VSPAs ---------------------------
[SYS]                  | 0          | 1          | 2
[SYS] Error            | 0x00000000 | 0x00000000 | 0x00000000
[SYS] SYM WR           | 0x00000014 | N/A        | 0x00000012
[SYS] SYM RD           | 0x00000014 | N/A        | 0x00000012
[SYS] CMD WR           | 0x00000007 | 0x00000006 | 0x00000007
[SYS] CMD RD           | 0x00000007 | 0x00000006 | 0x00000007
[SYS] ------------------------ Info ----------------------------
[SYS]                  | Downlink           | Uplink
[SYS] RF / fine Gain   |     17 /   -2.1    | 0x42
[SYS] PwrAvg(dBFs/dBm) | N/A                | N/A
[SYS] PwrMax(dBFS)     | N/A                | N/A
[SYS] Showtime 21 seconds

[SYS] ------------------------ Data Direction -------------------
[SYS]                  | Downlink           | Uplink
[SYS] CPlane Total     | 0x0000000000000000 | 0x0000000000000000
[SYS] CPlane OnTime    | 0x0000000000000000 | 0x0000000000000000
[SYS] CPlane Early     | 0x0000000000000000 | 0x0000000000000000
[SYS] CPlane Late      | 0x0000000000000000 | 0x0000000000000000
[SYS] CPlane Corrupt   | 0x0000000000000000 | 0x0000000000000000
[SYS] UPlane Total     | 0x0000000000000000 | 0x0000000000000000
[SYS] UPlane OnTime    | 0x0000000000000000 | N/A
[SYS] UPlane Ealry     | 0x0000000000000000 | N/A
[SYS] UPlane Late      | 0x0000000000000000 | N/A
[SYS] UPlane Corrupt   | 0x0000000000000000 | N/A
[SYS] Eth Pkt Good     | 0x000006cb         | 0x00000dac
[SYS] Eth Pkt Drop     | 0x00000000         | 0x00000000
[SYS] AXIQ status      | 0x00000303         | 0x00010101
[SYS] ------------------------ Tasks ---------------------------
[SYS]                  | UP         | CP         | RT
[SYS] Error            | 0x00000000 | 0x00000000 | 0x00000000
[SYS] Heartbeats       | 0x008ef2ea | N/A        | N/A
[SYS] Counts           | 0x00000000 | N/A        | 0x00000000
[SYS] Drops            | 0x00000000 | N/A        | 0x00000000
[SYS] ------------------------ VSPAs ---------------------------
[SYS]                  | 0          | 1          | 2
[SYS] Error            | 0x00000000 | 0x00000000 | 0x00000000
[SYS] SYM WR           | 0x00000014 | N/A        | 0x00000012
[SYS] SYM RD           | 0x00000014 | N/A        | 0x00000012
[SYS] CMD WR           | 0x00000007 | 0x00000006 | 0x00000007
[SYS] CMD RD           | 0x00000007 | 0x00000006 | 0x00000007
[SYS] ------------------------ Info ----------------------------
[SYS]                  | Downlink           | Uplink
[SYS] RF / fine Gain   |     17 /   -2.1    | 0x42
[SYS] PwrAvg(dBFs/dBm) | N/A                | N/A
[SYS] PwrMax(dBFS)     | N/A                | N/A
[SYS] Showtime 22 seconds

[SYS] ------------------------ Data Direction -------------------
[SYS]                  | Downlink           | Uplink
[SYS] CPlane Total     | 0x0000000000000000 | 0x0000000000000000
[SYS] CPlane OnTime    | 0x0000000000000000 | 0x0000000000000000
[SYS] CPlane Early     | 0x0000000000000000 | 0x0000000000000000
[SYS] CPlane Late      | 0x0000000000000000 | 0x0000000000000000
[SYS] CPlane Corrupt   | 0x0000000000000000 | 0x0000000000000000
[SYS] UPlane Total     | 0x0000000000000000 | 0x0000000000000000
[SYS] UPlane OnTime    | 0x0000000000000000 | N/A
[SYS] UPlane Ealry     | 0x0000000000000000 | N/A
[SYS] UPlane Late      | 0x0000000000000000 | N/A
[SYS] UPlane Corrupt   | 0x0000000000000000 | N/A
[SYS] Eth Pkt Good     | 0x000006cc         | 0x00000dcf
[SYS] Eth Pkt Drop     | 0x00000000         | 0x00000000
[SYS] AXIQ status      | 0x00000303         | 0x00010101
[SYS] ------------------------ Tasks ---------------------------
[SYS]                  | UP         | CP         | RT
[SYS] Error            | 0x00000000 | 0x00000000 | 0x00000000
[SYS] Heartbeats       | 0x00952ddc | N/A        | N/A
[SYS] Counts           | 0x00000000 | N/A        | 0x00000000
[SYS] Drops            | 0x00000000 | N/A        | 0x00000000
[SYS] ------------------------ VSPAs ---------------------------
[SYS]                  | 0          | 1          | 2
[SYS] Error            | 0x00000000 | 0x00000000 | 0x00000000
[SYS] SYM WR           | 0x00000014 | N/A        | 0x00000012
[SYS] SYM RD           | 0x00000014 | N/A        | 0x00000012
[SYS] CMD WR           | 0x00000007 | 0x00000006 | 0x00000007
[SYS] CMD RD           | 0x00000007 | 0x00000006 | 0x00000007
[SYS] ------------------------ Info ----------------------------
[SYS]                  | Downlink           | Uplink
[SYS] RF / fine Gain   |     17 /   -2.1    | 0x42
[SYS] PwrAvg(dBFs/dBm) | N/A                | N/A
[SYS] PwrMax(dBFS)     | N/A                | N/A
[SYS] Showtime 23 seconds

[SYS] ------------------------ Data Direction -------------------
[SYS]                  | Downlink           | Uplink
[SYS] CPlane Total     | 0x0000000000000000 | 0x0000000000000000
[SYS] CPlane OnTime    | 0x0000000000000000 | 0x0000000000000000
[SYS] CPlane Early     | 0x0000000000000000 | 0x0000000000000000
[SYS] CPlane Late      | 0x0000000000000000 | 0x0000000000000000
[SYS] CPlane Corrupt   | 0x0000000000000000 | 0x0000000000000000
[SYS] UPlane Total     | 0x0000000000000000 | 0x0000000000000000
[SYS] UPlane OnTime    | 0x0000000000000000 | N/A
[SYS] UPlane Ealry     | 0x0000000000000000 | N/A
[SYS] UPlane Late      | 0x0000000000000000 | N/A
[SYS] UPlane Corrupt   | 0x0000000000000000 | N/A
[SYS] Eth Pkt Good     | 0x000006ce         | 0x00000df2
[SYS] Eth Pkt Drop     | 0x00000000         | 0x00000000
[SYS] AXIQ status      | 0x00000303         | 0x00010101
[SYS] ------------------------ Tasks ---------------------------
[SYS]                  | UP         | CP         | RT
[SYS] Error            | 0x00000000 | 0x00000000 | 0x00000000
[SYS] Heartbeats       | 0x009b6ba1 | N/A        | N/A
[SYS] Counts           | 0x00000000 | N/A        | 0x00000000
[SYS] Drops            | 0x00000000 | N/A        | 0x00000000
[SYS] ------------------------ VSPAs ---------------------------
[SYS]                  | 0          | 1          | 2
[SYS] Error            | 0x00000000 | 0x00000000 | 0x00000000
[SYS] SYM WR           | 0x00000014 | N/A        | 0x00000012
[SYS] SYM RD           | 0x00000014 | N/A        | 0x00000012
[SYS] CMD WR           | 0x00000007 | 0x00000006 | 0x00000007
[SYS] CMD RD           | 0x00000007 | 0x00000006 | 0x00000007
[SYS] ------------------------ Info ----------------------------
[SYS]                  | Downlink           | Uplink
[SYS] RF / fine Gain   |     17 /   -2.1    | 0x42
[SYS] PwrAvg(dBFs/dBm) | N/A                | N/A
[SYS] PwrMax(dBFS)     | N/A                | N/A
[SYS] Showtime 24 seconds

[SYS] ------------------------ Data Direction -------------------
[SYS]                  | Downlink           | Uplink
[SYS] CPlane Total     | 0x0000000000000000 | 0x0000000000000000
[SYS] CPlane OnTime    | 0x0000000000000000 | 0x0000000000000000
[SYS] CPlane Early     | 0x0000000000000000 | 0x0000000000000000
[SYS] CPlane Late      | 0x0000000000000000 | 0x0000000000000000
[SYS] CPlane Corrupt   | 0x0000000000000000 | 0x0000000000000000
[SYS] UPlane Total     | 0x0000000000000000 | 0x0000000000000000
[SYS] UPlane OnTime    | 0x0000000000000000 | N/A
[SYS] UPlane Ealry     | 0x0000000000000000 | N/A
[SYS] UPlane Late      | 0x0000000000000000 | N/A
[SYS] UPlane Corrupt   | 0x0000000000000000 | N/A
[SYS] Eth Pkt Good     | 0x000006cf         | 0x00000e16
[SYS] Eth Pkt Drop     | 0x00000000         | 0x00000000
[SYS] AXIQ status      | 0x00000303         | 0x00010101
[SYS] ------------------------ Tasks ---------------------------
[SYS]                  | UP         | CP         | RT
[SYS] Error            | 0x00000000 | 0x00000000 | 0x00000000
[SYS] Heartbeats       | 0x00a1a687 | N/A        | N/A
[SYS] Counts           | 0x00000000 | N/A        | 0x00000000
[SYS] Drops            | 0x00000000 | N/A        | 0x00000000
[SYS] ------------------------ VSPAs ---------------------------
[SYS]                  | 0          | 1          | 2
[SYS] Error            | 0x00000000 | 0x00000000 | 0x00000000
[SYS] SYM WR           | 0x00000014 | N/A        | 0x00000012
[SYS] SYM RD           | 0x00000014 | N/A        | 0x00000012
[SYS] CMD WR           | 0x00000007 | 0x00000006 | 0x00000007
[SYS] CMD RD           | 0x00000007 | 0x00000006 | 0x00000007
[SYS] ------------------------ Info ----------------------------
[SYS]                  | Downlink           | Uplink
[SYS] RF / fine Gain   |     17 /   -2.1    | 0x42
[SYS] PwrAvg(dBFs/dBm) | N/A                | N/A
[SYS] PwrMax(dBFS)     | N/A                | N/A
[SYS] Showtime 25 seconds

[SYS] ------------------------ Data Direction -------------------
[SYS]                  | Downlink           | Uplink
[SYS] CPlane Total     | 0x0000000000000000 | 0x0000000000000000
[SYS] CPlane OnTime    | 0x0000000000000000 | 0x0000000000000000
[SYS] CPlane Early     | 0x0000000000000000 | 0x0000000000000000
[SYS] CPlane Late      | 0x0000000000000000 | 0x0000000000000000
[SYS] CPlane Corrupt   | 0x0000000000000000 | 0x0000000000000000
[SYS] UPlane Total     | 0x0000000000000000 | 0x0000000000000000
[SYS] UPlane OnTime    | 0x0000000000000000 | N/A
[SYS] UPlane Ealry     | 0x0000000000000000 | N/A
[SYS] UPlane Late      | 0x0000000000000000 | N/A
[SYS] UPlane Corrupt   | 0x0000000000000000 | N/A
[SYS] Eth Pkt Good     | 0x000006d0         | 0x00000e39
[SYS] Eth Pkt Drop     | 0x00000000         | 0x00000000
[SYS] AXIQ status      | 0x00000303         | 0x00010101
[SYS] ------------------------ Tasks ---------------------------
[SYS]                  | UP         | CP         | RT
[SYS] Error            | 0x00000000 | 0x00000000 | 0x00000000
[SYS] Heartbeats       | 0x00a7e17c | N/A        | N/A
[SYS] Counts           | 0x00000000 | N/A        | 0x00000000
[SYS] Drops            | 0x00000000 | N/A        | 0x00000000
[SYS] ------------------------ VSPAs ---------------------------
[SYS]                  | 0          | 1          | 2
[SYS] Error            | 0x00000000 | 0x00000000 | 0x00000000
[SYS] SYM WR           | 0x00000014 | N/A        | 0x00000012
[SYS] SYM RD           | 0x00000014 | N/A        | 0x00000012
[SYS] CMD WR           | 0x00000007 | 0x00000006 | 0x00000007
[SYS] CMD RD           | 0x00000007 | 0x00000006 | 0x00000007
[SYS] ------------------------ Info ----------------------------
[SYS]                  | Downlink           | Uplink
[SYS] RF / fine Gain   |     17 /   -2.1    | 0x42
[SYS] PwrAvg(dBFs/dBm) | N/A                | N/A
[SYS] PwrMax(dBFS)     | N/A                | N/A
[SYS] Showtime 26 seconds

[SYS] ------------------------ Data Direction -------------------
[SYS]                  | Downlink           | Uplink
[SYS] CPlane Total     | 0x0000000000000000 | 0x0000000000000000
[SYS] CPlane OnTime    | 0x0000000000000000 | 0x0000000000000000
[SYS] CPlane Early     | 0x0000000000000000 | 0x0000000000000000
[SYS] CPlane Late      | 0x0000000000000000 | 0x0000000000000000
[SYS] CPlane Corrupt   | 0x0000000000000000 | 0x0000000000000000
[SYS] UPlane Total     | 0x0000000000000000 | 0x0000000000000000
[SYS] UPlane OnTime    | 0x0000000000000000 | N/A
[SYS] UPlane Ealry     | 0x0000000000000000 | N/A
[SYS] UPlane Late      | 0x0000000000000000 | N/A
[SYS] UPlane Corrupt   | 0x0000000000000000 | N/A
[SYS] Eth Pkt Good     | 0x000006d2         | 0x00000e5d
[SYS] Eth Pkt Drop     | 0x00000000         | 0x00000000
[SYS] AXIQ status      | 0x00000303         | 0x00010101
[SYS] ------------------------ Tasks ---------------------------
[SYS]                  | UP         | CP         | RT
[SYS] Error            | 0x00000000 | 0x00000000 | 0x00000000
[SYS] Heartbeats       | 0x00ae1f40 | N/A        | N/A
[SYS] Counts           | 0x00000000 | N/A        | 0x00000000
[SYS] Drops            | 0x00000000 | N/A        | 0x00000000
[SYS] ------------------------ VSPAs ---------------------------
[SYS]                  | 0          | 1          | 2
[SYS] Error            | 0x00000000 | 0x00000000 | 0x00000000
[SYS] SYM WR           | 0x00000014 | N/A        | 0x00000012
[SYS] SYM RD           | 0x00000014 | N/A        | 0x00000012
[SYS] CMD WR           | 0x00000007 | 0x00000006 | 0x00000007
[SYS] CMD RD           | 0x00000007 | 0x00000006 | 0x00000007
[SYS] ------------------------ Info ----------------------------
[SYS]                  | Downlink           | Uplink
[SYS] RF / fine Gain   |     17 /   -2.1    | 0x42
[SYS] PwrAvg(dBFs/dBm) | N/A                | N/A
[SYS] PwrMax(dBFS)     | N/A                | N/A
[SYS] Showtime 27 seconds

[SYS] ------------------------ Data Direction -------------------
[SYS]                  | Downlink           | Uplink
[SYS] CPlane Total     | 0x0000000000000000 | 0x0000000000000000
[SYS] CPlane OnTime    | 0x0000000000000000 | 0x0000000000000000
[SYS] CPlane Early     | 0x0000000000000000 | 0x0000000000000000
[SYS] CPlane Late      | 0x0000000000000000 | 0x0000000000000000
[SYS] CPlane Corrupt   | 0x0000000000000000 | 0x0000000000000000
[SYS] UPlane Total     | 0x0000000000000000 | 0x0000000000000000
[SYS] UPlane OnTime    | 0x0000000000000000 | N/A
[SYS] UPlane Ealry     | 0x0000000000000000 | N/A
[SYS] UPlane Late      | 0x0000000000000000 | N/A
[SYS] UPlane Corrupt   | 0x0000000000000000 | N/A
[SYS] Eth Pkt Good     | 0x000006d3         | 0x00000e80
[SYS] Eth Pkt Drop     | 0x00000000         | 0x00000000
[SYS] AXIQ status      | 0x00000303         | 0x00010101
[SYS] ------------------------ Tasks ---------------------------
[SYS]                  | UP         | CP         | RT
[SYS] Error            | 0x00000000 | 0x00000000 | 0x00000000
[SYS] Heartbeats       | 0x00b45a28 | N/A        | N/A
[SYS] Counts           | 0x00000000 | N/A        | 0x00000000
[SYS] Drops            | 0x00000000 | N/A        | 0x00000000
[SYS] ------------------------ VSPAs ---------------------------
[SYS]                  | 0          | 1          | 2
[SYS] Error            | 0x00000000 | 0x00000000 | 0x00000000
[SYS] SYM WR           | 0x00000014 | N/A        | 0x00000012
[SYS] SYM RD           | 0x00000014 | N/A        | 0x00000012
[SYS] CMD WR           | 0x00000007 | 0x00000006 | 0x00000007
[SYS] CMD RD           | 0x00000007 | 0x00000006 | 0x00000007
[SYS] ------------------------ Info ----------------------------
[SYS]                  | Downlink           | Uplink
[SYS] RF / fine Gain   |     17 /   -2.1    | 0x42
[SYS] PwrAvg(dBFs/dBm) | N/A                | N/A
[SYS] PwrMax(dBFS)     | N/A                | N/A
[SYS] Showtime 28 seconds

[SYS] ------------------------ Data Direction -------------------
[SYS]                  | Downlink           | Uplink
[SYS] CPlane Total     | 0x0000000000000000 | 0x0000000000000000
[SYS] CPlane OnTime    | 0x0000000000000000 | 0x0000000000000000
[SYS] CPlane Early     | 0x0000000000000000 | 0x0000000000000000
[SYS] CPlane Late      | 0x0000000000000000 | 0x0000000000000000
[SYS] CPlane Corrupt   | 0x0000000000000000 | 0x0000000000000000
[SYS] UPlane Total     | 0x0000000000000000 | 0x0000000000000000
[SYS] UPlane OnTime    | 0x0000000000000000 | N/A
[SYS] UPlane Ealry     | 0x0000000000000000 | N/A
[SYS] UPlane Late      | 0x0000000000000000 | N/A
[SYS] UPlane Corrupt   | 0x0000000000000000 | N/A
[SYS] Eth Pkt Good     | 0x000006d5         | 0x00000ea4
[SYS] Eth Pkt Drop     | 0x00000000         | 0x00000000
[SYS] AXIQ status      | 0x00000303         | 0x00010101
[SYS] ------------------------ Tasks ---------------------------
[SYS]                  | UP         | CP         | RT
[SYS] Error            | 0x00000000 | 0x00000000 | 0x00000000
[SYS] Heartbeats       | 0x00ba950e | N/A        | N/A
[SYS] Counts           | 0x00000000 | N/A        | 0x00000000
[SYS] Drops            | 0x00000000 | N/A        | 0x00000000
[SYS] ------------------------ VSPAs ---------------------------
[SYS]                  | 0          | 1          | 2
[SYS] Error            | 0x00000000 | 0x00000000 | 0x00000000
[SYS] SYM WR           | 0x00000014 | N/A        | 0x00000012
[SYS] SYM RD           | 0x00000014 | N/A        | 0x00000012
[SYS] CMD WR           | 0x00000007 | 0x00000006 | 0x00000007
[SYS] CMD RD           | 0x00000007 | 0x00000006 | 0x00000007
[SYS] ------------------------ Info ----------------------------
[SYS]                  | Downlink           | Uplink
[SYS] RF / fine Gain   |     17 /   -2.1    | 0x42
[SYS] PwrAvg(dBFs/dBm) | N/A                | N/A
[SYS] PwrMax(dBFS)     | N/A                | N/A
[SYS] Showtime 29 seconds

[SYS] ------------------------ Data Direction -------------------
[SYS]                  | Downlink           | Uplink
[SYS] CPlane Total     | 0x0000000000000000 | 0x0000000000000000
[SYS] CPlane OnTime    | 0x0000000000000000 | 0x0000000000000000
[SYS] CPlane Early     | 0x0000000000000000 | 0x0000000000000000
[SYS] CPlane Late      | 0x0000000000000000 | 0x0000000000000000
[SYS] CPlane Corrupt   | 0x0000000000000000 | 0x0000000000000000
[SYS] UPlane Total     | 0x0000000000000000 | 0x0000000000000000
[SYS] UPlane OnTime    | 0x0000000000000000 | N/A
[SYS] UPlane Ealry     | 0x0000000000000000 | N/A
[SYS] UPlane Late      | 0x0000000000000000 | N/A
[SYS] UPlane Corrupt   | 0x0000000000000000 | N/A
[SYS] Eth Pkt Good     | 0x000006d6         | 0x00000ec7
[SYS] Eth Pkt Drop     | 0x00000000         | 0x00000000
[SYS] AXIQ status      | 0x00000303         | 0x00010101
[SYS] ------------------------ Tasks ---------------------------
[SYS]                  | UP         | CP         | RT
[SYS] Error            | 0x00000000 | 0x00000000 | 0x00000000
[SYS] Heartbeats       | 0x00c0d00a | N/A        | N/A
[SYS] Counts           | 0x00000000 | N/A        | 0x00000000
[SYS] Drops            | 0x00000000 | N/A        | 0x00000000
[SYS] ------------------------ VSPAs ---------------------------
[SYS]                  | 0          | 1          | 2
[SYS] Error            | 0x00000000 | 0x00000000 | 0x00000000
[SYS] SYM WR           | 0x00000014 | N/A        | 0x00000012
[SYS] SYM RD           | 0x00000014 | N/A        | 0x00000012
[SYS] CMD WR           | 0x00000007 | 0x00000006 | 0x00000007
[SYS] CMD RD           | 0x00000007 | 0x00000006 | 0x00000007
[SYS] ------------------------ Info ----------------------------
[SYS]                  | Downlink           | Uplink
[SYS] RF / fine Gain   |     17 /   -2.1    | 0x42
[SYS] PwrAvg(dBFs/dBm) | N/A                | N/A
[SYS] PwrMax(dBFS)     | N/A                | N/A
[SYS] Showtime 30 seconds

[SYS] ------------------------ Data Direction -------------------
[SYS]                  | Downlink           | Uplink
[SYS] CPlane Total     | 0x0000000000000000 | 0x0000000000000000
[SYS] CPlane OnTime    | 0x0000000000000000 | 0x0000000000000000
[SYS] CPlane Early     | 0x0000000000000000 | 0x0000000000000000
[SYS] CPlane Late      | 0x0000000000000000 | 0x0000000000000000
[SYS] CPlane Corrupt   | 0x0000000000000000 | 0x0000000000000000
[SYS] UPlane Total     | 0x0000000000000000 | 0x0000000000000000
[SYS] UPlane OnTime    | 0x0000000000000000 | N/A
[SYS] UPlane Ealry     | 0x0000000000000000 | N/A
[SYS] UPlane Late      | 0x0000000000000000 | N/A
[SYS] UPlane Corrupt   | 0x0000000000000000 | N/A
[SYS] Eth Pkt Good     | 0x000006d8         | 0x00000eea
[SYS] Eth Pkt Drop     | 0x00000000         | 0x00000000
[SYS] AXIQ status      | 0x00000303         | 0x00010101
[SYS] ------------------------ Tasks ---------------------------
[SYS]                  | UP         | CP         | RT
[SYS] Error            | 0x00000000 | 0x00000000 | 0x00000000
[SYS] Heartbeats       | 0x00c70dc7 | N/A        | N/A
[SYS] Counts           | 0x00000000 | N/A        | 0x00000000
[SYS] Drops            | 0x00000000 | N/A        | 0x00000000
[SYS] ------------------------ VSPAs ---------------------------
[SYS]                  | 0          | 1          | 2
[SYS] Error            | 0x00000000 | 0x00000000 | 0x00000000
[SYS] SYM WR           | 0x00000014 | N/A        | 0x00000012
[SYS] SYM RD           | 0x00000014 | N/A        | 0x00000012
[SYS] CMD WR           | 0x00000007 | 0x00000006 | 0x00000007
[SYS] CMD RD           | 0x00000007 | 0x00000006 | 0x00000007
[SYS] ------------------------ Info ----------------------------
[SYS]                  | Downlink           | Uplink
[SYS] RF / fine Gain   |     17 /   -2.1    | 0x42
[SYS] PwrAvg(dBFs/dBm) | N/A                | N/A
[SYS] PwrMax(dBFS)     | N/A                | N/A
[SYS] Showtime 31 seconds

[SYS] ------------------------ Data Direction -------------------
[SYS]                  | Downlink           | Uplink
[SYS] CPlane Total     | 0x0000000000000000 | 0x0000000000000000
[SYS] CPlane OnTime    | 0x0000000000000000 | 0x0000000000000000
[SYS] CPlane Early     | 0x0000000000000000 | 0x0000000000000000
[SYS] CPlane Late      | 0x0000000000000000 | 0x0000000000000000
[SYS] CPlane Corrupt   | 0x0000000000000000 | 0x0000000000000000
[SYS] UPlane Total     | 0x0000000000000000 | 0x0000000000000000
[SYS] UPlane OnTime    | 0x0000000000000000 | N/A
[SYS] UPlane Ealry     | 0x0000000000000000 | N/A
[SYS] UPlane Late      | 0x0000000000000000 | N/A
[SYS] UPlane Corrupt   | 0x0000000000000000 | N/A
[SYS] Eth Pkt Good     | 0x000006d9         | 0x00000f0e
[SYS] Eth Pkt Drop     | 0x00000000         | 0x00000000
[SYS] AXIQ status      | 0x00000303         | 0x00010101
[SYS] ------------------------ Tasks ---------------------------
[SYS]                  | UP         | CP         | RT
[SYS] Error            | 0x00000000 | 0x00000000 | 0x00000000
[SYS] Heartbeats       | 0x00cd48ad | N/A        | N/A
[SYS] Counts           | 0x00000000 | N/A        | 0x00000000
[SYS] Drops            | 0x00000000 | N/A        | 0x00000000
[SYS] ------------------------ VSPAs ---------------------------
[SYS]                  | 0          | 1          | 2
[SYS] Error            | 0x00000000 | 0x00000000 | 0x00000000
[SYS] SYM WR           | 0x00000014 | N/A        | 0x00000012
[SYS] SYM RD           | 0x00000014 | N/A        | 0x00000012
[SYS] CMD WR           | 0x00000007 | 0x00000006 | 0x00000007
[SYS] CMD RD           | 0x00000007 | 0x00000006 | 0x00000007
[SYS] ------------------------ Info ----------------------------
[SYS]                  | Downlink           | Uplink
[SYS] RF / fine Gain   |     17 /   -2.1    | 0x42
[SYS] PwrAvg(dBFs/dBm) | N/A                | N/A
[SYS] PwrMax(dBFS)     | N/A                | N/A
[SYS] Showtime 32 seconds

[SYS] ------------------------ Data Direction -------------------
[SYS]                  | Downlink           | Uplink
[SYS] CPlane Total     | 0x0000000000000000 | 0x0000000000000000
[SYS] CPlane OnTime    | 0x0000000000000000 | 0x0000000000000000
[SYS] CPlane Early     | 0x0000000000000000 | 0x0000000000000000
[SYS] CPlane Late      | 0x0000000000000000 | 0x0000000000000000
[SYS] CPlane Corrupt   | 0x0000000000000000 | 0x0000000000000000
[SYS] UPlane Total     | 0x0000000000000000 | 0x0000000000000000
[SYS] UPlane OnTime    | 0x0000000000000000 | N/A
[SYS] UPlane Ealry     | 0x0000000000000000 | N/A
[SYS] UPlane Late      | 0x0000000000000000 | N/A
[SYS] UPlane Corrupt   | 0x0000000000000000 | N/A
[SYS] Eth Pkt Good     | 0x000006da         | 0x00000f31
[SYS] Eth Pkt Drop     | 0x00000000         | 0x00000000
[SYS] AXIQ status      | 0x00000303         | 0x00010101
[SYS] ------------------------ Tasks ---------------------------
[SYS]                  | UP         | CP         | RT
[SYS] Error            | 0x00000000 | 0x00000000 | 0x00000000
[SYS] Heartbeats       | 0x00d383a6 | N/A        | N/A
[SYS] Counts           | 0x00000000 | N/A        | 0x00000000
[SYS] Drops            | 0x00000000 | N/A        | 0x00000000
[SYS] ------------------------ VSPAs ---------------------------
[SYS]                  | 0          | 1          | 2
[SYS] Error            | 0x00000000 | 0x00000000 | 0x00000000
[SYS] SYM WR           | 0x00000014 | N/A        | 0x00000012
[SYS] SYM RD           | 0x00000014 | N/A        | 0x00000012
[SYS] CMD WR           | 0x00000007 | 0x00000006 | 0x00000007
[SYS] CMD RD           | 0x00000007 | 0x00000006 | 0x00000007
[SYS] ------------------------ Info ----------------------------
[SYS]                  | Downlink           | Uplink
[SYS] RF / fine Gain   |     17 /   -2.1    | 0x42
[SYS] PwrAvg(dBFs/dBm) | N/A                | N/A
[SYS] PwrMax(dBFS)     | N/A                | N/A
[SYS] Showtime 33 seconds

[SYS] ------------------------ Data Direction -------------------
[SYS]                  | Downlink           | Uplink
[SYS] CPlane Total     | 0x0000000000000000 | 0x0000000000000000
[SYS] CPlane OnTime    | 0x0000000000000000 | 0x0000000000000000
[SYS] CPlane Early     | 0x0000000000000000 | 0x0000000000000000
[SYS] CPlane Late      | 0x0000000000000000 | 0x0000000000000000
[SYS] CPlane Corrupt   | 0x0000000000000000 | 0x0000000000000000
[SYS] UPlane Total     | 0x0000000000000000 | 0x0000000000000000
[SYS] UPlane OnTime    | 0x0000000000000000 | N/A
[SYS] UPlane Ealry     | 0x0000000000000000 | N/A
[SYS] UPlane Late      | 0x0000000000000000 | N/A
[SYS] UPlane Corrupt   | 0x0000000000000000 | N/A
[SYS] Eth Pkt Good     | 0x000006dc         | 0x00000f55
[SYS] Eth Pkt Drop     | 0x00000000         | 0x00000000
[SYS] AXIQ status      | 0x00000303         | 0x00010101
[SYS] ------------------------ Tasks ---------------------------
[SYS]                  | UP         | CP         | RT
[SYS] Error            | 0x00000000 | 0x00000000 | 0x00000000
[SYS] Heartbeats       | 0x00d9c168 | N/A        | N/A
[SYS] Counts           | 0x00000000 | N/A        | 0x00000000
[SYS] Drops            | 0x00000000 | N/A        | 0x00000000
[SYS] ------------------------ VSPAs ---------------------------
[SYS]                  | 0          | 1          | 2
[SYS] Error            | 0x00000000 | 0x00000000 | 0x00000000
[SYS] SYM WR           | 0x00000014 | N/A        | 0x00000012
[SYS] SYM RD           | 0x00000014 | N/A        | 0x00000012
[SYS] CMD WR           | 0x00000007 | 0x00000006 | 0x00000007
[SYS] CMD RD           | 0x00000007 | 0x00000006 | 0x00000007
[SYS] ------------------------ Info ----------------------------
[SYS]                  | Downlink           | Uplink
[SYS] RF / fine Gain   |     17 /   -2.1    | 0x42
[SYS] PwrAvg(dBFs/dBm) | N/A                | N/A
[SYS] PwrMax(dBFS)     | N/A                | N/A
[SYS] Showtime 34 seconds

[SYS] ------------------------ Data Direction -------------------
[SYS]                  | Downlink           | Uplink
[SYS] CPlane Total     | 0x0000000000000000 | 0x0000000000000000
[SYS] CPlane OnTime    | 0x0000000000000000 | 0x0000000000000000
[SYS] CPlane Early     | 0x0000000000000000 | 0x0000000000000000
[SYS] CPlane Late      | 0x0000000000000000 | 0x0000000000000000
[SYS] CPlane Corrupt   | 0x0000000000000000 | 0x0000000000000000
[SYS] UPlane Total     | 0x0000000000000000 | 0x0000000000000000
[SYS] UPlane OnTime    | 0x0000000000000000 | N/A
[SYS] UPlane Ealry     | 0x0000000000000000 | N/A
[SYS] UPlane Late      | 0x0000000000000000 | N/A
[SYS] UPlane Corrupt   | 0x0000000000000000 | N/A
[SYS] Eth Pkt Good     | 0x000006f8         | 0x00000f93
[SYS] Eth Pkt Drop     | 0x00000000         | 0x00000000
[SYS] AXIQ status      | 0x00000303         | 0x00010101
[SYS] ------------------------ Tasks ---------------------------
[SYS]                  | UP         | CP         | RT
[SYS] Error            | 0x00000000 | 0x00000000 | 0x00000000
[SYS] Heartbeats       | 0x00dffc55 | N/A        | N/A
[SYS] Counts           | 0x00000000 | N/A        | 0x00000000
[SYS] Drops            | 0x00000000 | N/A        | 0x00000000
[SYS] ------------------------ VSPAs ---------------------------
[SYS]                  | 0          | 1          | 2
[SYS] Error            | 0x00000000 | 0x00000000 | 0x00000000
[SYS] SYM WR           | 0x00000014 | N/A        | 0x00000012
[SYS] SYM RD           | 0x00000014 | N/A        | 0x00000012
[SYS] CMD WR           | 0x00000007 | 0x00000006 | 0x00000007
[SYS] CMD RD           | 0x00000007 | 0x00000006 | 0x00000007
[SYS] ------------------------ Info ----------------------------
[SYS]                  | Downlink           | Uplink
[SYS] RF / fine Gain   |     17 /   -2.1    | 0x42
[SYS] PwrAvg(dBFs/dBm) | N/A                | N/A
[SYS] PwrMax(dBFS)     | N/A                | N/A
[SYS] Showtime 35 seconds

[SYS] ------------------------ Data Direction -------------------
[SYS]                  | Downlink           | Uplink
[SYS] CPlane Total     | 0x0000000000000000 | 0x0000000000000000
[SYS] CPlane OnTime    | 0x0000000000000000 | 0x0000000000000000
[SYS] CPlane Early     | 0x0000000000000000 | 0x0000000000000000
[SYS] CPlane Late      | 0x0000000000000000 | 0x0000000000000000
[SYS] CPlane Corrupt   | 0x0000000000000000 | 0x0000000000000000
[SYS] UPlane Total     | 0x0000000000000000 | 0x0000000000000000
[SYS] UPlane OnTime    | 0x0000000000000000 | N/A
[SYS] UPlane Ealry     | 0x0000000000000000 | N/A
[SYS] UPlane Late      | 0x0000000000000000 | N/A
[SYS] UPlane Corrupt   | 0x0000000000000000 | N/A
[SYS] Eth Pkt Good     | 0x000006fd         | 0x00000fba
[SYS] Eth Pkt Drop     | 0x00000000         | 0x00000000
[SYS] AXIQ status      | 0x00000303         | 0x00010101
[SYS] ------------------------ Tasks ---------------------------
[SYS]                  | UP         | CP         | RT
[SYS] Error            | 0x00000000 | 0x00000000 | 0x00000000
[SYS] Heartbeats       | 0x00e63741 | N/A        | N/A
[SYS] Counts           | 0x00000000 | N/A        | 0x00000000
[SYS] Drops            | 0x00000000 | N/A        | 0x00000000
[SYS] ------------------------ VSPAs ---------------------------
[SYS]                  | 0          | 1          | 2
[SYS] Error            | 0x00000000 | 0x00000000 | 0x00000000
[SYS] SYM WR           | 0x00000014 | N/A        | 0x00000012
[SYS] SYM RD           | 0x00000014 | N/A        | 0x00000012
[SYS] CMD WR           | 0x00000007 | 0x00000006 | 0x00000007
[SYS] CMD RD           | 0x00000007 | 0x00000006 | 0x00000007
[SYS] ------------------------ Info ----------------------------
[SYS]                  | Downlink           | Uplink
[SYS] RF / fine Gain   |     17 /   -2.1    | 0x42
[SYS] PwrAvg(dBFs/dBm) | N/A                | N/A
[SYS] PwrMax(dBFS)     | N/A                | N/A
[SYS] Showtime 36 seconds

[SYS] ------------------------ Data Direction -------------------
[SYS]                  | Downlink           | Uplink
[SYS] CPlane Total     | 0x0000000000000000 | 0x0000000000000000
[SYS] CPlane OnTime    | 0x0000000000000000 | 0x0000000000000000
[SYS] CPlane Early     | 0x0000000000000000 | 0x0000000000000000
[SYS] CPlane Late      | 0x0000000000000000 | 0x0000000000000000
[SYS] CPlane Corrupt   | 0x0000000000000000 | 0x0000000000000000
[SYS] UPlane Total     | 0x0000000000000000 | 0x0000000000000000
[SYS] UPlane OnTime    | 0x0000000000000000 | N/A
[SYS] UPlane Ealry     | 0x0000000000000000 | N/A
[SYS] UPlane Late      | 0x0000000000000000 | N/A
[SYS] UPlane Corrupt   | 0x0000000000000000 | N/A
[SYS] Eth Pkt Good     | 0x000006fe         | 0x00000fdd
[SYS] Eth Pkt Drop     | 0x00000000         | 0x00000000
[SYS] AXIQ status      | 0x00000303         | 0x00010101
[SYS] ------------------------ Tasks ---------------------------
[SYS]                  | UP         | CP         | RT
[SYS] Error            | 0x00000000 | 0x00000000 | 0x00000000
[SYS] Heartbeats       | 0x00ec78c5 | N/A        | N/A
[SYS] Counts           | 0x00000000 | N/A        | 0x00000000
[SYS] Drops            | 0x00000000 | N/A        | 0x00000000
[SYS] ------------------------ VSPAs ---------------------------
[SYS]                  | 0          | 1          | 2
[SYS] Error            | 0x00000000 | 0x00000000 | 0x00000000
[SYS] SYM WR           | 0x00000014 | N/A        | 0x00000012
[SYS] SYM RD           | 0x00000014 | N/A        | 0x00000012
[SYS] CMD WR           | 0x00000007 | 0x00000006 | 0x00000007
[SYS] CMD RD           | 0x00000007 | 0x00000006 | 0x00000007
[SYS] ------------------------ Info ----------------------------
[SYS]                  | Downlink           | Uplink
[SYS] RF / fine Gain   |     17 /   -2.1    | 0x42
[SYS] PwrAvg(dBFs/dBm) | N/A                | N/A
[SYS] PwrMax(dBFS)     | N/A                | N/A
[SYS] Showtime 37 seconds

[SYS] ------------------------ Data Direction -------------------
[SYS]                  | Downlink           | Uplink
[SYS] CPlane Total     | 0x0000000000000000 | 0x0000000000000000
[SYS] CPlane OnTime    | 0x0000000000000000 | 0x0000000000000000
[SYS] CPlane Early     | 0x0000000000000000 | 0x0000000000000000
[SYS] CPlane Late      | 0x0000000000000000 | 0x0000000000000000
[SYS] CPlane Corrupt   | 0x0000000000000000 | 0x0000000000000000
[SYS] UPlane Total     | 0x0000000000000000 | 0x0000000000000000
[SYS] UPlane OnTime    | 0x0000000000000000 | N/A
[SYS] UPlane Ealry     | 0x0000000000000000 | N/A
[SYS] UPlane Late      | 0x0000000000000000 | N/A
[SYS] UPlane Corrupt   | 0x0000000000000000 | N/A
[SYS] Eth Pkt Good     | 0x00000700         | 0x00001000
[SYS] Eth Pkt Drop     | 0x00000000         | 0x00000000
[SYS] AXIQ status      | 0x00000303         | 0x00010101
[SYS] ------------------------ Tasks ---------------------------
[SYS]                  | UP         | CP         | RT
[SYS] Error            | 0x00000000 | 0x00000000 | 0x00000000
[SYS] Heartbeats       | 0x00f2b4c8 | N/A        | N/A
[SYS] Counts           | 0x00000000 | N/A        | 0x00000000
[SYS] Drops            | 0x00000000 | N/A        | 0x00000000
[SYS] ------------------------ VSPAs ---------------------------
[SYS]                  | 0          | 1          | 2
[SYS] Error            | 0x00000000 | 0x00000000 | 0x00000000
[SYS] SYM WR           | 0x00000014 | N/A        | 0x00000012
[SYS] SYM RD           | 0x00000014 | N/A        | 0x00000012
[SYS] CMD WR           | 0x00000007 | 0x00000006 | 0x00000007
[SYS] CMD RD           | 0x00000007 | 0x00000006 | 0x00000007
[SYS] ------------------------ Info ----------------------------
[SYS]                  | Downlink           | Uplink
[SYS] RF / fine Gain   |     17 /   -2.1    | 0x42
[SYS] PwrAvg(dBFs/dBm) | N/A                | N/A
[SYS] PwrMax(dBFS)     | N/A                | N/A
[SYS] Showtime 38 seconds

[SYS] ------------------------ Data Direction -------------------
[SYS]                  | Downlink           | Uplink
[SYS] CPlane Total     | 0x0000000000000000 | 0x0000000000000000
[SYS] CPlane OnTime    | 0x0000000000000000 | 0x0000000000000000
[SYS] CPlane Early     | 0x0000000000000000 | 0x0000000000000000
[SYS] CPlane Late      | 0x0000000000000000 | 0x0000000000000000
[SYS] CPlane Corrupt   | 0x0000000000000000 | 0x0000000000000000
[SYS] UPlane Total     | 0x0000000000000000 | 0x0000000000000000
[SYS] UPlane OnTime    | 0x0000000000000000 | N/A
[SYS] UPlane Ealry     | 0x0000000000000000 | N/A
[SYS] UPlane Late      | 0x0000000000000000 | N/A
[SYS] UPlane Corrupt   | 0x0000000000000000 | N/A
[SYS] Eth Pkt Good     | 0x00000701         | 0x00001024
[SYS] Eth Pkt Drop     | 0x00000000         | 0x00000000
[SYS] AXIQ status      | 0x00000303         | 0x00010101
[SYS] ------------------------ Tasks ---------------------------
[SYS]                  | UP         | CP         | RT
[SYS] Error            | 0x00000000 | 0x00000000 | 0x00000000
[SYS] Heartbeats       | 0x00f8efb2 | N/A        | N/A
[SYS] Counts           | 0x00000000 | N/A        | 0x00000000
[SYS] Drops            | 0x00000000 | N/A        | 0x00000000
[SYS] ------------------------ VSPAs ---------------------------
[SYS]                  | 0          | 1          | 2
[SYS] Error            | 0x00000000 | 0x00000000 | 0x00000000
[SYS] SYM WR           | 0x00000014 | N/A        | 0x00000012
[SYS] SYM RD           | 0x00000014 | N/A        | 0x00000012
[SYS] CMD WR           | 0x00000007 | 0x00000006 | 0x00000007
[SYS] CMD RD           | 0x00000007 | 0x00000006 | 0x00000007
[SYS] ------------------------ Info ----------------------------
[SYS]                  | Downlink           | Uplink
[SYS] RF / fine Gain   |     17 /   -2.1    | 0x42
[SYS] PwrAvg(dBFs/dBm) | N/A                | N/A
[SYS] PwrMax(dBFS)     | N/A                | N/A
[SYS] Showtime 39 seconds

[SYS] ------------------------ Data Direction -------------------
[SYS]                  | Downlink           | Uplink
[SYS] CPlane Total     | 0x0000000000000000 | 0x0000000000000000
[SYS] CPlane OnTime    | 0x0000000000000000 | 0x0000000000000000
[SYS] CPlane Early     | 0x0000000000000000 | 0x0000000000000000
[SYS] CPlane Late      | 0x0000000000000000 | 0x0000000000000000
[SYS] CPlane Corrupt   | 0x0000000000000000 | 0x0000000000000000
[SYS] UPlane Total     | 0x0000000000000000 | 0x0000000000000000
[SYS] UPlane OnTime    | 0x0000000000000000 | N/A
[SYS] UPlane Ealry     | 0x0000000000000000 | N/A
[SYS] UPlane Late      | 0x0000000000000000 | N/A
[SYS] UPlane Corrupt   | 0x0000000000000000 | N/A
[SYS] Eth Pkt Good     | 0x00000702         | 0x00001047
[SYS] Eth Pkt Drop     | 0x00000000         | 0x00000000
[SYS] AXIQ status      | 0x00000303         | 0x00010101
[SYS] ------------------------ Tasks ---------------------------
[SYS]                  | UP         | CP         | RT
[SYS] Error            | 0x00000000 | 0x00000000 | 0x00000000
[SYS] Heartbeats       | 0x00ff2aac | N/A        | N/A
[SYS] Counts           | 0x00000000 | N/A        | 0x00000000
[SYS] Drops            | 0x00000000 | N/A        | 0x00000000
[SYS] ------------------------ VSPAs ---------------------------
[SYS]                  | 0          | 1          | 2
[SYS] Error            | 0x00000000 | 0x00000000 | 0x00000000
[SYS] SYM WR           | 0x00000014 | N/A        | 0x00000012
[SYS] SYM RD           | 0x00000014 | N/A        | 0x00000012
[SYS] CMD WR           | 0x00000007 | 0x00000006 | 0x00000007
[SYS] CMD RD           | 0x00000007 | 0x00000006 | 0x00000007
[SYS] ------------------------ Info ----------------------------
[SYS]                  | Downlink           | Uplink
[SYS] RF / fine Gain   |     17 /   -2.1    | 0x42
[SYS] PwrAvg(dBFs/dBm) | N/A                | N/A
[SYS] PwrMax(dBFS)     | N/A                | N/A
[SYS] Showtime 40 seconds

[SYS] ------------------------ Data Direction -------------------
[SYS]                  | Downlink           | Uplink
[SYS] CPlane Total     | 0x0000000000000000 | 0x0000000000000000
[SYS] CPlane OnTime    | 0x0000000000000000 | 0x0000000000000000
[SYS] CPlane Early     | 0x0000000000000000 | 0x0000000000000000
[SYS] CPlane Late      | 0x0000000000000000 | 0x0000000000000000
[SYS] CPlane Corrupt   | 0x0000000000000000 | 0x0000000000000000
[SYS] UPlane Total     | 0x0000000000000000 | 0x0000000000000000
[SYS] UPlane OnTime    | 0x0000000000000000 | N/A
[SYS] UPlane Ealry     | 0x0000000000000000 | N/A
[SYS] UPlane Late      | 0x0000000000000000 | N/A
[SYS] UPlane Corrupt   | 0x0000000000000000 | N/A
[SYS] Eth Pkt Good     | 0x00000704         | 0x0000106b
[SYS] Eth Pkt Drop     | 0x00000000         | 0x00000000
[SYS] AXIQ status      | 0x00000303         | 0x00010101
[SYS] ------------------------ Tasks ---------------------------
[SYS]                  | UP         | CP         | RT
[SYS] Error            | 0x00000000 | 0x00000000 | 0x00000000
[SYS] Heartbeats       | 0x01056869 | N/A        | N/A
[SYS] Counts           | 0x00000000 | N/A        | 0x00000000
[SYS] Drops            | 0x00000000 | N/A        | 0x00000000
[SYS] ------------------------ VSPAs ---------------------------
[SYS]                  | 0          | 1          | 2
[SYS] Error            | 0x00000000 | 0x00000000 | 0x00000000
[SYS] SYM WR           | 0x00000014 | N/A        | 0x00000012
[SYS] SYM RD           | 0x00000014 | N/A        | 0x00000012
[SYS] CMD WR           | 0x00000007 | 0x00000006 | 0x00000007
[SYS] CMD RD           | 0x00000007 | 0x00000006 | 0x00000007
[SYS] ------------------------ Info ----------------------------
[SYS]                  | Downlink           | Uplink
[SYS] RF / fine Gain   |     17 /   -2.1    | 0x42
[SYS] PwrAvg(dBFs/dBm) | N/A                | N/A
[SYS] PwrMax(dBFS)     | N/A                | N/A
[SYS] Showtime 41 seconds

[SYS] ------------------------ Data Direction -------------------
[SYS]                  | Downlink           | Uplink
[SYS] CPlane Total     | 0x0000000000000000 | 0x0000000000000000
[SYS] CPlane OnTime    | 0x0000000000000000 | 0x0000000000000000
[SYS] CPlane Early     | 0x0000000000000000 | 0x0000000000000000
[SYS] CPlane Late      | 0x0000000000000000 | 0x0000000000000000
[SYS] CPlane Corrupt   | 0x0000000000000000 | 0x0000000000000000
[SYS] UPlane Total     | 0x0000000000000000 | 0x0000000000000000
[SYS] UPlane OnTime    | 0x0000000000000000 | N/A
[SYS] UPlane Ealry     | 0x0000000000000000 | N/A
[SYS] UPlane Late      | 0x0000000000000000 | N/A
[SYS] UPlane Corrupt   | 0x0000000000000000 | N/A
[SYS] Eth Pkt Good     | 0x00000705         | 0x0000108e
[SYS] Eth Pkt Drop     | 0x00000000         | 0x00000000
[SYS] AXIQ status      | 0x00000303         | 0x00010101
[SYS] ------------------------ Tasks ---------------------------
[SYS]                  | UP         | CP         | RT
[SYS] Error            | 0x00000000 | 0x00000000 | 0x00000000
[SYS] Heartbeats       | 0x010ba351 | N/A        | N/A
[SYS] Counts           | 0x00000000 | N/A        | 0x00000000
[SYS] Drops            | 0x00000000 | N/A        | 0x00000000
[SYS] ------------------------ VSPAs ---------------------------
[SYS]                  | 0          | 1          | 2
[SYS] Error            | 0x00000000 | 0x00000000 | 0x00000000
[SYS] SYM WR           | 0x00000014 | N/A        | 0x00000012
[SYS] SYM RD           | 0x00000014 | N/A        | 0x00000012
[SYS] CMD WR           | 0x00000007 | 0x00000006 | 0x00000007
[SYS] CMD RD           | 0x00000007 | 0x00000006 | 0x00000007
[SYS] ------------------------ Info ----------------------------
[SYS]                  | Downlink           | Uplink
[SYS] RF / fine Gain   |     17 /   -2.1    | 0x42
[SYS] PwrAvg(dBFs/dBm) | N/A                | N/A
[SYS] PwrMax(dBFS)     | N/A                | N/A
[SYS] Showtime 42 seconds

[SYS] ------------------------ Data Direction -------------------
[SYS]                  | Downlink           | Uplink
[SYS] CPlane Total     | 0x0000000000000000 | 0x0000000000000000
[SYS] CPlane OnTime    | 0x0000000000000000 | 0x0000000000000000
[SYS] CPlane Early     | 0x0000000000000000 | 0x0000000000000000
[SYS] CPlane Late      | 0x0000000000000000 | 0x0000000000000000
[SYS] CPlane Corrupt   | 0x0000000000000000 | 0x0000000000000000
[SYS] UPlane Total     | 0x0000000000000000 | 0x0000000000000000
[SYS] UPlane OnTime    | 0x0000000000000000 | N/A
[SYS] UPlane Ealry     | 0x0000000000000000 | N/A
[SYS] UPlane Late      | 0x0000000000000000 | N/A
[SYS] UPlane Corrupt   | 0x0000000000000000 | N/A
[SYS] Eth Pkt Good     | 0x00000706         | 0x000010b1
[SYS] Eth Pkt Drop     | 0x00000000         | 0x00000000
[SYS] AXIQ status      | 0x00000303         | 0x00010101
[SYS] ------------------------ Tasks ---------------------------
[SYS]                  | UP         | CP         | RT
[SYS] Error            | 0x00000000 | 0x00000000 | 0x00000000
[SYS] Heartbeats       | 0x0111de36 | N/A        | N/A
[SYS] Counts           | 0x00000000 | N/A        | 0x00000000
[SYS] Drops            | 0x00000000 | N/A        | 0x00000000
[SYS] ------------------------ VSPAs ---------------------------
[SYS]                  | 0          | 1          | 2
[SYS] Error            | 0x00000000 | 0x00000000 | 0x00000000
[SYS] SYM WR           | 0x00000014 | N/A        | 0x00000012
[SYS] SYM RD           | 0x00000014 | N/A        | 0x00000012
[SYS] CMD WR           | 0x00000007 | 0x00000006 | 0x00000007
[SYS] CMD RD           | 0x00000007 | 0x00000006 | 0x00000007
[SYS] ------------------------ Info ----------------------------
[SYS]                  | Downlink           | Uplink
[SYS] RF / fine Gain   |     17 /   -2.1    | 0x42
[SYS] PwrAvg(dBFs/dBm) | N/A                | N/A
[SYS] PwrMax(dBFS)     | N/A                | N/A
[SYS] Showtime 43 seconds

[SYS] ------------------------ Data Direction -------------------
[SYS]                  | Downlink           | Uplink
[SYS] CPlane Total     | 0x0000000000000000 | 0x0000000000000000
[SYS] CPlane OnTime    | 0x0000000000000000 | 0x0000000000000000
[SYS] CPlane Early     | 0x0000000000000000 | 0x0000000000000000
[SYS] CPlane Late      | 0x0000000000000000 | 0x0000000000000000
[SYS] CPlane Corrupt   | 0x0000000000000000 | 0x0000000000000000
[SYS] UPlane Total     | 0x0000000000000000 | 0x0000000000000000
[SYS] UPlane OnTime    | 0x0000000000000000 | N/A
[SYS] UPlane Ealry     | 0x0000000000000000 | N/A
[SYS] UPlane Late      | 0x0000000000000000 | N/A
[SYS] UPlane Corrupt   | 0x0000000000000000 | N/A
[SYS] Eth Pkt Good     | 0x00000708         | 0x000010d5
[SYS] Eth Pkt Drop     | 0x00000000         | 0x00000000
[SYS] AXIQ status      | 0x00000303         | 0x00010101
[SYS] ------------------------ Tasks ---------------------------
[SYS]                  | UP         | CP         | RT
[SYS] Error            | 0x00000000 | 0x00000000 | 0x00000000
[SYS] Heartbeats       | 0x0118275e | N/A        | N/A
[SYS] Counts           | 0x00000000 | N/A        | 0x00000000
[SYS] Drops            | 0x00000000 | N/A        | 0x00000000
[SYS] ------------------------ VSPAs ---------------------------
[SYS]                  | 0          | 1          | 2
[SYS] Error            | 0x00000000 | 0x00000000 | 0x00000000
[SYS] SYM WR           | 0x00000014 | N/A        | 0x00000012
[SYS] SYM RD           | 0x00000014 | N/A        | 0x00000012
[SYS] CMD WR           | 0x00000007 | 0x00000006 | 0x00000007
[SYS] CMD RD           | 0x00000007 | 0x00000006 | 0x00000007
[SYS] ------------------------ Info ----------------------------
[SYS]                  | Downlink           | Uplink
[SYS] RF / fine Gain   |     17 /   -2.1    | 0x42
[SYS] PwrAvg(dBFs/dBm) | N/A                | N/A
[SYS] PwrMax(dBFS)     | N/A                | N/A
[SYS] Showtime 44 seconds

[SYS] ------------------------ Data Direction -------------------
[SYS]                  | Downlink           | Uplink
[SYS] CPlane Total     | 0x0000000000000000 | 0x0000000000000000
[SYS] CPlane OnTime    | 0x0000000000000000 | 0x0000000000000000
[SYS] CPlane Early     | 0x0000000000000000 | 0x0000000000000000
[SYS] CPlane Late      | 0x0000000000000000 | 0x0000000000000000
[SYS] CPlane Corrupt   | 0x0000000000000000 | 0x0000000000000000
[SYS] UPlane Total     | 0x0000000000000000 | 0x0000000000000000
[SYS] UPlane OnTime    | 0x0000000000000000 | N/A
[SYS] UPlane Ealry     | 0x0000000000000000 | N/A
[SYS] UPlane Late      | 0x0000000000000000 | N/A
[SYS] UPlane Corrupt   | 0x0000000000000000 | N/A
[SYS] Eth Pkt Good     | 0x00000709         | 0x000010f8
[SYS] Eth Pkt Drop     | 0x00000000         | 0x00000000
[SYS] AXIQ status      | 0x00000303         | 0x00010101
[SYS] ------------------------ Tasks ---------------------------
[SYS]                  | UP         | CP         | RT
[SYS] Error            | 0x00000000 | 0x00000000 | 0x00000000
[SYS] Heartbeats       | 0x011e6232 | N/A        | N/A
[SYS] Counts           | 0x00000000 | N/A        | 0x00000000
[SYS] Drops            | 0x00000000 | N/A        | 0x00000000
[SYS] ------------------------ VSPAs ---------------------------
[SYS]                  | 0          | 1          | 2
[SYS] Error            | 0x00000000 | 0x00000000 | 0x00000000
[SYS] SYM WR           | 0x00000014 | N/A        | 0x00000012
[SYS] SYM RD           | 0x00000014 | N/A        | 0x00000012
[SYS] CMD WR           | 0x00000007 | 0x00000006 | 0x00000007
[SYS] CMD RD           | 0x00000007 | 0x00000006 | 0x00000007
[SYS] ------------------------ Info ----------------------------
[SYS]                  | Downlink           | Uplink
[SYS] RF / fine Gain   |     17 /   -2.1    | 0x42
[SYS] PwrAvg(dBFs/dBm) | N/A                | N/A
[SYS] PwrMax(dBFS)     | N/A                | N/A
[SYS] Showtime 45 seconds

[SYS] ------------------------ Data Direction -------------------
[SYS]                  | Downlink           | Uplink
[SYS] CPlane Total     | 0x0000000000000000 | 0x0000000000000000
[SYS] CPlane OnTime    | 0x0000000000000000 | 0x0000000000000000
[SYS] CPlane Early     | 0x0000000000000000 | 0x0000000000000000
[SYS] CPlane Late      | 0x0000000000000000 | 0x0000000000000000
[SYS] CPlane Corrupt   | 0x0000000000000000 | 0x0000000000000000
[SYS] UPlane Total     | 0x0000000000000000 | 0x0000000000000000
[SYS] UPlane OnTime    | 0x0000000000000000 | N/A
[SYS] UPlane Ealry     | 0x0000000000000000 | N/A
[SYS] UPlane Late      | 0x0000000000000000 | N/A
[SYS] UPlane Corrupt   | 0x0000000000000000 | N/A
[SYS] Eth Pkt Good     | 0x0000070b         | 0x0000111c
[SYS] Eth Pkt Drop     | 0x00000000         | 0x00000000
[SYS] AXIQ status      | 0x00000303         | 0x00010101
[SYS] ------------------------ Tasks ---------------------------
[SYS]                  | UP         | CP         | RT
[SYS] Error            | 0x00000000 | 0x00000000 | 0x00000000
[SYS] Heartbeats       | 0x01249d14 | N/A        | N/A
[SYS] Counts           | 0x00000000 | N/A        | 0x00000000
[SYS] Drops            | 0x00000000 | N/A        | 0x00000000
[SYS] ------------------------ VSPAs ---------------------------
[SYS]                  | 0          | 1          | 2
[SYS] Error            | 0x00000000 | 0x00000000 | 0x00000000
[SYS] SYM WR           | 0x00000014 | N/A        | 0x00000012
[SYS] SYM RD           | 0x00000014 | N/A        | 0x00000012
[SYS] CMD WR           | 0x00000007 | 0x00000006 | 0x00000007
[SYS] CMD RD           | 0x00000007 | 0x00000006 | 0x00000007
[SYS] ------------------------ Info ----------------------------
[SYS]                  | Downlink           | Uplink
[SYS] RF / fine Gain   |     17 /   -2.1    | 0x42
[SYS] PwrAvg(dBFs/dBm) | N/A                | N/A
[SYS] PwrMax(dBFS)     | N/A                | N/A
[SYS] Showtime 46 seconds

[SYS] ------------------------ Data Direction -------------------
[SYS]                  | Downlink           | Uplink
[SYS] CPlane Total     | 0x0000000000000000 | 0x0000000000000000
[SYS] CPlane OnTime    | 0x0000000000000000 | 0x0000000000000000
[SYS] CPlane Early     | 0x0000000000000000 | 0x0000000000000000
[SYS] CPlane Late      | 0x0000000000000000 | 0x0000000000000000
[SYS] CPlane Corrupt   | 0x0000000000000000 | 0x0000000000000000
[SYS] UPlane Total     | 0x0000000000000000 | 0x0000000000000000
[SYS] UPlane OnTime    | 0x0000000000000000 | N/A
[SYS] UPlane Ealry     | 0x0000000000000000 | N/A
[SYS] UPlane Late      | 0x0000000000000000 | N/A
[SYS] UPlane Corrupt   | 0x0000000000000000 | N/A
[SYS] Eth Pkt Good     | 0x0000070c         | 0x0000113f
[SYS] Eth Pkt Drop     | 0x00000000         | 0x00000000
[SYS] AXIQ status      | 0x00000303         | 0x00010101
[SYS] ------------------------ Tasks ---------------------------
[SYS]                  | UP         | CP         | RT
[SYS] Error            | 0x00000000 | 0x00000000 | 0x00000000
[SYS] Heartbeats       | 0x012ad805 | N/A        | N/A
[SYS] Counts           | 0x00000000 | N/A        | 0x00000000
[SYS] Drops            | 0x00000000 | N/A        | 0x00000000
[SYS] ------------------------ VSPAs ---------------------------
[SYS]                  | 0          | 1          | 2
[SYS] Error            | 0x00000000 | 0x00000000 | 0x00000000
[SYS] SYM WR           | 0x00000014 | N/A        | 0x00000012
[SYS] SYM RD           | 0x00000014 | N/A        | 0x00000012
[SYS] CMD WR           | 0x00000007 | 0x00000006 | 0x00000007
[SYS] CMD RD           | 0x00000007 | 0x00000006 | 0x00000007
[SYS] ------------------------ Info ----------------------------
[SYS]                  | Downlink           | Uplink
[SYS] RF / fine Gain   |     17 /   -2.1    | 0x42
[SYS] PwrAvg(dBFs/dBm) | N/A                | N/A
[SYS] PwrMax(dBFS)     | N/A                | N/A
[SYS] Showtime 47 seconds

[SYS] ------------------------ Data Direction -------------------
[SYS]                  | Downlink           | Uplink
[SYS] CPlane Total     | 0x0000000000000000 | 0x0000000000000000
[SYS] CPlane OnTime    | 0x0000000000000000 | 0x0000000000000000
[SYS] CPlane Early     | 0x0000000000000000 | 0x0000000000000000
[SYS] CPlane Late      | 0x0000000000000000 | 0x0000000000000000
[SYS] CPlane Corrupt   | 0x0000000000000000 | 0x0000000000000000
[SYS] UPlane Total     | 0x0000000000000000 | 0x0000000000000000
[SYS] UPlane OnTime    | 0x0000000000000000 | N/A
[SYS] UPlane Ealry     | 0x0000000000000000 | N/A
[SYS] UPlane Late      | 0x0000000000000000 | N/A
[SYS] UPlane Corrupt   | 0x0000000000000000 | N/A
[SYS] Eth Pkt Good     | 0x0000071d         | 0x00001172
[SYS] Eth Pkt Drop     | 0x00000000         | 0x00000000
[SYS] AXIQ status      | 0x00000303         | 0x00010101
[SYS] ------------------------ Tasks ---------------------------
[SYS]                  | UP         | CP         | RT
[SYS] Error            | 0x00000000 | 0x00000000 | 0x00000000
[SYS] Heartbeats       | 0x013115be | N/A        | N/A
[SYS] Counts           | 0x00000000 | N/A        | 0x00000000
[SYS] Drops            | 0x00000000 | N/A        | 0x00000000
[SYS] ------------------------ VSPAs ---------------------------
[SYS]                  | 0          | 1          | 2
[SYS] Error            | 0x00000000 | 0x00000000 | 0x00000000
[SYS] SYM WR           | 0x00000014 | N/A        | 0x00000012
[SYS] SYM RD           | 0x00000014 | N/A        | 0x00000012
[SYS] CMD WR           | 0x00000007 | 0x00000006 | 0x00000007
[SYS] CMD RD           | 0x00000007 | 0x00000006 | 0x00000007
[SYS] ------------------------ Info ----------------------------
[SYS]                  | Downlink           | Uplink
[SYS] RF / fine Gain   |     17 /   -2.1    | 0x42
[SYS] PwrAvg(dBFs/dBm) | N/A                | N/A
[SYS] PwrMax(dBFS)     | N/A                | N/A
[SYS] Showtime 48 seconds

[SYS] ------------------------ Data Direction -------------------
[SYS]                  | Downlink           | Uplink
[SYS] CPlane Total     | 0x0000000000000000 | 0x0000000000000000
[SYS] CPlane OnTime    | 0x0000000000000000 | 0x0000000000000000
[SYS] CPlane Early     | 0x0000000000000000 | 0x0000000000000000
[SYS] CPlane Late      | 0x0000000000000000 | 0x0000000000000000
[SYS] CPlane Corrupt   | 0x0000000000000000 | 0x0000000000000000
[SYS] UPlane Total     | 0x0000000000000000 | 0x0000000000000000
[SYS] UPlane OnTime    | 0x0000000000000000 | N/A
[SYS] UPlane Ealry     | 0x0000000000000000 | N/A
[SYS] UPlane Late      | 0x0000000000000000 | N/A
[SYS] UPlane Corrupt   | 0x0000000000000000 | N/A
[SYS] Eth Pkt Good     | 0x0000072d         | 0x000011a4
[SYS] Eth Pkt Drop     | 0x00000000         | 0x00000000
[SYS] AXIQ status      | 0x00000303         | 0x00010101
[SYS] ------------------------ Tasks ---------------------------
[SYS]                  | UP         | CP         | RT
[SYS] Error            | 0x00000000 | 0x00000000 | 0x00000000
[SYS] Heartbeats       | 0x013750a8 | N/A        | N/A
[SYS] Counts           | 0x00000000 | N/A        | 0x00000000
[SYS] Drops            | 0x00000000 | N/A        | 0x00000000
[SYS] ------------------------ VSPAs ---------------------------
[SYS]                  | 0          | 1          | 2
[SYS] Error            | 0x00000000 | 0x00000000 | 0x00000000
[SYS] SYM WR           | 0x00000014 | N/A        | 0x00000012
[SYS] SYM RD           | 0x00000014 | N/A        | 0x00000012
[SYS] CMD WR           | 0x00000007 | 0x00000006 | 0x00000007
[SYS] CMD RD           | 0x00000007 | 0x00000006 | 0x00000007
[SYS] ------------------------ Info ----------------------------
[SYS]                  | Downlink           | Uplink
[SYS] RF / fine Gain   |     17 /   -2.1    | 0x42
[SYS] PwrAvg(dBFs/dBm) | N/A                | N/A
[SYS] PwrMax(dBFS)     | N/A                | N/A
[SYS] Showtime 49 seconds

[SYS] ------------------------ Data Direction -------------------
[SYS]                  | Downlink           | Uplink
[SYS] CPlane Total     | 0x0000000000000000 | 0x0000000000000000
[SYS] CPlane OnTime    | 0x0000000000000000 | 0x0000000000000000
[SYS] CPlane Early     | 0x0000000000000000 | 0x0000000000000000
[SYS] CPlane Late      | 0x0000000000000000 | 0x0000000000000000
[SYS] CPlane Corrupt   | 0x0000000000000000 | 0x0000000000000000
[SYS] UPlane Total     | 0x0000000000000000 | 0x0000000000000000
[SYS] UPlane OnTime    | 0x0000000000000000 | N/A
[SYS] UPlane Ealry     | 0x0000000000000000 | N/A
[SYS] UPlane Late      | 0x0000000000000000 | N/A
[SYS] UPlane Corrupt   | 0x0000000000000000 | N/A
[SYS] Eth Pkt Good     | 0x0000072e         | 0x000011c7
[SYS] Eth Pkt Drop     | 0x00000000         | 0x00000000
[SYS] AXIQ status      | 0x00000303         | 0x00010101
[SYS] ------------------------ Tasks ---------------------------
[SYS]                  | UP         | CP         | RT
[SYS] Error            | 0x00000000 | 0x00000000 | 0x00000000
[SYS] Heartbeats       | 0x013d8b8c | N/A        | N/A
[SYS] Counts           | 0x00000000 | N/A        | 0x00000000
[SYS] Drops            | 0x00000000 | N/A        | 0x00000000
[SYS] ------------------------ VSPAs ---------------------------
[SYS]                  | 0          | 1          | 2
[SYS] Error            | 0x00000000 | 0x00000000 | 0x00000000
[SYS] SYM WR           | 0x00000014 | N/A        | 0x00000012
[SYS] SYM RD           | 0x00000014 | N/A        | 0x00000012
[SYS] CMD WR           | 0x00000007 | 0x00000006 | 0x00000007
[SYS] CMD RD           | 0x00000007 | 0x00000006 | 0x00000007
[SYS] ------------------------ Info ----------------------------
[SYS]                  | Downlink           | Uplink
[SYS] RF / fine Gain   |     17 /   -2.1    | 0x42
[SYS] PwrAvg(dBFs/dBm) | N/A                | N/A
[SYS] PwrMax(dBFS)     | N/A                | N/A
[SYS] Showtime 50 seconds

[SYS] ------------------------ Data Direction -------------------
[SYS]                  | Downlink           | Uplink
[SYS] CPlane Total     | 0x0000000000000000 | 0x0000000000000000
[SYS] CPlane OnTime    | 0x0000000000000000 | 0x0000000000000000
[SYS] CPlane Early     | 0x0000000000000000 | 0x0000000000000000
[SYS] CPlane Late      | 0x0000000000000000 | 0x0000000000000000
[SYS] CPlane Corrupt   | 0x0000000000000000 | 0x0000000000000000
[SYS] UPlane Total     | 0x0000000000000000 | 0x0000000000000000
[SYS] UPlane OnTime    | 0x0000000000000000 | N/A
[SYS] UPlane Ealry     | 0x0000000000000000 | N/A
[SYS] UPlane Late      | 0x0000000000000000 | N/A
[SYS] UPlane Corrupt   | 0x0000000000000000 | N/A
[SYS] Eth Pkt Good     | 0x00000730         | 0x000011eb
[SYS] Eth Pkt Drop     | 0x00000000         | 0x00000000
[SYS] AXIQ status      | 0x00000303         | 0x00010101
[SYS] ------------------------ Tasks ---------------------------
[SYS]                  | UP         | CP         | RT
[SYS] Error            | 0x00000000 | 0x00000000 | 0x00000000
[SYS] Heartbeats       | 0x0143d5cd | N/A        | N/A
[SYS] Counts           | 0x00000000 | N/A        | 0x00000000
[SYS] Drops            | 0x00000000 | N/A        | 0x00000000
[SYS] ------------------------ VSPAs ---------------------------
[SYS]                  | 0          | 1          | 2
[SYS] Error            | 0x00000000 | 0x00000000 | 0x00000000
[SYS] SYM WR           | 0x00000014 | N/A        | 0x00000012
[SYS] SYM RD           | 0x00000014 | N/A        | 0x00000012
[SYS] CMD WR           | 0x00000007 | 0x00000006 | 0x00000007
[SYS] CMD RD           | 0x00000007 | 0x00000006 | 0x00000007
[SYS] ------------------------ Info ----------------------------
[SYS]                  | Downlink           | Uplink
[SYS] RF / fine Gain   |     17 /   -2.1    | 0x42
[SYS] PwrAvg(dBFs/dBm) | N/A                | N/A
[SYS] PwrMax(dBFS)     | N/A                | N/A
[SYS] Showtime 51 seconds

[SYS] ------------------------ Data Direction -------------------
[SYS]                  | Downlink           | Uplink
[SYS] CPlane Total     | 0x0000000000000000 | 0x0000000000000000
[SYS] CPlane OnTime    | 0x0000000000000000 | 0x0000000000000000
[SYS] CPlane Early     | 0x0000000000000000 | 0x0000000000000000
[SYS] CPlane Late      | 0x0000000000000000 | 0x0000000000000000
[SYS] CPlane Corrupt   | 0x0000000000000000 | 0x0000000000000000
[SYS] UPlane Total     | 0x0000000000000000 | 0x0000000000000000
[SYS] UPlane OnTime    | 0x0000000000000000 | N/A
[SYS] UPlane Ealry     | 0x0000000000000000 | N/A
[SYS] UPlane Late      | 0x0000000000000000 | N/A
[SYS] UPlane Corrupt   | 0x0000000000000000 | N/A
[SYS] Eth Pkt Good     | 0x00000731         | 0x0000120e
[SYS] Eth Pkt Drop     | 0x00000000         | 0x00000000
[SYS] AXIQ status      | 0x00000303         | 0x00010101
[SYS] ------------------------ Tasks ---------------------------
[SYS]                  | UP         | CP         | RT
[SYS] Error            | 0x00000000 | 0x00000000 | 0x00000000
[SYS] Heartbeats       | 0x014a0f7d | N/A        | N/A
[SYS] Counts           | 0x00000000 | N/A        | 0x00000000
[SYS] Drops            | 0x00000000 | N/A        | 0x00000000
[SYS] ------------------------ VSPAs ---------------------------
[SYS]                  | 0          | 1          | 2
[SYS] Error            | 0x00000000 | 0x00000000 | 0x00000000
[SYS] SYM WR           | 0x00000014 | N/A        | 0x00000012
[SYS] SYM RD           | 0x00000014 | N/A        | 0x00000012
[SYS] CMD WR           | 0x00000007 | 0x00000006 | 0x00000007
[SYS] CMD RD           | 0x00000007 | 0x00000006 | 0x00000007
[SYS] ------------------------ Info ----------------------------
[SYS]                  | Downlink           | Uplink
[SYS] RF / fine Gain   |     17 /   -2.1    | 0x42
[SYS] PwrAvg(dBFs/dBm) | N/A                | N/A
[SYS] PwrMax(dBFS)     | N/A                | N/A
[SYS] Showtime 52 seconds

[SYS] ------------------------ Data Direction -------------------
[SYS]                  | Downlink           | Uplink
[SYS] CPlane Total     | 0x0000000000000000 | 0x0000000000000000
[SYS] CPlane OnTime    | 0x0000000000000000 | 0x0000000000000000
[SYS] CPlane Early     | 0x0000000000000000 | 0x0000000000000000
[SYS] CPlane Late      | 0x0000000000000000 | 0x0000000000000000
[SYS] CPlane Corrupt   | 0x0000000000000000 | 0x0000000000000000
[SYS] UPlane Total     | 0x0000000000000000 | 0x0000000000000000
[SYS] UPlane OnTime    | 0x0000000000000000 | N/A
[SYS] UPlane Ealry     | 0x0000000000000000 | N/A
[SYS] UPlane Late      | 0x0000000000000000 | N/A
[SYS] UPlane Corrupt   | 0x0000000000000000 | N/A
[SYS] Eth Pkt Good     | 0x00000733         | 0x00001232
[SYS] Eth Pkt Drop     | 0x00000000         | 0x00000000
[SYS] AXIQ status      | 0x00000303         | 0x00010101
[SYS] ------------------------ Tasks ---------------------------
[SYS]                  | UP         | CP         | RT
[SYS] Error            | 0x00000000 | 0x00000000 | 0x00000000
[SYS] Heartbeats       | 0x01504a64 | N/A        | N/A
[SYS] Counts           | 0x00000000 | N/A        | 0x00000000
[SYS] Drops            | 0x00000000 | N/A        | 0x00000000
[SYS] ------------------------ VSPAs ---------------------------
[SYS]                  | 0          | 1          | 2
[SYS] Error            | 0x00000000 | 0x00000000 | 0x00000000
[SYS] SYM WR           | 0x00000014 | N/A        | 0x00000012
[SYS] SYM RD           | 0x00000014 | N/A        | 0x00000012
[SYS] CMD WR           | 0x00000007 | 0x00000006 | 0x00000007
[SYS] CMD RD           | 0x00000007 | 0x00000006 | 0x00000007
[SYS] ------------------------ Info ----------------------------
[SYS]                  | Downlink           | Uplink
[SYS] RF / fine Gain   |     17 /   -2.1    | 0x42
[SYS] PwrAvg(dBFs/dBm) | N/A                | N/A
[SYS] PwrMax(dBFS)     | N/A                | N/A
[SYS] Showtime 53 seconds

[SYS] ------------------------ Data Direction -------------------
[SYS]                  | Downlink           | Uplink
[SYS] CPlane Total     | 0x0000000000000000 | 0x0000000000000000
[SYS] CPlane OnTime    | 0x0000000000000000 | 0x0000000000000000
[SYS] CPlane Early     | 0x0000000000000000 | 0x0000000000000000
[SYS] CPlane Late      | 0x0000000000000000 | 0x0000000000000000
[SYS] CPlane Corrupt   | 0x0000000000000000 | 0x0000000000000000
[SYS] UPlane Total     | 0x0000000000000000 | 0x0000000000000000
[SYS] UPlane OnTime    | 0x0000000000000000 | N/A
[SYS] UPlane Ealry     | 0x0000000000000000 | N/A
[SYS] UPlane Late      | 0x0000000000000000 | N/A
[SYS] UPlane Corrupt   | 0x0000000000000000 | N/A
[SYS] Eth Pkt Good     | 0x00000734         | 0x00001255
[SYS] Eth Pkt Drop     | 0x00000000         | 0x00000000
[SYS] AXIQ status      | 0x00000303         | 0x00010101
[SYS] ------------------------ Tasks ---------------------------
[SYS]                  | UP         | CP         | RT
[SYS] Error            | 0x00000000 | 0x00000000 | 0x00000000
[SYS] Heartbeats       | 0x01568562 | N/A        | N/A
[SYS] Counts           | 0x00000000 | N/A        | 0x00000000
[SYS] Drops            | 0x00000000 | N/A        | 0x00000000
[SYS] ------------------------ VSPAs ---------------------------
[SYS]                  | 0          | 1          | 2
[SYS] Error            | 0x00000000 | 0x00000000 | 0x00000000
[SYS] SYM WR           | 0x00000014 | N/A        | 0x00000012
[SYS] SYM RD           | 0x00000014 | N/A        | 0x00000012
[SYS] CMD WR           | 0x00000007 | 0x00000006 | 0x00000007
[SYS] CMD RD           | 0x00000007 | 0x00000006 | 0x00000007
[SYS] ------------------------ Info ----------------------------
[SYS]                  | Downlink           | Uplink
[SYS] RF / fine Gain   |     17 /   -2.1    | 0x42
[SYS] PwrAvg(dBFs/dBm) | N/A                | N/A
[SYS] PwrMax(dBFS)     | N/A                | N/A
[SYS] Showtime 54 seconds

[SYS] ------------------------ Data Direction -------------------
[SYS]                  | Downlink           | Uplink
[SYS] CPlane Total     | 0x0000000000000000 | 0x0000000000000000
[SYS] CPlane OnTime    | 0x0000000000000000 | 0x0000000000000000
[SYS] CPlane Early     | 0x0000000000000000 | 0x0000000000000000
[SYS] CPlane Late      | 0x0000000000000000 | 0x0000000000000000
[SYS] CPlane Corrupt   | 0x0000000000000000 | 0x0000000000000000
[SYS] UPlane Total     | 0x0000000000000000 | 0x0000000000000000
[SYS] UPlane OnTime    | 0x0000000000000000 | N/A
[SYS] UPlane Ealry     | 0x0000000000000000 | N/A
[SYS] UPlane Late      | 0x0000000000000000 | N/A
[SYS] UPlane Corrupt   | 0x0000000000000000 | N/A
[SYS] Eth Pkt Good     | 0x00000736         | 0x00001279
[SYS] Eth Pkt Drop     | 0x00000000         | 0x00000000
[SYS] AXIQ status      | 0x00000303         | 0x00010101
[SYS] ------------------------ Tasks ---------------------------
[SYS]                  | UP         | CP         | RT
[SYS] Error            | 0x00000000 | 0x00000000 | 0x00000000
[SYS] Heartbeats       | 0x015cc31c | N/A        | N/A
[SYS] Counts           | 0x00000000 | N/A        | 0x00000000
[SYS] Drops            | 0x00000000 | N/A        | 0x00000000
[SYS] ------------------------ VSPAs ---------------------------
[SYS]                  | 0          | 1          | 2
[SYS] Error            | 0x00000000 | 0x00000000 | 0x00000000
[SYS] SYM WR           | 0x00000014 | N/A        | 0x00000012
[SYS] SYM RD           | 0x00000014 | N/A        | 0x00000012
[SYS] CMD WR           | 0x00000007 | 0x00000006 | 0x00000007
[SYS] CMD RD           | 0x00000007 | 0x00000006 | 0x00000007
[SYS] ------------------------ Info ----------------------------
[SYS]                  | Downlink           | Uplink
[SYS] RF / fine Gain   |     17 /   -2.1    | 0x42
[SYS] PwrAvg(dBFs/dBm) | N/A                | N/A
[SYS] PwrMax(dBFS)     | N/A                | N/A
[SYS] Showtime 55 seconds

[SYS] ------------------------ Data Direction -------------------
[SYS]                  | Downlink           | Uplink
[SYS] CPlane Total     | 0x0000000000000000 | 0x0000000000000000
[SYS] CPlane OnTime    | 0x0000000000000000 | 0x0000000000000000
[SYS] CPlane Early     | 0x0000000000000000 | 0x0000000000000000
[SYS] CPlane Late      | 0x0000000000000000 | 0x0000000000000000
[SYS] CPlane Corrupt   | 0x0000000000000000 | 0x0000000000000000
[SYS] UPlane Total     | 0x0000000000000000 | 0x0000000000000000
[SYS] UPlane OnTime    | 0x0000000000000000 | N/A
[SYS] UPlane Ealry     | 0x0000000000000000 | N/A
[SYS] UPlane Late      | 0x0000000000000000 | N/A
[SYS] UPlane Corrupt   | 0x0000000000000000 | N/A
[SYS] Eth Pkt Good     | 0x00000737         | 0x0000129c
[SYS] Eth Pkt Drop     | 0x00000000         | 0x00000000
[SYS] AXIQ status      | 0x00000303         | 0x00010101
[SYS] ------------------------ Tasks ---------------------------
[SYS]                  | UP         | CP         | RT
[SYS] Error            | 0x00000000 | 0x00000000 | 0x00000000
[SYS] Heartbeats       | 0x0162fe03 | N/A        | N/A
[SYS] Counts           | 0x00000000 | N/A        | 0x00000000
[SYS] Drops            | 0x00000000 | N/A        | 0x00000000
[SYS] ------------------------ VSPAs ---------------------------
[SYS]                  | 0          | 1          | 2
[SYS] Error            | 0x00000000 | 0x00000000 | 0x00000000
[SYS] SYM WR           | 0x00000014 | N/A        | 0x00000012
[SYS] SYM RD           | 0x00000014 | N/A        | 0x00000012
[SYS] CMD WR           | 0x00000007 | 0x00000006 | 0x00000007
[SYS] CMD RD           | 0x00000007 | 0x00000006 | 0x00000007
[SYS] ------------------------ Info ----------------------------
[SYS]                  | Downlink           | Uplink
[SYS] RF / fine Gain   |     17 /   -2.1    | 0x42
[SYS] PwrAvg(dBFs/dBm) | N/A                | N/A
[SYS] PwrMax(dBFS)     | N/A                | N/A
[SYS] Showtime 56 seconds

[SYS] ------------------------ Data Direction -------------------
[SYS]                  | Downlink           | Uplink
[SYS] CPlane Total     | 0x0000000000000000 | 0x0000000000000000
[SYS] CPlane OnTime    | 0x0000000000000000 | 0x0000000000000000
[SYS] CPlane Early     | 0x0000000000000000 | 0x0000000000000000
[SYS] CPlane Late      | 0x0000000000000000 | 0x0000000000000000
[SYS] CPlane Corrupt   | 0x0000000000000000 | 0x0000000000000000
[SYS] UPlane Total     | 0x0000000000000000 | 0x0000000000000000
[SYS] UPlane OnTime    | 0x0000000000000000 | N/A
[SYS] UPlane Ealry     | 0x0000000000000000 | N/A
[SYS] UPlane Late      | 0x0000000000000000 | N/A
[SYS] UPlane Corrupt   | 0x0000000000000000 | N/A
[SYS] Eth Pkt Good     | 0x00000738         | 0x000012bf
[SYS] Eth Pkt Drop     | 0x00000000         | 0x00000000
[SYS] AXIQ status      | 0x00000303         | 0x00010101
[SYS] ------------------------ Tasks ---------------------------
[SYS]                  | UP         | CP         | RT
[SYS] Error            | 0x00000000 | 0x00000000 | 0x00000000
[SYS] Heartbeats       | 0x016938ec | N/A        | N/A
[SYS] Counts           | 0x00000000 | N/A        | 0x00000000
[SYS] Drops            | 0x00000000 | N/A        | 0x00000000
[SYS] ------------------------ VSPAs ---------------------------
[SYS]                  | 0          | 1          | 2
[SYS] Error            | 0x00000000 | 0x00000000 | 0x00000000
[SYS] SYM WR           | 0x00000014 | N/A        | 0x00000012
[SYS] SYM RD           | 0x00000014 | N/A        | 0x00000012
[SYS] CMD WR           | 0x00000007 | 0x00000006 | 0x00000007
[SYS] CMD RD           | 0x00000007 | 0x00000006 | 0x00000007
[SYS] ------------------------ Info ----------------------------
[SYS]                  | Downlink           | Uplink
[SYS] RF / fine Gain   |     17 /   -2.1    | 0x42
[SYS] PwrAvg(dBFs/dBm) | N/A                | N/A
[SYS] PwrMax(dBFS)     | N/A                | N/A
[SYS] Showtime 57 seconds

[SYS] ------------------------ Data Direction -------------------
[SYS]                  | Downlink           | Uplink
[SYS] CPlane Total     | 0x0000000000000000 | 0x0000000000000000
[SYS] CPlane OnTime    | 0x0000000000000000 | 0x0000000000000000
[SYS] CPlane Early     | 0x0000000000000000 | 0x0000000000000000
[SYS] CPlane Late      | 0x0000000000000000 | 0x0000000000000000
[SYS] CPlane Corrupt   | 0x0000000000000000 | 0x0000000000000000
[SYS] UPlane Total     | 0x0000000000000000 | 0x0000000000000000
[SYS] UPlane OnTime    | 0x0000000000000000 | N/A
[SYS] UPlane Ealry     | 0x0000000000000000 | N/A
[SYS] UPlane Late      | 0x0000000000000000 | N/A
[SYS] UPlane Corrupt   | 0x0000000000000000 | N/A
[SYS] Eth Pkt Good     | 0x0000073a         | 0x000012e3
[SYS] Eth Pkt Drop     | 0x00000000         | 0x00000000
[SYS] AXIQ status      | 0x00000303         | 0x00010101
[SYS] ------------------------ Tasks ---------------------------
[SYS]                  | UP         | CP         | RT
[SYS] Error            | 0x00000000 | 0x00000000 | 0x00000000
[SYS] Heartbeats       | 0x016f76c8 | N/A        | N/A
[SYS] Counts           | 0x00000000 | N/A        | 0x00000000
[SYS] Drops            | 0x00000000 | N/A        | 0x00000000
[SYS] ------------------------ VSPAs ---------------------------
[SYS]                  | 0          | 1          | 2
[SYS] Error            | 0x00000000 | 0x00000000 | 0x00000000
[SYS] SYM WR           | 0x00000014 | N/A        | 0x00000012
[SYS] SYM RD           | 0x00000014 | N/A        | 0x00000012
[SYS] CMD WR           | 0x00000007 | 0x00000006 | 0x00000007
[SYS] CMD RD           | 0x00000007 | 0x00000006 | 0x00000007
[SYS] ------------------------ Info ----------------------------
[SYS]                  | Downlink           | Uplink
[SYS] RF / fine Gain   |     17 /   -2.1    | 0x42
[SYS] PwrAvg(dBFs/dBm) | N/A                | N/A
[SYS] PwrMax(dBFS)     | N/A                | N/A
[SYS] Showtime 58 seconds

[SYS] ------------------------ Data Direction -------------------
[SYS]                  | Downlink           | Uplink
[SYS] CPlane Total     | 0x0000000000000000 | 0x0000000000000000
[SYS] CPlane OnTime    | 0x0000000000000000 | 0x0000000000000000
[SYS] CPlane Early     | 0x0000000000000000 | 0x0000000000000000
[SYS] CPlane Late      | 0x0000000000000000 | 0x0000000000000000
[SYS] CPlane Corrupt   | 0x0000000000000000 | 0x0000000000000000
[SYS] UPlane Total     | 0x0000000000000000 | 0x0000000000000000
[SYS] UPlane OnTime    | 0x0000000000000000 | N/A
[SYS] UPlane Ealry     | 0x0000000000000000 | N/A
[SYS] UPlane Late      | 0x0000000000000000 | N/A
[SYS] UPlane Corrupt   | 0x0000000000000000 | N/A
[SYS] Eth Pkt Good     | 0x0000073b         | 0x00001306
[SYS] Eth Pkt Drop     | 0x00000000         | 0x00000000
[SYS] AXIQ status      | 0x00000303         | 0x00010101
[SYS] ------------------------ Tasks ---------------------------
[SYS]                  | UP         | CP         | RT
[SYS] Error            | 0x00000000 | 0x00000000 | 0x00000000
[SYS] Heartbeats       | 0x0175b1ae | N/A        | N/A
[SYS] Counts           | 0x00000000 | N/A        | 0x00000000
[SYS] Drops            | 0x00000000 | N/A        | 0x00000000
[SYS] ------------------------ VSPAs ---------------------------
[SYS]                  | 0          | 1          | 2
[SYS] Error            | 0x00000000 | 0x00000000 | 0x00000000
[SYS] SYM WR           | 0x00000014 | N/A        | 0x00000012
[SYS] SYM RD           | 0x00000014 | N/A        | 0x00000012
[SYS] CMD WR           | 0x00000007 | 0x00000006 | 0x00000007
[SYS] CMD RD           | 0x00000007 | 0x00000006 | 0x00000007
[SYS] ------------------------ Info ----------------------------
[SYS]                  | Downlink           | Uplink
[SYS] RF / fine Gain   |     17 /   -2.1    | 0x42
[SYS] PwrAvg(dBFs/dBm) | N/A                | N/A
[SYS] PwrMax(dBFS)     | N/A                | N/A
[SYS] Showtime 59 seconds

[SYS] ------------------------ Data Direction -------------------
[SYS]                  | Downlink           | Uplink
[SYS] CPlane Total     | 0x0000000000000000 | 0x0000000000000000
[SYS] CPlane OnTime    | 0x0000000000000000 | 0x0000000000000000
[SYS] CPlane Early     | 0x0000000000000000 | 0x0000000000000000
[SYS] CPlane Late      | 0x0000000000000000 | 0x0000000000000000
[SYS] CPlane Corrupt   | 0x0000000000000000 | 0x0000000000000000
[SYS] UPlane Total     | 0x0000000000000000 | 0x0000000000000000
[SYS] UPlane OnTime    | 0x0000000000000000 | N/A
[SYS] UPlane Ealry     | 0x0000000000000000 | N/A
[SYS] UPlane Late      | 0x0000000000000000 | N/A
[SYS] UPlane Corrupt   | 0x0000000000000000 | N/A
[SYS] Eth Pkt Good     | 0x0000073d         | 0x0000132a
[SYS] Eth Pkt Drop     | 0x00000000         | 0x00000000
[SYS] AXIQ status      | 0x00000303         | 0x00010101
[SYS] ------------------------ Tasks ---------------------------
[SYS]                  | UP         | CP         | RT
[SYS] Error            | 0x00000000 | 0x00000000 | 0x00000000
[SYS] Heartbeats       | 0x017bec8f | N/A        | N/A
[SYS] Counts           | 0x00000000 | N/A        | 0x00000000
[SYS] Drops            | 0x00000000 | N/A        | 0x00000000
[SYS] ------------------------ VSPAs ---------------------------
[SYS]                  | 0          | 1          | 2
[SYS] Error            | 0x00000000 | 0x00000000 | 0x00000000
[SYS] SYM WR           | 0x00000014 | N/A        | 0x00000012
[SYS] SYM RD           | 0x00000014 | N/A        | 0x00000012
[SYS] CMD WR           | 0x00000007 | 0x00000006 | 0x00000007
[SYS] CMD RD           | 0x00000007 | 0x00000006 | 0x00000007
[SYS] ------------------------ Info ----------------------------
[SYS]                  | Downlink           | Uplink
[SYS] RF / fine Gain   |     17 /   -2.1    | 0x42
[SYS] PwrAvg(dBFs/dBm) | N/A                | N/A
[SYS] PwrMax(dBFS)     | N/A                | N/A
[SYS] Showtime 60 seconds

[SYS] ------------------------ Data Direction -------------------
[SYS]                  | Downlink           | Uplink
[SYS] CPlane Total     | 0x0000000000000000 | 0x0000000000000000
[SYS] CPlane OnTime    | 0x0000000000000000 | 0x0000000000000000
[SYS] CPlane Early     | 0x0000000000000000 | 0x0000000000000000
[SYS] CPlane Late      | 0x0000000000000000 | 0x0000000000000000
[SYS] CPlane Corrupt   | 0x0000000000000000 | 0x0000000000000000
[SYS] UPlane Total     | 0x0000000000000000 | 0x0000000000000000
[SYS] UPlane OnTime    | 0x0000000000000000 | N/A
[SYS] UPlane Ealry     | 0x0000000000000000 | N/A
[SYS] UPlane Late      | 0x0000000000000000 | N/A
[SYS] UPlane Corrupt   | 0x0000000000000000 | N/A
[SYS] Eth Pkt Good     | 0x00000741         | 0x00001350
[SYS] Eth Pkt Drop     | 0x00000000         | 0x00000000
[SYS] AXIQ status      | 0x00000303         | 0x00010101
[SYS] ------------------------ Tasks ---------------------------
[SYS]                  | UP         | CP         | RT
[SYS] Error            | 0x00000000 | 0x00000000 | 0x00000000
[SYS] Heartbeats       | 0x01822786 | N/A        | N/A
[SYS] Counts           | 0x00000000 | N/A        | 0x00000000
[SYS] Drops            | 0x00000000 | N/A        | 0x00000000
[SYS] ------------------------ VSPAs ---------------------------
[SYS]                  | 0          | 1          | 2
[SYS] Error            | 0x00000000 | 0x00000000 | 0x00000000
[SYS] SYM WR           | 0x00000014 | N/A        | 0x00000012
[SYS] SYM RD           | 0x00000014 | N/A        | 0x00000012
[SYS] CMD WR           | 0x00000007 | 0x00000006 | 0x00000007
[SYS] CMD RD           | 0x00000007 | 0x00000006 | 0x00000007
[SYS] ------------------------ Info ----------------------------
[SYS]                  | Downlink           | Uplink
[SYS] RF / fine Gain   |     17 /   -2.1    | 0x42
[SYS] PwrAvg(dBFs/dBm) | N/A                | N/A
[SYS] PwrMax(dBFS)     | N/A                | N/A
[SYS] Showtime 61 seconds

[SYS] ------------------------ Data Direction -------------------
[SYS]                  | Downlink           | Uplink
[SYS] CPlane Total     | 0x0000000000000000 | 0x0000000000000000
[SYS] CPlane OnTime    | 0x0000000000000000 | 0x0000000000000000
[SYS] CPlane Early     | 0x0000000000000000 | 0x0000000000000000
[SYS] CPlane Late      | 0x0000000000000000 | 0x0000000000000000
[SYS] CPlane Corrupt   | 0x0000000000000000 | 0x0000000000000000
[SYS] UPlane Total     | 0x0000000000000000 | 0x0000000000000000
[SYS] UPlane OnTime    | 0x0000000000000000 | N/A
[SYS] UPlane Ealry     | 0x0000000000000000 | N/A
[SYS] UPlane Late      | 0x0000000000000000 | N/A
[SYS] UPlane Corrupt   | 0x0000000000000000 | N/A
[SYS] Eth Pkt Good     | 0x0000075e         | 0x0000138f
[SYS] Eth Pkt Drop     | 0x00000000         | 0x00000000
[SYS] AXIQ status      | 0x00000303         | 0x00010101
[SYS] ------------------------ Tasks ---------------------------
[SYS]                  | UP         | CP         | RT
[SYS] Error            | 0x00000000 | 0x00000000 | 0x00000000
[SYS] Heartbeats       | 0x0188654a | N/A        | N/A
[SYS] Counts           | 0x00000000 | N/A        | 0x00000000
[SYS] Drops            | 0x00000000 | N/A        | 0x00000000
[SYS] ------------------------ VSPAs ---------------------------
[SYS]                  | 0          | 1          | 2
[SYS] Error            | 0x00000000 | 0x00000000 | 0x00000000
[SYS] SYM WR           | 0x00000014 | N/A        | 0x00000012
[SYS] SYM RD           | 0x00000014 | N/A        | 0x00000012
[SYS] CMD WR           | 0x00000007 | 0x00000006 | 0x00000007
[SYS] CMD RD           | 0x00000007 | 0x00000006 | 0x00000007
[SYS] ------------------------ Info ----------------------------
[SYS]                  | Downlink           | Uplink
[SYS] RF / fine Gain   |     17 /   -2.1    | 0x42
[SYS] PwrAvg(dBFs/dBm) | N/A                | N/A
[SYS] PwrMax(dBFS)     | N/A                | N/A
[SYS] Showtime 62 seconds

[SYS] ------------------------ Data Direction -------------------
[SYS]                  | Downlink           | Uplink
[SYS] CPlane Total     | 0x0000000000000000 | 0x0000000000000000
[SYS] CPlane OnTime    | 0x0000000000000000 | 0x0000000000000000
[SYS] CPlane Early     | 0x0000000000000000 | 0x0000000000000000
[SYS] CPlane Late      | 0x0000000000000000 | 0x0000000000000000
[SYS] CPlane Corrupt   | 0x0000000000000000 | 0x0000000000000000
[SYS] UPlane Total     | 0x0000000000000000 | 0x0000000000000000
[SYS] UPlane OnTime    | 0x0000000000000000 | N/A
[SYS] UPlane Ealry     | 0x0000000000000000 | N/A
[SYS] UPlane Late      | 0x0000000000000000 | N/A
[SYS] UPlane Corrupt   | 0x0000000000000000 | N/A
[SYS] Eth Pkt Good     | 0x0000075f         | 0x000013b2
[SYS] Eth Pkt Drop     | 0x00000000         | 0x00000000
[SYS] AXIQ status      | 0x00000303         | 0x00010101
[SYS] ------------------------ Tasks ---------------------------
[SYS]                  | UP         | CP         | RT
[SYS] Error            | 0x00000000 | 0x00000000 | 0x00000000
[SYS] Heartbeats       | 0x018ea02f | N/A        | N/A
[SYS] Counts           | 0x00000000 | N/A        | 0x00000000
[SYS] Drops            | 0x00000000 | N/A        | 0x00000000
[SYS] ------------------------ VSPAs ---------------------------
[SYS]                  | 0          | 1          | 2
[SYS] Error            | 0x00000000 | 0x00000000 | 0x00000000
[SYS] SYM WR           | 0x00000014 | N/A        | 0x00000012
[SYS] SYM RD           | 0x00000014 | N/A        | 0x00000012
[SYS] CMD WR           | 0x00000007 | 0x00000006 | 0x00000007
[SYS] CMD RD           | 0x00000007 | 0x00000006 | 0x00000007
[SYS] ------------------------ Info ----------------------------
[SYS]                  | Downlink           | Uplink
[SYS] RF / fine Gain   |     17 /   -2.1    | 0x42
[SYS] PwrAvg(dBFs/dBm) | N/A                | N/A
[SYS] PwrMax(dBFS)     | N/A                | N/A
[SYS] Showtime 63 seconds

[SYS] ------------------------ Data Direction -------------------
[SYS]                  | Downlink           | Uplink
[SYS] CPlane Total     | 0x0000000000000000 | 0x0000000000000000
[SYS] CPlane OnTime    | 0x0000000000000000 | 0x0000000000000000
[SYS] CPlane Early     | 0x0000000000000000 | 0x0000000000000000
[SYS] CPlane Late      | 0x0000000000000000 | 0x0000000000000000
[SYS] CPlane Corrupt   | 0x0000000000000000 | 0x0000000000000000
[SYS] UPlane Total     | 0x0000000000000000 | 0x0000000000000000
[SYS] UPlane OnTime    | 0x0000000000000000 | N/A
[SYS] UPlane Ealry     | 0x0000000000000000 | N/A
[SYS] UPlane Late      | 0x0000000000000000 | N/A
[SYS] UPlane Corrupt   | 0x0000000000000000 | N/A
[SYS] Eth Pkt Good     | 0x00000760         | 0x000013d5
[SYS] Eth Pkt Drop     | 0x00000000         | 0x00000000
[SYS] AXIQ status      | 0x00000303         | 0x00010101
[SYS] ------------------------ Tasks ---------------------------
[SYS]                  | UP         | CP         | RT
[SYS] Error            | 0x00000000 | 0x00000000 | 0x00000000
[SYS] Heartbeats       | 0x0194db2e | N/A        | N/A
[SYS] Counts           | 0x00000000 | N/A        | 0x00000000
[SYS] Drops            | 0x00000000 | N/A        | 0x00000000
[SYS] ------------------------ VSPAs ---------------------------
[SYS]                  | 0          | 1          | 2
[SYS] Error            | 0x00000000 | 0x00000000 | 0x00000000
[SYS] SYM WR           | 0x00000014 | N/A        | 0x00000012
[SYS] SYM RD           | 0x00000014 | N/A        | 0x00000012
[SYS] CMD WR           | 0x00000007 | 0x00000006 | 0x00000007
[SYS] CMD RD           | 0x00000007 | 0x00000006 | 0x00000007
[SYS] ------------------------ Info ----------------------------
[SYS]                  | Downlink           | Uplink
[SYS] RF / fine Gain   |     17 /   -2.1    | 0x42
[SYS] PwrAvg(dBFs/dBm) | N/A                | N/A
[SYS] PwrMax(dBFS)     | N/A                | N/A
[SYS] Showtime 64 seconds

[SYS] ------------------------ Data Direction -------------------
[SYS]                  | Downlink           | Uplink
[SYS] CPlane Total     | 0x0000000000000000 | 0x0000000000000000
[SYS] CPlane OnTime    | 0x0000000000000000 | 0x0000000000000000
[SYS] CPlane Early     | 0x0000000000000000 | 0x0000000000000000
[SYS] CPlane Late      | 0x0000000000000000 | 0x0000000000000000
[SYS] CPlane Corrupt   | 0x0000000000000000 | 0x0000000000000000
[SYS] UPlane Total     | 0x0000000000000000 | 0x0000000000000000
[SYS] UPlane OnTime    | 0x0000000000000000 | N/A
[SYS] UPlane Ealry     | 0x0000000000000000 | N/A
[SYS] UPlane Late      | 0x0000000000000000 | N/A
[SYS] UPlane Corrupt   | 0x0000000000000000 | N/A
[SYS] Eth Pkt Good     | 0x00000762         | 0x000013f9
[SYS] Eth Pkt Drop     | 0x00000000         | 0x00000000
[SYS] AXIQ status      | 0x00000303         | 0x00010101
[SYS] ------------------------ Tasks ---------------------------
[SYS]                  | UP         | CP         | RT
[SYS] Error            | 0x00000000 | 0x00000000 | 0x00000000
[SYS] Heartbeats       | 0x019b18f7 | N/A        | N/A
[SYS] Counts           | 0x00000000 | N/A        | 0x00000000
[SYS] Drops            | 0x00000000 | N/A        | 0x00000000
[SYS] ------------------------ VSPAs ---------------------------
[SYS]                  | 0          | 1          | 2
[SYS] Error            | 0x00000000 | 0x00000000 | 0x00000000
[SYS] SYM WR           | 0x00000014 | N/A        | 0x00000012
[SYS] SYM RD           | 0x00000014 | N/A        | 0x00000012
[SYS] CMD WR           | 0x00000007 | 0x00000006 | 0x00000007
[SYS] CMD RD           | 0x00000007 | 0x00000006 | 0x00000007
[SYS] ------------------------ Info ----------------------------
[SYS]                  | Downlink           | Uplink
[SYS] RF / fine Gain   |     17 /   -2.1    | 0x42
[SYS] PwrAvg(dBFs/dBm) | N/A                | N/A
[SYS] PwrMax(dBFS)     | N/A                | N/A
[SYS] Showtime 65 seconds

[SYS] ------------------------ Data Direction -------------------
[SYS]                  | Downlink           | Uplink
[SYS] CPlane Total     | 0x0000000000000000 | 0x0000000000000000
[SYS] CPlane OnTime    | 0x0000000000000000 | 0x0000000000000000
[SYS] CPlane Early     | 0x0000000000000000 | 0x0000000000000000
[SYS] CPlane Late      | 0x0000000000000000 | 0x0000000000000000
[SYS] CPlane Corrupt   | 0x0000000000000000 | 0x0000000000000000
[SYS] UPlane Total     | 0x0000000000000000 | 0x0000000000000000
[SYS] UPlane OnTime    | 0x0000000000000000 | N/A
[SYS] UPlane Ealry     | 0x0000000000000000 | N/A
[SYS] UPlane Late      | 0x0000000000000000 | N/A
[SYS] UPlane Corrupt   | 0x0000000000000000 | N/A
[SYS] Eth Pkt Good     | 0x00000763         | 0x0000141c
[SYS] Eth Pkt Drop     | 0x00000000         | 0x00000000
[SYS] AXIQ status      | 0x00000303         | 0x00010101
[SYS] ------------------------ Tasks ---------------------------
[SYS]                  | UP         | CP         | RT
[SYS] Error            | 0x00000000 | 0x00000000 | 0x00000000
[SYS] Heartbeats       | 0x01a153d8 | N/A        | N/A
[SYS] Counts           | 0x00000000 | N/A        | 0x00000000
[SYS] Drops            | 0x00000000 | N/A        | 0x00000000
[SYS] ------------------------ VSPAs ---------------------------
[SYS]                  | 0          | 1          | 2
[SYS] Error            | 0x00000000 | 0x00000000 | 0x00000000
[SYS] SYM WR           | 0x00000014 | N/A        | 0x00000012
[SYS] SYM RD           | 0x00000014 | N/A        | 0x00000012
[SYS] CMD WR           | 0x00000007 | 0x00000006 | 0x00000007
[SYS] CMD RD           | 0x00000007 | 0x00000006 | 0x00000007
[SYS] ------------------------ Info ----------------------------
[SYS]                  | Downlink           | Uplink
[SYS] RF / fine Gain   |     17 /   -2.1    | 0x42
[SYS] PwrAvg(dBFs/dBm) | N/A                | N/A
[SYS] PwrMax(dBFS)     | N/A                | N/A
[SYS] Showtime 66 seconds

[SYS] ------------------------ Data Direction -------------------
[SYS]                  | Downlink           | Uplink
[SYS] CPlane Total     | 0x0000000000000000 | 0x0000000000000000
[SYS] CPlane OnTime    | 0x0000000000000000 | 0x0000000000000000
[SYS] CPlane Early     | 0x0000000000000000 | 0x0000000000000000
[SYS] CPlane Late      | 0x0000000000000000 | 0x0000000000000000
[SYS] CPlane Corrupt   | 0x0000000000000000 | 0x0000000000000000
[SYS] UPlane Total     | 0x0000000000000000 | 0x0000000000000000
[SYS] UPlane OnTime    | 0x0000000000000000 | N/A
[SYS] UPlane Ealry     | 0x0000000000000000 | N/A
[SYS] UPlane Late      | 0x0000000000000000 | N/A
[SYS] UPlane Corrupt   | 0x0000000000000000 | N/A
[SYS] Eth Pkt Good     | 0x00000765         | 0x00001440
[SYS] Eth Pkt Drop     | 0x00000000         | 0x00000000
[SYS] AXIQ status      | 0x00000303         | 0x00010101
[SYS] ------------------------ Tasks ---------------------------
[SYS]                  | UP         | CP         | RT
[SYS] Error            | 0x00000000 | 0x00000000 | 0x00000000
[SYS] Heartbeats       | 0x01a78ebc | N/A        | N/A
[SYS] Counts           | 0x00000000 | N/A        | 0x00000000
[SYS] Drops            | 0x00000000 | N/A        | 0x00000000
[SYS] ------------------------ VSPAs ---------------------------
[SYS]                  | 0          | 1          | 2
[SYS] Error            | 0x00000000 | 0x00000000 | 0x00000000
[SYS] SYM WR           | 0x00000014 | N/A        | 0x00000012
[SYS] SYM RD           | 0x00000014 | N/A        | 0x00000012
[SYS] CMD WR           | 0x00000007 | 0x00000006 | 0x00000007
[SYS] CMD RD           | 0x00000007 | 0x00000006 | 0x00000007
[SYS] ------------------------ Info ----------------------------
[SYS]                  | Downlink           | Uplink
[SYS] RF / fine Gain   |     17 /   -2.1    | 0x42
[SYS] PwrAvg(dBFs/dBm) | N/A                | N/A
[SYS] PwrMax(dBFS)     | N/A                | N/A
[SYS] Showtime 67 seconds

[SYS] ------------------------ Data Direction -------------------
[SYS]                  | Downlink           | Uplink
[SYS] CPlane Total     | 0x0000000000000000 | 0x0000000000000000
[SYS] CPlane OnTime    | 0x0000000000000000 | 0x0000000000000000
[SYS] CPlane Early     | 0x0000000000000000 | 0x0000000000000000
[SYS] CPlane Late      | 0x0000000000000000 | 0x0000000000000000
[SYS] CPlane Corrupt   | 0x0000000000000000 | 0x0000000000000000
[SYS] UPlane Total     | 0x0000000000000000 | 0x0000000000000000
[SYS] UPlane OnTime    | 0x0000000000000000 | N/A
[SYS] UPlane Ealry     | 0x0000000000000000 | N/A
[SYS] UPlane Late      | 0x0000000000000000 | N/A
[SYS] UPlane Corrupt   | 0x0000000000000000 | N/A
[SYS] Eth Pkt Good     | 0x00000766         | 0x00001463
[SYS] Eth Pkt Drop     | 0x00000000         | 0x00000000
[SYS] AXIQ status      | 0x00000303         | 0x00010101
[SYS] ------------------------ Tasks ---------------------------
[SYS]                  | UP         | CP         | RT
[SYS] Error            | 0x00000000 | 0x00000000 | 0x00000000
[SYS] Heartbeats       | 0x01adc9c0 | N/A        | N/A
[SYS] Counts           | 0x00000000 | N/A        | 0x00000000
[SYS] Drops            | 0x00000000 | N/A        | 0x00000000
[SYS] ------------------------ VSPAs ---------------------------
[SYS]                  | 0          | 1          | 2
[SYS] Error            | 0x00000000 | 0x00000000 | 0x00000000
[SYS] SYM WR           | 0x00000014 | N/A        | 0x00000012
[SYS] SYM RD           | 0x00000014 | N/A        | 0x00000012
[SYS] CMD WR           | 0x00000007 | 0x00000006 | 0x00000007
[SYS] CMD RD           | 0x00000007 | 0x00000006 | 0x00000007
[SYS] ------------------------ Info ----------------------------
[SYS]                  | Downlink           | Uplink
[SYS] RF / fine Gain   |     17 /   -2.1    | 0x42
[SYS] PwrAvg(dBFs/dBm) | N/A                | N/A
[SYS] PwrMax(dBFS)     | N/A                | N/A
[SYS] Showtime 68 seconds

[SYS] ------------------------ Data Direction -------------------
[SYS]                  | Downlink           | Uplink
[SYS] CPlane Total     | 0x0000000000000000 | 0x0000000000000000
[SYS] CPlane OnTime    | 0x0000000000000000 | 0x0000000000000000
[SYS] CPlane Early     | 0x0000000000000000 | 0x0000000000000000
[SYS] CPlane Late      | 0x0000000000000000 | 0x0000000000000000
[SYS] CPlane Corrupt   | 0x0000000000000000 | 0x0000000000000000
[SYS] UPlane Total     | 0x0000000000000000 | 0x0000000000000000
[SYS] UPlane OnTime    | 0x0000000000000000 | N/A
[SYS] UPlane Ealry     | 0x0000000000000000 | N/A
[SYS] UPlane Late      | 0x0000000000000000 | N/A
[SYS] UPlane Corrupt   | 0x0000000000000000 | N/A
[SYS] Eth Pkt Good     | 0x00000768         | 0x00001486
[SYS] Eth Pkt Drop     | 0x00000000         | 0x00000000
[SYS] AXIQ status      | 0x00000303         | 0x00010101
[SYS] ------------------------ Tasks ---------------------------
[SYS]                  | UP         | CP         | RT
[SYS] Error            | 0x00000000 | 0x00000000 | 0x00000000
[SYS] Heartbeats       | 0x01b40782 | N/A        | N/A
[SYS] Counts           | 0x00000000 | N/A        | 0x00000000
[SYS] Drops            | 0x00000000 | N/A        | 0x00000000
[SYS] ------------------------ VSPAs ---------------------------
[SYS]                  | 0          | 1          | 2
[SYS] Error            | 0x00000000 | 0x00000000 | 0x00000000
[SYS] SYM WR           | 0x00000014 | N/A        | 0x00000012
[SYS] SYM RD           | 0x00000014 | N/A        | 0x00000012
[SYS] CMD WR           | 0x00000007 | 0x00000006 | 0x00000007
[SYS] CMD RD           | 0x00000007 | 0x00000006 | 0x00000007
[SYS] ------------------------ Info ----------------------------
[SYS]                  | Downlink           | Uplink
[SYS] RF / fine Gain   |     17 /   -2.1    | 0x42
[SYS] PwrAvg(dBFs/dBm) | N/A                | N/A
[SYS] PwrMax(dBFS)     | N/A                | N/A
[SYS] Showtime 69 seconds

[SYS] ------------------------ Data Direction -------------------
[SYS]                  | Downlink           | Uplink
[SYS] CPlane Total     | 0x0000000000000000 | 0x0000000000000000
[SYS] CPlane OnTime    | 0x0000000000000000 | 0x0000000000000000
[SYS] CPlane Early     | 0x0000000000000000 | 0x0000000000000000
[SYS] CPlane Late      | 0x0000000000000000 | 0x0000000000000000
[SYS] CPlane Corrupt   | 0x0000000000000000 | 0x0000000000000000
[SYS] UPlane Total     | 0x0000000000000000 | 0x0000000000000000
[SYS] UPlane OnTime    | 0x0000000000000000 | N/A
[SYS] UPlane Ealry     | 0x0000000000000000 | N/A
[SYS] UPlane Late      | 0x0000000000000000 | N/A
[SYS] UPlane Corrupt   | 0x0000000000000000 | N/A
[SYS] Eth Pkt Good     | 0x00000769         | 0x000014aa
[SYS] Eth Pkt Drop     | 0x00000000         | 0x00000000
[SYS] AXIQ status      | 0x00000303         | 0x00010101
[SYS] ------------------------ Tasks ---------------------------
[SYS]                  | UP         | CP         | RT
[SYS] Error            | 0x00000000 | 0x00000000 | 0x00000000
[SYS] Heartbeats       | 0x01ba4268 | N/A        | N/A
[SYS] Counts           | 0x00000000 | N/A        | 0x00000000
[SYS] Drops            | 0x00000000 | N/A        | 0x00000000
[SYS] ------------------------ VSPAs ---------------------------
[SYS]                  | 0          | 1          | 2
[SYS] Error            | 0x00000000 | 0x00000000 | 0x00000000
[SYS] SYM WR           | 0x00000014 | N/A        | 0x00000012
[SYS] SYM RD           | 0x00000014 | N/A        | 0x00000012
[SYS] CMD WR           | 0x00000007 | 0x00000006 | 0x00000007
[SYS] CMD RD           | 0x00000007 | 0x00000006 | 0x00000007
[SYS] ------------------------ Info ----------------------------
[SYS]                  | Downlink           | Uplink
[SYS] RF / fine Gain   |     17 /   -2.1    | 0x42
[SYS] PwrAvg(dBFs/dBm) | N/A                | N/A
[SYS] PwrMax(dBFS)     | N/A                | N/A
[SYS] Showtime 70 seconds

[SYS] ------------------------ Data Direction -------------------
[SYS]                  | Downlink           | Uplink
[SYS] CPlane Total     | 0x0000000000000000 | 0x0000000000000000
[SYS] CPlane OnTime    | 0x0000000000000000 | 0x0000000000000000
[SYS] CPlane Early     | 0x0000000000000000 | 0x0000000000000000
[SYS] CPlane Late      | 0x0000000000000000 | 0x0000000000000000
[SYS] CPlane Corrupt   | 0x0000000000000000 | 0x0000000000000000
[SYS] UPlane Total     | 0x0000000000000000 | 0x0000000000000000
[SYS] UPlane OnTime    | 0x0000000000000000 | N/A
[SYS] UPlane Ealry     | 0x0000000000000000 | N/A
[SYS] UPlane Late      | 0x0000000000000000 | N/A
[SYS] UPlane Corrupt   | 0x0000000000000000 | N/A
[SYS] Eth Pkt Good     | 0x0000076a         | 0x000014cd
[SYS] Eth Pkt Drop     | 0x00000000         | 0x00000000
[SYS] AXIQ status      | 0x00000303         | 0x00010101
[SYS] ------------------------ Tasks ---------------------------
[SYS]                  | UP         | CP         | RT
[SYS] Error            | 0x00000000 | 0x00000000 | 0x00000000
[SYS] Heartbeats       | 0x01c07d64 | N/A        | N/A
[SYS] Counts           | 0x00000000 | N/A        | 0x00000000
[SYS] Drops            | 0x00000000 | N/A        | 0x00000000
[SYS] ------------------------ VSPAs ---------------------------
[SYS]                  | 0          | 1          | 2
[SYS] Error            | 0x00000000 | 0x00000000 | 0x00000000
[SYS] SYM WR           | 0x00000014 | N/A        | 0x00000012
[SYS] SYM RD           | 0x00000014 | N/A        | 0x00000012
[SYS] CMD WR           | 0x00000007 | 0x00000006 | 0x00000007
[SYS] CMD RD           | 0x00000007 | 0x00000006 | 0x00000007
[SYS] ------------------------ Info ----------------------------
[SYS]                  | Downlink           | Uplink
[SYS] RF / fine Gain   |     17 /   -2.1    | 0x42
[SYS] PwrAvg(dBFs/dBm) | N/A                | N/A
[SYS] PwrMax(dBFS)     | N/A                | N/A
[SYS] Showtime 71 seconds

[SYS] ------------------------ Data Direction -------------------
[SYS]                  | Downlink           | Uplink
[SYS] CPlane Total     | 0x0000000000000000 | 0x0000000000000000
[SYS] CPlane OnTime    | 0x0000000000000000 | 0x0000000000000000
[SYS] CPlane Early     | 0x0000000000000000 | 0x0000000000000000
[SYS] CPlane Late      | 0x0000000000000000 | 0x0000000000000000
[SYS] CPlane Corrupt   | 0x0000000000000000 | 0x0000000000000000
[SYS] UPlane Total     | 0x0000000000000000 | 0x0000000000000000
[SYS] UPlane OnTime    | 0x0000000000000000 | N/A
[SYS] UPlane Ealry     | 0x0000000000000000 | N/A
[SYS] UPlane Late      | 0x0000000000000000 | N/A
[SYS] UPlane Corrupt   | 0x0000000000000000 | N/A
[SYS] Eth Pkt Good     | 0x0000076c         | 0x000014f1
[SYS] Eth Pkt Drop     | 0x00000000         | 0x00000000
[SYS] AXIQ status      | 0x00000303         | 0x00010101
[SYS] ------------------------ Tasks ---------------------------
[SYS]                  | UP         | CP         | RT
[SYS] Error            | 0x00000000 | 0x00000000 | 0x00000000
[SYS] Heartbeats       | 0x01c6bb24 | N/A        | N/A
[SYS] Counts           | 0x00000000 | N/A        | 0x00000000
[SYS] Drops            | 0x00000000 | N/A        | 0x00000000
[SYS] ------------------------ VSPAs ---------------------------
[SYS]                  | 0          | 1          | 2
[SYS] Error            | 0x00000000 | 0x00000000 | 0x00000000
[SYS] SYM WR           | 0x00000014 | N/A        | 0x00000012
[SYS] SYM RD           | 0x00000014 | N/A        | 0x00000012
[SYS] CMD WR           | 0x00000007 | 0x00000006 | 0x00000007
[SYS] CMD RD           | 0x00000007 | 0x00000006 | 0x00000007
[SYS] ------------------------ Info ----------------------------
[SYS]                  | Downlink           | Uplink
[SYS] RF / fine Gain   |     17 /   -2.1    | 0x42
[SYS] PwrAvg(dBFs/dBm) | N/A                | N/A
[SYS] PwrMax(dBFS)     | N/A                | N/A
[SYS] Showtime 72 seconds

[SYS] ------------------------ Data Direction -------------------
[SYS]                  | Downlink           | Uplink
[SYS] CPlane Total     | 0x0000000000000000 | 0x0000000000000000
[SYS] CPlane OnTime    | 0x0000000000000000 | 0x0000000000000000
[SYS] CPlane Early     | 0x0000000000000000 | 0x0000000000000000
[SYS] CPlane Late      | 0x0000000000000000 | 0x0000000000000000
[SYS] CPlane Corrupt   | 0x0000000000000000 | 0x0000000000000000
[SYS] UPlane Total     | 0x0000000000000000 | 0x0000000000000000
[SYS] UPlane OnTime    | 0x0000000000000000 | N/A
[SYS] UPlane Ealry     | 0x0000000000000000 | N/A
[SYS] UPlane Late      | 0x0000000000000000 | N/A
[SYS] UPlane Corrupt   | 0x0000000000000000 | N/A
[SYS] Eth Pkt Good     | 0x0000076d         | 0x00001514
[SYS] Eth Pkt Drop     | 0x00000000         | 0x00000000
[SYS] AXIQ status      | 0x00000303         | 0x00010101
[SYS] ------------------------ Tasks ---------------------------
[SYS]                  | UP         | CP         | RT
[SYS] Error            | 0x00000000 | 0x00000000 | 0x00000000
[SYS] Heartbeats       | 0x01ccf600 | N/A        | N/A
[SYS] Counts           | 0x00000000 | N/A        | 0x00000000
[SYS] Drops            | 0x00000000 | N/A        | 0x00000000
[SYS] ------------------------ VSPAs ---------------------------
[SYS]                  | 0          | 1          | 2
[SYS] Error            | 0x00000000 | 0x00000000 | 0x00000000
[SYS] SYM WR           | 0x00000014 | N/A        | 0x00000012
[SYS] SYM RD           | 0x00000014 | N/A        | 0x00000012
[SYS] CMD WR           | 0x00000007 | 0x00000006 | 0x00000007
[SYS] CMD RD           | 0x00000007 | 0x00000006 | 0x00000007
[SYS] ------------------------ Info ----------------------------
[SYS]                  | Downlink           | Uplink
[SYS] RF / fine Gain   |     17 /   -2.1    | 0x42
[SYS] PwrAvg(dBFs/dBm) | N/A                | N/A
[SYS] PwrMax(dBFS)     | N/A                | N/A
[SYS] Showtime 73 seconds

[SYS] ------------------------ Data Direction -------------------
[SYS]                  | Downlink           | Uplink
[SYS] CPlane Total     | 0x0000000000000000 | 0x0000000000000000
[SYS] CPlane OnTime    | 0x0000000000000000 | 0x0000000000000000
[SYS] CPlane Early     | 0x0000000000000000 | 0x0000000000000000
[SYS] CPlane Late      | 0x0000000000000000 | 0x0000000000000000
[SYS] CPlane Corrupt   | 0x0000000000000000 | 0x0000000000000000
[SYS] UPlane Total     | 0x0000000000000000 | 0x0000000000000000
[SYS] UPlane OnTime    | 0x0000000000000000 | N/A
[SYS] UPlane Ealry     | 0x0000000000000000 | N/A
[SYS] UPlane Late      | 0x0000000000000000 | N/A
[SYS] UPlane Corrupt   | 0x0000000000000000 | N/A
[SYS] Eth Pkt Good     | 0x0000076f         | 0x00001538
[SYS] Eth Pkt Drop     | 0x00000000         | 0x00000000
[SYS] AXIQ status      | 0x00000303         | 0x00010101
[SYS] ------------------------ Tasks ---------------------------
[SYS]                  | UP         | CP         | RT
[SYS] Error            | 0x00000000 | 0x00000000 | 0x00000000
[SYS] Heartbeats       | 0x01d330d5 | N/A        | N/A
[SYS] Counts           | 0x00000000 | N/A        | 0x00000000
[SYS] Drops            | 0x00000000 | N/A        | 0x00000000
[SYS] ------------------------ VSPAs ---------------------------
[SYS]                  | 0          | 1          | 2
[SYS] Error            | 0x00000000 | 0x00000000 | 0x00000000
[SYS] SYM WR           | 0x00000014 | N/A        | 0x00000012
[SYS] SYM RD           | 0x00000014 | N/A        | 0x00000012
[SYS] CMD WR           | 0x00000007 | 0x00000006 | 0x00000007
[SYS] CMD RD           | 0x00000007 | 0x00000006 | 0x00000007
[SYS] ------------------------ Info ----------------------------
[SYS]                  | Downlink           | Uplink
[SYS] RF / fine Gain   |     17 /   -2.1    | 0x42
[SYS] PwrAvg(dBFs/dBm) | N/A                | N/A
[SYS] PwrMax(dBFS)     | N/A                | N/A
[SYS] Showtime 74 seconds

[SYS] ------------------------ Data Direction -------------------
[SYS]                  | Downlink           | Uplink
[SYS] CPlane Total     | 0x0000000000000000 | 0x0000000000000000
[SYS] CPlane OnTime    | 0x0000000000000000 | 0x0000000000000000
[SYS] CPlane Early     | 0x0000000000000000 | 0x0000000000000000
[SYS] CPlane Late      | 0x0000000000000000 | 0x0000000000000000
[SYS] CPlane Corrupt   | 0x0000000000000000 | 0x0000000000000000
[SYS] UPlane Total     | 0x0000000000000000 | 0x0000000000000000
[SYS] UPlane OnTime    | 0x0000000000000000 | N/A
[SYS] UPlane Ealry     | 0x0000000000000000 | N/A
[SYS] UPlane Late      | 0x0000000000000000 | N/A
[SYS] UPlane Corrupt   | 0x0000000000000000 | N/A
[SYS] Eth Pkt Good     | 0x00000782         | 0x0000156d
[SYS] Eth Pkt Drop     | 0x00000000         | 0x00000000
[SYS] AXIQ status      | 0x00000303         | 0x00010101
[SYS] ------------------------ Tasks ---------------------------
[SYS]                  | UP         | CP         | RT
[SYS] Error            | 0x00000000 | 0x00000000 | 0x00000000
[SYS] Heartbeats       | 0x01d977fc | N/A        | N/A
[SYS] Counts           | 0x00000000 | N/A        | 0x00000000
[SYS] Drops            | 0x00000000 | N/A        | 0x00000000
[SYS] ------------------------ VSPAs ---------------------------
[SYS]                  | 0          | 1          | 2
[SYS] Error            | 0x00000000 | 0x00000000 | 0x00000000
[SYS] SYM WR           | 0x00000014 | N/A        | 0x00000012
[SYS] SYM RD           | 0x00000014 | N/A        | 0x00000012
[SYS] CMD WR           | 0x00000007 | 0x00000006 | 0x00000007
[SYS] CMD RD           | 0x00000007 | 0x00000006 | 0x00000007
[SYS] ------------------------ Info ----------------------------
[SYS]                  | Downlink           | Uplink
[SYS] RF / fine Gain   |     17 /   -2.1    | 0x42
[SYS] PwrAvg(dBFs/dBm) | N/A                | N/A
[SYS] PwrMax(dBFS)     | N/A                | N/A
[SYS] Showtime 75 seconds

[SYS] ------------------------ Data Direction -------------------
[SYS]                  | Downlink           | Uplink
[SYS] CPlane Total     | 0x0000000000000000 | 0x0000000000000000
[SYS] CPlane OnTime    | 0x0000000000000000 | 0x0000000000000000
[SYS] CPlane Early     | 0x0000000000000000 | 0x0000000000000000
[SYS] CPlane Late      | 0x0000000000000000 | 0x0000000000000000
[SYS] CPlane Corrupt   | 0x0000000000000000 | 0x0000000000000000
[SYS] UPlane Total     | 0x0000000000000000 | 0x0000000000000000
[SYS] UPlane OnTime    | 0x0000000000000000 | N/A
[SYS] UPlane Ealry     | 0x0000000000000000 | N/A
[SYS] UPlane Late      | 0x0000000000000000 | N/A
[SYS] UPlane Corrupt   | 0x0000000000000000 | N/A
[SYS] Eth Pkt Good     | 0x00000790         | 0x0000159c
[SYS] Eth Pkt Drop     | 0x00000000         | 0x00000000
[SYS] AXIQ status      | 0x00000303         | 0x00010101
[SYS] ------------------------ Tasks ---------------------------
[SYS]                  | UP         | CP         | RT
[SYS] Error            | 0x00000000 | 0x00000000 | 0x00000000
[SYS] Heartbeats       | 0x01dfb4cb | N/A        | N/A
[SYS] Counts           | 0x00000000 | N/A        | 0x00000000
[SYS] Drops            | 0x00000000 | N/A        | 0x00000000
[SYS] ------------------------ VSPAs ---------------------------
[SYS]                  | 0          | 1          | 2
[SYS] Error            | 0x00000000 | 0x00000000 | 0x00000000
[SYS] SYM WR           | 0x00000014 | N/A        | 0x00000012
[SYS] SYM RD           | 0x00000014 | N/A        | 0x00000012
[SYS] CMD WR           | 0x00000007 | 0x00000006 | 0x00000007
[SYS] CMD RD           | 0x00000007 | 0x00000006 | 0x00000007
[SYS] ------------------------ Info ----------------------------
[SYS]                  | Downlink           | Uplink
[SYS] RF / fine Gain   |     17 /   -2.1    | 0x42
[SYS] PwrAvg(dBFs/dBm) | N/A                | N/A
[SYS] PwrMax(dBFS)     | N/A                | N/A
[SYS] Showtime 76 seconds

[SYS] ------------------------ Data Direction -------------------
[SYS]                  | Downlink           | Uplink
[SYS] CPlane Total     | 0x0000000000000000 | 0x0000000000000000
[SYS] CPlane OnTime    | 0x0000000000000000 | 0x0000000000000000
[SYS] CPlane Early     | 0x0000000000000000 | 0x0000000000000000
[SYS] CPlane Late      | 0x0000000000000000 | 0x0000000000000000
[SYS] CPlane Corrupt   | 0x0000000000000000 | 0x0000000000000000
[SYS] UPlane Total     | 0x0000000000000000 | 0x0000000000000000
[SYS] UPlane OnTime    | 0x0000000000000000 | N/A
[SYS] UPlane Ealry     | 0x0000000000000000 | N/A
[SYS] UPlane Late      | 0x0000000000000000 | N/A
[SYS] UPlane Corrupt   | 0x0000000000000000 | N/A
[SYS] Eth Pkt Good     | 0x00000791         | 0x000015c0
[SYS] Eth Pkt Drop     | 0x00000000         | 0x00000000
[SYS] AXIQ status      | 0x00000303         | 0x00010101
[SYS] ------------------------ Tasks ---------------------------
[SYS]                  | UP         | CP         | RT
[SYS] Error            | 0x00000000 | 0x00000000 | 0x00000000
[SYS] Heartbeats       | 0x01e5efaf | N/A        | N/A
[SYS] Counts           | 0x00000000 | N/A        | 0x00000000
[SYS] Drops            | 0x00000000 | N/A        | 0x00000000
[SYS] ------------------------ VSPAs ---------------------------
[SYS]                  | 0          | 1          | 2
[SYS] Error            | 0x00000000 | 0x00000000 | 0x00000000
[SYS] SYM WR           | 0x00000014 | N/A        | 0x00000012
[SYS] SYM RD           | 0x00000014 | N/A        | 0x00000012
[SYS] CMD WR           | 0x00000007 | 0x00000006 | 0x00000007
[SYS] CMD RD           | 0x00000007 | 0x00000006 | 0x00000007
[SYS] ------------------------ Info ----------------------------
[SYS]                  | Downlink           | Uplink
[SYS] RF / fine Gain   |     17 /   -2.1    | 0x42
[SYS] PwrAvg(dBFs/dBm) | N/A                | N/A
[SYS] PwrMax(dBFS)     | N/A                | N/A
[SYS] Showtime 77 seconds

[SYS] ------------------------ Data Direction -------------------
[SYS]                  | Downlink           | Uplink
[SYS] CPlane Total     | 0x0000000000000000 | 0x0000000000000000
[SYS] CPlane OnTime    | 0x0000000000000000 | 0x0000000000000000
[SYS] CPlane Early     | 0x0000000000000000 | 0x0000000000000000
[SYS] CPlane Late      | 0x0000000000000000 | 0x0000000000000000
[SYS] CPlane Corrupt   | 0x0000000000000000 | 0x0000000000000000
[SYS] UPlane Total     | 0x0000000000000000 | 0x0000000000000000
[SYS] UPlane OnTime    | 0x0000000000000000 | N/A
[SYS] UPlane Ealry     | 0x0000000000000000 | N/A
[SYS] UPlane Late      | 0x0000000000000000 | N/A
[SYS] UPlane Corrupt   | 0x0000000000000000 | N/A
[SYS] Eth Pkt Good     | 0x00000792         | 0x000015e3
[SYS] Eth Pkt Drop     | 0x00000000         | 0x00000000
[SYS] AXIQ status      | 0x00000303         | 0x00010101
[SYS] ------------------------ Tasks ---------------------------
[SYS]                  | UP         | CP         | RT
[SYS] Error            | 0x00000000 | 0x00000000 | 0x00000000
[SYS] Heartbeats       | 0x01ec2a9e | N/A        | N/A
[SYS] Counts           | 0x00000000 | N/A        | 0x00000000
[SYS] Drops            | 0x00000000 | N/A        | 0x00000000
[SYS] ------------------------ VSPAs ---------------------------
[SYS]                  | 0          | 1          | 2
[SYS] Error            | 0x00000000 | 0x00000000 | 0x00000000
[SYS] SYM WR           | 0x00000014 | N/A        | 0x00000012
[SYS] SYM RD           | 0x00000014 | N/A        | 0x00000012
[SYS] CMD WR           | 0x00000007 | 0x00000006 | 0x00000007
[SYS] CMD RD           | 0x00000007 | 0x00000006 | 0x00000007
[SYS] ------------------------ Info ----------------------------
[SYS]                  | Downlink           | Uplink
[SYS] RF / fine Gain   |     17 /   -2.1    | 0x42
[SYS] PwrAvg(dBFs/dBm) | N/A                | N/A
[SYS] PwrMax(dBFS)     | N/A                | N/A
[SYS] Showtime 78 seconds

[SYS] ------------------------ Data Direction -------------------
[SYS]                  | Downlink           | Uplink
[SYS] CPlane Total     | 0x0000000000000000 | 0x0000000000000000
[SYS] CPlane OnTime    | 0x0000000000000000 | 0x0000000000000000
[SYS] CPlane Early     | 0x0000000000000000 | 0x0000000000000000
[SYS] CPlane Late      | 0x0000000000000000 | 0x0000000000000000
[SYS] CPlane Corrupt   | 0x0000000000000000 | 0x0000000000000000
[SYS] UPlane Total     | 0x0000000000000000 | 0x0000000000000000
[SYS] UPlane OnTime    | 0x0000000000000000 | N/A
[SYS] UPlane Ealry     | 0x0000000000000000 | N/A
[SYS] UPlane Late      | 0x0000000000000000 | N/A
[SYS] UPlane Corrupt   | 0x0000000000000000 | N/A
[SYS] Eth Pkt Good     | 0x00000794         | 0x00001607
[SYS] Eth Pkt Drop     | 0x00000000         | 0x00000000
[SYS] AXIQ status      | 0x00000303         | 0x00010101
[SYS] ------------------------ Tasks ---------------------------
[SYS]                  | UP         | CP         | RT
[SYS] Error            | 0x00000000 | 0x00000000 | 0x00000000
[SYS] Heartbeats       | 0x01f2685a | N/A        | N/A
[SYS] Counts           | 0x00000000 | N/A        | 0x00000000
[SYS] Drops            | 0x00000000 | N/A        | 0x00000000
[SYS] ------------------------ VSPAs ---------------------------
[SYS]                  | 0          | 1          | 2
[SYS] Error            | 0x00000000 | 0x00000000 | 0x00000000
[SYS] SYM WR           | 0x00000014 | N/A        | 0x00000012
[SYS] SYM RD           | 0x00000014 | N/A        | 0x00000012
[SYS] CMD WR           | 0x00000007 | 0x00000006 | 0x00000007
[SYS] CMD RD           | 0x00000007 | 0x00000006 | 0x00000007
[SYS] ------------------------ Info ----------------------------
[SYS]                  | Downlink           | Uplink
[SYS] RF / fine Gain   |     17 /   -2.1    | 0x42
[SYS] PwrAvg(dBFs/dBm) | N/A                | N/A
[SYS] PwrMax(dBFS)     | N/A                | N/A
[SYS] Showtime 79 seconds

[SYS] ------------------------ Data Direction -------------------
[SYS]                  | Downlink           | Uplink
[SYS] CPlane Total     | 0x0000000000000000 | 0x0000000000000000
[SYS] CPlane OnTime    | 0x0000000000000000 | 0x0000000000000000
[SYS] CPlane Early     | 0x0000000000000000 | 0x0000000000000000
[SYS] CPlane Late      | 0x0000000000000000 | 0x0000000000000000
[SYS] CPlane Corrupt   | 0x0000000000000000 | 0x0000000000000000
[SYS] UPlane Total     | 0x0000000000000000 | 0x0000000000000000
[SYS] UPlane OnTime    | 0x0000000000000000 | N/A
[SYS] UPlane Ealry     | 0x0000000000000000 | N/A
[SYS] UPlane Late      | 0x0000000000000000 | N/A
[SYS] UPlane Corrupt   | 0x0000000000000000 | N/A
[SYS] Eth Pkt Good     | 0x00000795         | 0x0000162a
[SYS] Eth Pkt Drop     | 0x00000000         | 0x00000000
[SYS] AXIQ status      | 0x00000303         | 0x00010101
[SYS] ------------------------ Tasks ---------------------------
[SYS]                  | UP         | CP         | RT
[SYS] Error            | 0x00000000 | 0x00000000 | 0x00000000
[SYS] Heartbeats       | 0x01f8a33f | N/A        | N/A
[SYS] Counts           | 0x00000000 | N/A        | 0x00000000
[SYS] Drops            | 0x00000000 | N/A        | 0x00000000
[SYS] ------------------------ VSPAs ---------------------------
[SYS]                  | 0          | 1          | 2
[SYS] Error            | 0x00000000 | 0x00000000 | 0x00000000
[SYS] SYM WR           | 0x00000014 | N/A        | 0x00000012
[SYS] SYM RD           | 0x00000014 | N/A        | 0x00000012
[SYS] CMD WR           | 0x00000007 | 0x00000006 | 0x00000007
[SYS] CMD RD           | 0x00000007 | 0x00000006 | 0x00000007
[SYS] ------------------------ Info ----------------------------
[SYS]                  | Downlink           | Uplink
[SYS] RF / fine Gain   |     17 /   -2.1    | 0x42
[SYS] PwrAvg(dBFs/dBm) | N/A                | N/A
[SYS] PwrMax(dBFS)     | N/A                | N/A
[SYS] Showtime 80 seconds

[SYS] ------------------------ Data Direction -------------------
[SYS]                  | Downlink           | Uplink
[SYS] CPlane Total     | 0x0000000000000000 | 0x0000000000000000
[SYS] CPlane OnTime    | 0x0000000000000000 | 0x0000000000000000
[SYS] CPlane Early     | 0x0000000000000000 | 0x0000000000000000
[SYS] CPlane Late      | 0x0000000000000000 | 0x0000000000000000
[SYS] CPlane Corrupt   | 0x0000000000000000 | 0x0000000000000000
[SYS] UPlane Total     | 0x0000000000000000 | 0x0000000000000000
[SYS] UPlane OnTime    | 0x0000000000000000 | N/A
[SYS] UPlane Ealry     | 0x0000000000000000 | N/A
[SYS] UPlane Late      | 0x0000000000000000 | N/A
[SYS] UPlane Corrupt   | 0x0000000000000000 | N/A
[SYS] Eth Pkt Good     | 0x00000797         | 0x0000164e
[SYS] Eth Pkt Drop     | 0x00000000         | 0x00000000
[SYS] AXIQ status      | 0x00000303         | 0x00010101
[SYS] ------------------------ Tasks ---------------------------
[SYS]                  | UP         | CP         | RT
[SYS] Error            | 0x00000000 | 0x00000000 | 0x00000000
[SYS] Heartbeats       | 0x01fede20 | N/A        | N/A
[SYS] Counts           | 0x00000000 | N/A        | 0x00000000
[SYS] Drops            | 0x00000000 | N/A        | 0x00000000
[SYS] ------------------------ VSPAs ---------------------------
[SYS]                  | 0          | 1          | 2
[SYS] Error            | 0x00000000 | 0x00000000 | 0x00000000
[SYS] SYM WR           | 0x00000014 | N/A        | 0x00000012
[SYS] SYM RD           | 0x00000014 | N/A        | 0x00000012
[SYS] CMD WR           | 0x00000007 | 0x00000006 | 0x00000007
[SYS] CMD RD           | 0x00000007 | 0x00000006 | 0x00000007
[SYS] ------------------------ Info ----------------------------
[SYS]                  | Downlink           | Uplink
[SYS] RF / fine Gain   |     17 /   -2.1    | 0x42
[SYS] PwrAvg(dBFs/dBm) | N/A                | N/A
[SYS] PwrMax(dBFS)     | N/A                | N/A
[SYS] Showtime 81 seconds

[SYS] ------------------------ Data Direction -------------------
[SYS]                  | Downlink           | Uplink
[SYS] CPlane Total     | 0x0000000000000000 | 0x0000000000000000
[SYS] CPlane OnTime    | 0x0000000000000000 | 0x0000000000000000
[SYS] CPlane Early     | 0x0000000000000000 | 0x0000000000000000
[SYS] CPlane Late      | 0x0000000000000000 | 0x0000000000000000
[SYS] CPlane Corrupt   | 0x0000000000000000 | 0x0000000000000000
[SYS] UPlane Total     | 0x0000000000000000 | 0x0000000000000000
[SYS] UPlane OnTime    | 0x0000000000000000 | N/A
[SYS] UPlane Ealry     | 0x0000000000000000 | N/A
[SYS] UPlane Late      | 0x0000000000000000 | N/A
[SYS] UPlane Corrupt   | 0x0000000000000000 | N/A
[SYS] Eth Pkt Good     | 0x00000798         | 0x00001671
[SYS] Eth Pkt Drop     | 0x00000000         | 0x00000000
[SYS] AXIQ status      | 0x00000303         | 0x00010101
[SYS] ------------------------ Tasks ---------------------------
[SYS]                  | UP         | CP         | RT
[SYS] Error            | 0x00000000 | 0x00000000 | 0x00000000
[SYS] Heartbeats       | 0x02052679 | N/A        | N/A
[SYS] Counts           | 0x00000000 | N/A        | 0x00000000
[SYS] Drops            | 0x00000000 | N/A        | 0x00000000
[SYS] ------------------------ VSPAs ---------------------------
[SYS]                  | 0          | 1          | 2
[SYS] Error            | 0x00000000 | 0x00000000 | 0x00000000
[SYS] SYM WR           | 0x00000014 | N/A        | 0x00000012
[SYS] SYM RD           | 0x00000014 | N/A        | 0x00000012
[SYS] CMD WR           | 0x00000007 | 0x00000006 | 0x00000007
[SYS] CMD RD           | 0x00000007 | 0x00000006 | 0x00000007
[SYS] ------------------------ Info ----------------------------
[SYS]                  | Downlink           | Uplink
[SYS] RF / fine Gain   |     17 /   -2.1    | 0x42
[SYS] PwrAvg(dBFs/dBm) | N/A                | N/A
[SYS] PwrMax(dBFS)     | N/A                | N/A
[SYS] Showtime 82 seconds

[SYS] ------------------------ Data Direction -------------------
[SYS]                  | Downlink           | Uplink
[SYS] CPlane Total     | 0x0000000000000000 | 0x0000000000000000
[SYS] CPlane OnTime    | 0x0000000000000000 | 0x0000000000000000
[SYS] CPlane Early     | 0x0000000000000000 | 0x0000000000000000
[SYS] CPlane Late      | 0x0000000000000000 | 0x0000000000000000
[SYS] CPlane Corrupt   | 0x0000000000000000 | 0x0000000000000000
[SYS] UPlane Total     | 0x0000000000000000 | 0x0000000000000000
[SYS] UPlane OnTime    | 0x0000000000000000 | N/A
[SYS] UPlane Ealry     | 0x0000000000000000 | N/A
[SYS] UPlane Late      | 0x0000000000000000 | N/A
[SYS] UPlane Corrupt   | 0x0000000000000000 | N/A
[SYS] Eth Pkt Good     | 0x0000079a         | 0x00001694
[SYS] Eth Pkt Drop     | 0x00000000         | 0x00000000
[SYS] AXIQ status      | 0x00000303         | 0x00010101
[SYS] ------------------------ Tasks ---------------------------
[SYS]                  | UP         | CP         | RT
[SYS] Error            | 0x00000000 | 0x00000000 | 0x00000000
[SYS] Heartbeats       | 0x020b6216 | N/A        | N/A
[SYS] Counts           | 0x00000000 | N/A        | 0x00000000
[SYS] Drops            | 0x00000000 | N/A        | 0x00000000
[SYS] ------------------------ VSPAs ---------------------------
[SYS]                  | 0          | 1          | 2
[SYS] Error            | 0x00000000 | 0x00000000 | 0x00000000
[SYS] SYM WR           | 0x00000014 | N/A        | 0x00000012
[SYS] SYM RD           | 0x00000014 | N/A        | 0x00000012
[SYS] CMD WR           | 0x00000007 | 0x00000006 | 0x00000007
[SYS] CMD RD           | 0x00000007 | 0x00000006 | 0x00000007
[SYS] ------------------------ Info ----------------------------
[SYS]                  | Downlink           | Uplink
[SYS] RF / fine Gain   |     17 /   -2.1    | 0x42
[SYS] PwrAvg(dBFs/dBm) | N/A                | N/A
[SYS] PwrMax(dBFS)     | N/A                | N/A
[SYS] Showtime 83 seconds

[SYS] ------------------------ Data Direction -------------------
[SYS]                  | Downlink           | Uplink
[SYS] CPlane Total     | 0x0000000000000000 | 0x0000000000000000
[SYS] CPlane OnTime    | 0x0000000000000000 | 0x0000000000000000
[SYS] CPlane Early     | 0x0000000000000000 | 0x0000000000000000
[SYS] CPlane Late      | 0x0000000000000000 | 0x0000000000000000
[SYS] CPlane Corrupt   | 0x0000000000000000 | 0x0000000000000000
[SYS] UPlane Total     | 0x0000000000000000 | 0x0000000000000000
[SYS] UPlane OnTime    | 0x0000000000000000 | N/A
[SYS] UPlane Ealry     | 0x0000000000000000 | N/A
[SYS] UPlane Late      | 0x0000000000000000 | N/A
[SYS] UPlane Corrupt   | 0x0000000000000000 | N/A
[SYS] Eth Pkt Good     | 0x0000079b         | 0x000016b8
[SYS] Eth Pkt Drop     | 0x00000000         | 0x00000000
[SYS] AXIQ status      | 0x00000303         | 0x00010101
[SYS] ------------------------ Tasks ---------------------------
[SYS]                  | UP         | CP         | RT
[SYS] Error            | 0x00000000 | 0x00000000 | 0x00000000
[SYS] Heartbeats       | 0x02119cf4 | N/A        | N/A
[SYS] Counts           | 0x00000000 | N/A        | 0x00000000
[SYS] Drops            | 0x00000000 | N/A        | 0x00000000
[SYS] ------------------------ VSPAs ---------------------------
[SYS]                  | 0          | 1          | 2
[SYS] Error            | 0x00000000 | 0x00000000 | 0x00000000
[SYS] SYM WR           | 0x00000014 | N/A        | 0x00000012
[SYS] SYM RD           | 0x00000014 | N/A        | 0x00000012
[SYS] CMD WR           | 0x00000007 | 0x00000006 | 0x00000007
[SYS] CMD RD           | 0x00000007 | 0x00000006 | 0x00000007
[SYS] ------------------------ Info ----------------------------
[SYS]                  | Downlink           | Uplink
[SYS] RF / fine Gain   |     17 /   -2.1    | 0x42
[SYS] PwrAvg(dBFs/dBm) | N/A                | N/A
[SYS] PwrMax(dBFS)     | N/A                | N/A
[SYS] Showtime 84 seconds

[SYS] ------------------------ Data Direction -------------------
[SYS]                  | Downlink           | Uplink
[SYS] CPlane Total     | 0x0000000000000000 | 0x0000000000000000
[SYS] CPlane OnTime    | 0x0000000000000000 | 0x0000000000000000
[SYS] CPlane Early     | 0x0000000000000000 | 0x0000000000000000
[SYS] CPlane Late      | 0x0000000000000000 | 0x0000000000000000
[SYS] CPlane Corrupt   | 0x0000000000000000 | 0x0000000000000000
[SYS] UPlane Total     | 0x0000000000000000 | 0x0000000000000000
[SYS] UPlane OnTime    | 0x0000000000000000 | N/A
[SYS] UPlane Ealry     | 0x0000000000000000 | N/A
[SYS] UPlane Late      | 0x0000000000000000 | N/A
[SYS] UPlane Corrupt   | 0x0000000000000000 | N/A
[SYS] Eth Pkt Good     | 0x0000079c         | 0x000016db
[SYS] Eth Pkt Drop     | 0x00000000         | 0x00000000
[SYS] AXIQ status      | 0x00000303         | 0x00010101
[SYS] ------------------------ Tasks ---------------------------
[SYS]                  | UP         | CP         | RT
[SYS] Error            | 0x00000000 | 0x00000000 | 0x00000000
[SYS] Heartbeats       | 0x0217d7e5 | N/A        | N/A
[SYS] Counts           | 0x00000000 | N/A        | 0x00000000
[SYS] Drops            | 0x00000000 | N/A        | 0x00000000
[SYS] ------------------------ VSPAs ---------------------------
[SYS]                  | 0          | 1          | 2
[SYS] Error            | 0x00000000 | 0x00000000 | 0x00000000
[SYS] SYM WR           | 0x00000014 | N/A        | 0x00000012
[SYS] SYM RD           | 0x00000014 | N/A        | 0x00000012
[SYS] CMD WR           | 0x00000007 | 0x00000006 | 0x00000007
[SYS] CMD RD           | 0x00000007 | 0x00000006 | 0x00000007
[SYS] ------------------------ Info ----------------------------
[SYS]                  | Downlink           | Uplink
[SYS] RF / fine Gain   |     17 /   -2.1    | 0x42
[SYS] PwrAvg(dBFs/dBm) | N/A                | N/A
[SYS] PwrMax(dBFS)     | N/A                | N/A
[SYS] Showtime 85 seconds

[SYS] ------------------------ Data Direction -------------------
[SYS]                  | Downlink           | Uplink
[SYS] CPlane Total     | 0x0000000000000000 | 0x0000000000000000
[SYS] CPlane OnTime    | 0x0000000000000000 | 0x0000000000000000
[SYS] CPlane Early     | 0x0000000000000000 | 0x0000000000000000
[SYS] CPlane Late      | 0x0000000000000000 | 0x0000000000000000
[SYS] CPlane Corrupt   | 0x0000000000000000 | 0x0000000000000000
[SYS] UPlane Total     | 0x0000000000000000 | 0x0000000000000000
[SYS] UPlane OnTime    | 0x0000000000000000 | N/A
[SYS] UPlane Ealry     | 0x0000000000000000 | N/A
[SYS] UPlane Late      | 0x0000000000000000 | N/A
[SYS] UPlane Corrupt   | 0x0000000000000000 | N/A
[SYS] Eth Pkt Good     | 0x0000079e         | 0x000016ff
[SYS] Eth Pkt Drop     | 0x00000000         | 0x00000000
[SYS] AXIQ status      | 0x00000303         | 0x00010101
[SYS] ------------------------ Tasks ---------------------------
[SYS]                  | UP         | CP         | RT
[SYS] Error            | 0x00000000 | 0x00000000 | 0x00000000
[SYS] Heartbeats       | 0x021e159a | N/A        | N/A
[SYS] Counts           | 0x00000000 | N/A        | 0x00000000
[SYS] Drops            | 0x00000000 | N/A        | 0x00000000
[SYS] ------------------------ VSPAs ---------------------------
[SYS]                  | 0          | 1          | 2
[SYS] Error            | 0x00000000 | 0x00000000 | 0x00000000
[SYS] SYM WR           | 0x00000014 | N/A        | 0x00000012
[SYS] SYM RD           | 0x00000014 | N/A        | 0x00000012
[SYS] CMD WR           | 0x00000007 | 0x00000006 | 0x00000007
[SYS] CMD RD           | 0x00000007 | 0x00000006 | 0x00000007
[SYS] ------------------------ Info ----------------------------
[SYS]                  | Downlink           | Uplink
[SYS] RF / fine Gain   |     17 /   -2.1    | 0x42
[SYS] PwrAvg(dBFs/dBm) | N/A                | N/A
[SYS] PwrMax(dBFS)     | N/A                | N/A
[SYS] Showtime 86 seconds

[SYS] ------------------------ Data Direction -------------------
[SYS]                  | Downlink           | Uplink
[SYS] CPlane Total     | 0x0000000000000000 | 0x0000000000000000
[SYS] CPlane OnTime    | 0x0000000000000000 | 0x0000000000000000
[SYS] CPlane Early     | 0x0000000000000000 | 0x0000000000000000
[SYS] CPlane Late      | 0x0000000000000000 | 0x0000000000000000
[SYS] CPlane Corrupt   | 0x0000000000000000 | 0x0000000000000000
[SYS] UPlane Total     | 0x0000000000000000 | 0x0000000000000000
[SYS] UPlane OnTime    | 0x0000000000000000 | N/A
[SYS] UPlane Ealry     | 0x0000000000000000 | N/A
[SYS] UPlane Late      | 0x0000000000000000 | N/A
[SYS] UPlane Corrupt   | 0x0000000000000000 | N/A
[SYS] Eth Pkt Good     | 0x0000079f         | 0x00001722
[SYS] Eth Pkt Drop     | 0x00000000         | 0x00000000
[SYS] AXIQ status      | 0x00000303         | 0x00010101
[SYS] ------------------------ Tasks ---------------------------
[SYS]                  | UP         | CP         | RT
[SYS] Error            | 0x00000000 | 0x00000000 | 0x00000000
[SYS] Heartbeats       | 0x02245083 | N/A        | N/A
[SYS] Counts           | 0x00000000 | N/A        | 0x00000000
[SYS] Drops            | 0x00000000 | N/A        | 0x00000000
[SYS] ------------------------ VSPAs ---------------------------
[SYS]                  | 0          | 1          | 2
[SYS] Error            | 0x00000000 | 0x00000000 | 0x00000000
[SYS] SYM WR           | 0x00000014 | N/A        | 0x00000012
[SYS] SYM RD           | 0x00000014 | N/A        | 0x00000012
[SYS] CMD WR           | 0x00000007 | 0x00000006 | 0x00000007
[SYS] CMD RD           | 0x00000007 | 0x00000006 | 0x00000007
[SYS] ------------------------ Info ----------------------------
[SYS]                  | Downlink           | Uplink
[SYS] RF / fine Gain   |     17 /   -2.1    | 0x42
[SYS] PwrAvg(dBFs/dBm) | N/A                | N/A
[SYS] PwrMax(dBFS)     | N/A                | N/A
[SYS] Showtime 87 seconds

[SYS] ------------------------ Data Direction -------------------
[SYS]                  | Downlink           | Uplink
[SYS] CPlane Total     | 0x0000000000000000 | 0x0000000000000000
[SYS] CPlane OnTime    | 0x0000000000000000 | 0x0000000000000000
[SYS] CPlane Early     | 0x0000000000000000 | 0x0000000000000000
[SYS] CPlane Late      | 0x0000000000000000 | 0x0000000000000000
[SYS] CPlane Corrupt   | 0x0000000000000000 | 0x0000000000000000
[SYS] UPlane Total     | 0x0000000000000000 | 0x0000000000000000
[SYS] UPlane OnTime    | 0x0000000000000000 | N/A
[SYS] UPlane Ealry     | 0x0000000000000000 | N/A
[SYS] UPlane Late      | 0x0000000000000000 | N/A
[SYS] UPlane Corrupt   | 0x0000000000000000 | N/A
[SYS] Eth Pkt Good     | 0x000007a3         | 0x00001748
[SYS] Eth Pkt Drop     | 0x00000000         | 0x00000000
[SYS] AXIQ status      | 0x00000303         | 0x00010101
[SYS] ------------------------ Tasks ---------------------------
[SYS]                  | UP         | CP         | RT
[SYS] Error            | 0x00000000 | 0x00000000 | 0x00000000
[SYS] Heartbeats       | 0x022a8b66 | N/A        | N/A
[SYS] Counts           | 0x00000000 | N/A        | 0x00000000
[SYS] Drops            | 0x00000000 | N/A        | 0x00000000
[SYS] ------------------------ VSPAs ---------------------------
[SYS]                  | 0          | 1          | 2
[SYS] Error            | 0x00000000 | 0x00000000 | 0x00000000
[SYS] SYM WR           | 0x00000014 | N/A        | 0x00000012
[SYS] SYM RD           | 0x00000014 | N/A        | 0x00000012
[SYS] CMD WR           | 0x00000007 | 0x00000006 | 0x00000007
[SYS] CMD RD           | 0x00000007 | 0x00000006 | 0x00000007
[SYS] ------------------------ Info ----------------------------
[SYS]                  | Downlink           | Uplink
[SYS] RF / fine Gain   |     17 /   -2.1    | 0x42
[SYS] PwrAvg(dBFs/dBm) | N/A                | N/A
[SYS] PwrMax(dBFS)     | N/A                | N/A
[SYS] Showtime 88 seconds

[SYS] ------------------------ Data Direction -------------------
[SYS]                  | Downlink           | Uplink
[SYS] CPlane Total     | 0x0000000000000000 | 0x0000000000000000
[SYS] CPlane OnTime    | 0x0000000000000000 | 0x0000000000000000
[SYS] CPlane Early     | 0x0000000000000000 | 0x0000000000000000
[SYS] CPlane Late      | 0x0000000000000000 | 0x0000000000000000
[SYS] CPlane Corrupt   | 0x0000000000000000 | 0x0000000000000000
[SYS] UPlane Total     | 0x0000000000000000 | 0x0000000000000000
[SYS] UPlane OnTime    | 0x0000000000000000 | N/A
[SYS] UPlane Ealry     | 0x0000000000000000 | N/A
[SYS] UPlane Late      | 0x0000000000000000 | N/A
[SYS] UPlane Corrupt   | 0x0000000000000000 | N/A
[SYS] Eth Pkt Good     | 0x000007c0         | 0x00001787
[SYS] Eth Pkt Drop     | 0x00000000         | 0x00000000
[SYS] AXIQ status      | 0x00000303         | 0x00010101
[SYS] ------------------------ Tasks ---------------------------
[SYS]                  | UP         | CP         | RT
[SYS] Error            | 0x00000000 | 0x00000000 | 0x00000000
[SYS] Heartbeats       | 0x0230d1b3 | N/A        | N/A
[SYS] Counts           | 0x00000000 | N/A        | 0x00000000
[SYS] Drops            | 0x00000000 | N/A        | 0x00000000
[SYS] ------------------------ VSPAs ---------------------------
[SYS]                  | 0          | 1          | 2
[SYS] Error            | 0x00000000 | 0x00000000 | 0x00000000
[SYS] SYM WR           | 0x00000014 | N/A        | 0x00000012
[SYS] SYM RD           | 0x00000014 | N/A        | 0x00000012
[SYS] CMD WR           | 0x00000007 | 0x00000006 | 0x00000007
[SYS] CMD RD           | 0x00000007 | 0x00000006 | 0x00000007
[SYS] ------------------------ Info ----------------------------
[SYS]                  | Downlink           | Uplink
[SYS] RF / fine Gain   |     17 /   -2.1    | 0x42
[SYS] PwrAvg(dBFs/dBm) | N/A                | N/A
[SYS] PwrMax(dBFS)     | N/A                | N/A
[SYS] Showtime 89 seconds

[SYS] ------------------------ Data Direction -------------------
[SYS]                  | Downlink           | Uplink
[SYS] CPlane Total     | 0x0000000000000000 | 0x0000000000000000
[SYS] CPlane OnTime    | 0x0000000000000000 | 0x0000000000000000
[SYS] CPlane Early     | 0x0000000000000000 | 0x0000000000000000
[SYS] CPlane Late      | 0x0000000000000000 | 0x0000000000000000
[SYS] CPlane Corrupt   | 0x0000000000000000 | 0x0000000000000000
[SYS] UPlane Total     | 0x0000000000000000 | 0x0000000000000000
[SYS] UPlane OnTime    | 0x0000000000000000 | N/A
[SYS] UPlane Ealry     | 0x0000000000000000 | N/A
[SYS] UPlane Late      | 0x0000000000000000 | N/A
[SYS] UPlane Corrupt   | 0x0000000000000000 | N/A
[SYS] Eth Pkt Good     | 0x000007c1         | 0x000017aa
[SYS] Eth Pkt Drop     | 0x00000000         | 0x00000000
[SYS] AXIQ status      | 0x00000303         | 0x00010101
[SYS] ------------------------ Tasks ---------------------------
[SYS]                  | UP         | CP         | RT
[SYS] Error            | 0x00000000 | 0x00000000 | 0x00000000
[SYS] Heartbeats       | 0x02370c27 | N/A        | N/A
[SYS] Counts           | 0x00000000 | N/A        | 0x00000000
[SYS] Drops            | 0x00000000 | N/A        | 0x00000000
[SYS] ------------------------ VSPAs ---------------------------
[SYS]                  | 0          | 1          | 2
[SYS] Error            | 0x00000000 | 0x00000000 | 0x00000000
[SYS] SYM WR           | 0x00000014 | N/A        | 0x00000012
[SYS] SYM RD           | 0x00000014 | N/A        | 0x00000012
[SYS] CMD WR           | 0x00000007 | 0x00000006 | 0x00000007
[SYS] CMD RD           | 0x00000007 | 0x00000006 | 0x00000007
[SYS] ------------------------ Info ----------------------------
[SYS]                  | Downlink           | Uplink
[SYS] RF / fine Gain   |     17 /   -2.1    | 0x42
[SYS] PwrAvg(dBFs/dBm) | N/A                | N/A
[SYS] PwrMax(dBFS)     | N/A                | N/A
[SYS] Showtime 90 seconds

[SYS] ------------------------ Data Direction -------------------
[SYS]                  | Downlink           | Uplink
[SYS] CPlane Total     | 0x0000000000000000 | 0x0000000000000000
[SYS] CPlane OnTime    | 0x0000000000000000 | 0x0000000000000000
[SYS] CPlane Early     | 0x0000000000000000 | 0x0000000000000000
[SYS] CPlane Late      | 0x0000000000000000 | 0x0000000000000000
[SYS] CPlane Corrupt   | 0x0000000000000000 | 0x0000000000000000
[SYS] UPlane Total     | 0x0000000000000000 | 0x0000000000000000
[SYS] UPlane OnTime    | 0x0000000000000000 | N/A
[SYS] UPlane Ealry     | 0x0000000000000000 | N/A
[SYS] UPlane Late      | 0x0000000000000000 | N/A
[SYS] UPlane Corrupt   | 0x0000000000000000 | N/A
[SYS] Eth Pkt Good     | 0x000007c3         | 0x000017ce
[SYS] Eth Pkt Drop     | 0x00000000         | 0x00000000
[SYS] AXIQ status      | 0x00000303         | 0x00010101
[SYS] ------------------------ Tasks ---------------------------
[SYS]                  | UP         | CP         | RT
[SYS] Error            | 0x00000000 | 0x00000000 | 0x00000000
[SYS] Heartbeats       | 0x023d470d | N/A        | N/A
[SYS] Counts           | 0x00000000 | N/A        | 0x00000000
[SYS] Drops            | 0x00000000 | N/A        | 0x00000000
[SYS] ------------------------ VSPAs ---------------------------
[SYS]                  | 0          | 1          | 2
[SYS] Error            | 0x00000000 | 0x00000000 | 0x00000000
[SYS] SYM WR           | 0x00000014 | N/A        | 0x00000012
[SYS] SYM RD           | 0x00000014 | N/A        | 0x00000012
[SYS] CMD WR           | 0x00000007 | 0x00000006 | 0x00000007
[SYS] CMD RD           | 0x00000007 | 0x00000006 | 0x00000007
[SYS] ------------------------ Info ----------------------------
[SYS]                  | Downlink           | Uplink
[SYS] RF / fine Gain   |     17 /   -2.1    | 0x42
[SYS] PwrAvg(dBFs/dBm) | N/A                | N/A
[SYS] PwrMax(dBFS)     | N/A                | N/A
[SYS] Showtime 91 seconds

[SYS] ------------------------ Data Direction -------------------
[SYS]                  | Downlink           | Uplink
[SYS] CPlane Total     | 0x0000000000000000 | 0x0000000000000000
[SYS] CPlane OnTime    | 0x0000000000000000 | 0x0000000000000000
[SYS] CPlane Early     | 0x0000000000000000 | 0x0000000000000000
[SYS] CPlane Late      | 0x0000000000000000 | 0x0000000000000000
[SYS] CPlane Corrupt   | 0x0000000000000000 | 0x0000000000000000
[SYS] UPlane Total     | 0x0000000000000000 | 0x0000000000000000
[SYS] UPlane OnTime    | 0x0000000000000000 | N/A
[SYS] UPlane Ealry     | 0x0000000000000000 | N/A
[SYS] UPlane Late      | 0x0000000000000000 | N/A
[SYS] UPlane Corrupt   | 0x0000000000000000 | N/A
[SYS] Eth Pkt Good     | 0x000007c4         | 0x000017f1
[SYS] Eth Pkt Drop     | 0x00000000         | 0x00000000
[SYS] AXIQ status      | 0x00000303         | 0x00010101
[SYS] ------------------------ Tasks ---------------------------
[SYS]                  | UP         | CP         | RT
[SYS] Error            | 0x00000000 | 0x00000000 | 0x00000000
[SYS] Heartbeats       | 0x02438209 | N/A        | N/A
[SYS] Counts           | 0x00000000 | N/A        | 0x00000000
[SYS] Drops            | 0x00000000 | N/A        | 0x00000000
[SYS] ------------------------ VSPAs ---------------------------
[SYS]                  | 0          | 1          | 2
[SYS] Error            | 0x00000000 | 0x00000000 | 0x00000000
[SYS] SYM WR           | 0x00000014 | N/A        | 0x00000012
[SYS] SYM RD           | 0x00000014 | N/A        | 0x00000012
[SYS] CMD WR           | 0x00000007 | 0x00000006 | 0x00000007
[SYS] CMD RD           | 0x00000007 | 0x00000006 | 0x00000007
[SYS] ------------------------ Info ----------------------------
[SYS]                  | Downlink           | Uplink
[SYS] RF / fine Gain   |     17 /   -2.1    | 0x42
[SYS] PwrAvg(dBFs/dBm) | N/A                | N/A
[SYS] PwrMax(dBFS)     | N/A                | N/A
[SYS] Showtime 92 seconds

[SYS] ------------------------ Data Direction -------------------
[SYS]                  | Downlink           | Uplink
[SYS] CPlane Total     | 0x0000000000000000 | 0x0000000000000000
[SYS] CPlane OnTime    | 0x0000000000000000 | 0x0000000000000000
[SYS] CPlane Early     | 0x0000000000000000 | 0x0000000000000000
[SYS] CPlane Late      | 0x0000000000000000 | 0x0000000000000000
[SYS] CPlane Corrupt   | 0x0000000000000000 | 0x0000000000000000
[SYS] UPlane Total     | 0x0000000000000000 | 0x0000000000000000
[SYS] UPlane OnTime    | 0x0000000000000000 | N/A
[SYS] UPlane Ealry     | 0x0000000000000000 | N/A
[SYS] UPlane Late      | 0x0000000000000000 | N/A
[SYS] UPlane Corrupt   | 0x0000000000000000 | N/A
[SYS] Eth Pkt Good     | 0x000007c6         | 0x00001815
[SYS] Eth Pkt Drop     | 0x00000000         | 0x00000000
[SYS] AXIQ status      | 0x00000303         | 0x00010101
[SYS] ------------------------ Tasks ---------------------------
[SYS]                  | UP         | CP         | RT
[SYS] Error            | 0x00000000 | 0x00000000 | 0x00000000
[SYS] Heartbeats       | 0x0249bfcc | N/A        | N/A
[SYS] Counts           | 0x00000000 | N/A        | 0x00000000
[SYS] Drops            | 0x00000000 | N/A        | 0x00000000
[SYS] ------------------------ VSPAs ---------------------------
[SYS]                  | 0          | 1          | 2
[SYS] Error            | 0x00000000 | 0x00000000 | 0x00000000
[SYS] SYM WR           | 0x00000014 | N/A        | 0x00000012
[SYS] SYM RD           | 0x00000014 | N/A        | 0x00000012
[SYS] CMD WR           | 0x00000007 | 0x00000006 | 0x00000007
[SYS] CMD RD           | 0x00000007 | 0x00000006 | 0x00000007
[SYS] ------------------------ Info ----------------------------
[SYS]                  | Downlink           | Uplink
[SYS] RF / fine Gain   |     17 /   -2.1    | 0x42
[SYS] PwrAvg(dBFs/dBm) | N/A                | N/A
[SYS] PwrMax(dBFS)     | N/A                | N/A
[SYS] Showtime 93 seconds

[SYS] ------------------------ Data Direction -------------------
[SYS]                  | Downlink           | Uplink
[SYS] CPlane Total     | 0x0000000000000000 | 0x0000000000000000
[SYS] CPlane OnTime    | 0x0000000000000000 | 0x0000000000000000
[SYS] CPlane Early     | 0x0000000000000000 | 0x0000000000000000
[SYS] CPlane Late      | 0x0000000000000000 | 0x0000000000000000
[SYS] CPlane Corrupt   | 0x0000000000000000 | 0x0000000000000000
[SYS] UPlane Total     | 0x0000000000000000 | 0x0000000000000000
[SYS] UPlane OnTime    | 0x0000000000000000 | N/A
[SYS] UPlane Ealry     | 0x0000000000000000 | N/A
[SYS] UPlane Late      | 0x0000000000000000 | N/A
[SYS] UPlane Corrupt   | 0x0000000000000000 | N/A
[SYS] Eth Pkt Good     | 0x000007c7         | 0x00001838
[SYS] Eth Pkt Drop     | 0x00000000         | 0x00000000
[SYS] AXIQ status      | 0x00000303         | 0x00010101
[SYS] ------------------------ Tasks ---------------------------
[SYS]                  | UP         | CP         | RT
[SYS] Error            | 0x00000000 | 0x00000000 | 0x00000000
[SYS] Heartbeats       | 0x024ffab2 | N/A        | N/A
[SYS] Counts           | 0x00000000 | N/A        | 0x00000000
[SYS] Drops            | 0x00000000 | N/A        | 0x00000000
[SYS] ------------------------ VSPAs ---------------------------
[SYS]                  | 0          | 1          | 2
[SYS] Error            | 0x00000000 | 0x00000000 | 0x00000000
[SYS] SYM WR           | 0x00000014 | N/A        | 0x00000012
[SYS] SYM RD           | 0x00000014 | N/A        | 0x00000012
[SYS] CMD WR           | 0x00000007 | 0x00000006 | 0x00000007
[SYS] CMD RD           | 0x00000007 | 0x00000006 | 0x00000007
[SYS] ------------------------ Info ----------------------------
[SYS]                  | Downlink           | Uplink
[SYS] RF / fine Gain   |     17 /   -2.1    | 0x42
[SYS] PwrAvg(dBFs/dBm) | N/A                | N/A
[SYS] PwrMax(dBFS)     | N/A                | N/A
[SYS] Showtime 94 seconds

[SYS] ------------------------ Data Direction -------------------
[SYS]                  | Downlink           | Uplink
[SYS] CPlane Total     | 0x0000000000000000 | 0x0000000000000000
[SYS] CPlane OnTime    | 0x0000000000000000 | 0x0000000000000000
[SYS] CPlane Early     | 0x0000000000000000 | 0x0000000000000000
[SYS] CPlane Late      | 0x0000000000000000 | 0x0000000000000000
[SYS] CPlane Corrupt   | 0x0000000000000000 | 0x0000000000000000
[SYS] UPlane Total     | 0x0000000000000000 | 0x0000000000000000
[SYS] UPlane OnTime    | 0x0000000000000000 | N/A
[SYS] UPlane Ealry     | 0x0000000000000000 | N/A
[SYS] UPlane Late      | 0x0000000000000000 | N/A
[SYS] UPlane Corrupt   | 0x0000000000000000 | N/A
[SYS] Eth Pkt Good     | 0x000007c8         | 0x0000185b
[SYS] Eth Pkt Drop     | 0x00000000         | 0x00000000
[SYS] AXIQ status      | 0x00000303         | 0x00010101
[SYS] ------------------------ Tasks ---------------------------
[SYS]                  | UP         | CP         | RT
[SYS] Error            | 0x00000000 | 0x00000000 | 0x00000000
[SYS] Heartbeats       | 0x0256358b | N/A        | N/A
[SYS] Counts           | 0x00000000 | N/A        | 0x00000000
[SYS] Drops            | 0x00000000 | N/A        | 0x00000000
[SYS] ------------------------ VSPAs ---------------------------
[SYS]                  | 0          | 1          | 2
[SYS] Error            | 0x00000000 | 0x00000000 | 0x00000000
[SYS] SYM WR           | 0x00000014 | N/A        | 0x00000012
[SYS] SYM RD           | 0x00000014 | N/A        | 0x00000012
[SYS] CMD WR           | 0x00000007 | 0x00000006 | 0x00000007
[SYS] CMD RD           | 0x00000007 | 0x00000006 | 0x00000007
[SYS] ------------------------ Info ----------------------------
[SYS]                  | Downlink           | Uplink
[SYS] RF / fine Gain   |     17 /   -2.1    | 0x42
[SYS] PwrAvg(dBFs/dBm) | N/A                | N/A
[SYS] PwrMax(dBFS)     | N/A                | N/A
[SYS] Showtime 95 seconds

[SYS] ------------------------ Data Direction -------------------
[SYS]                  | Downlink           | Uplink
[SYS] CPlane Total     | 0x0000000000000000 | 0x0000000000000000
[SYS] CPlane OnTime    | 0x0000000000000000 | 0x0000000000000000
[SYS] CPlane Early     | 0x0000000000000000 | 0x0000000000000000
[SYS] CPlane Late      | 0x0000000000000000 | 0x0000000000000000
[SYS] CPlane Corrupt   | 0x0000000000000000 | 0x0000000000000000
[SYS] UPlane Total     | 0x0000000000000000 | 0x0000000000000000
[SYS] UPlane OnTime    | 0x0000000000000000 | N/A
[SYS] UPlane Ealry     | 0x0000000000000000 | N/A
[SYS] UPlane Late      | 0x0000000000000000 | N/A
[SYS] UPlane Corrupt   | 0x0000000000000000 | N/A
[SYS] Eth Pkt Good     | 0x000007ca         | 0x0000187f
[SYS] Eth Pkt Drop     | 0x00000000         | 0x00000000
[SYS] AXIQ status      | 0x00000303         | 0x00010101
[SYS] ------------------------ Tasks ---------------------------
[SYS]                  | UP         | CP         | RT
[SYS] Error            | 0x00000000 | 0x00000000 | 0x00000000
[SYS] Heartbeats       | 0x025c735c | N/A        | N/A
[SYS] Counts           | 0x00000000 | N/A        | 0x00000000
[SYS] Drops            | 0x00000000 | N/A        | 0x00000000
[SYS] ------------------------ VSPAs ---------------------------
[SYS]                  | 0          | 1          | 2
[SYS] Error            | 0x00000000 | 0x00000000 | 0x00000000
[SYS] SYM WR           | 0x00000014 | N/A        | 0x00000012
[SYS] SYM RD           | 0x00000014 | N/A        | 0x00000012
[SYS] CMD WR           | 0x00000007 | 0x00000006 | 0x00000007
[SYS] CMD RD           | 0x00000007 | 0x00000006 | 0x00000007
[SYS] ------------------------ Info ----------------------------
[SYS]                  | Downlink           | Uplink
[SYS] RF / fine Gain   |     17 /   -2.1    | 0x42
[SYS] PwrAvg(dBFs/dBm) | N/A                | N/A
[SYS] PwrMax(dBFS)     | N/A                | N/A
[SYS] Showtime 96 seconds

[SYS] ------------------------ Data Direction -------------------
[SYS]                  | Downlink           | Uplink
[SYS] CPlane Total     | 0x0000000000000000 | 0x0000000000000000
[SYS] CPlane OnTime    | 0x0000000000000000 | 0x0000000000000000
[SYS] CPlane Early     | 0x0000000000000000 | 0x0000000000000000
[SYS] CPlane Late      | 0x0000000000000000 | 0x0000000000000000
[SYS] CPlane Corrupt   | 0x0000000000000000 | 0x0000000000000000
[SYS] UPlane Total     | 0x0000000000000000 | 0x0000000000000000
[SYS] UPlane OnTime    | 0x0000000000000000 | N/A
[SYS] UPlane Ealry     | 0x0000000000000000 | N/A
[SYS] UPlane Late      | 0x0000000000000000 | N/A
[SYS] UPlane Corrupt   | 0x0000000000000000 | N/A
[SYS] Eth Pkt Good     | 0x000007cb         | 0x000018a2
[SYS] Eth Pkt Drop     | 0x00000000         | 0x00000000
[SYS] AXIQ status      | 0x00000303         | 0x00010101
[SYS] ------------------------ Tasks ---------------------------
[SYS]                  | UP         | CP         | RT
[SYS] Error            | 0x00000000 | 0x00000000 | 0x00000000
[SYS] Heartbeats       | 0x0262ae40 | N/A        | N/A
[SYS] Counts           | 0x00000000 | N/A        | 0x00000000
[SYS] Drops            | 0x00000000 | N/A        | 0x00000000
[SYS] ------------------------ VSPAs ---------------------------
[SYS]                  | 0          | 1          | 2
[SYS] Error            | 0x00000000 | 0x00000000 | 0x00000000
[SYS] SYM WR           | 0x00000014 | N/A        | 0x00000012
[SYS] SYM RD           | 0x00000014 | N/A        | 0x00000012
[SYS] CMD WR           | 0x00000007 | 0x00000006 | 0x00000007
[SYS] CMD RD           | 0x00000007 | 0x00000006 | 0x00000007
[SYS] ------------------------ Info ----------------------------
[SYS]                  | Downlink           | Uplink
[SYS] RF / fine Gain   |     17 /   -2.1    | 0x42
[SYS] PwrAvg(dBFs/dBm) | N/A                | N/A
[SYS] PwrMax(dBFS)     | N/A                | N/A
[SYS] Showtime 97 seconds

[SYS] ------------------------ Data Direction -------------------
[SYS]                  | Downlink           | Uplink
[SYS] CPlane Total     | 0x0000000000000000 | 0x0000000000000000
[SYS] CPlane OnTime    | 0x0000000000000000 | 0x0000000000000000
[SYS] CPlane Early     | 0x0000000000000000 | 0x0000000000000000
[SYS] CPlane Late      | 0x0000000000000000 | 0x0000000000000000
[SYS] CPlane Corrupt   | 0x0000000000000000 | 0x0000000000000000
[SYS] UPlane Total     | 0x0000000000000000 | 0x0000000000000000
[SYS] UPlane OnTime    | 0x0000000000000000 | N/A
[SYS] UPlane Ealry     | 0x0000000000000000 | N/A
[SYS] UPlane Late      | 0x0000000000000000 | N/A
[SYS] UPlane Corrupt   | 0x0000000000000000 | N/A
[SYS] Eth Pkt Good     | 0x000007cd         | 0x000018c6
[SYS] Eth Pkt Drop     | 0x00000000         | 0x00000000
[SYS] AXIQ status      | 0x00000303         | 0x00010101
[SYS] ------------------------ Tasks ---------------------------
[SYS]                  | UP         | CP         | RT
[SYS] Error            | 0x00000000 | 0x00000000 | 0x00000000
[SYS] Heartbeats       | 0x0268e926 | N/A        | N/A
[SYS] Counts           | 0x00000000 | N/A        | 0x00000000
[SYS] Drops            | 0x00000000 | N/A        | 0x00000000
[SYS] ------------------------ VSPAs ---------------------------
[SYS]                  | 0          | 1          | 2
[SYS] Error            | 0x00000000 | 0x00000000 | 0x00000000
[SYS] SYM WR           | 0x00000014 | N/A        | 0x00000012
[SYS] SYM RD           | 0x00000014 | N/A        | 0x00000012
[SYS] CMD WR           | 0x00000007 | 0x00000006 | 0x00000007
[SYS] CMD RD           | 0x00000007 | 0x00000006 | 0x00000007
[SYS] ------------------------ Info ----------------------------
[SYS]                  | Downlink           | Uplink
[SYS] RF / fine Gain   |     17 /   -2.1    | 0x42
[SYS] PwrAvg(dBFs/dBm) | N/A                | N/A
[SYS] PwrMax(dBFS)     | N/A                | N/A
[SYS] Showtime 98 seconds

[SYS] ------------------------ Data Direction -------------------
[SYS]                  | Downlink           | Uplink
[SYS] CPlane Total     | 0x0000000000000000 | 0x0000000000000000
[SYS] CPlane OnTime    | 0x0000000000000000 | 0x0000000000000000
[SYS] CPlane Early     | 0x0000000000000000 | 0x0000000000000000
[SYS] CPlane Late      | 0x0000000000000000 | 0x0000000000000000
[SYS] CPlane Corrupt   | 0x0000000000000000 | 0x0000000000000000
[SYS] UPlane Total     | 0x0000000000000000 | 0x0000000000000000
[SYS] UPlane OnTime    | 0x0000000000000000 | N/A
[SYS] UPlane Ealry     | 0x0000000000000000 | N/A
[SYS] UPlane Late      | 0x0000000000000000 | N/A
[SYS] UPlane Corrupt   | 0x0000000000000000 | N/A
[SYS] Eth Pkt Good     | 0x000007ce         | 0x000018e9
[SYS] Eth Pkt Drop     | 0x00000000         | 0x00000000
[SYS] AXIQ status      | 0x00000303         | 0x00010101
[SYS] ------------------------ Tasks ---------------------------
[SYS]                  | UP         | CP         | RT
[SYS] Error            | 0x00000000 | 0x00000000 | 0x00000000
[SYS] Heartbeats       | 0x026f2418 | N/A        | N/A
[SYS] Counts           | 0x00000000 | N/A        | 0x00000000
[SYS] Drops            | 0x00000000 | N/A        | 0x00000000
[SYS] ------------------------ VSPAs ---------------------------
[SYS]                  | 0          | 1          | 2
[SYS] Error            | 0x00000000 | 0x00000000 | 0x00000000
[SYS] SYM WR           | 0x00000014 | N/A        | 0x00000012
[SYS] SYM RD           | 0x00000014 | N/A        | 0x00000012
[SYS] CMD WR           | 0x00000007 | 0x00000006 | 0x00000007
[SYS] CMD RD           | 0x00000007 | 0x00000006 | 0x00000007
[SYS] ------------------------ Info ----------------------------
[SYS]                  | Downlink           | Uplink
[SYS] RF / fine Gain   |     17 /   -2.1    | 0x42
[SYS] PwrAvg(dBFs/dBm) | N/A                | N/A
[SYS] PwrMax(dBFS)     | N/A                | N/A
[SYS] Showtime 99 seconds

[SYS] ------------------------ Data Direction -------------------
[SYS]                  | Downlink           | Uplink
[SYS] CPlane Total     | 0x0000000000000000 | 0x0000000000000000
[SYS] CPlane OnTime    | 0x0000000000000000 | 0x0000000000000000
[SYS] CPlane Early     | 0x0000000000000000 | 0x0000000000000000
[SYS] CPlane Late      | 0x0000000000000000 | 0x0000000000000000
[SYS] CPlane Corrupt   | 0x0000000000000000 | 0x0000000000000000
[SYS] UPlane Total     | 0x0000000000000000 | 0x0000000000000000
[SYS] UPlane OnTime    | 0x0000000000000000 | N/A
[SYS] UPlane Ealry     | 0x0000000000000000 | N/A
[SYS] UPlane Late      | 0x0000000000000000 | N/A
[SYS] UPlane Corrupt   | 0x0000000000000000 | N/A
[SYS] Eth Pkt Good     | 0x000007d0         | 0x0000190d
[SYS] Eth Pkt Drop     | 0x00000000         | 0x00000000
[SYS] AXIQ status      | 0x00000303         | 0x00010101
[SYS] ------------------------ Tasks ---------------------------
[SYS]                  | UP         | CP         | RT
[SYS] Error            | 0x00000000 | 0x00000000 | 0x00000000
[SYS] Heartbeats       | 0x027561d2 | N/A        | N/A
[SYS] Counts           | 0x00000000 | N/A        | 0x00000000
[SYS] Drops            | 0x00000000 | N/A        | 0x00000000
[SYS] ------------------------ VSPAs ---------------------------
[SYS]                  | 0          | 1          | 2
[SYS] Error            | 0x00000000 | 0x00000000 | 0x00000000
[SYS] SYM WR           | 0x00000014 | N/A        | 0x00000012
[SYS] SYM RD           | 0x00000014 | N/A        | 0x00000012
[SYS] CMD WR           | 0x00000007 | 0x00000006 | 0x00000007
[SYS] CMD RD           | 0x00000007 | 0x00000006 | 0x00000007
[SYS] ------------------------ Info ----------------------------
[SYS]                  | Downlink           | Uplink
[SYS] RF / fine Gain   |     17 /   -2.1    | 0x42
[SYS] PwrAvg(dBFs/dBm) | N/A                | N/A
[SYS] PwrMax(dBFS)     | N/A                | N/A
[SYS] Showtime 100 seconds

[SYS] ------------------------ Data Direction -------------------
[SYS]                  | Downlink           | Uplink
[SYS] CPlane Total     | 0x0000000000000000 | 0x0000000000000000
[SYS] CPlane OnTime    | 0x0000000000000000 | 0x0000000000000000
[SYS] CPlane Early     | 0x0000000000000000 | 0x0000000000000000
[SYS] CPlane Late      | 0x0000000000000000 | 0x0000000000000000
[SYS] CPlane Corrupt   | 0x0000000000000000 | 0x0000000000000000
[SYS] UPlane Total     | 0x0000000000000000 | 0x0000000000000000
[SYS] UPlane OnTime    | 0x0000000000000000 | N/A
[SYS] UPlane Ealry     | 0x0000000000000000 | N/A
[SYS] UPlane Late      | 0x0000000000000000 | N/A
[SYS] UPlane Corrupt   | 0x0000000000000000 | N/A
[SYS] Eth Pkt Good     | 0x000007d1         | 0x00001930
[SYS] Eth Pkt Drop     | 0x00000000         | 0x00000000
[SYS] AXIQ status      | 0x00000303         | 0x00010101
[SYS] ------------------------ Tasks ---------------------------
[SYS]                  | UP         | CP         | RT
[SYS] Error            | 0x00000000 | 0x00000000 | 0x00000000
[SYS] Heartbeats       | 0x027b9cb7 | N/A        | N/A
[SYS] Counts           | 0x00000000 | N/A        | 0x00000000
[SYS] Drops            | 0x00000000 | N/A        | 0x00000000
[SYS] ------------------------ VSPAs ---------------------------
[SYS]                  | 0          | 1          | 2
[SYS] Error            | 0x00000000 | 0x00000000 | 0x00000000
[SYS] SYM WR           | 0x00000014 | N/A        | 0x00000012
[SYS] SYM RD           | 0x00000014 | N/A        | 0x00000012
[SYS] CMD WR           | 0x00000007 | 0x00000006 | 0x00000007
[SYS] CMD RD           | 0x00000007 | 0x00000006 | 0x00000007
[SYS] ------------------------ Info ----------------------------
[SYS]                  | Downlink           | Uplink
[SYS] RF / fine Gain   |     17 /   -2.1    | 0x42
[SYS] PwrAvg(dBFs/dBm) | N/A                | N/A
[SYS] PwrMax(dBFS)     | N/A                | N/A
[SYS] Showtime 101 seconds

[SYS] ------------------------ Data Direction -------------------
[SYS]                  | Downlink           | Uplink
[SYS] CPlane Total     | 0x0000000000000000 | 0x0000000000000000
[SYS] CPlane OnTime    | 0x0000000000000000 | 0x0000000000000000
[SYS] CPlane Early     | 0x0000000000000000 | 0x0000000000000000
[SYS] CPlane Late      | 0x0000000000000000 | 0x0000000000000000
[SYS] CPlane Corrupt   | 0x0000000000000000 | 0x0000000000000000
[SYS] UPlane Total     | 0x0000000000000000 | 0x0000000000000000
[SYS] UPlane OnTime    | 0x0000000000000000 | N/A
[SYS] UPlane Ealry     | 0x0000000000000000 | N/A
[SYS] UPlane Late      | 0x0000000000000000 | N/A
[SYS] UPlane Corrupt   | 0x0000000000000000 | N/A
[SYS] Eth Pkt Good     | 0x000007e7         | 0x00001968
[SYS] Eth Pkt Drop     | 0x00000000         | 0x00000000
[SYS] AXIQ status      | 0x00000303         | 0x00010101
[SYS] ------------------------ Tasks ---------------------------
[SYS]                  | UP         | CP         | RT
[SYS] Error            | 0x00000000 | 0x00000000 | 0x00000000
[SYS] Heartbeats       | 0x0281d79a | N/A        | N/A
[SYS] Counts           | 0x00000000 | N/A        | 0x00000000
[SYS] Drops            | 0x00000000 | N/A        | 0x00000000
[SYS] ------------------------ VSPAs ---------------------------
[SYS]                  | 0          | 1          | 2
[SYS] Error            | 0x00000000 | 0x00000000 | 0x00000000
[SYS] SYM WR           | 0x00000014 | N/A        | 0x00000012
[SYS] SYM RD           | 0x00000014 | N/A        | 0x00000012
[SYS] CMD WR           | 0x00000007 | 0x00000006 | 0x00000007
[SYS] CMD RD           | 0x00000007 | 0x00000006 | 0x00000007
[SYS] ------------------------ Info ----------------------------
[SYS]                  | Downlink           | Uplink
[SYS] RF / fine Gain   |     17 /   -2.1    | 0x42
[SYS] PwrAvg(dBFs/dBm) | N/A                | N/A
[SYS] PwrMax(dBFS)     | N/A                | N/A
[SYS] Showtime 102 seconds

[SYS] ------------------------ Data Direction -------------------
[SYS]                  | Downlink           | Uplink
[SYS] CPlane Total     | 0x0000000000000000 | 0x0000000000000000
[SYS] CPlane OnTime    | 0x0000000000000000 | 0x0000000000000000
[SYS] CPlane Early     | 0x0000000000000000 | 0x0000000000000000
[SYS] CPlane Late      | 0x0000000000000000 | 0x0000000000000000
[SYS] CPlane Corrupt   | 0x0000000000000000 | 0x0000000000000000
[SYS] UPlane Total     | 0x0000000000000000 | 0x0000000000000000
[SYS] UPlane OnTime    | 0x0000000000000000 | N/A
[SYS] UPlane Ealry     | 0x0000000000000000 | N/A
[SYS] UPlane Late      | 0x0000000000000000 | N/A
[SYS] UPlane Corrupt   | 0x0000000000000000 | N/A
[SYS] Eth Pkt Good     | 0x000007f2         | 0x00001995
[SYS] Eth Pkt Drop     | 0x00000000         | 0x00000000
[SYS] AXIQ status      | 0x00000303         | 0x00010101
[SYS] ------------------------ Tasks ---------------------------
[SYS]                  | UP         | CP         | RT
[SYS] Error            | 0x00000000 | 0x00000000 | 0x00000000
[SYS] Heartbeats       | 0x0288155e | N/A        | N/A
[SYS] Counts           | 0x00000000 | N/A        | 0x00000000
[SYS] Drops            | 0x00000000 | N/A        | 0x00000000
[SYS] ------------------------ VSPAs ---------------------------
[SYS]                  | 0          | 1          | 2
[SYS] Error            | 0x00000000 | 0x00000000 | 0x00000000
[SYS] SYM WR           | 0x00000014 | N/A        | 0x00000012
[SYS] SYM RD           | 0x00000014 | N/A        | 0x00000012
[SYS] CMD WR           | 0x00000007 | 0x00000006 | 0x00000007
[SYS] CMD RD           | 0x00000007 | 0x00000006 | 0x00000007
[SYS] ------------------------ Info ----------------------------
[SYS]                  | Downlink           | Uplink
[SYS] RF / fine Gain   |     17 /   -2.1    | 0x42
[SYS] PwrAvg(dBFs/dBm) | N/A                | N/A
[SYS] PwrMax(dBFS)     | N/A                | N/A
[SYS] Showtime 103 seconds

[SYS] ------------------------ Data Direction -------------------
[SYS]                  | Downlink           | Uplink
[SYS] CPlane Total     | 0x0000000000000000 | 0x0000000000000000
[SYS] CPlane OnTime    | 0x0000000000000000 | 0x0000000000000000
[SYS] CPlane Early     | 0x0000000000000000 | 0x0000000000000000
[SYS] CPlane Late      | 0x0000000000000000 | 0x0000000000000000
[SYS] CPlane Corrupt   | 0x0000000000000000 | 0x0000000000000000
[SYS] UPlane Total     | 0x0000000000000000 | 0x0000000000000000
[SYS] UPlane OnTime    | 0x0000000000000000 | N/A
[SYS] UPlane Ealry     | 0x0000000000000000 | N/A
[SYS] UPlane Late      | 0x0000000000000000 | N/A
[SYS] UPlane Corrupt   | 0x0000000000000000 | N/A
[SYS] Eth Pkt Good     | 0x000007f3         | 0x000019b8
[SYS] Eth Pkt Drop     | 0x00000000         | 0x00000000
[SYS] AXIQ status      | 0x00000303         | 0x00010101
[SYS] ------------------------ Tasks ---------------------------
[SYS]                  | UP         | CP         | RT
[SYS] Error            | 0x00000000 | 0x00000000 | 0x00000000
[SYS] Heartbeats       | 0x028e5040 | N/A        | N/A
[SYS] Counts           | 0x00000000 | N/A        | 0x00000000
[SYS] Drops            | 0x00000000 | N/A        | 0x00000000
[SYS] ------------------------ VSPAs ---------------------------
[SYS]                  | 0          | 1          | 2
[SYS] Error            | 0x00000000 | 0x00000000 | 0x00000000
[SYS] SYM WR           | 0x00000014 | N/A        | 0x00000012
[SYS] SYM RD           | 0x00000014 | N/A        | 0x00000012
[SYS] CMD WR           | 0x00000007 | 0x00000006 | 0x00000007
[SYS] CMD RD           | 0x00000007 | 0x00000006 | 0x00000007
[SYS] ------------------------ Info ----------------------------
[SYS]                  | Downlink           | Uplink
[SYS] RF / fine Gain   |     17 /   -2.1    | 0x42
[SYS] PwrAvg(dBFs/dBm) | N/A                | N/A
[SYS] PwrMax(dBFS)     | N/A                | N/A
[SYS] Showtime 104 seconds

[SYS] ------------------------ Data Direction -------------------
[SYS]                  | Downlink           | Uplink
[SYS] CPlane Total     | 0x0000000000000000 | 0x0000000000000000
[SYS] CPlane OnTime    | 0x0000000000000000 | 0x0000000000000000
[SYS] CPlane Early     | 0x0000000000000000 | 0x0000000000000000
[SYS] CPlane Late      | 0x0000000000000000 | 0x0000000000000000
[SYS] CPlane Corrupt   | 0x0000000000000000 | 0x0000000000000000
[SYS] UPlane Total     | 0x0000000000000000 | 0x0000000000000000
[SYS] UPlane OnTime    | 0x0000000000000000 | N/A
[SYS] UPlane Ealry     | 0x0000000000000000 | N/A
[SYS] UPlane Late      | 0x0000000000000000 | N/A
[SYS] UPlane Corrupt   | 0x0000000000000000 | N/A
[SYS] Eth Pkt Good     | 0x000007f5         | 0x000019dc
[SYS] Eth Pkt Drop     | 0x00000000         | 0x00000000
[SYS] AXIQ status      | 0x00000303         | 0x00010101
[SYS] ------------------------ Tasks ---------------------------
[SYS]                  | UP         | CP         | RT
[SYS] Error            | 0x00000000 | 0x00000000 | 0x00000000
[SYS] Heartbeats       | 0x02948b28 | N/A        | N/A
[SYS] Counts           | 0x00000000 | N/A        | 0x00000000
[SYS] Drops            | 0x00000000 | N/A        | 0x00000000
[SYS] ------------------------ VSPAs ---------------------------
[SYS]                  | 0          | 1          | 2
[SYS] Error            | 0x00000000 | 0x00000000 | 0x00000000
[SYS] SYM WR           | 0x00000014 | N/A        | 0x00000012
[SYS] SYM RD           | 0x00000014 | N/A        | 0x00000012
[SYS] CMD WR           | 0x00000007 | 0x00000006 | 0x00000007
[SYS] CMD RD           | 0x00000007 | 0x00000006 | 0x00000007
[SYS] ------------------------ Info ----------------------------
[SYS]                  | Downlink           | Uplink
[SYS] RF / fine Gain   |     17 /   -2.1    | 0x42
[SYS] PwrAvg(dBFs/dBm) | N/A                | N/A
[SYS] PwrMax(dBFS)     | N/A                | N/A
[SYS] Showtime 105 seconds

[SYS] ------------------------ Data Direction -------------------
[SYS]                  | Downlink           | Uplink
[SYS] CPlane Total     | 0x0000000000000000 | 0x0000000000000000
[SYS] CPlane OnTime    | 0x0000000000000000 | 0x0000000000000000
[SYS] CPlane Early     | 0x0000000000000000 | 0x0000000000000000
[SYS] CPlane Late      | 0x0000000000000000 | 0x0000000000000000
[SYS] CPlane Corrupt   | 0x0000000000000000 | 0x0000000000000000
[SYS] UPlane Total     | 0x0000000000000000 | 0x0000000000000000
[SYS] UPlane OnTime    | 0x0000000000000000 | N/A
[SYS] UPlane Ealry     | 0x0000000000000000 | N/A
[SYS] UPlane Late      | 0x0000000000000000 | N/A
[SYS] UPlane Corrupt   | 0x0000000000000000 | N/A
[SYS] Eth Pkt Good     | 0x000007f6         | 0x000019ff
[SYS] Eth Pkt Drop     | 0x00000000         | 0x00000000
[SYS] AXIQ status      | 0x00000303         | 0x00010101
[SYS] ------------------------ Tasks ---------------------------
[SYS]                  | UP         | CP         | RT
[SYS] Error            | 0x00000000 | 0x00000000 | 0x00000000
[SYS] Heartbeats       | 0x029ac62b | N/A        | N/A
[SYS] Counts           | 0x00000000 | N/A        | 0x00000000
[SYS] Drops            | 0x00000000 | N/A        | 0x00000000
[SYS] ------------------------ VSPAs ---------------------------
[SYS]                  | 0          | 1          | 2
[SYS] Error            | 0x00000000 | 0x00000000 | 0x00000000
[SYS] SYM WR           | 0x00000014 | N/A        | 0x00000012
[SYS] SYM RD           | 0x00000014 | N/A        | 0x00000012
[SYS] CMD WR           | 0x00000007 | 0x00000006 | 0x00000007
[SYS] CMD RD           | 0x00000007 | 0x00000006 | 0x00000007
[SYS] ------------------------ Info ----------------------------
[SYS]                  | Downlink           | Uplink
[SYS] RF / fine Gain   |     17 /   -2.1    | 0x42
[SYS] PwrAvg(dBFs/dBm) | N/A                | N/A
[SYS] PwrMax(dBFS)     | N/A                | N/A
[SYS] Showtime 106 seconds

[SYS] ------------------------ Data Direction -------------------
[SYS]                  | Downlink           | Uplink
[SYS] CPlane Total     | 0x0000000000000000 | 0x0000000000000000
[SYS] CPlane OnTime    | 0x0000000000000000 | 0x0000000000000000
[SYS] CPlane Early     | 0x0000000000000000 | 0x0000000000000000
[SYS] CPlane Late      | 0x0000000000000000 | 0x0000000000000000
[SYS] CPlane Corrupt   | 0x0000000000000000 | 0x0000000000000000
[SYS] UPlane Total     | 0x0000000000000000 | 0x0000000000000000
[SYS] UPlane OnTime    | 0x0000000000000000 | N/A
[SYS] UPlane Ealry     | 0x0000000000000000 | N/A
[SYS] UPlane Late      | 0x0000000000000000 | N/A
[SYS] UPlane Corrupt   | 0x0000000000000000 | N/A
[SYS] Eth Pkt Good     | 0x000007f8         | 0x00001a22
[SYS] Eth Pkt Drop     | 0x00000000         | 0x00000000
[SYS] AXIQ status      | 0x00000303         | 0x00010101
[SYS] ------------------------ Tasks ---------------------------
[SYS]                  | UP         | CP         | RT
[SYS] Error            | 0x00000000 | 0x00000000 | 0x00000000
[SYS] Heartbeats       | 0x02a103e7 | N/A        | N/A
[SYS] Counts           | 0x00000000 | N/A        | 0x00000000
[SYS] Drops            | 0x00000000 | N/A        | 0x00000000
[SYS] ------------------------ VSPAs ---------------------------
[SYS]                  | 0          | 1          | 2
[SYS] Error            | 0x00000000 | 0x00000000 | 0x00000000
[SYS] SYM WR           | 0x00000014 | N/A        | 0x00000012
[SYS] SYM RD           | 0x00000014 | N/A        | 0x00000012
[SYS] CMD WR           | 0x00000007 | 0x00000006 | 0x00000007
[SYS] CMD RD           | 0x00000007 | 0x00000006 | 0x00000007
[SYS] ------------------------ Info ----------------------------
[SYS]                  | Downlink           | Uplink
[SYS] RF / fine Gain   |     17 /   -2.1    | 0x42
[SYS] PwrAvg(dBFs/dBm) | N/A                | N/A
[SYS] PwrMax(dBFS)     | N/A                | N/A
[SYS] Showtime 107 seconds

[SYS] ------------------------ Data Direction -------------------
[SYS]                  | Downlink           | Uplink
[SYS] CPlane Total     | 0x0000000000000000 | 0x0000000000000000
[SYS] CPlane OnTime    | 0x0000000000000000 | 0x0000000000000000
[SYS] CPlane Early     | 0x0000000000000000 | 0x0000000000000000
[SYS] CPlane Late      | 0x0000000000000000 | 0x0000000000000000
[SYS] CPlane Corrupt   | 0x0000000000000000 | 0x0000000000000000
[SYS] UPlane Total     | 0x0000000000000000 | 0x0000000000000000
[SYS] UPlane OnTime    | 0x0000000000000000 | N/A
[SYS] UPlane Ealry     | 0x0000000000000000 | N/A
[SYS] UPlane Late      | 0x0000000000000000 | N/A
[SYS] UPlane Corrupt   | 0x0000000000000000 | N/A
[SYS] Eth Pkt Good     | 0x000007f9         | 0x00001a46
[SYS] Eth Pkt Drop     | 0x00000000         | 0x00000000
[SYS] AXIQ status      | 0x00000303         | 0x00010101
[SYS] ------------------------ Tasks ---------------------------
[SYS]                  | UP         | CP         | RT
[SYS] Error            | 0x00000000 | 0x00000000 | 0x00000000
[SYS] Heartbeats       | 0x02a73ecc | N/A        | N/A
[SYS] Counts           | 0x00000000 | N/A        | 0x00000000
[SYS] Drops            | 0x00000000 | N/A        | 0x00000000
[SYS] ------------------------ VSPAs ---------------------------
[SYS]                  | 0          | 1          | 2
[SYS] Error            | 0x00000000 | 0x00000000 | 0x00000000
[SYS] SYM WR           | 0x00000014 | N/A        | 0x00000012
[SYS] SYM RD           | 0x00000014 | N/A        | 0x00000012
[SYS] CMD WR           | 0x00000007 | 0x00000006 | 0x00000007
[SYS] CMD RD           | 0x00000007 | 0x00000006 | 0x00000007
[SYS] ------------------------ Info ----------------------------
[SYS]                  | Downlink           | Uplink
[SYS] RF / fine Gain   |     17 /   -2.1    | 0x42
[SYS] PwrAvg(dBFs/dBm) | N/A                | N/A
[SYS] PwrMax(dBFS)     | N/A                | N/A
[SYS] Showtime 108 seconds

[SYS] ------------------------ Data Direction -------------------
[SYS]                  | Downlink           | Uplink
[SYS] CPlane Total     | 0x0000000000000000 | 0x0000000000000000
[SYS] CPlane OnTime    | 0x0000000000000000 | 0x0000000000000000
[SYS] CPlane Early     | 0x0000000000000000 | 0x0000000000000000
[SYS] CPlane Late      | 0x0000000000000000 | 0x0000000000000000
[SYS] CPlane Corrupt   | 0x0000000000000000 | 0x0000000000000000
[SYS] UPlane Total     | 0x0000000000000000 | 0x0000000000000000
[SYS] UPlane OnTime    | 0x0000000000000000 | N/A
[SYS] UPlane Ealry     | 0x0000000000000000 | N/A
[SYS] UPlane Late      | 0x0000000000000000 | N/A
[SYS] UPlane Corrupt   | 0x0000000000000000 | N/A
[SYS] Eth Pkt Good     | 0x000007fa         | 0x00001a69
[SYS] Eth Pkt Drop     | 0x00000000         | 0x00000000
[SYS] AXIQ status      | 0x00000303         | 0x00010101
[SYS] ------------------------ Tasks ---------------------------
[SYS]                  | UP         | CP         | RT
[SYS] Error            | 0x00000000 | 0x00000000 | 0x00000000
[SYS] Heartbeats       | 0x02ad79c7 | N/A        | N/A
[SYS] Counts           | 0x00000000 | N/A        | 0x00000000
[SYS] Drops            | 0x00000000 | N/A        | 0x00000000
[SYS] ------------------------ VSPAs ---------------------------
[SYS]                  | 0          | 1          | 2
[SYS] Error            | 0x00000000 | 0x00000000 | 0x00000000
[SYS] SYM WR           | 0x00000014 | N/A        | 0x00000012
[SYS] SYM RD           | 0x00000014 | N/A        | 0x00000012
[SYS] CMD WR           | 0x00000007 | 0x00000006 | 0x00000007
[SYS] CMD RD           | 0x00000007 | 0x00000006 | 0x00000007
[SYS] ------------------------ Info ----------------------------
[SYS]                  | Downlink           | Uplink
[SYS] RF / fine Gain   |     17 /   -2.1    | 0x42
[SYS] PwrAvg(dBFs/dBm) | N/A                | N/A
[SYS] PwrMax(dBFS)     | N/A                | N/A
[SYS] Showtime 109 seconds

[SYS] ------------------------ Data Direction -------------------
[SYS]                  | Downlink           | Uplink
[SYS] CPlane Total     | 0x0000000000000000 | 0x0000000000000000
[SYS] CPlane OnTime    | 0x0000000000000000 | 0x0000000000000000
[SYS] CPlane Early     | 0x0000000000000000 | 0x0000000000000000
[SYS] CPlane Late      | 0x0000000000000000 | 0x0000000000000000
[SYS] CPlane Corrupt   | 0x0000000000000000 | 0x0000000000000000
[SYS] UPlane Total     | 0x0000000000000000 | 0x0000000000000000
[SYS] UPlane OnTime    | 0x0000000000000000 | N/A
[SYS] UPlane Ealry     | 0x0000000000000000 | N/A
[SYS] UPlane Late      | 0x0000000000000000 | N/A
[SYS] UPlane Corrupt   | 0x0000000000000000 | N/A
[SYS] Eth Pkt Good     | 0x000007fc         | 0x00001a8d
[SYS] Eth Pkt Drop     | 0x00000000         | 0x00000000
[SYS] AXIQ status      | 0x00000303         | 0x00010101
[SYS] ------------------------ Tasks ---------------------------
[SYS]                  | UP         | CP         | RT
[SYS] Error            | 0x00000000 | 0x00000000 | 0x00000000
[SYS] Heartbeats       | 0x02b3b787 | N/A        | N/A
[SYS] Counts           | 0x00000000 | N/A        | 0x00000000
[SYS] Drops            | 0x00000000 | N/A        | 0x00000000
[SYS] ------------------------ VSPAs ---------------------------
[SYS]                  | 0          | 1          | 2
[SYS] Error            | 0x00000000 | 0x00000000 | 0x00000000
[SYS] SYM WR           | 0x00000014 | N/A        | 0x00000012
[SYS] SYM RD           | 0x00000014 | N/A        | 0x00000012
[SYS] CMD WR           | 0x00000007 | 0x00000006 | 0x00000007
[SYS] CMD RD           | 0x00000007 | 0x00000006 | 0x00000007
[SYS] ------------------------ Info ----------------------------
[SYS]                  | Downlink           | Uplink
[SYS] RF / fine Gain   |     17 /   -2.1    | 0x42
[SYS] PwrAvg(dBFs/dBm) | N/A                | N/A
[SYS] PwrMax(dBFS)     | N/A                | N/A
[SYS] Showtime 110 seconds

[SYS] ------------------------ Data Direction -------------------
[SYS]                  | Downlink           | Uplink
[SYS] CPlane Total     | 0x0000000000000000 | 0x0000000000000000
[SYS] CPlane OnTime    | 0x0000000000000000 | 0x0000000000000000
[SYS] CPlane Early     | 0x0000000000000000 | 0x0000000000000000
[SYS] CPlane Late      | 0x0000000000000000 | 0x0000000000000000
[SYS] CPlane Corrupt   | 0x0000000000000000 | 0x0000000000000000
[SYS] UPlane Total     | 0x0000000000000000 | 0x0000000000000000
[SYS] UPlane OnTime    | 0x0000000000000000 | N/A
[SYS] UPlane Ealry     | 0x0000000000000000 | N/A
[SYS] UPlane Late      | 0x0000000000000000 | N/A
[SYS] UPlane Corrupt   | 0x0000000000000000 | N/A
[SYS] Eth Pkt Good     | 0x000007fd         | 0x00001ab0
[SYS] Eth Pkt Drop     | 0x00000000         | 0x00000000
[SYS] AXIQ status      | 0x00000303         | 0x00010101
[SYS] ------------------------ Tasks ---------------------------
[SYS]                  | UP         | CP         | RT
[SYS] Error            | 0x00000000 | 0x00000000 | 0x00000000
[SYS] Heartbeats       | 0x02b9f26a | N/A        | N/A
[SYS] Counts           | 0x00000000 | N/A        | 0x00000000
[SYS] Drops            | 0x00000000 | N/A        | 0x00000000
[SYS] ------------------------ VSPAs ---------------------------
[SYS]                  | 0          | 1          | 2
[SYS] Error            | 0x00000000 | 0x00000000 | 0x00000000
[SYS] SYM WR           | 0x00000014 | N/A        | 0x00000012
[SYS] SYM RD           | 0x00000014 | N/A        | 0x00000012
[SYS] CMD WR           | 0x00000007 | 0x00000006 | 0x00000007
[SYS] CMD RD           | 0x00000007 | 0x00000006 | 0x00000007
[SYS] ------------------------ Info ----------------------------
[SYS]                  | Downlink           | Uplink
[SYS] RF / fine Gain   |     17 /   -2.1    | 0x42
[SYS] PwrAvg(dBFs/dBm) | N/A                | N/A
[SYS] PwrMax(dBFS)     | N/A                | N/A
[SYS] Showtime 111 seconds

[SYS] ------------------------ Data Direction -------------------
[SYS]                  | Downlink           | Uplink
[SYS] CPlane Total     | 0x0000000000000000 | 0x0000000000000000
[SYS] CPlane OnTime    | 0x0000000000000000 | 0x0000000000000000
[SYS] CPlane Early     | 0x0000000000000000 | 0x0000000000000000
[SYS] CPlane Late      | 0x0000000000000000 | 0x0000000000000000
[SYS] CPlane Corrupt   | 0x0000000000000000 | 0x0000000000000000
[SYS] UPlane Total     | 0x0000000000000000 | 0x0000000000000000
[SYS] UPlane OnTime    | 0x0000000000000000 | N/A
[SYS] UPlane Ealry     | 0x0000000000000000 | N/A
[SYS] UPlane Late      | 0x0000000000000000 | N/A
[SYS] UPlane Corrupt   | 0x0000000000000000 | N/A
[SYS] Eth Pkt Good     | 0x000007ff         | 0x00001ad4
[SYS] Eth Pkt Drop     | 0x00000000         | 0x00000000
[SYS] AXIQ status      | 0x00000303         | 0x00010101
[SYS] ------------------------ Tasks ---------------------------
[SYS]                  | UP         | CP         | RT
[SYS] Error            | 0x00000000 | 0x00000000 | 0x00000000
[SYS] Heartbeats       | 0x02c02d4d | N/A        | N/A
[SYS] Counts           | 0x00000000 | N/A        | 0x00000000
[SYS] Drops            | 0x00000000 | N/A        | 0x00000000
[SYS] ------------------------ VSPAs ---------------------------
[SYS]                  | 0          | 1          | 2
[SYS] Error            | 0x00000000 | 0x00000000 | 0x00000000
[SYS] SYM WR           | 0x00000014 | N/A        | 0x00000012
[SYS] SYM RD           | 0x00000014 | N/A        | 0x00000012
[SYS] CMD WR           | 0x00000007 | 0x00000006 | 0x00000007
[SYS] CMD RD           | 0x00000007 | 0x00000006 | 0x00000007
[SYS] ------------------------ Info ----------------------------
[SYS]                  | Downlink           | Uplink
[SYS] RF / fine Gain   |     17 /   -2.1    | 0x42
[SYS] PwrAvg(dBFs/dBm) | N/A                | N/A
[SYS] PwrMax(dBFS)     | N/A                | N/A
[SYS] Showtime 112 seconds

[SYS] ------------------------ Data Direction -------------------
[SYS]                  | Downlink           | Uplink
[SYS] CPlane Total     | 0x0000000000000000 | 0x0000000000000000
[SYS] CPlane OnTime    | 0x0000000000000000 | 0x0000000000000000
[SYS] CPlane Early     | 0x0000000000000000 | 0x0000000000000000
[SYS] CPlane Late      | 0x0000000000000000 | 0x0000000000000000
[SYS] CPlane Corrupt   | 0x0000000000000000 | 0x0000000000000000
[SYS] UPlane Total     | 0x0000000000000000 | 0x0000000000000000
[SYS] UPlane OnTime    | 0x0000000000000000 | N/A
[SYS] UPlane Ealry     | 0x0000000000000000 | N/A
[SYS] UPlane Late      | 0x0000000000000000 | N/A
[SYS] UPlane Corrupt   | 0x0000000000000000 | N/A
[SYS] Eth Pkt Good     | 0x00000800         | 0x00001af7
[SYS] Eth Pkt Drop     | 0x00000000         | 0x00000000
[SYS] AXIQ status      | 0x00000303         | 0x00010101
[SYS] ------------------------ Tasks ---------------------------
[SYS]                  | UP         | CP         | RT
[SYS] Error            | 0x00000000 | 0x00000000 | 0x00000000
[SYS] Heartbeats       | 0x02c66841 | N/A        | N/A
[SYS] Counts           | 0x00000000 | N/A        | 0x00000000
[SYS] Drops            | 0x00000000 | N/A        | 0x00000000
[SYS] ------------------------ VSPAs ---------------------------
[SYS]                  | 0          | 1          | 2
[SYS] Error            | 0x00000000 | 0x00000000 | 0x00000000
[SYS] SYM WR           | 0x00000014 | N/A        | 0x00000012
[SYS] SYM RD           | 0x00000014 | N/A        | 0x00000012
[SYS] CMD WR           | 0x00000007 | 0x00000006 | 0x00000007
[SYS] CMD RD           | 0x00000007 | 0x00000006 | 0x00000007
[SYS] ------------------------ Info ----------------------------
[SYS]                  | Downlink           | Uplink
[SYS] RF / fine Gain   |     17 /   -2.1    | 0x42
[SYS] PwrAvg(dBFs/dBm) | N/A                | N/A
[SYS] PwrMax(dBFS)     | N/A                | N/A
[SYS] Showtime 113 seconds

[SYS] ------------------------ Data Direction -------------------
[SYS]                  | Downlink           | Uplink
[SYS] CPlane Total     | 0x0000000000000000 | 0x0000000000000000
[SYS] CPlane OnTime    | 0x0000000000000000 | 0x0000000000000000
[SYS] CPlane Early     | 0x0000000000000000 | 0x0000000000000000
[SYS] CPlane Late      | 0x0000000000000000 | 0x0000000000000000
[SYS] CPlane Corrupt   | 0x0000000000000000 | 0x0000000000000000
[SYS] UPlane Total     | 0x0000000000000000 | 0x0000000000000000
[SYS] UPlane OnTime    | 0x0000000000000000 | N/A
[SYS] UPlane Ealry     | 0x0000000000000000 | N/A
[SYS] UPlane Late      | 0x0000000000000000 | N/A
[SYS] UPlane Corrupt   | 0x0000000000000000 | N/A
[SYS] Eth Pkt Good     | 0x00000802         | 0x00001b1a
[SYS] Eth Pkt Drop     | 0x00000000         | 0x00000000
[SYS] AXIQ status      | 0x00000303         | 0x00010101
[SYS] ------------------------ Tasks ---------------------------
[SYS]                  | UP         | CP         | RT
[SYS] Error            | 0x00000000 | 0x00000000 | 0x00000000
[SYS] Heartbeats       | 0x02cca5f4 | N/A        | N/A
[SYS] Counts           | 0x00000000 | N/A        | 0x00000000
[SYS] Drops            | 0x00000000 | N/A        | 0x00000000
[SYS] ------------------------ VSPAs ---------------------------
[SYS]                  | 0          | 1          | 2
[SYS] Error            | 0x00000000 | 0x00000000 | 0x00000000
[SYS] SYM WR           | 0x00000014 | N/A        | 0x00000012
[SYS] SYM RD           | 0x00000014 | N/A        | 0x00000012
[SYS] CMD WR           | 0x00000007 | 0x00000006 | 0x00000007
[SYS] CMD RD           | 0x00000007 | 0x00000006 | 0x00000007
[SYS] ------------------------ Info ----------------------------
[SYS]                  | Downlink           | Uplink
[SYS] RF / fine Gain   |     17 /   -2.1    | 0x42
[SYS] PwrAvg(dBFs/dBm) | N/A                | N/A
[SYS] PwrMax(dBFS)     | N/A                | N/A
[SYS] Showtime 114 seconds

[SYS] ------------------------ Data Direction -------------------
[SYS]                  | Downlink           | Uplink
[SYS] CPlane Total     | 0x0000000000000000 | 0x0000000000000000
[SYS] CPlane OnTime    | 0x0000000000000000 | 0x0000000000000000
[SYS] CPlane Early     | 0x0000000000000000 | 0x0000000000000000
[SYS] CPlane Late      | 0x0000000000000000 | 0x0000000000000000
[SYS] CPlane Corrupt   | 0x0000000000000000 | 0x0000000000000000
[SYS] UPlane Total     | 0x0000000000000000 | 0x0000000000000000
[SYS] UPlane OnTime    | 0x0000000000000000 | N/A
[SYS] UPlane Ealry     | 0x0000000000000000 | N/A
[SYS] UPlane Late      | 0x0000000000000000 | N/A
[SYS] UPlane Corrupt   | 0x0000000000000000 | N/A
[SYS] Eth Pkt Good     | 0x0000080a         | 0x00001b44
[SYS] Eth Pkt Drop     | 0x00000000         | 0x00000000
[SYS] AXIQ status      | 0x00000303         | 0x00010101
[SYS] ------------------------ Tasks ---------------------------
[SYS]                  | UP         | CP         | RT
[SYS] Error            | 0x00000000 | 0x00000000 | 0x00000000
[SYS] Heartbeats       | 0x02d2e0d0 | N/A        | N/A
[SYS] Counts           | 0x00000000 | N/A        | 0x00000000
[SYS] Drops            | 0x00000000 | N/A        | 0x00000000
[SYS] ------------------------ VSPAs ---------------------------
[SYS]                  | 0          | 1          | 2
[SYS] Error            | 0x00000000 | 0x00000000 | 0x00000000
[SYS] SYM WR           | 0x00000014 | N/A        | 0x00000012
[SYS] SYM RD           | 0x00000014 | N/A        | 0x00000012
[SYS] CMD WR           | 0x00000007 | 0x00000006 | 0x00000007
[SYS] CMD RD           | 0x00000007 | 0x00000006 | 0x00000007
[SYS] ------------------------ Info ----------------------------
[SYS]                  | Downlink           | Uplink
[SYS] RF / fine Gain   |     17 /   -2.1    | 0x42
[SYS] PwrAvg(dBFs/dBm) | N/A                | N/A
[SYS] PwrMax(dBFS)     | N/A                | N/A
[SYS] Showtime 115 seconds

[SYS] ------------------------ Data Direction -------------------
[SYS]                  | Downlink           | Uplink
[SYS] CPlane Total     | 0x0000000000000000 | 0x0000000000000000
[SYS] CPlane OnTime    | 0x0000000000000000 | 0x0000000000000000
[SYS] CPlane Early     | 0x0000000000000000 | 0x0000000000000000
[SYS] CPlane Late      | 0x0000000000000000 | 0x0000000000000000
[SYS] CPlane Corrupt   | 0x0000000000000000 | 0x0000000000000000
[SYS] UPlane Total     | 0x0000000000000000 | 0x0000000000000000
[SYS] UPlane OnTime    | 0x0000000000000000 | N/A
[SYS] UPlane Ealry     | 0x0000000000000000 | N/A
[SYS] UPlane Late      | 0x0000000000000000 | N/A
[SYS] UPlane Corrupt   | 0x0000000000000000 | N/A
[SYS] Eth Pkt Good     | 0x00000822         | 0x00001b7f
[SYS] Eth Pkt Drop     | 0x00000000         | 0x00000000
[SYS] AXIQ status      | 0x00000303         | 0x00010101
[SYS] ------------------------ Tasks ---------------------------
[SYS]                  | UP         | CP         | RT
[SYS] Error            | 0x00000000 | 0x00000000 | 0x00000000
[SYS] Heartbeats       | 0x02d91bd0 | N/A        | N/A
[SYS] Counts           | 0x00000000 | N/A        | 0x00000000
[SYS] Drops            | 0x00000000 | N/A        | 0x00000000
[SYS] ------------------------ VSPAs ---------------------------
[SYS]                  | 0          | 1          | 2
[SYS] Error            | 0x00000000 | 0x00000000 | 0x00000000
[SYS] SYM WR           | 0x00000014 | N/A        | 0x00000012
[SYS] SYM RD           | 0x00000014 | N/A        | 0x00000012
[SYS] CMD WR           | 0x00000007 | 0x00000006 | 0x00000007
[SYS] CMD RD           | 0x00000007 | 0x00000006 | 0x00000007
[SYS] ------------------------ Info ----------------------------
[SYS]                  | Downlink           | Uplink
[SYS] RF / fine Gain   |     17 /   -2.1    | 0x42
[SYS] PwrAvg(dBFs/dBm) | N/A                | N/A
[SYS] PwrMax(dBFS)     | N/A                | N/A
[SYS] Showtime 116 seconds

[SYS] ------------------------ Data Direction -------------------
[SYS]                  | Downlink           | Uplink
[SYS] CPlane Total     | 0x0000000000000000 | 0x0000000000000000
[SYS] CPlane OnTime    | 0x0000000000000000 | 0x0000000000000000
[SYS] CPlane Early     | 0x0000000000000000 | 0x0000000000000000
[SYS] CPlane Late      | 0x0000000000000000 | 0x0000000000000000
[SYS] CPlane Corrupt   | 0x0000000000000000 | 0x0000000000000000
[SYS] UPlane Total     | 0x0000000000000000 | 0x0000000000000000
[SYS] UPlane OnTime    | 0x0000000000000000 | N/A
[SYS] UPlane Ealry     | 0x0000000000000000 | N/A
[SYS] UPlane Late      | 0x0000000000000000 | N/A
[SYS] UPlane Corrupt   | 0x0000000000000000 | N/A
[SYS] Eth Pkt Good     | 0x00000824         | 0x00001ba3
[SYS] Eth Pkt Drop     | 0x00000000         | 0x00000000
[SYS] AXIQ status      | 0x00000303         | 0x00010101
[SYS] ------------------------ Tasks ---------------------------
[SYS]                  | UP         | CP         | RT
[SYS] Error            | 0x00000000 | 0x00000000 | 0x00000000
[SYS] Heartbeats       | 0x02df5998 | N/A        | N/A
[SYS] Counts           | 0x00000000 | N/A        | 0x00000000
[SYS] Drops            | 0x00000000 | N/A        | 0x00000000
[SYS] ------------------------ VSPAs ---------------------------
[SYS]                  | 0          | 1          | 2
[SYS] Error            | 0x00000000 | 0x00000000 | 0x00000000
[SYS] SYM WR           | 0x00000014 | N/A        | 0x00000012
[SYS] SYM RD           | 0x00000014 | N/A        | 0x00000012
[SYS] CMD WR           | 0x00000007 | 0x00000006 | 0x00000007
[SYS] CMD RD           | 0x00000007 | 0x00000006 | 0x00000007
[SYS] ------------------------ Info ----------------------------
[SYS]                  | Downlink           | Uplink
[SYS] RF / fine Gain   |     17 /   -2.1    | 0x42
[SYS] PwrAvg(dBFs/dBm) | N/A                | N/A
[SYS] PwrMax(dBFS)     | N/A                | N/A
[SYS] Showtime 117 seconds

[SYS] ------------------------ Data Direction -------------------
[SYS]                  | Downlink           | Uplink
[SYS] CPlane Total     | 0x0000000000000000 | 0x0000000000000000
[SYS] CPlane OnTime    | 0x0000000000000000 | 0x0000000000000000
[SYS] CPlane Early     | 0x0000000000000000 | 0x0000000000000000
[SYS] CPlane Late      | 0x0000000000000000 | 0x0000000000000000
[SYS] CPlane Corrupt   | 0x0000000000000000 | 0x0000000000000000
[SYS] UPlane Total     | 0x0000000000000000 | 0x0000000000000000
[SYS] UPlane OnTime    | 0x0000000000000000 | N/A
[SYS] UPlane Ealry     | 0x0000000000000000 | N/A
[SYS] UPlane Late      | 0x0000000000000000 | N/A
[SYS] UPlane Corrupt   | 0x0000000000000000 | N/A
[SYS] Eth Pkt Good     | 0x00000825         | 0x00001bc6
[SYS] Eth Pkt Drop     | 0x00000000         | 0x00000000
[SYS] AXIQ status      | 0x00000303         | 0x00010101
[SYS] ------------------------ Tasks ---------------------------
[SYS]                  | UP         | CP         | RT
[SYS] Error            | 0x00000000 | 0x00000000 | 0x00000000
[SYS] Heartbeats       | 0x02e5947d | N/A        | N/A
[SYS] Counts           | 0x00000000 | N/A        | 0x00000000
[SYS] Drops            | 0x00000000 | N/A        | 0x00000000
[SYS] ------------------------ VSPAs ---------------------------
[SYS]                  | 0          | 1          | 2
[SYS] Error            | 0x00000000 | 0x00000000 | 0x00000000
[SYS] SYM WR           | 0x00000014 | N/A        | 0x00000012
[SYS] SYM RD           | 0x00000014 | N/A        | 0x00000012
[SYS] CMD WR           | 0x00000007 | 0x00000006 | 0x00000007
[SYS] CMD RD           | 0x00000007 | 0x00000006 | 0x00000007
[SYS] ------------------------ Info ----------------------------
[SYS]                  | Downlink           | Uplink
[SYS] RF / fine Gain   |     17 /   -2.1    | 0x42
[SYS] PwrAvg(dBFs/dBm) | N/A                | N/A
[SYS] PwrMax(dBFS)     | N/A                | N/A
[SYS] Showtime 118 seconds

[SYS] ------------------------ Data Direction -------------------
[SYS]                  | Downlink           | Uplink
[SYS] CPlane Total     | 0x0000000000000000 | 0x0000000000000000
[SYS] CPlane OnTime    | 0x0000000000000000 | 0x0000000000000000
[SYS] CPlane Early     | 0x0000000000000000 | 0x0000000000000000
[SYS] CPlane Late      | 0x0000000000000000 | 0x0000000000000000
[SYS] CPlane Corrupt   | 0x0000000000000000 | 0x0000000000000000
[SYS] UPlane Total     | 0x0000000000000000 | 0x0000000000000000
[SYS] UPlane OnTime    | 0x0000000000000000 | N/A
[SYS] UPlane Ealry     | 0x0000000000000000 | N/A
[SYS] UPlane Late      | 0x0000000000000000 | N/A
[SYS] UPlane Corrupt   | 0x0000000000000000 | N/A
[SYS] Eth Pkt Good     | 0x00000827         | 0x00001bea
[SYS] Eth Pkt Drop     | 0x00000000         | 0x00000000
[SYS] AXIQ status      | 0x00000303         | 0x00010101
[SYS] ------------------------ Tasks ---------------------------
[SYS]                  | UP         | CP         | RT
[SYS] Error            | 0x00000000 | 0x00000000 | 0x00000000
[SYS] Heartbeats       | 0x02ebcf5a | N/A        | N/A
[SYS] Counts           | 0x00000000 | N/A        | 0x00000000
[SYS] Drops            | 0x00000000 | N/A        | 0x00000000
[SYS] ------------------------ VSPAs ---------------------------
[SYS]                  | 0          | 1          | 2
[SYS] Error            | 0x00000000 | 0x00000000 | 0x00000000
[SYS] SYM WR           | 0x00000014 | N/A        | 0x00000012
[SYS] SYM RD           | 0x00000014 | N/A        | 0x00000012
[SYS] CMD WR           | 0x00000007 | 0x00000006 | 0x00000007
[SYS] CMD RD           | 0x00000007 | 0x00000006 | 0x00000007
[SYS] ------------------------ Info ----------------------------
[SYS]                  | Downlink           | Uplink
[SYS] RF / fine Gain   |     17 /   -2.1    | 0x42
[SYS] PwrAvg(dBFs/dBm) | N/A                | N/A
[SYS] PwrMax(dBFS)     | N/A                | N/A
[SYS] Showtime 119 seconds

[SYS] ------------------------ Data Direction -------------------
[SYS]                  | Downlink           | Uplink
[SYS] CPlane Total     | 0x0000000000000000 | 0x0000000000000000
[SYS] CPlane OnTime    | 0x0000000000000000 | 0x0000000000000000
[SYS] CPlane Early     | 0x0000000000000000 | 0x0000000000000000
[SYS] CPlane Late      | 0x0000000000000000 | 0x0000000000000000
[SYS] CPlane Corrupt   | 0x0000000000000000 | 0x0000000000000000
[SYS] UPlane Total     | 0x0000000000000000 | 0x0000000000000000
[SYS] UPlane OnTime    | 0x0000000000000000 | N/A
[SYS] UPlane Ealry     | 0x0000000000000000 | N/A
[SYS] UPlane Late      | 0x0000000000000000 | N/A
[SYS] UPlane Corrupt   | 0x0000000000000000 | N/A
[SYS] Eth Pkt Good     | 0x00000828         | 0x00001c0d
[SYS] Eth Pkt Drop     | 0x00000000         | 0x00000000
[SYS] AXIQ status      | 0x00000303         | 0x00010101
[SYS] ------------------------ Tasks ---------------------------
[SYS]                  | UP         | CP         | RT
[SYS] Error            | 0x00000000 | 0x00000000 | 0x00000000
[SYS] Heartbeats       | 0x02f21a1d | N/A        | N/A
[SYS] Counts           | 0x00000000 | N/A        | 0x00000000
[SYS] Drops            | 0x00000000 | N/A        | 0x00000000
[SYS] ------------------------ VSPAs ---------------------------
[SYS]                  | 0          | 1          | 2
[SYS] Error            | 0x00000000 | 0x00000000 | 0x00000000
[SYS] SYM WR           | 0x00000014 | N/A        | 0x00000012
[SYS] SYM RD           | 0x00000014 | N/A        | 0x00000012
[SYS] CMD WR           | 0x00000007 | 0x00000006 | 0x00000007
[SYS] CMD RD           | 0x00000007 | 0x00000006 | 0x00000007
[SYS] ------------------------ Info ----------------------------
[SYS]                  | Downlink           | Uplink
[SYS] RF / fine Gain   |     17 /   -2.1    | 0x42
[SYS] PwrAvg(dBFs/dBm) | N/A                | N/A
[SYS] PwrMax(dBFS)     | N/A                | N/A
[SYS] Showtime 120 seconds

[SYS] ------------------------ Data Direction -------------------
[SYS]                  | Downlink           | Uplink
[SYS] CPlane Total     | 0x0000000000000000 | 0x0000000000000000
[SYS] CPlane OnTime    | 0x0000000000000000 | 0x0000000000000000
[SYS] CPlane Early     | 0x0000000000000000 | 0x0000000000000000
[SYS] CPlane Late      | 0x0000000000000000 | 0x0000000000000000
[SYS] CPlane Corrupt   | 0x0000000000000000 | 0x0000000000000000
[SYS] UPlane Total     | 0x0000000000000000 | 0x0000000000000000
[SYS] UPlane OnTime    | 0x0000000000000000 | N/A
[SYS] UPlane Ealry     | 0x0000000000000000 | N/A
[SYS] UPlane Late      | 0x0000000000000000 | N/A
[SYS] UPlane Corrupt   | 0x0000000000000000 | N/A
[SYS] Eth Pkt Good     | 0x0000082a         | 0x00001c30
[SYS] Eth Pkt Drop     | 0x00000000         | 0x00000000
[SYS] AXIQ status      | 0x00000303         | 0x00010101
[SYS] ------------------------ Tasks ---------------------------
[SYS]                  | UP         | CP         | RT
[SYS] Error            | 0x00000000 | 0x00000000 | 0x00000000
[SYS] Heartbeats       | 0x02f85679 | N/A        | N/A
[SYS] Counts           | 0x00000000 | N/A        | 0x00000000
[SYS] Drops            | 0x00000000 | N/A        | 0x00000000
[SYS] ------------------------ VSPAs ---------------------------
[SYS]                  | 0          | 1          | 2
[SYS] Error            | 0x00000000 | 0x00000000 | 0x00000000
[SYS] SYM WR           | 0x00000014 | N/A        | 0x00000012
[SYS] SYM RD           | 0x00000014 | N/A        | 0x00000012
[SYS] CMD WR           | 0x00000007 | 0x00000006 | 0x00000007
[SYS] CMD RD           | 0x00000007 | 0x00000006 | 0x00000007
[SYS] ------------------------ Info ----------------------------
[SYS]                  | Downlink           | Uplink
[SYS] RF / fine Gain   |     17 /   -2.1    | 0x42
[SYS] PwrAvg(dBFs/dBm) | N/A                | N/A
[SYS] PwrMax(dBFS)     | N/A                | N/A
[SYS] Showtime 121 seconds

[SYS] ------------------------ Data Direction -------------------
[SYS]                  | Downlink           | Uplink
[SYS] CPlane Total     | 0x0000000000000000 | 0x0000000000000000
[SYS] CPlane OnTime    | 0x0000000000000000 | 0x0000000000000000
[SYS] CPlane Early     | 0x0000000000000000 | 0x0000000000000000
[SYS] CPlane Late      | 0x0000000000000000 | 0x0000000000000000
[SYS] CPlane Corrupt   | 0x0000000000000000 | 0x0000000000000000
[SYS] UPlane Total     | 0x0000000000000000 | 0x0000000000000000
[SYS] UPlane OnTime    | 0x0000000000000000 | N/A
[SYS] UPlane Ealry     | 0x0000000000000000 | N/A
[SYS] UPlane Late      | 0x0000000000000000 | N/A
[SYS] UPlane Corrupt   | 0x0000000000000000 | N/A
[SYS] Eth Pkt Good     | 0x0000082b         | 0x00001c54
[SYS] Eth Pkt Drop     | 0x00000000         | 0x00000000
[SYS] AXIQ status      | 0x00000303         | 0x00010101
[SYS] ------------------------ Tasks ---------------------------
[SYS]                  | UP         | CP         | RT
[SYS] Error            | 0x00000000 | 0x00000000 | 0x00000000
[SYS] Heartbeats       | 0x02fe915c | N/A        | N/A
[SYS] Counts           | 0x00000000 | N/A        | 0x00000000
[SYS] Drops            | 0x00000000 | N/A        | 0x00000000
[SYS] ------------------------ VSPAs ---------------------------
[SYS]                  | 0          | 1          | 2
[SYS] Error            | 0x00000000 | 0x00000000 | 0x00000000
[SYS] SYM WR           | 0x00000014 | N/A        | 0x00000012
[SYS] SYM RD           | 0x00000014 | N/A        | 0x00000012
[SYS] CMD WR           | 0x00000007 | 0x00000006 | 0x00000007
[SYS] CMD RD           | 0x00000007 | 0x00000006 | 0x00000007
[SYS] ------------------------ Info ----------------------------
[SYS]                  | Downlink           | Uplink
[SYS] RF / fine Gain   |     17 /   -2.1    | 0x42
[SYS] PwrAvg(dBFs/dBm) | N/A                | N/A
[SYS] PwrMax(dBFS)     | N/A                | N/A
[SYS] Showtime 122 seconds

[SYS] ------------------------ Data Direction -------------------
[SYS]                  | Downlink           | Uplink
[SYS] CPlane Total     | 0x0000000000000000 | 0x0000000000000000
[SYS] CPlane OnTime    | 0x0000000000000000 | 0x0000000000000000
[SYS] CPlane Early     | 0x0000000000000000 | 0x0000000000000000
[SYS] CPlane Late      | 0x0000000000000000 | 0x0000000000000000
[SYS] CPlane Corrupt   | 0x0000000000000000 | 0x0000000000000000
[SYS] UPlane Total     | 0x0000000000000000 | 0x0000000000000000
[SYS] UPlane OnTime    | 0x0000000000000000 | N/A
[SYS] UPlane Ealry     | 0x0000000000000000 | N/A
[SYS] UPlane Late      | 0x0000000000000000 | N/A
[SYS] UPlane Corrupt   | 0x0000000000000000 | N/A
[SYS] Eth Pkt Good     | 0x0000082c         | 0x00001c77
[SYS] Eth Pkt Drop     | 0x00000000         | 0x00000000
[SYS] AXIQ status      | 0x00000303         | 0x00010101
[SYS] ------------------------ Tasks ---------------------------
[SYS]                  | UP         | CP         | RT
[SYS] Error            | 0x00000000 | 0x00000000 | 0x00000000
[SYS] Heartbeats       | 0x0304cc4d | N/A        | N/A
[SYS] Counts           | 0x00000000 | N/A        | 0x00000000
[SYS] Drops            | 0x00000000 | N/A        | 0x00000000
[SYS] ------------------------ VSPAs ---------------------------
[SYS]                  | 0          | 1          | 2
[SYS] Error            | 0x00000000 | 0x00000000 | 0x00000000
[SYS] SYM WR           | 0x00000014 | N/A        | 0x00000012
[SYS] SYM RD           | 0x00000014 | N/A        | 0x00000012
[SYS] CMD WR           | 0x00000007 | 0x00000006 | 0x00000007
[SYS] CMD RD           | 0x00000007 | 0x00000006 | 0x00000007
[SYS] ------------------------ Info ----------------------------
[SYS]                  | Downlink           | Uplink
[SYS] RF / fine Gain   |     17 /   -2.1    | 0x42
[SYS] PwrAvg(dBFs/dBm) | N/A                | N/A
[SYS] PwrMax(dBFS)     | N/A                | N/A
[SYS] Showtime 123 seconds

[SYS] ------------------------ Data Direction -------------------
[SYS]                  | Downlink           | Uplink
[SYS] CPlane Total     | 0x0000000000000000 | 0x0000000000000000
[SYS] CPlane OnTime    | 0x0000000000000000 | 0x0000000000000000
[SYS] CPlane Early     | 0x0000000000000000 | 0x0000000000000000
[SYS] CPlane Late      | 0x0000000000000000 | 0x0000000000000000
[SYS] CPlane Corrupt   | 0x0000000000000000 | 0x0000000000000000
[SYS] UPlane Total     | 0x0000000000000000 | 0x0000000000000000
[SYS] UPlane OnTime    | 0x0000000000000000 | N/A
[SYS] UPlane Ealry     | 0x0000000000000000 | N/A
[SYS] UPlane Late      | 0x0000000000000000 | N/A
[SYS] UPlane Corrupt   | 0x0000000000000000 | N/A
[SYS] Eth Pkt Good     | 0x0000082e         | 0x00001c9b
[SYS] Eth Pkt Drop     | 0x00000000         | 0x00000000
[SYS] AXIQ status      | 0x00000303         | 0x00010101
[SYS] ------------------------ Tasks ---------------------------
[SYS]                  | UP         | CP         | RT
[SYS] Error            | 0x00000000 | 0x00000000 | 0x00000000
[SYS] Heartbeats       | 0x030b0a09 | N/A        | N/A
[SYS] Counts           | 0x00000000 | N/A        | 0x00000000
[SYS] Drops            | 0x00000000 | N/A        | 0x00000000
[SYS] ------------------------ VSPAs ---------------------------
[SYS]                  | 0          | 1          | 2
[SYS] Error            | 0x00000000 | 0x00000000 | 0x00000000
[SYS] SYM WR           | 0x00000014 | N/A        | 0x00000012
[SYS] SYM RD           | 0x00000014 | N/A        | 0x00000012
[SYS] CMD WR           | 0x00000007 | 0x00000006 | 0x00000007
[SYS] CMD RD           | 0x00000007 | 0x00000006 | 0x00000007
[SYS] ------------------------ Info ----------------------------
[SYS]                  | Downlink           | Uplink
[SYS] RF / fine Gain   |     17 /   -2.1    | 0x42
[SYS] PwrAvg(dBFs/dBm) | N/A                | N/A
[SYS] PwrMax(dBFS)     | N/A                | N/A
[SYS] Showtime 124 seconds

[SYS] ------------------------ Data Direction -------------------
[SYS]                  | Downlink           | Uplink
[SYS] CPlane Total     | 0x0000000000000000 | 0x0000000000000000
[SYS] CPlane OnTime    | 0x0000000000000000 | 0x0000000000000000
[SYS] CPlane Early     | 0x0000000000000000 | 0x0000000000000000
[SYS] CPlane Late      | 0x0000000000000000 | 0x0000000000000000
[SYS] CPlane Corrupt   | 0x0000000000000000 | 0x0000000000000000
[SYS] UPlane Total     | 0x0000000000000000 | 0x0000000000000000
[SYS] UPlane OnTime    | 0x0000000000000000 | N/A
[SYS] UPlane Ealry     | 0x0000000000000000 | N/A
[SYS] UPlane Late      | 0x0000000000000000 | N/A
[SYS] UPlane Corrupt   | 0x0000000000000000 | N/A
[SYS] Eth Pkt Good     | 0x0000082f         | 0x00001cbe
[SYS] Eth Pkt Drop     | 0x00000000         | 0x00000000
[SYS] AXIQ status      | 0x00000303         | 0x00010101
[SYS] ------------------------ Tasks ---------------------------
[SYS]                  | UP         | CP         | RT
[SYS] Error            | 0x00000000 | 0x00000000 | 0x00000000
[SYS] Heartbeats       | 0x031144ed | N/A        | N/A
[SYS] Counts           | 0x00000000 | N/A        | 0x00000000
[SYS] Drops            | 0x00000000 | N/A        | 0x00000000
[SYS] ------------------------ VSPAs ---------------------------
[SYS]                  | 0          | 1          | 2
[SYS] Error            | 0x00000000 | 0x00000000 | 0x00000000
[SYS] SYM WR           | 0x00000014 | N/A        | 0x00000012
[SYS] SYM RD           | 0x00000014 | N/A        | 0x00000012
[SYS] CMD WR           | 0x00000007 | 0x00000006 | 0x00000007
[SYS] CMD RD           | 0x00000007 | 0x00000006 | 0x00000007
[SYS] ------------------------ Info ----------------------------
[SYS]                  | Downlink           | Uplink
[SYS] RF / fine Gain   |     17 /   -2.1    | 0x42
[SYS] PwrAvg(dBFs/dBm) | N/A                | N/A
[SYS] PwrMax(dBFS)     | N/A                | N/A
[SYS] Showtime 125 seconds

[SYS] ------------------------ Data Direction -------------------
[SYS]                  | Downlink           | Uplink
[SYS] CPlane Total     | 0x0000000000000000 | 0x0000000000000000
[SYS] CPlane OnTime    | 0x0000000000000000 | 0x0000000000000000
[SYS] CPlane Early     | 0x0000000000000000 | 0x0000000000000000
[SYS] CPlane Late      | 0x0000000000000000 | 0x0000000000000000
[SYS] CPlane Corrupt   | 0x0000000000000000 | 0x0000000000000000
[SYS] UPlane Total     | 0x0000000000000000 | 0x0000000000000000
[SYS] UPlane OnTime    | 0x0000000000000000 | N/A
[SYS] UPlane Ealry     | 0x0000000000000000 | N/A
[SYS] UPlane Late      | 0x0000000000000000 | N/A
[SYS] UPlane Corrupt   | 0x0000000000000000 | N/A
[SYS] Eth Pkt Good     | 0x00000830         | 0x00001ce1
[SYS] Eth Pkt Drop     | 0x00000000         | 0x00000000
[SYS] AXIQ status      | 0x00000303         | 0x00010101
[SYS] ------------------------ Tasks ---------------------------
[SYS]                  | UP         | CP         | RT
[SYS] Error            | 0x00000000 | 0x00000000 | 0x00000000
[SYS] Heartbeats       | 0x03177fd0 | N/A        | N/A
[SYS] Counts           | 0x00000000 | N/A        | 0x00000000
[SYS] Drops            | 0x00000000 | N/A        | 0x00000000
[SYS] ------------------------ VSPAs ---------------------------
[SYS]                  | 0          | 1          | 2
[SYS] Error            | 0x00000000 | 0x00000000 | 0x00000000
[SYS] SYM WR           | 0x00000014 | N/A        | 0x00000012
[SYS] SYM RD           | 0x00000014 | N/A        | 0x00000012
[SYS] CMD WR           | 0x00000007 | 0x00000006 | 0x00000007
[SYS] CMD RD           | 0x00000007 | 0x00000006 | 0x00000007
[SYS] ------------------------ Info ----------------------------
[SYS]                  | Downlink           | Uplink
[SYS] RF / fine Gain   |     17 /   -2.1    | 0x42
[SYS] PwrAvg(dBFs/dBm) | N/A                | N/A
[SYS] PwrMax(dBFS)     | N/A                | N/A
[SYS] Showtime 126 seconds

[SYS] ------------------------ Data Direction -------------------
[SYS]                  | Downlink           | Uplink
[SYS] CPlane Total     | 0x0000000000000000 | 0x0000000000000000
[SYS] CPlane OnTime    | 0x0000000000000000 | 0x0000000000000000
[SYS] CPlane Early     | 0x0000000000000000 | 0x0000000000000000
[SYS] CPlane Late      | 0x0000000000000000 | 0x0000000000000000
[SYS] CPlane Corrupt   | 0x0000000000000000 | 0x0000000000000000
[SYS] UPlane Total     | 0x0000000000000000 | 0x0000000000000000
[SYS] UPlane OnTime    | 0x0000000000000000 | N/A
[SYS] UPlane Ealry     | 0x0000000000000000 | N/A
[SYS] UPlane Late      | 0x0000000000000000 | N/A
[SYS] UPlane Corrupt   | 0x0000000000000000 | N/A
[SYS] Eth Pkt Good     | 0x00000832         | 0x00001d05
[SYS] Eth Pkt Drop     | 0x00000000         | 0x00000000
[SYS] AXIQ status      | 0x00000303         | 0x00010101
[SYS] ------------------------ Tasks ---------------------------
[SYS]                  | UP         | CP         | RT
[SYS] Error            | 0x00000000 | 0x00000000 | 0x00000000
[SYS] Heartbeats       | 0x031dc879 | N/A        | N/A
[SYS] Counts           | 0x00000000 | N/A        | 0x00000000
[SYS] Drops            | 0x00000000 | N/A        | 0x00000000
[SYS] ------------------------ VSPAs ---------------------------
[SYS]                  | 0          | 1          | 2
[SYS] Error            | 0x00000000 | 0x00000000 | 0x00000000
[SYS] SYM WR           | 0x00000014 | N/A        | 0x00000012
[SYS] SYM RD           | 0x00000014 | N/A        | 0x00000012
[SYS] CMD WR           | 0x00000007 | 0x00000006 | 0x00000007
[SYS] CMD RD           | 0x00000007 | 0x00000006 | 0x00000007
[SYS] ------------------------ Info ----------------------------
[SYS]                  | Downlink           | Uplink
[SYS] RF / fine Gain   |     17 /   -2.1    | 0x42
[SYS] PwrAvg(dBFs/dBm) | N/A                | N/A
[SYS] PwrMax(dBFS)     | N/A                | N/A
[SYS] Showtime 127 seconds

[SYS] ------------------------ Data Direction -------------------
[SYS]                  | Downlink           | Uplink
[SYS] CPlane Total     | 0x0000000000000000 | 0x0000000000000000
[SYS] CPlane OnTime    | 0x0000000000000000 | 0x0000000000000000
[SYS] CPlane Early     | 0x0000000000000000 | 0x0000000000000000
[SYS] CPlane Late      | 0x0000000000000000 | 0x0000000000000000
[SYS] CPlane Corrupt   | 0x0000000000000000 | 0x0000000000000000
[SYS] UPlane Total     | 0x0000000000000000 | 0x0000000000000000
[SYS] UPlane OnTime    | 0x0000000000000000 | N/A
[SYS] UPlane Ealry     | 0x0000000000000000 | N/A
[SYS] UPlane Late      | 0x0000000000000000 | N/A
[SYS] UPlane Corrupt   | 0x0000000000000000 | N/A
[SYS] Eth Pkt Good     | 0x00000833         | 0x00001d28
[SYS] Eth Pkt Drop     | 0x00000000         | 0x00000000
[SYS] AXIQ status      | 0x00000303         | 0x00010101
[SYS] ------------------------ Tasks ---------------------------
[SYS]                  | UP         | CP         | RT
[SYS] Error            | 0x00000000 | 0x00000000 | 0x00000000
[SYS] Heartbeats       | 0x032403a8 | N/A        | N/A
[SYS] Counts           | 0x00000000 | N/A        | 0x00000000
[SYS] Drops            | 0x00000000 | N/A        | 0x00000000
[SYS] ------------------------ VSPAs ---------------------------
[SYS]                  | 0          | 1          | 2
[SYS] Error            | 0x00000000 | 0x00000000 | 0x00000000
[SYS] SYM WR           | 0x00000014 | N/A        | 0x00000012
[SYS] SYM RD           | 0x00000014 | N/A        | 0x00000012
[SYS] CMD WR           | 0x00000007 | 0x00000006 | 0x00000007
[SYS] CMD RD           | 0x00000007 | 0x00000006 | 0x00000007
[SYS] ------------------------ Info ----------------------------
[SYS]                  | Downlink           | Uplink
[SYS] RF / fine Gain   |     17 /   -2.1    | 0x42
[SYS] PwrAvg(dBFs/dBm) | N/A                | N/A
[SYS] PwrMax(dBFS)     | N/A                | N/A
[SYS] Showtime 128 seconds

[SYS] ------------------------ Data Direction -------------------
[SYS]                  | Downlink           | Uplink
[SYS] CPlane Total     | 0x0000000000000000 | 0x0000000000000000
[SYS] CPlane OnTime    | 0x0000000000000000 | 0x0000000000000000
[SYS] CPlane Early     | 0x0000000000000000 | 0x0000000000000000
[SYS] CPlane Late      | 0x0000000000000000 | 0x0000000000000000
[SYS] CPlane Corrupt   | 0x0000000000000000 | 0x0000000000000000
[SYS] UPlane Total     | 0x0000000000000000 | 0x0000000000000000
[SYS] UPlane OnTime    | 0x0000000000000000 | N/A
[SYS] UPlane Ealry     | 0x0000000000000000 | N/A
[SYS] UPlane Late      | 0x0000000000000000 | N/A
[SYS] UPlane Corrupt   | 0x0000000000000000 | N/A
[SYS] Eth Pkt Good     | 0x0000084d         | 0x00001d64
[SYS] Eth Pkt Drop     | 0x00000000         | 0x00000000
[SYS] AXIQ status      | 0x00000303         | 0x00010101
[SYS] ------------------------ Tasks ---------------------------
[SYS]                  | UP         | CP         | RT
[SYS] Error            | 0x00000000 | 0x00000000 | 0x00000000
[SYS] Heartbeats       | 0x032a3e8d | N/A        | N/A
[SYS] Counts           | 0x00000000 | N/A        | 0x00000000
[SYS] Drops            | 0x00000000 | N/A        | 0x00000000
[SYS] ------------------------ VSPAs ---------------------------
[SYS]                  | 0          | 1          | 2
[SYS] Error            | 0x00000000 | 0x00000000 | 0x00000000
[SYS] SYM WR           | 0x00000014 | N/A        | 0x00000012
[SYS] SYM RD           | 0x00000014 | N/A        | 0x00000012
[SYS] CMD WR           | 0x00000007 | 0x00000006 | 0x00000007
[SYS] CMD RD           | 0x00000007 | 0x00000006 | 0x00000007
[SYS] ------------------------ Info ----------------------------
[SYS]                  | Downlink           | Uplink
[SYS] RF / fine Gain   |     17 /   -2.1    | 0x42
[SYS] PwrAvg(dBFs/dBm) | N/A                | N/A
[SYS] PwrMax(dBFS)     | N/A                | N/A
[SYS] Showtime 129 seconds

[SYS] ------------------------ Data Direction -------------------
[SYS]                  | Downlink           | Uplink
[SYS] CPlane Total     | 0x0000000000000000 | 0x0000000000000000
[SYS] CPlane OnTime    | 0x0000000000000000 | 0x0000000000000000
[SYS] CPlane Early     | 0x0000000000000000 | 0x0000000000000000
[SYS] CPlane Late      | 0x0000000000000000 | 0x0000000000000000
[SYS] CPlane Corrupt   | 0x0000000000000000 | 0x0000000000000000
[SYS] UPlane Total     | 0x0000000000000000 | 0x0000000000000000
[SYS] UPlane OnTime    | 0x0000000000000000 | N/A
[SYS] UPlane Ealry     | 0x0000000000000000 | N/A
[SYS] UPlane Late      | 0x0000000000000000 | N/A
[SYS] UPlane Corrupt   | 0x0000000000000000 | N/A
[SYS] Eth Pkt Good     | 0x00000854         | 0x00001d8d
[SYS] Eth Pkt Drop     | 0x00000000         | 0x00000000
[SYS] AXIQ status      | 0x00000303         | 0x00010101
[SYS] ------------------------ Tasks ---------------------------
[SYS]                  | UP         | CP         | RT
[SYS] Error            | 0x00000000 | 0x00000000 | 0x00000000
[SYS] Heartbeats       | 0x0330798f | N/A        | N/A
[SYS] Counts           | 0x00000000 | N/A        | 0x00000000
[SYS] Drops            | 0x00000000 | N/A        | 0x00000000
[SYS] ------------------------ VSPAs ---------------------------
[SYS]                  | 0          | 1          | 2
[SYS] Error            | 0x00000000 | 0x00000000 | 0x00000000
[SYS] SYM WR           | 0x00000014 | N/A        | 0x00000012
[SYS] SYM RD           | 0x00000014 | N/A        | 0x00000012
[SYS] CMD WR           | 0x00000007 | 0x00000006 | 0x00000007
[SYS] CMD RD           | 0x00000007 | 0x00000006 | 0x00000007
[SYS] ------------------------ Info ----------------------------
[SYS]                  | Downlink           | Uplink
[SYS] RF / fine Gain   |     17 /   -2.1    | 0x42
[SYS] PwrAvg(dBFs/dBm) | N/A                | N/A
[SYS] PwrMax(dBFS)     | N/A                | N/A
[SYS] Showtime 130 seconds

[SYS] ------------------------ Data Direction -------------------
[SYS]                  | Downlink           | Uplink
[SYS] CPlane Total     | 0x0000000000000000 | 0x0000000000000000
[SYS] CPlane OnTime    | 0x0000000000000000 | 0x0000000000000000
[SYS] CPlane Early     | 0x0000000000000000 | 0x0000000000000000
[SYS] CPlane Late      | 0x0000000000000000 | 0x0000000000000000
[SYS] CPlane Corrupt   | 0x0000000000000000 | 0x0000000000000000
[SYS] UPlane Total     | 0x0000000000000000 | 0x0000000000000000
[SYS] UPlane OnTime    | 0x0000000000000000 | N/A
[SYS] UPlane Ealry     | 0x0000000000000000 | N/A
[SYS] UPlane Late      | 0x0000000000000000 | N/A
[SYS] UPlane Corrupt   | 0x0000000000000000 | N/A
[SYS] Eth Pkt Good     | 0x00000856         | 0x00001db1
[SYS] Eth Pkt Drop     | 0x00000000         | 0x00000000
[SYS] AXIQ status      | 0x00000303         | 0x00010101
[SYS] ------------------------ Tasks ---------------------------
[SYS]                  | UP         | CP         | RT
[SYS] Error            | 0x00000000 | 0x00000000 | 0x00000000
[SYS] Heartbeats       | 0x0336b753 | N/A        | N/A
[SYS] Counts           | 0x00000000 | N/A        | 0x00000000
[SYS] Drops            | 0x00000000 | N/A        | 0x00000000
[SYS] ------------------------ VSPAs ---------------------------
[SYS]                  | 0          | 1          | 2
[SYS] Error            | 0x00000000 | 0x00000000 | 0x00000000
[SYS] SYM WR           | 0x00000014 | N/A        | 0x00000012
[SYS] SYM RD           | 0x00000014 | N/A        | 0x00000012
[SYS] CMD WR           | 0x00000007 | 0x00000006 | 0x00000007
[SYS] CMD RD           | 0x00000007 | 0x00000006 | 0x00000007
[SYS] ------------------------ Info ----------------------------
[SYS]                  | Downlink           | Uplink
[SYS] RF / fine Gain   |     17 /   -2.1    | 0x42
[SYS] PwrAvg(dBFs/dBm) | N/A                | N/A
[SYS] PwrMax(dBFS)     | N/A                | N/A
[SYS] Showtime 131 seconds

[SYS] ------------------------ Data Direction -------------------
[SYS]                  | Downlink           | Uplink
[SYS] CPlane Total     | 0x0000000000000000 | 0x0000000000000000
[SYS] CPlane OnTime    | 0x0000000000000000 | 0x0000000000000000
[SYS] CPlane Early     | 0x0000000000000000 | 0x0000000000000000
[SYS] CPlane Late      | 0x0000000000000000 | 0x0000000000000000
[SYS] CPlane Corrupt   | 0x0000000000000000 | 0x0000000000000000
[SYS] UPlane Total     | 0x0000000000000000 | 0x0000000000000000
[SYS] UPlane OnTime    | 0x0000000000000000 | N/A
[SYS] UPlane Ealry     | 0x0000000000000000 | N/A
[SYS] UPlane Late      | 0x0000000000000000 | N/A
[SYS] UPlane Corrupt   | 0x0000000000000000 | N/A
[SYS] Eth Pkt Good     | 0x00000857         | 0x00001dd4
[SYS] Eth Pkt Drop     | 0x00000000         | 0x00000000
[SYS] AXIQ status      | 0x00000303         | 0x00010101
[SYS] ------------------------ Tasks ---------------------------
[SYS]                  | UP         | CP         | RT
[SYS] Error            | 0x00000000 | 0x00000000 | 0x00000000
[SYS] Heartbeats       | 0x033cf23c | N/A        | N/A
[SYS] Counts           | 0x00000000 | N/A        | 0x00000000
[SYS] Drops            | 0x00000000 | N/A        | 0x00000000
[SYS] ------------------------ VSPAs ---------------------------
[SYS]                  | 0          | 1          | 2
[SYS] Error            | 0x00000000 | 0x00000000 | 0x00000000
[SYS] SYM WR           | 0x00000014 | N/A        | 0x00000012
[SYS] SYM RD           | 0x00000014 | N/A        | 0x00000012
[SYS] CMD WR           | 0x00000007 | 0x00000006 | 0x00000007
[SYS] CMD RD           | 0x00000007 | 0x00000006 | 0x00000007
[SYS] ------------------------ Info ----------------------------
[SYS]                  | Downlink           | Uplink
[SYS] RF / fine Gain   |     17 /   -2.1    | 0x42
[SYS] PwrAvg(dBFs/dBm) | N/A                | N/A
[SYS] PwrMax(dBFS)     | N/A                | N/A
[SYS] Showtime 132 seconds

[SYS] ------------------------ Data Direction -------------------
[SYS]                  | Downlink           | Uplink
[SYS] CPlane Total     | 0x0000000000000000 | 0x0000000000000000
[SYS] CPlane OnTime    | 0x0000000000000000 | 0x0000000000000000
[SYS] CPlane Early     | 0x0000000000000000 | 0x0000000000000000
[SYS] CPlane Late      | 0x0000000000000000 | 0x0000000000000000
[SYS] CPlane Corrupt   | 0x0000000000000000 | 0x0000000000000000
[SYS] UPlane Total     | 0x0000000000000000 | 0x0000000000000000
[SYS] UPlane OnTime    | 0x0000000000000000 | N/A
[SYS] UPlane Ealry     | 0x0000000000000000 | N/A
[SYS] UPlane Late      | 0x0000000000000000 | N/A
[SYS] UPlane Corrupt   | 0x0000000000000000 | N/A
[SYS] Eth Pkt Good     | 0x00000858         | 0x00001df7
[SYS] Eth Pkt Drop     | 0x00000000         | 0x00000000
[SYS] AXIQ status      | 0x00000303         | 0x00010101
[SYS] ------------------------ Tasks ---------------------------
[SYS]                  | UP         | CP         | RT
[SYS] Error            | 0x00000000 | 0x00000000 | 0x00000000
[SYS] Heartbeats       | 0x03432d1b | N/A        | N/A
[SYS] Counts           | 0x00000000 | N/A        | 0x00000000
[SYS] Drops            | 0x00000000 | N/A        | 0x00000000
[SYS] ------------------------ VSPAs ---------------------------
[SYS]                  | 0          | 1          | 2
[SYS] Error            | 0x00000000 | 0x00000000 | 0x00000000
[SYS] SYM WR           | 0x00000014 | N/A        | 0x00000012
[SYS] SYM RD           | 0x00000014 | N/A        | 0x00000012
[SYS] CMD WR           | 0x00000007 | 0x00000006 | 0x00000007
[SYS] CMD RD           | 0x00000007 | 0x00000006 | 0x00000007
[SYS] ------------------------ Info ----------------------------
[SYS]                  | Downlink           | Uplink
[SYS] RF / fine Gain   |     17 /   -2.1    | 0x42
[SYS] PwrAvg(dBFs/dBm) | N/A                | N/A
[SYS] PwrMax(dBFS)     | N/A                | N/A
[SYS] Showtime 133 seconds

[SYS] ------------------------ Data Direction -------------------
[SYS]                  | Downlink           | Uplink
[SYS] CPlane Total     | 0x0000000000000000 | 0x0000000000000000
[SYS] CPlane OnTime    | 0x0000000000000000 | 0x0000000000000000
[SYS] CPlane Early     | 0x0000000000000000 | 0x0000000000000000
[SYS] CPlane Late      | 0x0000000000000000 | 0x0000000000000000
[SYS] CPlane Corrupt   | 0x0000000000000000 | 0x0000000000000000
[SYS] UPlane Total     | 0x0000000000000000 | 0x0000000000000000
[SYS] UPlane OnTime    | 0x0000000000000000 | N/A
[SYS] UPlane Ealry     | 0x0000000000000000 | N/A
[SYS] UPlane Late      | 0x0000000000000000 | N/A
[SYS] UPlane Corrupt   | 0x0000000000000000 | N/A
[SYS] Eth Pkt Good     | 0x0000085a         | 0x00001e1b
[SYS] Eth Pkt Drop     | 0x00000000         | 0x00000000
[SYS] AXIQ status      | 0x00000303         | 0x00010101
[SYS] ------------------------ Tasks ---------------------------
[SYS]                  | UP         | CP         | RT
[SYS] Error            | 0x00000000 | 0x00000000 | 0x00000000
[SYS] Heartbeats       | 0x034973ca | N/A        | N/A
[SYS] Counts           | 0x00000000 | N/A        | 0x00000000
[SYS] Drops            | 0x00000000 | N/A        | 0x00000000
[SYS] ------------------------ VSPAs ---------------------------
[SYS]                  | 0          | 1          | 2
[SYS] Error            | 0x00000000 | 0x00000000 | 0x00000000
[SYS] SYM WR           | 0x00000014 | N/A        | 0x00000012
[SYS] SYM RD           | 0x00000014 | N/A        | 0x00000012
[SYS] CMD WR           | 0x00000007 | 0x00000006 | 0x00000007
[SYS] CMD RD           | 0x00000007 | 0x00000006 | 0x00000007
[SYS] ------------------------ Info ----------------------------
[SYS]                  | Downlink           | Uplink
[SYS] RF / fine Gain   |     17 /   -2.1    | 0x42
[SYS] PwrAvg(dBFs/dBm) | N/A                | N/A
[SYS] PwrMax(dBFS)     | N/A                | N/A
[SYS] Showtime 134 seconds

[SYS] ------------------------ Data Direction -------------------
[SYS]                  | Downlink           | Uplink
[SYS] CPlane Total     | 0x0000000000000000 | 0x0000000000000000
[SYS] CPlane OnTime    | 0x0000000000000000 | 0x0000000000000000
[SYS] CPlane Early     | 0x0000000000000000 | 0x0000000000000000
[SYS] CPlane Late      | 0x0000000000000000 | 0x0000000000000000
[SYS] CPlane Corrupt   | 0x0000000000000000 | 0x0000000000000000
[SYS] UPlane Total     | 0x0000000000000000 | 0x0000000000000000
[SYS] UPlane OnTime    | 0x0000000000000000 | N/A
[SYS] UPlane Ealry     | 0x0000000000000000 | N/A
[SYS] UPlane Late      | 0x0000000000000000 | N/A
[SYS] UPlane Corrupt   | 0x0000000000000000 | N/A
[SYS] Eth Pkt Good     | 0x0000085b         | 0x00001e3e
[SYS] Eth Pkt Drop     | 0x00000000         | 0x00000000
[SYS] AXIQ status      | 0x00000303         | 0x00010101
[SYS] ------------------------ Tasks ---------------------------
[SYS]                  | UP         | CP         | RT
[SYS] Error            | 0x00000000 | 0x00000000 | 0x00000000
[SYS] Heartbeats       | 0x034faddb | N/A        | N/A
[SYS] Counts           | 0x00000000 | N/A        | 0x00000000
[SYS] Drops            | 0x00000000 | N/A        | 0x00000000
[SYS] ------------------------ VSPAs ---------------------------
[SYS]                  | 0          | 1          | 2
[SYS] Error            | 0x00000000 | 0x00000000 | 0x00000000
[SYS] SYM WR           | 0x00000014 | N/A        | 0x00000012
[SYS] SYM RD           | 0x00000014 | N/A        | 0x00000012
[SYS] CMD WR           | 0x00000007 | 0x00000006 | 0x00000007
[SYS] CMD RD           | 0x00000007 | 0x00000006 | 0x00000007
[SYS] ------------------------ Info ----------------------------
[SYS]                  | Downlink           | Uplink
[SYS] RF / fine Gain   |     17 /   -2.1    | 0x42
[SYS] PwrAvg(dBFs/dBm) | N/A                | N/A
[SYS] PwrMax(dBFS)     | N/A                | N/A
[SYS] Showtime 135 seconds

[SYS] ------------------------ Data Direction -------------------
[SYS]                  | Downlink           | Uplink
[SYS] CPlane Total     | 0x0000000000000000 | 0x0000000000000000
[SYS] CPlane OnTime    | 0x0000000000000000 | 0x0000000000000000
[SYS] CPlane Early     | 0x0000000000000000 | 0x0000000000000000
[SYS] CPlane Late      | 0x0000000000000000 | 0x0000000000000000
[SYS] CPlane Corrupt   | 0x0000000000000000 | 0x0000000000000000
[SYS] UPlane Total     | 0x0000000000000000 | 0x0000000000000000
[SYS] UPlane OnTime    | 0x0000000000000000 | N/A
[SYS] UPlane Ealry     | 0x0000000000000000 | N/A
[SYS] UPlane Late      | 0x0000000000000000 | N/A
[SYS] UPlane Corrupt   | 0x0000000000000000 | N/A
[SYS] Eth Pkt Good     | 0x0000085d         | 0x00001e62
[SYS] Eth Pkt Drop     | 0x00000000         | 0x00000000
[SYS] AXIQ status      | 0x00000303         | 0x00010101
[SYS] ------------------------ Tasks ---------------------------
[SYS]                  | UP         | CP         | RT
[SYS] Error            | 0x00000000 | 0x00000000 | 0x00000000
[SYS] Heartbeats       | 0x0355e8c3 | N/A        | N/A
[SYS] Counts           | 0x00000000 | N/A        | 0x00000000
[SYS] Drops            | 0x00000000 | N/A        | 0x00000000
[SYS] ------------------------ VSPAs ---------------------------
[SYS]                  | 0          | 1          | 2
[SYS] Error            | 0x00000000 | 0x00000000 | 0x00000000
[SYS] SYM WR           | 0x00000014 | N/A        | 0x00000012
[SYS] SYM RD           | 0x00000014 | N/A        | 0x00000012
[SYS] CMD WR           | 0x00000007 | 0x00000006 | 0x00000007
[SYS] CMD RD           | 0x00000007 | 0x00000006 | 0x00000007
[SYS] ------------------------ Info ----------------------------
[SYS]                  | Downlink           | Uplink
[SYS] RF / fine Gain   |     17 /   -2.1    | 0x42
[SYS] PwrAvg(dBFs/dBm) | N/A                | N/A
[SYS] PwrMax(dBFS)     | N/A                | N/A
[SYS] Showtime 136 seconds

[SYS] ------------------------ Data Direction -------------------
[SYS]                  | Downlink           | Uplink
[SYS] CPlane Total     | 0x0000000000000000 | 0x0000000000000000
[SYS] CPlane OnTime    | 0x0000000000000000 | 0x0000000000000000
[SYS] CPlane Early     | 0x0000000000000000 | 0x0000000000000000
[SYS] CPlane Late      | 0x0000000000000000 | 0x0000000000000000
[SYS] CPlane Corrupt   | 0x0000000000000000 | 0x0000000000000000
[SYS] UPlane Total     | 0x0000000000000000 | 0x0000000000000000
[SYS] UPlane OnTime    | 0x0000000000000000 | N/A
[SYS] UPlane Ealry     | 0x0000000000000000 | N/A
[SYS] UPlane Late      | 0x0000000000000000 | N/A
[SYS] UPlane Corrupt   | 0x0000000000000000 | N/A
[SYS] Eth Pkt Good     | 0x0000085e         | 0x00001e85
[SYS] Eth Pkt Drop     | 0x00000000         | 0x00000000
[SYS] AXIQ status      | 0x00000303         | 0x00010101
[SYS] ------------------------ Tasks ---------------------------
[SYS]                  | UP         | CP         | RT
[SYS] Error            | 0x00000000 | 0x00000000 | 0x00000000
[SYS] Heartbeats       | 0x035c23b7 | N/A        | N/A
[SYS] Counts           | 0x00000000 | N/A        | 0x00000000
[SYS] Drops            | 0x00000000 | N/A        | 0x00000000
[SYS] ------------------------ VSPAs ---------------------------
[SYS]                  | 0          | 1          | 2
[SYS] Error            | 0x00000000 | 0x00000000 | 0x00000000
[SYS] SYM WR           | 0x00000014 | N/A        | 0x00000012
[SYS] SYM RD           | 0x00000014 | N/A        | 0x00000012
[SYS] CMD WR           | 0x00000007 | 0x00000006 | 0x00000007
[SYS] CMD RD           | 0x00000007 | 0x00000006 | 0x00000007
[SYS] ------------------------ Info ----------------------------
[SYS]                  | Downlink           | Uplink
[SYS] RF / fine Gain   |     17 /   -2.1    | 0x42
[SYS] PwrAvg(dBFs/dBm) | N/A                | N/A
[SYS] PwrMax(dBFS)     | N/A                | N/A
[SYS] Showtime 137 seconds

[SYS] ------------------------ Data Direction -------------------
[SYS]                  | Downlink           | Uplink
[SYS] CPlane Total     | 0x0000000000000000 | 0x0000000000000000
[SYS] CPlane OnTime    | 0x0000000000000000 | 0x0000000000000000
[SYS] CPlane Early     | 0x0000000000000000 | 0x0000000000000000
[SYS] CPlane Late      | 0x0000000000000000 | 0x0000000000000000
[SYS] CPlane Corrupt   | 0x0000000000000000 | 0x0000000000000000
[SYS] UPlane Total     | 0x0000000000000000 | 0x0000000000000000
[SYS] UPlane OnTime    | 0x0000000000000000 | N/A
[SYS] UPlane Ealry     | 0x0000000000000000 | N/A
[SYS] UPlane Late      | 0x0000000000000000 | N/A
[SYS] UPlane Corrupt   | 0x0000000000000000 | N/A
[SYS] Eth Pkt Good     | 0x00000860         | 0x00001ea9
[SYS] Eth Pkt Drop     | 0x00000000         | 0x00000000
[SYS] AXIQ status      | 0x00000303         | 0x00010101
[SYS] ------------------------ Tasks ---------------------------
[SYS]                  | UP         | CP         | RT
[SYS] Error            | 0x00000000 | 0x00000000 | 0x00000000
[SYS] Heartbeats       | 0x03626179 | N/A        | N/A
[SYS] Counts           | 0x00000000 | N/A        | 0x00000000
[SYS] Drops            | 0x00000000 | N/A        | 0x00000000
[SYS] ------------------------ VSPAs ---------------------------
[SYS]                  | 0          | 1          | 2
[SYS] Error            | 0x00000000 | 0x00000000 | 0x00000000
[SYS] SYM WR           | 0x00000014 | N/A        | 0x00000012
[SYS] SYM RD           | 0x00000014 | N/A        | 0x00000012
[SYS] CMD WR           | 0x00000007 | 0x00000006 | 0x00000007
[SYS] CMD RD           | 0x00000007 | 0x00000006 | 0x00000007
[SYS] ------------------------ Info ----------------------------
[SYS]                  | Downlink           | Uplink
[SYS] RF / fine Gain   |     17 /   -2.1    | 0x42
[SYS] PwrAvg(dBFs/dBm) | N/A                | N/A
[SYS] PwrMax(dBFS)     | N/A                | N/A
[SYS] Showtime 138 seconds

[SYS] ------------------------ Data Direction -------------------
[SYS]                  | Downlink           | Uplink
[SYS] CPlane Total     | 0x0000000000000000 | 0x0000000000000000
[SYS] CPlane OnTime    | 0x0000000000000000 | 0x0000000000000000
[SYS] CPlane Early     | 0x0000000000000000 | 0x0000000000000000
[SYS] CPlane Late      | 0x0000000000000000 | 0x0000000000000000
[SYS] CPlane Corrupt   | 0x0000000000000000 | 0x0000000000000000
[SYS] UPlane Total     | 0x0000000000000000 | 0x0000000000000000
[SYS] UPlane OnTime    | 0x0000000000000000 | N/A
[SYS] UPlane Ealry     | 0x0000000000000000 | N/A
[SYS] UPlane Late      | 0x0000000000000000 | N/A
[SYS] UPlane Corrupt   | 0x0000000000000000 | N/A
[SYS] Eth Pkt Good     | 0x00000861         | 0x00001ecc
[SYS] Eth Pkt Drop     | 0x00000000         | 0x00000000
[SYS] AXIQ status      | 0x00000303         | 0x00010101
[SYS] ------------------------ Tasks ---------------------------
[SYS]                  | UP         | CP         | RT
[SYS] Error            | 0x00000000 | 0x00000000 | 0x00000000
[SYS] Heartbeats       | 0x03689c5c | N/A        | N/A
[SYS] Counts           | 0x00000000 | N/A        | 0x00000000
[SYS] Drops            | 0x00000000 | N/A        | 0x00000000
[SYS] ------------------------ VSPAs ---------------------------
[SYS]                  | 0          | 1          | 2
[SYS] Error            | 0x00000000 | 0x00000000 | 0x00000000
[SYS] SYM WR           | 0x00000014 | N/A        | 0x00000012
[SYS] SYM RD           | 0x00000014 | N/A        | 0x00000012
[SYS] CMD WR           | 0x00000007 | 0x00000006 | 0x00000007
[SYS] CMD RD           | 0x00000007 | 0x00000006 | 0x00000007
[SYS] ------------------------ Info ----------------------------
[SYS]                  | Downlink           | Uplink
[SYS] RF / fine Gain   |     17 /   -2.1    | 0x42
[SYS] PwrAvg(dBFs/dBm) | N/A                | N/A
[SYS] PwrMax(dBFS)     | N/A                | N/A
[SYS] Showtime 139 seconds

[SYS] ------------------------ Data Direction -------------------
[SYS]                  | Downlink           | Uplink
[SYS] CPlane Total     | 0x0000000000000000 | 0x0000000000000000
[SYS] CPlane OnTime    | 0x0000000000000000 | 0x0000000000000000
[SYS] CPlane Early     | 0x0000000000000000 | 0x0000000000000000
[SYS] CPlane Late      | 0x0000000000000000 | 0x0000000000000000
[SYS] CPlane Corrupt   | 0x0000000000000000 | 0x0000000000000000
[SYS] UPlane Total     | 0x0000000000000000 | 0x0000000000000000
[SYS] UPlane OnTime    | 0x0000000000000000 | N/A
[SYS] UPlane Ealry     | 0x0000000000000000 | N/A
[SYS] UPlane Late      | 0x0000000000000000 | N/A
[SYS] UPlane Corrupt   | 0x0000000000000000 | N/A
[SYS] Eth Pkt Good     | 0x00000862         | 0x00001eef
[SYS] Eth Pkt Drop     | 0x00000000         | 0x00000000
[SYS] AXIQ status      | 0x00000303         | 0x00010101
[SYS] ------------------------ Tasks ---------------------------
[SYS]                  | UP         | CP         | RT
[SYS] Error            | 0x00000000 | 0x00000000 | 0x00000000
[SYS] Heartbeats       | 0x036ed740 | N/A        | N/A
[SYS] Counts           | 0x00000000 | N/A        | 0x00000000
[SYS] Drops            | 0x00000000 | N/A        | 0x00000000
[SYS] ------------------------ VSPAs ---------------------------
[SYS]                  | 0          | 1          | 2
[SYS] Error            | 0x00000000 | 0x00000000 | 0x00000000
[SYS] SYM WR           | 0x00000014 | N/A        | 0x00000012
[SYS] SYM RD           | 0x00000014 | N/A        | 0x00000012
[SYS] CMD WR           | 0x00000007 | 0x00000006 | 0x00000007
[SYS] CMD RD           | 0x00000007 | 0x00000006 | 0x00000007
[SYS] ------------------------ Info ----------------------------
[SYS]                  | Downlink           | Uplink
[SYS] RF / fine Gain   |     17 /   -2.1    | 0x42
[SYS] PwrAvg(dBFs/dBm) | N/A                | N/A
[SYS] PwrMax(dBFS)     | N/A                | N/A
[SYS] Showtime 140 seconds

[SYS] ------------------------ Data Direction -------------------
[SYS]                  | Downlink           | Uplink
[SYS] CPlane Total     | 0x0000000000000000 | 0x0000000000000000
[SYS] CPlane OnTime    | 0x0000000000000000 | 0x0000000000000000
[SYS] CPlane Early     | 0x0000000000000000 | 0x0000000000000000
[SYS] CPlane Late      | 0x0000000000000000 | 0x0000000000000000
[SYS] CPlane Corrupt   | 0x0000000000000000 | 0x0000000000000000
[SYS] UPlane Total     | 0x0000000000000000 | 0x0000000000000000
[SYS] UPlane OnTime    | 0x0000000000000000 | N/A
[SYS] UPlane Ealry     | 0x0000000000000000 | N/A
[SYS] UPlane Late      | 0x0000000000000000 | N/A
[SYS] UPlane Corrupt   | 0x0000000000000000 | N/A
[SYS] Eth Pkt Good     | 0x00000864         | 0x00001f13
[SYS] Eth Pkt Drop     | 0x00000000         | 0x00000000
[SYS] AXIQ status      | 0x00000303         | 0x00010101
[SYS] ------------------------ Tasks ---------------------------
[SYS]                  | UP         | CP         | RT
[SYS] Error            | 0x00000000 | 0x00000000 | 0x00000000
[SYS] Heartbeats       | 0x0375151d | N/A        | N/A
[SYS] Counts           | 0x00000000 | N/A        | 0x00000000
[SYS] Drops            | 0x00000000 | N/A        | 0x00000000
[SYS] ------------------------ VSPAs ---------------------------
[SYS]                  | 0          | 1          | 2
[SYS] Error            | 0x00000000 | 0x00000000 | 0x00000000
[SYS] SYM WR           | 0x00000014 | N/A        | 0x00000012
[SYS] SYM RD           | 0x00000014 | N/A        | 0x00000012
[SYS] CMD WR           | 0x00000007 | 0x00000006 | 0x00000007
[SYS] CMD RD           | 0x00000007 | 0x00000006 | 0x00000007
[SYS] ------------------------ Info ----------------------------
[SYS]                  | Downlink           | Uplink
[SYS] RF / fine Gain   |     17 /   -2.1    | 0x42
[SYS] PwrAvg(dBFs/dBm) | N/A                | N/A
[SYS] PwrMax(dBFS)     | N/A                | N/A
[SYS] Showtime 141 seconds

[SYS] ------------------------ Data Direction -------------------
[SYS]                  | Downlink           | Uplink
[SYS] CPlane Total     | 0x0000000000000000 | 0x0000000000000000
[SYS] CPlane OnTime    | 0x0000000000000000 | 0x0000000000000000
[SYS] CPlane Early     | 0x0000000000000000 | 0x0000000000000000
[SYS] CPlane Late      | 0x0000000000000000 | 0x0000000000000000
[SYS] CPlane Corrupt   | 0x0000000000000000 | 0x0000000000000000
[SYS] UPlane Total     | 0x0000000000000000 | 0x0000000000000000
[SYS] UPlane OnTime    | 0x0000000000000000 | N/A
[SYS] UPlane Ealry     | 0x0000000000000000 | N/A
[SYS] UPlane Late      | 0x0000000000000000 | N/A
[SYS] UPlane Corrupt   | 0x0000000000000000 | N/A
[SYS] Eth Pkt Good     | 0x00000871         | 0x00001f42
[SYS] Eth Pkt Drop     | 0x00000000         | 0x00000000
[SYS] AXIQ status      | 0x00000303         | 0x00010101
[SYS] ------------------------ Tasks ---------------------------
[SYS]                  | UP         | CP         | RT
[SYS] Error            | 0x00000000 | 0x00000000 | 0x00000000
[SYS] Heartbeats       | 0x037b5006 | N/A        | N/A
[SYS] Counts           | 0x00000000 | N/A        | 0x00000000
[SYS] Drops            | 0x00000000 | N/A        | 0x00000000
[SYS] ------------------------ VSPAs ---------------------------
[SYS]                  | 0          | 1          | 2
[SYS] Error            | 0x00000000 | 0x00000000 | 0x00000000
[SYS] SYM WR           | 0x00000014 | N/A        | 0x00000012
[SYS] SYM RD           | 0x00000014 | N/A        | 0x00000012
[SYS] CMD WR           | 0x00000007 | 0x00000006 | 0x00000007
[SYS] CMD RD           | 0x00000007 | 0x00000006 | 0x00000007
[SYS] ------------------------ Info ----------------------------
[SYS]                  | Downlink           | Uplink
[SYS] RF / fine Gain   |     17 /   -2.1    | 0x42
[SYS] PwrAvg(dBFs/dBm) | N/A                | N/A
[SYS] PwrMax(dBFS)     | N/A                | N/A
[SYS] Showtime 142 seconds

[SYS] ------------------------ Data Direction -------------------
[SYS]                  | Downlink           | Uplink
[SYS] CPlane Total     | 0x0000000000000000 | 0x0000000000000000
[SYS] CPlane OnTime    | 0x0000000000000000 | 0x0000000000000000
[SYS] CPlane Early     | 0x0000000000000000 | 0x0000000000000000
[SYS] CPlane Late      | 0x0000000000000000 | 0x0000000000000000
[SYS] CPlane Corrupt   | 0x0000000000000000 | 0x0000000000000000
[SYS] UPlane Total     | 0x0000000000000000 | 0x0000000000000000
[SYS] UPlane OnTime    | 0x0000000000000000 | N/A
[SYS] UPlane Ealry     | 0x0000000000000000 | N/A
[SYS] UPlane Late      | 0x0000000000000000 | N/A
[SYS] UPlane Corrupt   | 0x0000000000000000 | N/A
[SYS] Eth Pkt Good     | 0x00000885         | 0x00001f78
[SYS] Eth Pkt Drop     | 0x00000000         | 0x00000000
[SYS] AXIQ status      | 0x00000303         | 0x00010101
[SYS] ------------------------ Tasks ---------------------------
[SYS]                  | UP         | CP         | RT
[SYS] Error            | 0x00000000 | 0x00000000 | 0x00000000
[SYS] Heartbeats       | 0x03818ae6 | N/A        | N/A
[SYS] Counts           | 0x00000000 | N/A        | 0x00000000
[SYS] Drops            | 0x00000000 | N/A        | 0x00000000
[SYS] ------------------------ VSPAs ---------------------------
[SYS]                  | 0          | 1          | 2
[SYS] Error            | 0x00000000 | 0x00000000 | 0x00000000
[SYS] SYM WR           | 0x00000014 | N/A        | 0x00000012
[SYS] SYM RD           | 0x00000014 | N/A        | 0x00000012
[SYS] CMD WR           | 0x00000007 | 0x00000006 | 0x00000007
[SYS] CMD RD           | 0x00000007 | 0x00000006 | 0x00000007
[SYS] ------------------------ Info ----------------------------
[SYS]                  | Downlink           | Uplink
[SYS] RF / fine Gain   |     17 /   -2.1    | 0x42
[SYS] PwrAvg(dBFs/dBm) | N/A                | N/A
[SYS] PwrMax(dBFS)     | N/A                | N/A
[SYS] Showtime 143 seconds

[SYS] ------------------------ Data Direction -------------------
[SYS]                  | Downlink           | Uplink
[SYS] CPlane Total     | 0x0000000000000000 | 0x0000000000000000
[SYS] CPlane OnTime    | 0x0000000000000000 | 0x0000000000000000
[SYS] CPlane Early     | 0x0000000000000000 | 0x0000000000000000
[SYS] CPlane Late      | 0x0000000000000000 | 0x0000000000000000
[SYS] CPlane Corrupt   | 0x0000000000000000 | 0x0000000000000000
[SYS] UPlane Total     | 0x0000000000000000 | 0x0000000000000000
[SYS] UPlane OnTime    | 0x0000000000000000 | N/A
[SYS] UPlane Ealry     | 0x0000000000000000 | N/A
[SYS] UPlane Late      | 0x0000000000000000 | N/A
[SYS] UPlane Corrupt   | 0x0000000000000000 | N/A
[SYS] Eth Pkt Good     | 0x00000886         | 0x00001f9b
[SYS] Eth Pkt Drop     | 0x00000000         | 0x00000000
[SYS] AXIQ status      | 0x00000303         | 0x00010101
[SYS] ------------------------ Tasks ---------------------------
[SYS]                  | UP         | CP         | RT
[SYS] Error            | 0x00000000 | 0x00000000 | 0x00000000
[SYS] Heartbeats       | 0x0387c5d4 | N/A        | N/A
[SYS] Counts           | 0x00000000 | N/A        | 0x00000000
[SYS] Drops            | 0x00000000 | N/A        | 0x00000000
[SYS] ------------------------ VSPAs ---------------------------
[SYS]                  | 0          | 1          | 2
[SYS] Error            | 0x00000000 | 0x00000000 | 0x00000000
[SYS] SYM WR           | 0x00000014 | N/A        | 0x00000012
[SYS] SYM RD           | 0x00000014 | N/A        | 0x00000012
[SYS] CMD WR           | 0x00000007 | 0x00000006 | 0x00000007
[SYS] CMD RD           | 0x00000007 | 0x00000006 | 0x00000007
[SYS] ------------------------ Info ----------------------------
[SYS]                  | Downlink           | Uplink
[SYS] RF / fine Gain   |     17 /   -2.1    | 0x42
[SYS] PwrAvg(dBFs/dBm) | N/A                | N/A
[SYS] PwrMax(dBFS)     | N/A                | N/A
[SYS] Showtime 144 seconds

[SYS] ------------------------ Data Direction -------------------
[SYS]                  | Downlink           | Uplink
[SYS] CPlane Total     | 0x0000000000000000 | 0x0000000000000000
[SYS] CPlane OnTime    | 0x0000000000000000 | 0x0000000000000000
[SYS] CPlane Early     | 0x0000000000000000 | 0x0000000000000000
[SYS] CPlane Late      | 0x0000000000000000 | 0x0000000000000000
[SYS] CPlane Corrupt   | 0x0000000000000000 | 0x0000000000000000
[SYS] UPlane Total     | 0x0000000000000000 | 0x0000000000000000
[SYS] UPlane OnTime    | 0x0000000000000000 | N/A
[SYS] UPlane Ealry     | 0x0000000000000000 | N/A
[SYS] UPlane Late      | 0x0000000000000000 | N/A
[SYS] UPlane Corrupt   | 0x0000000000000000 | N/A
[SYS] Eth Pkt Good     | 0x00000888         | 0x00001fbf
[SYS] Eth Pkt Drop     | 0x00000000         | 0x00000000
[SYS] AXIQ status      | 0x00000303         | 0x00010101
[SYS] ------------------------ Tasks ---------------------------
[SYS]                  | UP         | CP         | RT
[SYS] Error            | 0x00000000 | 0x00000000 | 0x00000000
[SYS] Heartbeats       | 0x038e0392 | N/A        | N/A
[SYS] Counts           | 0x00000000 | N/A        | 0x00000000
[SYS] Drops            | 0x00000000 | N/A        | 0x00000000
[SYS] ------------------------ VSPAs ---------------------------
[SYS]                  | 0          | 1          | 2
[SYS] Error            | 0x00000000 | 0x00000000 | 0x00000000
[SYS] SYM WR           | 0x00000014 | N/A        | 0x00000012
[SYS] SYM RD           | 0x00000014 | N/A        | 0x00000012
[SYS] CMD WR           | 0x00000007 | 0x00000006 | 0x00000007
[SYS] CMD RD           | 0x00000007 | 0x00000006 | 0x00000007
[SYS] ------------------------ Info ----------------------------
[SYS]                  | Downlink           | Uplink
[SYS] RF / fine Gain   |     17 /   -2.1    | 0x42
[SYS] PwrAvg(dBFs/dBm) | N/A                | N/A
[SYS] PwrMax(dBFS)     | N/A                | N/A
[SYS] Showtime 145 seconds

[SYS] ------------------------ Data Direction -------------------
[SYS]                  | Downlink           | Uplink
[SYS] CPlane Total     | 0x0000000000000000 | 0x0000000000000000
[SYS] CPlane OnTime    | 0x0000000000000000 | 0x0000000000000000
[SYS] CPlane Early     | 0x0000000000000000 | 0x0000000000000000
[SYS] CPlane Late      | 0x0000000000000000 | 0x0000000000000000
[SYS] CPlane Corrupt   | 0x0000000000000000 | 0x0000000000000000
[SYS] UPlane Total     | 0x0000000000000000 | 0x0000000000000000
[SYS] UPlane OnTime    | 0x0000000000000000 | N/A
[SYS] UPlane Ealry     | 0x0000000000000000 | N/A
[SYS] UPlane Late      | 0x0000000000000000 | N/A
[SYS] UPlane Corrupt   | 0x0000000000000000 | N/A
[SYS] Eth Pkt Good     | 0x00000889         | 0x00001fe2
[SYS] Eth Pkt Drop     | 0x00000000         | 0x00000000
[SYS] AXIQ status      | 0x00000303         | 0x00010101
[SYS] ------------------------ Tasks ---------------------------
[SYS]                  | UP         | CP         | RT
[SYS] Error            | 0x00000000 | 0x00000000 | 0x00000000
[SYS] Heartbeats       | 0x03943e72 | N/A        | N/A
[SYS] Counts           | 0x00000000 | N/A        | 0x00000000
[SYS] Drops            | 0x00000000 | N/A        | 0x00000000
[SYS] ------------------------ VSPAs ---------------------------
[SYS]                  | 0          | 1          | 2
[SYS] Error            | 0x00000000 | 0x00000000 | 0x00000000
[SYS] SYM WR           | 0x00000014 | N/A        | 0x00000012
[SYS] SYM RD           | 0x00000014 | N/A        | 0x00000012
[SYS] CMD WR           | 0x00000007 | 0x00000006 | 0x00000007
[SYS] CMD RD           | 0x00000007 | 0x00000006 | 0x00000007
[SYS] ------------------------ Info ----------------------------
[SYS]                  | Downlink           | Uplink
[SYS] RF / fine Gain   |     17 /   -2.1    | 0x42
[SYS] PwrAvg(dBFs/dBm) | N/A                | N/A
[SYS] PwrMax(dBFS)     | N/A                | N/A
[SYS] Showtime 146 seconds

[SYS] ------------------------ Data Direction -------------------
[SYS]                  | Downlink           | Uplink
[SYS] CPlane Total     | 0x0000000000000000 | 0x0000000000000000
[SYS] CPlane OnTime    | 0x0000000000000000 | 0x0000000000000000
[SYS] CPlane Early     | 0x0000000000000000 | 0x0000000000000000
[SYS] CPlane Late      | 0x0000000000000000 | 0x0000000000000000
[SYS] CPlane Corrupt   | 0x0000000000000000 | 0x0000000000000000
[SYS] UPlane Total     | 0x0000000000000000 | 0x0000000000000000
[SYS] UPlane OnTime    | 0x0000000000000000 | N/A
[SYS] UPlane Ealry     | 0x0000000000000000 | N/A
[SYS] UPlane Late      | 0x0000000000000000 | N/A
[SYS] UPlane Corrupt   | 0x0000000000000000 | N/A
[SYS] Eth Pkt Good     | 0x0000088a         | 0x00002005
[SYS] Eth Pkt Drop     | 0x00000000         | 0x00000000
[SYS] AXIQ status      | 0x00000303         | 0x00010101
[SYS] ------------------------ Tasks ---------------------------
[SYS]                  | UP         | CP         | RT
[SYS] Error            | 0x00000000 | 0x00000000 | 0x00000000
[SYS] Heartbeats       | 0x039a7950 | N/A        | N/A
[SYS] Counts           | 0x00000000 | N/A        | 0x00000000
[SYS] Drops            | 0x00000000 | N/A        | 0x00000000
[SYS] ------------------------ VSPAs ---------------------------
[SYS]                  | 0          | 1          | 2
[SYS] Error            | 0x00000000 | 0x00000000 | 0x00000000
[SYS] SYM WR           | 0x00000014 | N/A        | 0x00000012
[SYS] SYM RD           | 0x00000014 | N/A        | 0x00000012
[SYS] CMD WR           | 0x00000007 | 0x00000006 | 0x00000007
[SYS] CMD RD           | 0x00000007 | 0x00000006 | 0x00000007
[SYS] ------------------------ Info ----------------------------
[SYS]                  | Downlink           | Uplink
[SYS] RF / fine Gain   |     17 /   -2.1    | 0x42
[SYS] PwrAvg(dBFs/dBm) | N/A                | N/A
[SYS] PwrMax(dBFS)     | N/A                | N/A
[SYS] Showtime 147 seconds

[SYS] ------------------------ Data Direction -------------------
[SYS]                  | Downlink           | Uplink
[SYS] CPlane Total     | 0x0000000000000000 | 0x0000000000000000
[SYS] CPlane OnTime    | 0x0000000000000000 | 0x0000000000000000
[SYS] CPlane Early     | 0x0000000000000000 | 0x0000000000000000
[SYS] CPlane Late      | 0x0000000000000000 | 0x0000000000000000
[SYS] CPlane Corrupt   | 0x0000000000000000 | 0x0000000000000000
[SYS] UPlane Total     | 0x0000000000000000 | 0x0000000000000000
[SYS] UPlane OnTime    | 0x0000000000000000 | N/A
[SYS] UPlane Ealry     | 0x0000000000000000 | N/A
[SYS] UPlane Late      | 0x0000000000000000 | N/A
[SYS] UPlane Corrupt   | 0x0000000000000000 | N/A
[SYS] Eth Pkt Good     | 0x0000088c         | 0x00002029
[SYS] Eth Pkt Drop     | 0x00000000         | 0x00000000
[SYS] AXIQ status      | 0x00000303         | 0x00010101
[SYS] ------------------------ Tasks ---------------------------
[SYS]                  | UP         | CP         | RT
[SYS] Error            | 0x00000000 | 0x00000000 | 0x00000000
[SYS] Heartbeats       | 0x03a0b71f | N/A        | N/A
[SYS] Counts           | 0x00000000 | N/A        | 0x00000000
[SYS] Drops            | 0x00000000 | N/A        | 0x00000000
[SYS] ------------------------ VSPAs ---------------------------
[SYS]                  | 0          | 1          | 2
[SYS] Error            | 0x00000000 | 0x00000000 | 0x00000000
[SYS] SYM WR           | 0x00000014 | N/A        | 0x00000012
[SYS] SYM RD           | 0x00000014 | N/A        | 0x00000012
[SYS] CMD WR           | 0x00000007 | 0x00000006 | 0x00000007
[SYS] CMD RD           | 0x00000007 | 0x00000006 | 0x00000007
[SYS] ------------------------ Info ----------------------------
[SYS]                  | Downlink           | Uplink
[SYS] RF / fine Gain   |     17 /   -2.1    | 0x42
[SYS] PwrAvg(dBFs/dBm) | N/A                | N/A
[SYS] PwrMax(dBFS)     | N/A                | N/A
[SYS] Showtime 148 seconds

[SYS] ------------------------ Data Direction -------------------
[SYS]                  | Downlink           | Uplink
[SYS] CPlane Total     | 0x0000000000000000 | 0x0000000000000000
[SYS] CPlane OnTime    | 0x0000000000000000 | 0x0000000000000000
[SYS] CPlane Early     | 0x0000000000000000 | 0x0000000000000000
[SYS] CPlane Late      | 0x0000000000000000 | 0x0000000000000000
[SYS] CPlane Corrupt   | 0x0000000000000000 | 0x0000000000000000
[SYS] UPlane Total     | 0x0000000000000000 | 0x0000000000000000
[SYS] UPlane OnTime    | 0x0000000000000000 | N/A
[SYS] UPlane Ealry     | 0x0000000000000000 | N/A
[SYS] UPlane Late      | 0x0000000000000000 | N/A
[SYS] UPlane Corrupt   | 0x0000000000000000 | N/A
[SYS] Eth Pkt Good     | 0x0000088d         | 0x0000204c
[SYS] Eth Pkt Drop     | 0x00000000         | 0x00000000
[SYS] AXIQ status      | 0x00000303         | 0x00010101
[SYS] ------------------------ Tasks ---------------------------
[SYS]                  | UP         | CP         | RT
[SYS] Error            | 0x00000000 | 0x00000000 | 0x00000000
[SYS] Heartbeats       | 0x03a6f1fe | N/A        | N/A
[SYS] Counts           | 0x00000000 | N/A        | 0x00000000
[SYS] Drops            | 0x00000000 | N/A        | 0x00000000
[SYS] ------------------------ VSPAs ---------------------------
[SYS]                  | 0          | 1          | 2
[SYS] Error            | 0x00000000 | 0x00000000 | 0x00000000
[SYS] SYM WR           | 0x00000014 | N/A        | 0x00000012
[SYS] SYM RD           | 0x00000014 | N/A        | 0x00000012
[SYS] CMD WR           | 0x00000007 | 0x00000006 | 0x00000007
[SYS] CMD RD           | 0x00000007 | 0x00000006 | 0x00000007
[SYS] ------------------------ Info ----------------------------
[SYS]                  | Downlink           | Uplink
[SYS] RF / fine Gain   |     17 /   -2.1    | 0x42
[SYS] PwrAvg(dBFs/dBm) | N/A                | N/A
[SYS] PwrMax(dBFS)     | N/A                | N/A
[SYS] Showtime 149 seconds

[SYS] ------------------------ Data Direction -------------------
[SYS]                  | Downlink           | Uplink
[SYS] CPlane Total     | 0x0000000000000000 | 0x0000000000000000
[SYS] CPlane OnTime    | 0x0000000000000000 | 0x0000000000000000
[SYS] CPlane Early     | 0x0000000000000000 | 0x0000000000000000
[SYS] CPlane Late      | 0x0000000000000000 | 0x0000000000000000
[SYS] CPlane Corrupt   | 0x0000000000000000 | 0x0000000000000000
[SYS] UPlane Total     | 0x0000000000000000 | 0x0000000000000000
[SYS] UPlane OnTime    | 0x0000000000000000 | N/A
[SYS] UPlane Ealry     | 0x0000000000000000 | N/A
[SYS] UPlane Late      | 0x0000000000000000 | N/A
[SYS] UPlane Corrupt   | 0x0000000000000000 | N/A
[SYS] Eth Pkt Good     | 0x0000088f         | 0x00002070
[SYS] Eth Pkt Drop     | 0x00000000         | 0x00000000
[SYS] AXIQ status      | 0x00000303         | 0x00010101
[SYS] ------------------------ Tasks ---------------------------
[SYS]                  | UP         | CP         | RT
[SYS] Error            | 0x00000000 | 0x00000000 | 0x00000000
[SYS] Heartbeats       | 0x03ad2cd6 | N/A        | N/A
[SYS] Counts           | 0x00000000 | N/A        | 0x00000000
[SYS] Drops            | 0x00000000 | N/A        | 0x00000000
[SYS] ------------------------ VSPAs ---------------------------
[SYS]                  | 0          | 1          | 2
[SYS] Error            | 0x00000000 | 0x00000000 | 0x00000000
[SYS] SYM WR           | 0x00000014 | N/A        | 0x00000012
[SYS] SYM RD           | 0x00000014 | N/A        | 0x00000012
[SYS] CMD WR           | 0x00000007 | 0x00000006 | 0x00000007
[SYS] CMD RD           | 0x00000007 | 0x00000006 | 0x00000007
[SYS] ------------------------ Info ----------------------------
[SYS]                  | Downlink           | Uplink
[SYS] RF / fine Gain   |     17 /   -2.1    | 0x42
[SYS] PwrAvg(dBFs/dBm) | N/A                | N/A
[SYS] PwrMax(dBFS)     | N/A                | N/A
[SYS] Showtime 150 seconds

[SYS] ------------------------ Data Direction -------------------
[SYS]                  | Downlink           | Uplink
[SYS] CPlane Total     | 0x0000000000000000 | 0x0000000000000000
[SYS] CPlane OnTime    | 0x0000000000000000 | 0x0000000000000000
[SYS] CPlane Early     | 0x0000000000000000 | 0x0000000000000000
[SYS] CPlane Late      | 0x0000000000000000 | 0x0000000000000000
[SYS] CPlane Corrupt   | 0x0000000000000000 | 0x0000000000000000
[SYS] UPlane Total     | 0x0000000000000000 | 0x0000000000000000
[SYS] UPlane OnTime    | 0x0000000000000000 | N/A
[SYS] UPlane Ealry     | 0x0000000000000000 | N/A
[SYS] UPlane Late      | 0x0000000000000000 | N/A
[SYS] UPlane Corrupt   | 0x0000000000000000 | N/A
[SYS] Eth Pkt Good     | 0x00000890         | 0x00002093
[SYS] Eth Pkt Drop     | 0x00000000         | 0x00000000
[SYS] AXIQ status      | 0x00000303         | 0x00010101
[SYS] ------------------------ Tasks ---------------------------
[SYS]                  | UP         | CP         | RT
[SYS] Error            | 0x00000000 | 0x00000000 | 0x00000000
[SYS] Heartbeats       | 0x03b367d0 | N/A        | N/A
[SYS] Counts           | 0x00000000 | N/A        | 0x00000000
[SYS] Drops            | 0x00000000 | N/A        | 0x00000000
[SYS] ------------------------ VSPAs ---------------------------
[SYS]                  | 0          | 1          | 2
[SYS] Error            | 0x00000000 | 0x00000000 | 0x00000000
[SYS] SYM WR           | 0x00000014 | N/A        | 0x00000012
[SYS] SYM RD           | 0x00000014 | N/A        | 0x00000012
[SYS] CMD WR           | 0x00000007 | 0x00000006 | 0x00000007
[SYS] CMD RD           | 0x00000007 | 0x00000006 | 0x00000007
[SYS] ------------------------ Info ----------------------------
[SYS]                  | Downlink           | Uplink
[SYS] RF / fine Gain   |     17 /   -2.1    | 0x42
[SYS] PwrAvg(dBFs/dBm) | N/A                | N/A
[SYS] PwrMax(dBFS)     | N/A                | N/A
[SYS] Showtime 151 seconds

[SYS] ------------------------ Data Direction -------------------
[SYS]                  | Downlink           | Uplink
[SYS] CPlane Total     | 0x0000000000000000 | 0x0000000000000000
[SYS] CPlane OnTime    | 0x0000000000000000 | 0x0000000000000000
[SYS] CPlane Early     | 0x0000000000000000 | 0x0000000000000000
[SYS] CPlane Late      | 0x0000000000000000 | 0x0000000000000000
[SYS] CPlane Corrupt   | 0x0000000000000000 | 0x0000000000000000
[SYS] UPlane Total     | 0x0000000000000000 | 0x0000000000000000
[SYS] UPlane OnTime    | 0x0000000000000000 | N/A
[SYS] UPlane Ealry     | 0x0000000000000000 | N/A
[SYS] UPlane Late      | 0x0000000000000000 | N/A
[SYS] UPlane Corrupt   | 0x0000000000000000 | N/A
[SYS] Eth Pkt Good     | 0x00000892         | 0x000020b6
[SYS] Eth Pkt Drop     | 0x00000000         | 0x00000000
[SYS] AXIQ status      | 0x00000303         | 0x00010101
[SYS] ------------------------ Tasks ---------------------------
[SYS]                  | UP         | CP         | RT
[SYS] Error            | 0x00000000 | 0x00000000 | 0x00000000
[SYS] Heartbeats       | 0x03b9a58a | N/A        | N/A
[SYS] Counts           | 0x00000000 | N/A        | 0x00000000
[SYS] Drops            | 0x00000000 | N/A        | 0x00000000
[SYS] ------------------------ VSPAs ---------------------------
[SYS]                  | 0          | 1          | 2
[SYS] Error            | 0x00000000 | 0x00000000 | 0x00000000
[SYS] SYM WR           | 0x00000014 | N/A        | 0x00000012
[SYS] SYM RD           | 0x00000014 | N/A        | 0x00000012
[SYS] CMD WR           | 0x00000007 | 0x00000006 | 0x00000007
[SYS] CMD RD           | 0x00000007 | 0x00000006 | 0x00000007
[SYS] ------------------------ Info ----------------------------
[SYS]                  | Downlink           | Uplink
[SYS] RF / fine Gain   |     17 /   -2.1    | 0x42
[SYS] PwrAvg(dBFs/dBm) | N/A                | N/A
[SYS] PwrMax(dBFS)     | N/A                | N/A
[SYS] Showtime 152 seconds

[SYS] ------------------------ Data Direction -------------------
[SYS]                  | Downlink           | Uplink
[SYS] CPlane Total     | 0x0000000000000000 | 0x0000000000000000
[SYS] CPlane OnTime    | 0x0000000000000000 | 0x0000000000000000
[SYS] CPlane Early     | 0x0000000000000000 | 0x0000000000000000
[SYS] CPlane Late      | 0x0000000000000000 | 0x0000000000000000
[SYS] CPlane Corrupt   | 0x0000000000000000 | 0x0000000000000000
[SYS] UPlane Total     | 0x0000000000000000 | 0x0000000000000000
[SYS] UPlane OnTime    | 0x0000000000000000 | N/A
[SYS] UPlane Ealry     | 0x0000000000000000 | N/A
[SYS] UPlane Late      | 0x0000000000000000 | N/A
[SYS] UPlane Corrupt   | 0x0000000000000000 | N/A
[SYS] Eth Pkt Good     | 0x00000893         | 0x000020da
[SYS] Eth Pkt Drop     | 0x00000000         | 0x00000000
[SYS] AXIQ status      | 0x00000303         | 0x00010101
[SYS] ------------------------ Tasks ---------------------------
[SYS]                  | UP         | CP         | RT
[SYS] Error            | 0x00000000 | 0x00000000 | 0x00000000
[SYS] Heartbeats       | 0x03bfe06b | N/A        | N/A
[SYS] Counts           | 0x00000000 | N/A        | 0x00000000
[SYS] Drops            | 0x00000000 | N/A        | 0x00000000
[SYS] ------------------------ VSPAs ---------------------------
[SYS]                  | 0          | 1          | 2
[SYS] Error            | 0x00000000 | 0x00000000 | 0x00000000
[SYS] SYM WR           | 0x00000014 | N/A        | 0x00000012
[SYS] SYM RD           | 0x00000014 | N/A        | 0x00000012
[SYS] CMD WR           | 0x00000007 | 0x00000006 | 0x00000007
[SYS] CMD RD           | 0x00000007 | 0x00000006 | 0x00000007
[SYS] ------------------------ Info ----------------------------
[SYS]                  | Downlink           | Uplink
[SYS] RF / fine Gain   |     17 /   -2.1    | 0x42
[SYS] PwrAvg(dBFs/dBm) | N/A                | N/A
[SYS] PwrMax(dBFS)     | N/A                | N/A
[SYS] Showtime 153 seconds

[SYS] ------------------------ Data Direction -------------------
[SYS]                  | Downlink           | Uplink
[SYS] CPlane Total     | 0x0000000000000000 | 0x0000000000000000
[SYS] CPlane OnTime    | 0x0000000000000000 | 0x0000000000000000
[SYS] CPlane Early     | 0x0000000000000000 | 0x0000000000000000
[SYS] CPlane Late      | 0x0000000000000000 | 0x0000000000000000
[SYS] CPlane Corrupt   | 0x0000000000000000 | 0x0000000000000000
[SYS] UPlane Total     | 0x0000000000000000 | 0x0000000000000000
[SYS] UPlane OnTime    | 0x0000000000000000 | N/A
[SYS] UPlane Ealry     | 0x0000000000000000 | N/A
[SYS] UPlane Late      | 0x0000000000000000 | N/A
[SYS] UPlane Corrupt   | 0x0000000000000000 | N/A
[SYS] Eth Pkt Good     | 0x00000894         | 0x000020fd
[SYS] Eth Pkt Drop     | 0x00000000         | 0x00000000
[SYS] AXIQ status      | 0x00000303         | 0x00010101
[SYS] ------------------------ Tasks ---------------------------
[SYS]                  | UP         | CP         | RT
[SYS] Error            | 0x00000000 | 0x00000000 | 0x00000000
[SYS] Heartbeats       | 0x03c61b5c | N/A        | N/A
[SYS] Counts           | 0x00000000 | N/A        | 0x00000000
[SYS] Drops            | 0x00000000 | N/A        | 0x00000000
[SYS] ------------------------ VSPAs ---------------------------
[SYS]                  | 0          | 1          | 2
[SYS] Error            | 0x00000000 | 0x00000000 | 0x00000000
[SYS] SYM WR           | 0x00000014 | N/A        | 0x00000012
[SYS] SYM RD           | 0x00000014 | N/A        | 0x00000012
[SYS] CMD WR           | 0x00000007 | 0x00000006 | 0x00000007
[SYS] CMD RD           | 0x00000007 | 0x00000006 | 0x00000007
[SYS] ------------------------ Info ----------------------------
[SYS]                  | Downlink           | Uplink
[SYS] RF / fine Gain   |     17 /   -2.1    | 0x42
[SYS] PwrAvg(dBFs/dBm) | N/A                | N/A
[SYS] PwrMax(dBFS)     | N/A                | N/A
[SYS] Showtime 154 seconds

[SYS] ------------------------ Data Direction -------------------
[SYS]                  | Downlink           | Uplink
[SYS] CPlane Total     | 0x0000000000000000 | 0x0000000000000000
[SYS] CPlane OnTime    | 0x0000000000000000 | 0x0000000000000000
[SYS] CPlane Early     | 0x0000000000000000 | 0x0000000000000000
[SYS] CPlane Late      | 0x0000000000000000 | 0x0000000000000000
[SYS] CPlane Corrupt   | 0x0000000000000000 | 0x0000000000000000
[SYS] UPlane Total     | 0x0000000000000000 | 0x0000000000000000
[SYS] UPlane OnTime    | 0x0000000000000000 | N/A
[SYS] UPlane Ealry     | 0x0000000000000000 | N/A
[SYS] UPlane Late      | 0x0000000000000000 | N/A
[SYS] UPlane Corrupt   | 0x0000000000000000 | N/A
[SYS] Eth Pkt Good     | 0x00000896         | 0x00002121
[SYS] Eth Pkt Drop     | 0x00000000         | 0x00000000
[SYS] AXIQ status      | 0x00000303         | 0x00010101
[SYS] ------------------------ Tasks ---------------------------
[SYS]                  | UP         | CP         | RT
[SYS] Error            | 0x00000000 | 0x00000000 | 0x00000000
[SYS] Heartbeats       | 0x03cc5913 | N/A        | N/A
[SYS] Counts           | 0x00000000 | N/A        | 0x00000000
[SYS] Drops            | 0x00000000 | N/A        | 0x00000000
[SYS] ------------------------ VSPAs ---------------------------
[SYS]                  | 0          | 1          | 2
[SYS] Error            | 0x00000000 | 0x00000000 | 0x00000000
[SYS] SYM WR           | 0x00000014 | N/A        | 0x00000012
[SYS] SYM RD           | 0x00000014 | N/A        | 0x00000012
[SYS] CMD WR           | 0x00000007 | 0x00000006 | 0x00000007
[SYS] CMD RD           | 0x00000007 | 0x00000006 | 0x00000007
[SYS] ------------------------ Info ----------------------------
[SYS]                  | Downlink           | Uplink
[SYS] RF / fine Gain   |     17 /   -2.1    | 0x42
[SYS] PwrAvg(dBFs/dBm) | N/A                | N/A
[SYS] PwrMax(dBFS)     | N/A                | N/A
[SYS] Showtime 155 seconds

[SYS] ------------------------ Data Direction -------------------
[SYS]                  | Downlink           | Uplink
[SYS] CPlane Total     | 0x0000000000000000 | 0x0000000000000000
[SYS] CPlane OnTime    | 0x0000000000000000 | 0x0000000000000000
[SYS] CPlane Early     | 0x0000000000000000 | 0x0000000000000000
[SYS] CPlane Late      | 0x0000000000000000 | 0x0000000000000000
[SYS] CPlane Corrupt   | 0x0000000000000000 | 0x0000000000000000
[SYS] UPlane Total     | 0x0000000000000000 | 0x0000000000000000
[SYS] UPlane OnTime    | 0x0000000000000000 | N/A
[SYS] UPlane Ealry     | 0x0000000000000000 | N/A
[SYS] UPlane Late      | 0x0000000000000000 | N/A
[SYS] UPlane Corrupt   | 0x0000000000000000 | N/A
[SYS] Eth Pkt Good     | 0x000008b2         | 0x0000215f
[SYS] Eth Pkt Drop     | 0x00000000         | 0x00000000
[SYS] AXIQ status      | 0x00000303         | 0x00010101
[SYS] ------------------------ Tasks ---------------------------
[SYS]                  | UP         | CP         | RT
[SYS] Error            | 0x00000000 | 0x00000000 | 0x00000000
[SYS] Heartbeats       | 0x03d293fa | N/A        | N/A
[SYS] Counts           | 0x00000000 | N/A        | 0x00000000
[SYS] Drops            | 0x00000000 | N/A        | 0x00000000
[SYS] ------------------------ VSPAs ---------------------------
[SYS]                  | 0          | 1          | 2
[SYS] Error            | 0x00000000 | 0x00000000 | 0x00000000
[SYS] SYM WR           | 0x00000014 | N/A        | 0x00000012
[SYS] SYM RD           | 0x00000014 | N/A        | 0x00000012
[SYS] CMD WR           | 0x00000007 | 0x00000006 | 0x00000007
[SYS] CMD RD           | 0x00000007 | 0x00000006 | 0x00000007
[SYS] ------------------------ Info ----------------------------
[SYS]                  | Downlink           | Uplink
[SYS] RF / fine Gain   |     17 /   -2.1    | 0x42
[SYS] PwrAvg(dBFs/dBm) | N/A                | N/A
[SYS] PwrMax(dBFS)     | N/A                | N/A
[SYS] Showtime 156 seconds

[SYS] ------------------------ Data Direction -------------------
[SYS]                  | Downlink           | Uplink
[SYS] CPlane Total     | 0x0000000000000000 | 0x0000000000000000
[SYS] CPlane OnTime    | 0x0000000000000000 | 0x0000000000000000
[SYS] CPlane Early     | 0x0000000000000000 | 0x0000000000000000
[SYS] CPlane Late      | 0x0000000000000000 | 0x0000000000000000
[SYS] CPlane Corrupt   | 0x0000000000000000 | 0x0000000000000000
[SYS] UPlane Total     | 0x0000000000000000 | 0x0000000000000000
[SYS] UPlane OnTime    | 0x0000000000000000 | N/A
[SYS] UPlane Ealry     | 0x0000000000000000 | N/A
[SYS] UPlane Late      | 0x0000000000000000 | N/A
[SYS] UPlane Corrupt   | 0x0000000000000000 | N/A
[SYS] Eth Pkt Good     | 0x000008b7         | 0x00002186
[SYS] Eth Pkt Drop     | 0x00000000         | 0x00000000
[SYS] AXIQ status      | 0x00000303         | 0x00010101
[SYS] ------------------------ Tasks ---------------------------
[SYS]                  | UP         | CP         | RT
[SYS] Error            | 0x00000000 | 0x00000000 | 0x00000000
[SYS] Heartbeats       | 0x03d8cee1 | N/A        | N/A
[SYS] Counts           | 0x00000000 | N/A        | 0x00000000
[SYS] Drops            | 0x00000000 | N/A        | 0x00000000
[SYS] ------------------------ VSPAs ---------------------------
[SYS]                  | 0          | 1          | 2
[SYS] Error            | 0x00000000 | 0x00000000 | 0x00000000
[SYS] SYM WR           | 0x00000014 | N/A        | 0x00000012
[SYS] SYM RD           | 0x00000014 | N/A        | 0x00000012
[SYS] CMD WR           | 0x00000007 | 0x00000006 | 0x00000007
[SYS] CMD RD           | 0x00000007 | 0x00000006 | 0x00000007
[SYS] ------------------------ Info ----------------------------
[SYS]                  | Downlink           | Uplink
[SYS] RF / fine Gain   |     17 /   -2.1    | 0x42
[SYS] PwrAvg(dBFs/dBm) | N/A                | N/A
[SYS] PwrMax(dBFS)     | N/A                | N/A
[SYS] Showtime 157 seconds

[SYS] ------------------------ Data Direction -------------------
[SYS]                  | Downlink           | Uplink
[SYS] CPlane Total     | 0x0000000000000000 | 0x0000000000000000
[SYS] CPlane OnTime    | 0x0000000000000000 | 0x0000000000000000
[SYS] CPlane Early     | 0x0000000000000000 | 0x0000000000000000
[SYS] CPlane Late      | 0x0000000000000000 | 0x0000000000000000
[SYS] CPlane Corrupt   | 0x0000000000000000 | 0x0000000000000000
[SYS] UPlane Total     | 0x0000000000000000 | 0x0000000000000000
[SYS] UPlane OnTime    | 0x0000000000000000 | N/A
[SYS] UPlane Ealry     | 0x0000000000000000 | N/A
[SYS] UPlane Late      | 0x0000000000000000 | N/A
[SYS] UPlane Corrupt   | 0x0000000000000000 | N/A
[SYS] Eth Pkt Good     | 0x000008b8         | 0x000021a9
[SYS] Eth Pkt Drop     | 0x00000000         | 0x00000000
[SYS] AXIQ status      | 0x00000303         | 0x00010101
[SYS] ------------------------ Tasks ---------------------------
[SYS]                  | UP         | CP         | RT
[SYS] Error            | 0x00000000 | 0x00000000 | 0x00000000
[SYS] Heartbeats       | 0x03df0f41 | N/A        | N/A
[SYS] Counts           | 0x00000000 | N/A        | 0x00000000
[SYS] Drops            | 0x00000000 | N/A        | 0x00000000
[SYS] ------------------------ VSPAs ---------------------------
[SYS]                  | 0          | 1          | 2
[SYS] Error            | 0x00000000 | 0x00000000 | 0x00000000
[SYS] SYM WR           | 0x00000014 | N/A        | 0x00000012
[SYS] SYM RD           | 0x00000014 | N/A        | 0x00000012
[SYS] CMD WR           | 0x00000007 | 0x00000006 | 0x00000007
[SYS] CMD RD           | 0x00000007 | 0x00000006 | 0x00000007
[SYS] ------------------------ Info ----------------------------
[SYS]                  | Downlink           | Uplink
[SYS] RF / fine Gain   |     17 /   -2.1    | 0x42
[SYS] PwrAvg(dBFs/dBm) | N/A                | N/A
[SYS] PwrMax(dBFS)     | N/A                | N/A
[SYS] Showtime 158 seconds

[SYS] ------------------------ Data Direction -------------------
[SYS]                  | Downlink           | Uplink
[SYS] CPlane Total     | 0x0000000000000000 | 0x0000000000000000
[SYS] CPlane OnTime    | 0x0000000000000000 | 0x0000000000000000
[SYS] CPlane Early     | 0x0000000000000000 | 0x0000000000000000
[SYS] CPlane Late      | 0x0000000000000000 | 0x0000000000000000
[SYS] CPlane Corrupt   | 0x0000000000000000 | 0x0000000000000000
[SYS] UPlane Total     | 0x0000000000000000 | 0x0000000000000000
[SYS] UPlane OnTime    | 0x0000000000000000 | N/A
[SYS] UPlane Ealry     | 0x0000000000000000 | N/A
[SYS] UPlane Late      | 0x0000000000000000 | N/A
[SYS] UPlane Corrupt   | 0x0000000000000000 | N/A
[SYS] Eth Pkt Good     | 0x000008ba         | 0x000021cc
[SYS] Eth Pkt Drop     | 0x00000000         | 0x00000000
[SYS] AXIQ status      | 0x00000303         | 0x00010101
[SYS] ------------------------ Tasks ---------------------------
[SYS]                  | UP         | CP         | RT
[SYS] Error            | 0x00000000 | 0x00000000 | 0x00000000
[SYS] Heartbeats       | 0x03e54c66 | N/A        | N/A
[SYS] Counts           | 0x00000000 | N/A        | 0x00000000
[SYS] Drops            | 0x00000000 | N/A        | 0x00000000
[SYS] ------------------------ VSPAs ---------------------------
[SYS]                  | 0          | 1          | 2
[SYS] Error            | 0x00000000 | 0x00000000 | 0x00000000
[SYS] SYM WR           | 0x00000014 | N/A        | 0x00000012
[SYS] SYM RD           | 0x00000014 | N/A        | 0x00000012
[SYS] CMD WR           | 0x00000007 | 0x00000006 | 0x00000007
[SYS] CMD RD           | 0x00000007 | 0x00000006 | 0x00000007
[SYS] ------------------------ Info ----------------------------
[SYS]                  | Downlink           | Uplink
[SYS] RF / fine Gain   |     17 /   -2.1    | 0x42
[SYS] PwrAvg(dBFs/dBm) | N/A                | N/A
[SYS] PwrMax(dBFS)     | N/A                | N/A
[SYS] Showtime 159 seconds

[SYS] ------------------------ Data Direction -------------------
[SYS]                  | Downlink           | Uplink
[SYS] CPlane Total     | 0x0000000000000000 | 0x0000000000000000
[SYS] CPlane OnTime    | 0x0000000000000000 | 0x0000000000000000
[SYS] CPlane Early     | 0x0000000000000000 | 0x0000000000000000
[SYS] CPlane Late      | 0x0000000000000000 | 0x0000000000000000
[SYS] CPlane Corrupt   | 0x0000000000000000 | 0x0000000000000000
[SYS] UPlane Total     | 0x0000000000000000 | 0x0000000000000000
[SYS] UPlane OnTime    | 0x0000000000000000 | N/A
[SYS] UPlane Ealry     | 0x0000000000000000 | N/A
[SYS] UPlane Late      | 0x0000000000000000 | N/A
[SYS] UPlane Corrupt   | 0x0000000000000000 | N/A
[SYS] Eth Pkt Good     | 0x000008bb         | 0x000021f0
[SYS] Eth Pkt Drop     | 0x00000000         | 0x00000000
[SYS] AXIQ status      | 0x00000303         | 0x00010101
[SYS] ------------------------ Tasks ---------------------------
[SYS]                  | UP         | CP         | RT
[SYS] Error            | 0x00000000 | 0x00000000 | 0x00000000
[SYS] Heartbeats       | 0x03eb874b | N/A        | N/A
[SYS] Counts           | 0x00000000 | N/A        | 0x00000000
[SYS] Drops            | 0x00000000 | N/A        | 0x00000000
[SYS] ------------------------ VSPAs ---------------------------
[SYS]                  | 0          | 1          | 2
[SYS] Error            | 0x00000000 | 0x00000000 | 0x00000000
[SYS] SYM WR           | 0x00000014 | N/A        | 0x00000012
[SYS] SYM RD           | 0x00000014 | N/A        | 0x00000012
[SYS] CMD WR           | 0x00000007 | 0x00000006 | 0x00000007
[SYS] CMD RD           | 0x00000007 | 0x00000006 | 0x00000007
[SYS] ------------------------ Info ----------------------------
[SYS]                  | Downlink           | Uplink
[SYS] RF / fine Gain   |     17 /   -2.1    | 0x42
[SYS] PwrAvg(dBFs/dBm) | N/A                | N/A
[SYS] PwrMax(dBFS)     | N/A                | N/A
[SYS] Showtime 160 seconds

[SYS] ------------------------ Data Direction -------------------
[SYS]                  | Downlink           | Uplink
[SYS] CPlane Total     | 0x0000000000000000 | 0x0000000000000000
[SYS] CPlane OnTime    | 0x0000000000000000 | 0x0000000000000000
[SYS] CPlane Early     | 0x0000000000000000 | 0x0000000000000000
[SYS] CPlane Late      | 0x0000000000000000 | 0x0000000000000000
[SYS] CPlane Corrupt   | 0x0000000000000000 | 0x0000000000000000
[SYS] UPlane Total     | 0x0000000000000000 | 0x0000000000000000
[SYS] UPlane OnTime    | 0x0000000000000000 | N/A
[SYS] UPlane Ealry     | 0x0000000000000000 | N/A
[SYS] UPlane Late      | 0x0000000000000000 | N/A
[SYS] UPlane Corrupt   | 0x0000000000000000 | N/A
[SYS] Eth Pkt Good     | 0x000008bc         | 0x00002213
[SYS] Eth Pkt Drop     | 0x00000000         | 0x00000000
[SYS] AXIQ status      | 0x00000303         | 0x00010101
[SYS] ------------------------ Tasks ---------------------------
[SYS]                  | UP         | CP         | RT
[SYS] Error            | 0x00000000 | 0x00000000 | 0x00000000
[SYS] Heartbeats       | 0x03f1c246 | N/A        | N/A
[SYS] Counts           | 0x00000000 | N/A        | 0x00000000
[SYS] Drops            | 0x00000000 | N/A        | 0x00000000
[SYS] ------------------------ VSPAs ---------------------------
[SYS]                  | 0          | 1          | 2
[SYS] Error            | 0x00000000 | 0x00000000 | 0x00000000
[SYS] SYM WR           | 0x00000014 | N/A        | 0x00000012
[SYS] SYM RD           | 0x00000014 | N/A        | 0x00000012
[SYS] CMD WR           | 0x00000007 | 0x00000006 | 0x00000007
[SYS] CMD RD           | 0x00000007 | 0x00000006 | 0x00000007
[SYS] ------------------------ Info ----------------------------
[SYS]                  | Downlink           | Uplink
[SYS] RF / fine Gain   |     17 /   -2.1    | 0x42
[SYS] PwrAvg(dBFs/dBm) | N/A                | N/A
[SYS] PwrMax(dBFS)     | N/A                | N/A
[SYS] Showtime 161 seconds

[SYS] ------------------------ Data Direction -------------------
[SYS]                  | Downlink           | Uplink
[SYS] CPlane Total     | 0x0000000000000000 | 0x0000000000000000
[SYS] CPlane OnTime    | 0x0000000000000000 | 0x0000000000000000
[SYS] CPlane Early     | 0x0000000000000000 | 0x0000000000000000
[SYS] CPlane Late      | 0x0000000000000000 | 0x0000000000000000
[SYS] CPlane Corrupt   | 0x0000000000000000 | 0x0000000000000000
[SYS] UPlane Total     | 0x0000000000000000 | 0x0000000000000000
[SYS] UPlane OnTime    | 0x0000000000000000 | N/A
[SYS] UPlane Ealry     | 0x0000000000000000 | N/A
[SYS] UPlane Late      | 0x0000000000000000 | N/A
[SYS] UPlane Corrupt   | 0x0000000000000000 | N/A
[SYS] Eth Pkt Good     | 0x000008be         | 0x00002237
[SYS] Eth Pkt Drop     | 0x00000000         | 0x00000000
[SYS] AXIQ status      | 0x00000303         | 0x00010101
[SYS] ------------------------ Tasks ---------------------------
[SYS]                  | UP         | CP         | RT
[SYS] Error            | 0x00000000 | 0x00000000 | 0x00000000
[SYS] Heartbeats       | 0x03f80008 | N/A        | N/A
[SYS] Counts           | 0x00000000 | N/A        | 0x00000000
[SYS] Drops            | 0x00000000 | N/A        | 0x00000000
[SYS] ------------------------ VSPAs ---------------------------
[SYS]                  | 0          | 1          | 2
[SYS] Error            | 0x00000000 | 0x00000000 | 0x00000000
[SYS] SYM WR           | 0x00000014 | N/A        | 0x00000012
[SYS] SYM RD           | 0x00000014 | N/A        | 0x00000012
[SYS] CMD WR           | 0x00000007 | 0x00000006 | 0x00000007
[SYS] CMD RD           | 0x00000007 | 0x00000006 | 0x00000007
[SYS] ------------------------ Info ----------------------------
[SYS]                  | Downlink           | Uplink
[SYS] RF / fine Gain   |     17 /   -2.1    | 0x42
[SYS] PwrAvg(dBFs/dBm) | N/A                | N/A
[SYS] PwrMax(dBFS)     | N/A                | N/A
[SYS] Showtime 162 seconds

[SYS] ------------------------ Data Direction -------------------
[SYS]                  | Downlink           | Uplink
[SYS] CPlane Total     | 0x0000000000000000 | 0x0000000000000000
[SYS] CPlane OnTime    | 0x0000000000000000 | 0x0000000000000000
[SYS] CPlane Early     | 0x0000000000000000 | 0x0000000000000000
[SYS] CPlane Late      | 0x0000000000000000 | 0x0000000000000000
[SYS] CPlane Corrupt   | 0x0000000000000000 | 0x0000000000000000
[SYS] UPlane Total     | 0x0000000000000000 | 0x0000000000000000
[SYS] UPlane OnTime    | 0x0000000000000000 | N/A
[SYS] UPlane Ealry     | 0x0000000000000000 | N/A
[SYS] UPlane Late      | 0x0000000000000000 | N/A
[SYS] UPlane Corrupt   | 0x0000000000000000 | N/A
[SYS] Eth Pkt Good     | 0x000008bf         | 0x0000225a
[SYS] Eth Pkt Drop     | 0x00000000         | 0x00000000
[SYS] AXIQ status      | 0x00000303         | 0x00010101
[SYS] ------------------------ Tasks ---------------------------
[SYS]                  | UP         | CP         | RT
[SYS] Error            | 0x00000000 | 0x00000000 | 0x00000000
[SYS] Heartbeats       | 0x03fe3ae3 | N/A        | N/A
[SYS] Counts           | 0x00000000 | N/A        | 0x00000000
[SYS] Drops            | 0x00000000 | N/A        | 0x00000000
[SYS] ------------------------ VSPAs ---------------------------
[SYS]                  | 0          | 1          | 2
[SYS] Error            | 0x00000000 | 0x00000000 | 0x00000000
[SYS] SYM WR           | 0x00000014 | N/A        | 0x00000012
[SYS] SYM RD           | 0x00000014 | N/A        | 0x00000012
[SYS] CMD WR           | 0x00000007 | 0x00000006 | 0x00000007
[SYS] CMD RD           | 0x00000007 | 0x00000006 | 0x00000007
[SYS] ------------------------ Info ----------------------------
[SYS]                  | Downlink           | Uplink
[SYS] RF / fine Gain   |     17 /   -2.1    | 0x42
[SYS] PwrAvg(dBFs/dBm) | N/A                | N/A
[SYS] PwrMax(dBFS)     | N/A                | N/A
[SYS] Showtime 163 seconds

[SYS] ------------------------ Data Direction -------------------
[SYS]                  | Downlink           | Uplink
[SYS] CPlane Total     | 0x0000000000000000 | 0x0000000000000000
[SYS] CPlane OnTime    | 0x0000000000000000 | 0x0000000000000000
[SYS] CPlane Early     | 0x0000000000000000 | 0x0000000000000000
[SYS] CPlane Late      | 0x0000000000000000 | 0x0000000000000000
[SYS] CPlane Corrupt   | 0x0000000000000000 | 0x0000000000000000
[SYS] UPlane Total     | 0x0000000000000000 | 0x0000000000000000
[SYS] UPlane OnTime    | 0x0000000000000000 | N/A
[SYS] UPlane Ealry     | 0x0000000000000000 | N/A
[SYS] UPlane Late      | 0x0000000000000000 | N/A
[SYS] UPlane Corrupt   | 0x0000000000000000 | N/A
[SYS] Eth Pkt Good     | 0x000008c1         | 0x0000227e
[SYS] Eth Pkt Drop     | 0x00000000         | 0x00000000
[SYS] AXIQ status      | 0x00000303         | 0x00010101
[SYS] ------------------------ Tasks ---------------------------
[SYS]                  | UP         | CP         | RT
[SYS] Error            | 0x00000000 | 0x00000000 | 0x00000000
[SYS] Heartbeats       | 0x040475bd | N/A        | N/A
[SYS] Counts           | 0x00000000 | N/A        | 0x00000000
[SYS] Drops            | 0x00000000 | N/A        | 0x00000000
[SYS] ------------------------ VSPAs ---------------------------
[SYS]                  | 0          | 1          | 2
[SYS] Error            | 0x00000000 | 0x00000000 | 0x00000000
[SYS] SYM WR           | 0x00000014 | N/A        | 0x00000012
[SYS] SYM RD           | 0x00000014 | N/A        | 0x00000012
[SYS] CMD WR           | 0x00000007 | 0x00000006 | 0x00000007
[SYS] CMD RD           | 0x00000007 | 0x00000006 | 0x00000007
[SYS] ------------------------ Info ----------------------------
[SYS]                  | Downlink           | Uplink
[SYS] RF / fine Gain   |     17 /   -2.1    | 0x42
[SYS] PwrAvg(dBFs/dBm) | N/A                | N/A
[SYS] PwrMax(dBFS)     | N/A                | N/A
[SYS] Showtime 164 seconds

[SYS] ------------------------ Data Direction -------------------
[SYS]                  | Downlink           | Uplink
[SYS] CPlane Total     | 0x0000000000000000 | 0x0000000000000000
[SYS] CPlane OnTime    | 0x0000000000000000 | 0x0000000000000000
[SYS] CPlane Early     | 0x0000000000000000 | 0x0000000000000000
[SYS] CPlane Late      | 0x0000000000000000 | 0x0000000000000000
[SYS] CPlane Corrupt   | 0x0000000000000000 | 0x0000000000000000
[SYS] UPlane Total     | 0x0000000000000000 | 0x0000000000000000
[SYS] UPlane OnTime    | 0x0000000000000000 | N/A
[SYS] UPlane Ealry     | 0x0000000000000000 | N/A
[SYS] UPlane Late      | 0x0000000000000000 | N/A
[SYS] UPlane Corrupt   | 0x0000000000000000 | N/A
[SYS] Eth Pkt Good     | 0x000008c2         | 0x000022a1
[SYS] Eth Pkt Drop     | 0x00000000         | 0x00000000
[SYS] AXIQ status      | 0x00000303         | 0x00010101
[SYS] ------------------------ Tasks ---------------------------
[SYS]                  | UP         | CP         | RT
[SYS] Error            | 0x00000000 | 0x00000000 | 0x00000000
[SYS] Heartbeats       | 0x040abdb1 | N/A        | N/A
[SYS] Counts           | 0x00000000 | N/A        | 0x00000000
[SYS] Drops            | 0x00000000 | N/A        | 0x00000000
[SYS] ------------------------ VSPAs ---------------------------
[SYS]                  | 0          | 1          | 2
[SYS] Error            | 0x00000000 | 0x00000000 | 0x00000000
[SYS] SYM WR           | 0x00000014 | N/A        | 0x00000012
[SYS] SYM RD           | 0x00000014 | N/A        | 0x00000012
[SYS] CMD WR           | 0x00000007 | 0x00000006 | 0x00000007
[SYS] CMD RD           | 0x00000007 | 0x00000006 | 0x00000007
[SYS] ------------------------ Info ----------------------------
[SYS]                  | Downlink           | Uplink
[SYS] RF / fine Gain   |     17 /   -2.1    | 0x42
[SYS] PwrAvg(dBFs/dBm) | N/A                | N/A
[SYS] PwrMax(dBFS)     | N/A                | N/A
[SYS] Showtime 165 seconds

[SYS] ------------------------ Data Direction -------------------
[SYS]                  | Downlink           | Uplink
[SYS] CPlane Total     | 0x0000000000000000 | 0x0000000000000000
[SYS] CPlane OnTime    | 0x0000000000000000 | 0x0000000000000000
[SYS] CPlane Early     | 0x0000000000000000 | 0x0000000000000000
[SYS] CPlane Late      | 0x0000000000000000 | 0x0000000000000000
[SYS] CPlane Corrupt   | 0x0000000000000000 | 0x0000000000000000
[SYS] UPlane Total     | 0x0000000000000000 | 0x0000000000000000
[SYS] UPlane OnTime    | 0x0000000000000000 | N/A
[SYS] UPlane Ealry     | 0x0000000000000000 | N/A
[SYS] UPlane Late      | 0x0000000000000000 | N/A
[SYS] UPlane Corrupt   | 0x0000000000000000 | N/A
[SYS] Eth Pkt Good     | 0x000008c4         | 0x000022c4
[SYS] Eth Pkt Drop     | 0x00000000         | 0x00000000
[SYS] AXIQ status      | 0x00000303         | 0x00010101
[SYS] ------------------------ Tasks ---------------------------
[SYS]                  | UP         | CP         | RT
[SYS] Error            | 0x00000000 | 0x00000000 | 0x00000000
[SYS] Heartbeats       | 0x0410f9a4 | N/A        | N/A
[SYS] Counts           | 0x00000000 | N/A        | 0x00000000
[SYS] Drops            | 0x00000000 | N/A        | 0x00000000
[SYS] ------------------------ VSPAs ---------------------------
[SYS]                  | 0          | 1          | 2
[SYS] Error            | 0x00000000 | 0x00000000 | 0x00000000
[SYS] SYM WR           | 0x00000014 | N/A        | 0x00000012
[SYS] SYM RD           | 0x00000014 | N/A        | 0x00000012
[SYS] CMD WR           | 0x00000007 | 0x00000006 | 0x00000007
[SYS] CMD RD           | 0x00000007 | 0x00000006 | 0x00000007
[SYS] ------------------------ Info ----------------------------
[SYS]                  | Downlink           | Uplink
[SYS] RF / fine Gain   |     17 /   -2.1    | 0x42
[SYS] PwrAvg(dBFs/dBm) | N/A                | N/A
[SYS] PwrMax(dBFS)     | N/A                | N/A
[SYS] Showtime 166 seconds

[SYS] CPlane Corrupt   | 0x0000000000000000 | 0x0000000000000000
[SYS] Error            | 0x00000000 | 0x00000000 | 0x00002000
[SYS] CPlane Corrupt   | 0x0000000000000000 | 0x0000000000000000
[SYS] UPlane OnTime    | 0x0000000000041e18 | N/A
[SYS] ------------------------ VSPAs ---------------------------
[SYS] PwrMax(dBFS)     | -391.0             |   -4.4
[SYS] Drops            | 0x00000000 | N/A        | 0x00000000
[SYS]                  | UP         | CP         | RT
[SYS] UPlane Total     | 0x00000000000c4cb9 | 0x000000000000e612
[SYS] AXIQ status      | 0x00000307         | 0x00110101
[SYS] Heartbeats       | 0x0441505b | N/A        | N/A
[SYS] Error            | 0x00000000 | 0x00000000 | 0x00002000
[SYS] CMD WR           | 0x00000005 | 0x00000007 | 0x00000006
[SYS] CPlane Total     | 0x00000000000035c3 | 0x0000000000001da0
[SYS] CPlane Early     | 0x0000000000000000 | 0x0000000000000000
[SYS] Error            | 0x00000000 | 0x00000000 | 0x00002000
[SYS] CMD WR           | 0x00000005 | 0x00000007 | 0x00000002
[SYS] SYM RD           | 0x0000000c | N/A        | 0x00000006
[SYS] AXIQ status      | 0x00000307         | 0x00110101
[SYS] CPlane Early     | 0x0000000000000000 | 0x0000000000000000
[SYS] Eth Pkt Good     | 0x0015b78a         | 0x0001b4ef
[SYS] Error            | 0x00000000 | 0x00000000 | 0x00000000
