Fri May 24 12:35:47 CST 2024
AP3 >> [CLI] Running.

>> Ethernet PHY Tx/Rx is stable
XPCS VR_MII_DIG_STS: 0x00000010
COP PORSR1: 0x4d73d43f
COP PORSR2: 0x9fd7ffff
[INIT] Kernel is ready.
[MP] Running
[MP] Ruqual Starts
[MP] BOARD_CFG State
[SYS] ORAN CP info: e02821f8
[SYS] ORAN UP info: e0282250
Recv socket error! [Errno 100] Network is down
[MP] RF slave path is set.
[MP] Center of Channel Bandwidth is 3450720kHz.
[MP] RF Frequency is set to 6901440, unit : 500Hz.
[MP] TX array channel bandwidth = 100 MHz.
[MP] RX array channel bandwidth = 100 MHz.
[RF_MON] Diora if is llcp
[RF_MON] Diora init successfully
[MP] Start Cal Task
[CAL] CAL starts and wait to trigger.
[MP] Board CFG Done
[MP] Idle State
[MP] CMD-SYNC
[MP] SP Starts
[MP] STAT-SYNC
[SP] SP is running
[MP] STAT-SYNC_DONE
[MP] CMD-CALI
[MP] STAT-CALI
[CAL] Wait RF Calibration.
[CAL] Start RF Calibration.
[CAL] TX BW index = 1, DPD BW index = 3.
[CAL] GET TX BW FTUNE = 0, RX BW FTUNE = 10.
Start to calibrate CH_RX RX DC.
Set RX gain to 0x0.
Rx DC value:   21 + -268j in Q13. Rx ADC compensation:  -21 +  268j in Q13.
Set RX gain to 0x2.
Rx DC value:    0 +  130j in Q13. Adjust RX coarse DC with I =-16, Q = 16.
Rx DC value:  523 + -379j in Q13. Adjust RX coarse DC with I = -8, Q =  8.
Rx DC value:  263 + -124j in Q13. Adjust RX coarse DC with I = -4, Q =  4.
Rx DC value:  130 +    3j in Q13. Adjust RX coarse DC with I = -2, Q =  6.
Rx DC value:   64 +  -59j in Q13. Adjust RX coarse DC with I = -1, Q =  5.
Rx DC value:   35 +  -28j in Q13. Adjust RX fine DC with I = 16, Q =-16.
Rx DC value:   19 +  -11j in Q13. Adjust RX fine DC with I = 24, Q =-24.
Rx DC value:   11 +   -4j in Q13. Adjust RX fine DC with I = 28, Q =-28.
Rx DC value:    9 +   -1j in Q13. Adjust RX fine DC with I = 30, Q =-30.
Rx DC value:    5 +    1j in Q13. Adjust RX fine DC with I = 31, Q =-29.
Set RX gain to 0x12.
Rx DC value:    4 +  126j in Q13. Adjust RX coarse DC with I = 16, Q = 16.
Rx DC value: -524 + -377j in Q13. Adjust RX coarse DC with I =  8, Q =  8.
Rx DC value: -261 + -125j in Q13. Adjust RX coarse DC with I =  4, Q =  4.
Rx DC value: -128 +    1j in Q13. Adjust RX coarse DC with I =  2, Q =  6.
Rx DC value:  -64 +  -62j in Q13. Adjust RX coarse DC with I =  1, Q =  5.
Rx DC value:  -31 +  -29j in Q13. Adjust RX fine DC with I =-16, Q =-16.
Rx DC value:  -13 +  -12j in Q13. Adjust RX fine DC with I =-24, Q =-24.
Rx DC value:   -7 +   -4j in Q13. Adjust RX fine DC with I =-28, Q =-28.
Rx DC value:   -1 +    0j in Q13. Adjust RX fine DC with I =-30, Q =-30.
Rx DC value:    0 +    1j in Q13. Adjust RX fine DC with I =-29, Q =-29.
Set RX gain to 0x22.
Rx DC value:    1 +  127j in Q13. Adjust RX coarse DC with I = 16, Q = 16.
Rx DC value: -526 + -376j in Q13. Adjust RX coarse DC with I =  8, Q =  8.
Rx DC value: -264 + -124j in Q13. Adjust RX coarse DC with I =  4, Q =  4.
Rx DC value: -128 +    2j in Q13. Adjust RX coarse DC with I =  2, Q =  6.
Rx DC value:  -65 +  -59j in Q13. Adjust RX coarse DC with I =  1, Q =  5.
Rx DC value:  -32 +  -24j in Q13. Adjust RX fine DC with I =-16, Q =-16.
Rx DC value:  -15 +   -8j in Q13. Adjust RX fine DC with I =-24, Q =-24.
Rx DC value:   -6 +   -2j in Q13. Adjust RX fine DC with I =-28, Q =-28.
Rx DC value:   -4 +    2j in Q13. Adjust RX fine DC with I =-30, Q =-26.
Rx DC value:   -1 +   -2j in Q13. Adjust RX fine DC with I =-31, Q =-27.
Set RX gain to 0x32.
Rx DC value:    0 +  124j in Q13. Adjust RX coarse DC with I = 16, Q = 16.
Rx DC value: -529 + -376j in Q13. Adjust RX coarse DC with I =  8, Q =  8.
Rx DC value: -265 + -125j in Q13. Adjust RX coarse DC with I =  4, Q =  4.
Rx DC value: -131 +    0j in Q13. Adjust RX coarse DC with I =  2, Q =  6.
Rx DC value:  -69 +  -61j in Q13. Adjust RX coarse DC with I =  1, Q =  5.
Rx DC value:  -32 +  -33j in Q13. Adjust RX fine DC with I =-16, Q =-16.
Rx DC value:  -16 +  -16j in Q13. Adjust RX fine DC with I =-24, Q =-24.
Rx DC value:   -8 +   -9j in Q13. Adjust RX fine DC with I =-28, Q =-28.
Rx DC value:   -5 +   -6j in Q13. Adjust RX fine DC with I =-30, Q =-30.
Rx DC value:   -3 +   -2j in Q13. Adjust RX fine DC with I =-31, Q =-31.
Set RX gain to 0x42.
Rx DC value:   -1 +  122j in Q13. Adjust RX coarse DC with I =-16, Q = 16.
Rx DC value:  522 + -387j in Q13. Adjust RX coarse DC with I = -8, Q =  8.
Rx DC value:  262 + -134j in Q13. Adjust RX coarse DC with I = -4, Q =  4.
Rx DC value:  130 +   -4j in Q13. Adjust RX coarse DC with I = -2, Q =  2.
Rx DC value:   63 +   56j in Q13. Adjust RX coarse DC with I = -1, Q =  3.
Rx DC value:   29 +   27j in Q13. Adjust RX fine DC with I = 16, Q = 16.
Rx DC value:   15 +   10j in Q13. Adjust RX fine DC with I = 24, Q = 24.
Rx DC value:    5 +    4j in Q13. Adjust RX fine DC with I = 28, Q = 28.
Rx DC value:    2 +    0j in Q13. Adjust RX fine DC with I = 30, Q = 30.
Rx DC value:    0 +   -2j in Q13. Adjust RX fine DC with I = 29, Q = 29.
Set RX gain to 0x52.
Rx DC value:   -5 +  118j in Q13. Adjust RX coarse DC with I =-16, Q = 16.
Rx DC value:  518 + -389j in Q13. Adjust RX coarse DC with I = -8, Q =  8.
Rx DC value:  258 + -135j in Q13. Adjust RX coarse DC with I = -4, Q =  4.
Rx DC value:  126 +   -6j in Q13. Adjust RX coarse DC with I = -2, Q =  2.
Rx DC value:   60 +   54j in Q13. Adjust RX coarse DC with I = -1, Q =  3.
Rx DC value:   26 +   24j in Q13. Adjust RX fine DC with I = 16, Q = 16.
Rx DC value:    8 +    9j in Q13. Adjust RX fine DC with I = 24, Q = 24.
Rx DC value:    3 +    1j in Q13. Adjust RX fine DC with I = 28, Q = 28.
Rx DC value:    0 +   -3j in Q13. Adjust RX fine DC with I = 26, Q = 26.
Rx DC value:    0 +   -2j in Q13. Adjust RX fine DC with I = 27, Q = 25.
Set RX gain to 0x62.
Rx DC value:  -19 +  106j in Q13. Adjust RX coarse DC with I =-16, Q = 16.
Rx DC value:  503 + -402j in Q13. Adjust RX coarse DC with I = -8, Q =  8.
Rx DC value:  245 + -150j in Q13. Adjust RX coarse DC with I = -4, Q =  4.
Rx DC value:  109 +  -20j in Q13. Adjust RX coarse DC with I = -2, Q =  2.
Rx DC value:   46 +   41j in Q13. Adjust RX coarse DC with I = -1, Q =  3.
Rx DC value:   12 +   10j in Q13. Adjust RX fine DC with I = 16, Q = 16.
Rx DC value:   -4 +   -7j in Q13. Adjust RX fine DC with I =  8, Q =  8.
Rx DC value:    4 +    1j in Q13. Adjust RX fine DC with I = 12, Q = 12.
Rx DC value:    0 +   -2j in Q13. Adjust RX fine DC with I = 10, Q = 10.
Rx DC value:    0 +   -2j in Q13. Adjust RX fine DC with I = 11, Q =  9.
Set RX gain to 0x72.
Rx DC value:  -46 +   80j in Q13. Adjust RX coarse DC with I =-16, Q = 16.
Rx DC value:  477 + -426j in Q13. Adjust RX coarse DC with I = -8, Q =  8.
Rx DC value:  215 + -171j in Q13. Adjust RX coarse DC with I = -4, Q =  4.
Rx DC value:   81 +  -43j in Q13. Adjust RX coarse DC with I = -2, Q =  2.
Rx DC value:   19 +   19j in Q13. Adjust RX coarse DC with I = -1, Q =  3.
Rx DC value:  -16 +  -12j in Q13. Adjust RX fine DC with I =-16, Q =-16.
Rx DC value:    1 +    5j in Q13. Adjust RX fine DC with I = -8, Q = -8.
Rx DC value:   -7 +   -2j in Q13. Adjust RX fine DC with I =-12, Q =-12.
Rx DC value:   -4 +    2j in Q13. Adjust RX fine DC with I =-14, Q =-10.
Rx DC value:   -3 +   -1j in Q13. Adjust RX fine DC with I =-15, Q =-11.
Rx DC Calibration done.
Start to calibrate CH_TX RX DC.
Set RX gain to 0x5.
Rx DC value: -113 +   47j in Q13. Adjust RX coarse DC with I =-16, Q = 16.
Rx DC value: 1122 + -1165j in Q13. Adjust RX coarse DC with I = -8, Q =  8.
Rx DC value:  506 + -559j in Q13. Adjust RX coarse DC with I = -4, Q =  4.
Rx DC value:  193 + -253j in Q13. Adjust RX coarse DC with I = -2, Q =  2.
Rx DC value:   39 + -104j in Q13. Adjust RX coarse DC with I = -1, Q =  1.
Rx DC value:  -36 +  -27j in Q13. Adjust RX fine DC with I =-16, Q =-16.
Rx DC value:    1 +   11j in Q13. Adjust RX fine DC with I = -8, Q = -8.
Rx DC value:  -14 +   -9j in Q13. Adjust RX fine DC with I =-12, Q =-12.
Rx DC value:   -7 +    0j in Q13. Adjust RX fine DC with I =-14, Q =-10.
Rx DC value:   -2 +   -3j in Q13. Adjust RX fine DC with I =-15, Q =-11.
Set RX gain to 0x15.
Rx DC value: -113 +   47j in Q13. Adjust RX coarse DC with I =-16, Q = 16.
Rx DC value: 1122 + -1167j in Q13. Adjust RX coarse DC with I = -8, Q =  8.
Rx DC value:  506 + -558j in Q13. Adjust RX coarse DC with I = -4, Q =  4.
Rx DC value:  192 + -251j in Q13. Adjust RX coarse DC with I = -2, Q =  2.
Rx DC value:   41 + -104j in Q13. Adjust RX coarse DC with I = -1, Q =  1.
Rx DC value:  -37 +  -31j in Q13. Adjust RX fine DC with I =-16, Q =-16.
Rx DC value:    1 +    9j in Q13. Adjust RX fine DC with I = -8, Q = -8.
Rx DC value:  -17 +   -9j in Q13. Adjust RX fine DC with I =-12, Q =-12.
Rx DC value:   -8 +    1j in Q13. Adjust RX fine DC with I =-14, Q =-10.
Rx DC value:   -5 +   -5j in Q13. Adjust RX fine DC with I =-15, Q =-11.
Set RX gain to 0x25.
Rx DC value: -115 +   42j in Q13. Adjust RX coarse DC with I =-16, Q = 16.
Rx DC value: 1117 + -1169j in Q13. Adjust RX coarse DC with I = -8, Q =  8.
Rx DC value:  502 + -564j in Q13. Adjust RX coarse DC with I = -4, Q =  4.
Rx DC value:  189 + -255j in Q13. Adjust RX coarse DC with I = -2, Q =  2.
Rx DC value:   39 + -105j in Q13. Adjust RX coarse DC with I = -1, Q =  1.
Rx DC value:  -39 +  -32j in Q13. Adjust RX fine DC with I =-16, Q =-16.
Rx DC value:    1 +    6j in Q13. Adjust RX fine DC with I = -8, Q = -8.
Rx DC value:  -21 +  -12j in Q13. Adjust RX fine DC with I =-12, Q =-12.
Rx DC value:  -11 +   -4j in Q13. Adjust RX fine DC with I =-14, Q =-14.
Rx DC value:   -4 +    2j in Q13. Adjust RX fine DC with I =-15, Q =-13.
Set RX gain to 0x35.
Rx DC value: -117 +   39j in Q13. Adjust RX coarse DC with I =-16, Q = 16.
Rx DC value: 1118 + -1170j in Q13. Adjust RX coarse DC with I = -8, Q =  8.
Rx DC value:  504 + -564j in Q13. Adjust RX coarse DC with I = -4, Q =  4.
Rx DC value:  188 + -258j in Q13. Adjust RX coarse DC with I = -2, Q =  2.
Rx DC value:   35 + -110j in Q13. Adjust RX coarse DC with I = -1, Q =  1.
Rx DC value:  -42 +  -35j in Q13. Adjust RX fine DC with I =-16, Q =-16.
Rx DC value:   -1 +    4j in Q13. Adjust RX fine DC with I =-24, Q = -8.
Rx DC value:   15 +  -13j in Q13. Adjust RX fine DC with I =-20, Q =-12.
Rx DC value:    7 +   -6j in Q13. Adjust RX fine DC with I =-18, Q =-14.
Rx DC value:    0 +    0j in Q13. Adjust RX fine DC with I =-17, Q =-15.
Set RX gain to 0x45.
Rx DC value: -121 +   35j in Q13. Adjust RX coarse DC with I =-16, Q = 16.
Rx DC value: 1115 + -1178j in Q13. Adjust RX coarse DC with I = -8, Q =  8.
Rx DC value:  501 + -569j in Q13. Adjust RX coarse DC with I = -4, Q =  4.
Rx DC value:  190 + -262j in Q13. Adjust RX coarse DC with I = -2, Q =  2.
Rx DC value:   36 + -111j in Q13. Adjust RX coarse DC with I = -1, Q =  1.
Rx DC value:  -43 +  -38j in Q13. Adjust RX fine DC with I =-16, Q =-16.
Rx DC value:   -5 +    0j in Q13. Adjust RX fine DC with I =-24, Q =-24.
Rx DC value:   14 +   18j in Q13. Adjust RX fine DC with I =-20, Q =-20.
Rx DC value:    8 +    9j in Q13. Adjust RX fine DC with I =-18, Q =-18.
Rx DC value:    0 +    5j in Q13. Adjust RX fine DC with I =-17, Q =-17.
Set RX gain to 0x55.
Rx DC value: -122 +   28j in Q13. Adjust RX coarse DC with I =-16, Q = 16.
Rx DC value: 1113 + -1187j in Q13. Adjust RX coarse DC with I = -8, Q =  8.
Rx DC value:  495 + -581j in Q13. Adjust RX coarse DC with I = -4, Q =  4.
Rx DC value:  182 + -274j in Q13. Adjust RX coarse DC with I = -2, Q =  2.
Rx DC value:   31 + -122j in Q13. Adjust RX coarse DC with I = -1, Q =  1.
Rx DC value:  -50 +  -49j in Q13. Adjust RX fine DC with I =-16, Q =-16.
Rx DC value:   -8 +  -11j in Q13. Adjust RX fine DC with I =-24, Q =-24.
Rx DC value:   10 +    8j in Q13. Adjust RX fine DC with I =-20, Q =-20.
Rx DC value:    0 +   -1j in Q13. Adjust RX fine DC with I =-18, Q =-22.
Rx DC value:   -5 +    3j in Q13. Adjust RX fine DC with I =-19, Q =-21.
Set RX gain to 0x65.
Rx DC value: -160 +   -2j in Q13. Adjust RX coarse DC with I =-16, Q =-16.
Rx DC value: 1102 + 1190j in Q13. Adjust RX coarse DC with I = -8, Q = -8.
Rx DC value:  473 +  595j in Q13. Adjust RX coarse DC with I = -4, Q = -4.
Rx DC value:  153 +  292j in Q13. Adjust RX coarse DC with I = -2, Q = -2.
Rx DC value:   -1 +  147j in Q13. Adjust RX coarse DC with I = -3, Q = -1.
Rx DC value:   77 +   69j in Q13. Adjust RX fine DC with I = 16, Q = 16.
Rx DC value:   38 +   29j in Q13. Adjust RX fine DC with I = 24, Q = 24.
Rx DC value:   17 +   11j in Q13. Adjust RX fine DC with I = 28, Q = 28.
Rx DC value:    8 +    0j in Q13. Adjust RX fine DC with I = 30, Q = 30.
Rx DC value:    6 +   -5j in Q13. Adjust RX fine DC with I = 31, Q = 29.
Set RX gain to 0x75.
Rx DC value: -221 +  -47j in Q13. Adjust RX coarse DC with I =-16, Q =-16.
Rx DC value: 1039 + 1138j in Q13. Adjust RX coarse DC with I = -8, Q = -8.
Rx DC value:  410 +  547j in Q13. Adjust RX coarse DC with I = -4, Q = -4.
Rx DC value:   -5 +  461j in Q13. Adjust RX coarse DC with I = -6, Q = -2.
Rx DC value:  179 +  388j in Q13. Adjust RX coarse DC with I = -5, Q = -1.
Rx DC value:  110 +  314j in Q13. Adjust RX fine DC with I = 16, Q = 16.
Rx DC value:   91 +  282j in Q13. Adjust RX fine DC with I = 24, Q = 24.
Rx DC value:   72 +  260j in Q13. Adjust RX fine DC with I = 28, Q = 28.
Rx DC value:   68 +  193j in Q13. Adjust RX fine DC with I = 30, Q = 30.
Rx DC value:   36 +  142j in Q13. Adjust RX fine DC with I = 31, Q = 31.
Rx DC Calibration done.
Start to calibrate TX IQMM.
Image power =   333075 dB, IRR =  -206528 with Q scale = 7372 in Q13.
Image power =   319912 dB, IRR =  -226974 with Q scale = 9011 in Q13.
Image power =   178929 dB, IRR =  -363933 with Q scale = 8191 in Q13.
Image power =   264087 dB, IRR =  -281193 with Q scale = 8601 in Q13.
Image power =   201138 dB, IRR =  -343205 with Q scale = 8396 in Q13.
Image power =   166101 dB, IRR =  -377540 with Q scale = 8294 in Q13.
Image power =   170995 dB, IRR =  -372436 with Q scale = 8243 in Q13.
Image power =   158122 dB, IRR =  -385472 with Q scale = 8268 in Q13.
Image power =   164450 dB, IRR =  -379315 with Q scale = 8281 in Q13.
Image power =   159633 dB, IRR =  -384048 with Q scale = 8275 in Q13.
Image power =   154597 dB, IRR =  -389091 with Q scale = 8271 in Q13.
Image power =   160477 dB, IRR =  -383177 with Q scale = 8270 in Q13.
TxIQMM with Gain_I =     8112, Gain_Q = 8192 ratio =      346 dB in Q13.
Start to calibrate TX LOL.
Set RX gain to 0x2.
Tx LOL PWR =       50 dB with LOL compensation -1638 +    0j in Q13.
Tx LOL PWR =       50 dB with LOL compensation 1638 +    0j in Q13.
Tx LOL PWR =       11 dB with LOL compensation    0 +    0j in Q13.
Tx LOL PWR =       44 dB with LOL compensation -819 +    0j in Q13.
Tx LOL PWR =       38 dB with LOL compensation -409 +    0j in Q13.
Tx LOL PWR =       32 dB with LOL compensation -204 +    0j in Q13.
Tx LOL PWR =       25 dB with LOL compensation -102 +    0j in Q13.
Tx LOL PWR =       19 dB with LOL compensation  -51 +    0j in Q13.
Tx LOL PWR =       14 dB with LOL compensation  -25 +    0j in Q13.
Tx LOL PWR =       11 dB with LOL compensation  -12 +    0j in Q13.
Tx LOL PWR =       12 dB with LOL compensation   -6 +    0j in Q13.
Tx LOL PWR =       50 dB with LOL compensation   -6 + -1638j in Q13.
Tx LOL PWR =       50 dB with LOL compensation   -6 + 1638j in Q13.
Tx LOL PWR =       17 dB with LOL compensation   -6 +    0j in Q13.
Tx LOL PWR =       44 dB with LOL compensation   -6 + -819j in Q13.
Tx LOL PWR =       38 dB with LOL compensation   -6 + -409j in Q13.
Tx LOL PWR =       31 dB with LOL compensation   -6 + -204j in Q13.
Tx LOL PWR =       25 dB with LOL compensation   -6 + -102j in Q13.
Tx LOL PWR =       17 dB with LOL compensation   -6 +  -51j in Q13.
Tx LOL PWR =        8 dB with LOL compensation   -6 +  -25j in Q13.
Tx LOL PWR =        4 dB with LOL compensation   -6 +  -12j in Q13.
Tx LOL PWR =        2 dB with LOL compensation   -6 +  -19j in Q13.
Tx LOL PWR =       19 dB with LOL compensation   -6 +  -15j in Q13.
Tx LOL PWR =       50 dB with LOL compensation -1638 +  -15j in Q13.
Tx LOL PWR =       50 dB with LOL compensation 1638 +  -15j in Q13.
Tx LOL PWR =        7 dB with LOL compensation    0 +  -15j in Q13.
Tx LOL PWR =       44 dB with LOL compensation -819 +  -15j in Q13.
Tx LOL PWR =       38 dB with LOL compensation -409 +  -15j in Q13.
Tx LOL PWR =       31 dB with LOL compensation -204 +  -15j in Q13.
Tx LOL PWR =       25 dB with LOL compensation -102 +  -15j in Q13.
Tx LOL PWR =       17 dB with LOL compensation  -51 +  -15j in Q13.
Tx LOL PWR =        8 dB with LOL compensation  -25 +  -15j in Q13.
Tx LOL PWR =       -2 dB with LOL compensation  -12 +  -15j in Q13.
Tx LOL PWR =        3 dB with LOL compensation   -6 +  -15j in Q13.
Tx LOL PWR =        0 dB with LOL compensation   -9 +  -15j in Q13.
Tx LOL PWR =       -2 dB with LOL compensation  -11 +  -15j in Q13.
Tx LOL PWR =        2 dB with LOL compensation  -11 +  -15j in Q13.
Tx LOL PWR =       50 dB with LOL compensation  -11 + -1638j in Q13.
Tx LOL PWR =       50 dB with LOL compensation  -11 + 1638j in Q13.
Tx LOL PWR =       16 dB with LOL compensation  -11 +    0j in Q13.
Tx LOL PWR =       44 dB with LOL compensation  -11 + -819j in Q13.
Tx LOL PWR =       38 dB with LOL compensation  -11 + -409j in Q13.
Tx LOL PWR =       31 dB with LOL compensation  -11 + -204j in Q13.
Tx LOL PWR =       24 dB with LOL compensation  -11 + -102j in Q13.
Tx LOL PWR =       16 dB with LOL compensation  -11 +  -51j in Q13.
Tx LOL PWR =        5 dB with LOL compensation  -11 +  -25j in Q13.
Tx LOL PWR =        2 dB with LOL compensation  -11 +  -12j in Q13.
Tx LOL PWR =        0 dB with LOL compensation  -11 +  -19j in Q13.
Tx LOL PWR =        0 dB with LOL compensation  -11 +  -15j in Q13.
Tx LOL PWR =       -1 dB with LOL compensation  -11 +  -17j in Q13.
Tx LOL PWR =        0 dB with LOL compensation  -11 +  -18j in Q13.
Tx LOL PWR =        0 dB with LOL compensation  -11 +  -17j in Q13.
Tx LOL calibration done with LOL compensation  -11 +  -17j in Q13.
Start to calibrate TX Power, DL gain from M-plane is 240000.
Target AUX value:  578, Init TX RF gain is 0, fine gain is 0 dB in Q13
Current AUX Value:   45. Adjust TX RF gain to  8, fine gain to      0 dB in Q13
Current AUX Value:   95. Adjust TX RF gain to 14, fine gain to      0 dB in Q13
Current AUX Value:  369. Adjust TX RF gain to 15, fine gain to      0 dB in Q13
Current AUX Value:  472. Adjust TX RF gain to 16, fine gain to      0 dB in Q13
Current AUX Value:  604. Adjust TX RF gain to 16, fine gain to  -3004 dB in Q13
Current AUX Value:  575. Adjust TX RF gain to 16, fine gain to  -2916 dB in Q13
Current AUX Value:  576. Adjust TX RF gain to 16, fine gain to  -2856 dB in Q13
Current AUX Value:  577. Adjust TX RF gain to 16, fine gain to  -2827 dB in Q13
Current AUX Value:  578. Adjust TX RF gain to 16, fine gain to  -2827 dB in Q13
Current AUX Value:  578. Adjust TX RF gain to 16, fine gain to  -2827 dB in Q13
Current AUX Value:  578. Adjust TX RF gain to 16, fine gain to  -2827 dB in Q13
Current AUX Value:  577. Adjust TX RF gain to 16, fine gain to  -2797 dB in Q13
Current AUX Value:  579. Adjust TX RF gain to 16, fine gain to  -2827 dB in Q13
Current AUX Value:  578. Adjust TX RF gain to 16, fine gain to  -2827 dB in Q13
Current AUX Value:  578. Adjust TX RF gain to 16, fine gain to  -2827 dB in Q13
TX Power calibration is done.
Enter concurrent calibration mode
DPD training start.
Set TX gain to 16.
Set RX gain to 0x3.
DPD struct = 6, InBand Weighting = 1, CFR regrowth drop = 0, MP 1st ord = 0.
DPD training RX PAPR = 15. 0.
DPD Npolys = 4, Taps = 27, is odd = 0, group delay = 0.
DPD polynomial 0, order = 7, input delay = 0, norm delay = 0
DPD polynomial 1, order = 7, input delay = 1, norm delay = 1
DPD polynomial 2, order = 7, input delay = 0, norm delay = 1
DPD polynomial 3, order = 6, input delay = 0, norm delay = 2
CFR on for DPD with 0 dB margin in Q13. beta = 8192 in Q13.
Rx PAPR = 22.34 in DPD loop back with target gain difference = 7.34 dB.
Adjust RX gain to 0x13.
Rx PAPR = 16.96 in DPD loop back with target gain difference = 1.96 dB.
Adjust RX gain to 0x14.
Rx PAPR = 15.04 in DPD loop back with target gain difference = 0.04 dB.
RX gain adjustment done. Calculate delay.
DPD path delay = 27.63 in samples under 2x sampling rate.
TX dump delay =  73, RX dump delay =  64.
DPD fractional delay = -2183 in Q13.
measured left ACLR = 30.42, right ACLR = 25.59 at 0th iteration.
Q matrix is not positive definite. Increase diagonal term.
Q matrix is not positive definite. Increase diagonal term.
TX fine gain = 65 dB in Q13. Set comp_gain = -2893 dB in Q13. 
a[ 0] =     6091 +   -79354j, tho[ 0] =     9821 +    24180j in Q13.
a[ 1] =   -19588 +   117556j, tho[ 1] =    11942 +    29585j in Q13.
a[ 2] =     9144 +   151323j, tho[ 2] =    14628 +    36916j in Q13.
a[ 3] =    26363 +  -442996j, tho[ 3] =    17896 +    46811j in Q13.
a[ 4] =   -32320 +   377838j, tho[ 4] =    21438 +    59593j in Q13.
a[ 5] =    10795 +  -150685j, tho[ 5] =    23910 +    73368j in Q13.
a[ 6] =     -986 +    26759j, tho[ 6] =    21010 +    75878j in Q13.
a[ 7] =    14151 +    15133j, tho[ 7] =     -144 +    22203j in Q13.
a[ 8] =   -62504 +  -116271j, tho[ 8] =      -45 +    27723j in Q13.
a[ 9] =    60705 +   129907j, tho[ 9] =      -64 +    35337j in Q13.
a[10] =    43113 +    74536j, tho[10] =     -377 +    45811j in Q13.
a[11] =  -107726 +  -181301j, tho[11] =    -1316 +    59689j in Q13.
a[12] =    64889 +    96405j, tho[12] =    -3318 +    75392j in Q13.
a[13] =   -12799 +   -20761j, tho[13] =    -5738 +    80715j in Q13.
a[14] =    46569 +    41289j, tho[14] =     1589 +    22364j in Q13.
a[15] =   -83565 +   -65339j, tho[15] =     2322 +    28130j in Q13.
a[16] =    -1395 +    88280j, tho[16] =     3271 +    36197j in Q13.
a[17] =    88278 +  -184195j, tho[17] =     4452 +    47523j in Q13.
a[18] =   -60079 +   192667j, tho[18] =     5788 +    62999j in Q13.
a[19] =     9064 +   -86675j, tho[19] =     6908 +    81519j in Q13.
a[20] =     1049 +    14288j, tho[20] =     6646 +    90026j in Q13.
a[21] =     6528 +   -39365j, tho[21] =    -6556 +    13945j in Q13.
a[22] =   -17206 +   137782j, tho[22] =    -7753 +    18686j in Q13.
a[23] =    10546 +  -193920j, tho[23] =    -9208 +    26084j in Q13.
a[24] =     5234 +   135868j, tho[24] =   -10844 +    37791j in Q13.
a[25] =    -6009 +   -48051j, tho[25] =   -12244 +    55462j in Q13.
a[26] =     1627 +     7284j, tho[26] =   -11633 +    73239j in Q13.
Power of tho  =       30.64 dB.
Current AUX Value:  557. Adjust TX RF gain to 17, fine gain to -15666 dB in Q13
Current AUX Value:  553. Adjust TX RF gain to 17, fine gain to -14892 dB in Q13
Current AUX Value:  561. Adjust TX RF gain to 17, fine gain to -14363 dB in Q13
Current AUX Value:  566. Adjust TX RF gain to 17, fine gain to -13985 dB in Q13
Current AUX Value:  569. Adjust TX RF gain to 17, fine gain to -13698 dB in Q13
Current AUX Value:  570. Adjust TX RF gain to 17, fine gain to -13441 dB in Q13
Current AUX Value:  573. Adjust TX RF gain to 17, fine gain to -13273 dB in Q13
measured left ACLR = 37.67, right ACLR = 33.30 at 1th iteration.
TX fine gain = -14568 dB in Q13. Set comp_gain = -1598 dB in Q13. 
a[ 0] =    56140 +   -82952j, tho[ 0] =    -1708 +    -4759j in Q13.
a[ 1] =  -131163 +   116667j, tho[ 1] =    -2564 +    -5528j in Q13.
a[ 2] =    39588 +   182974j, tho[ 2] =    -3825 +    -6433j in Q13.
a[ 3] =   133913 +  -502471j, tho[ 3] =    -5674 +    -7421j in Q13.
a[ 4] =  -148046 +   424648j, tho[ 4] =    -8279 +    -8284j in Q13.
a[ 5] =    58237 +  -167919j, tho[ 5] =   -11358 +    -8376j in Q13.
a[ 6] =    -9333 +    29467j, tho[ 6] =   -11954 +    -5820j in Q13.
a[ 7] =    13416 +    77448j, tho[ 7] =     8006 +    -1599j in Q13.
a[ 8] =   -48277 +  -231149j, tho[ 8] =     9333 +    -2067j in Q13.
a[ 9] =    17955 +   155400j, tho[ 9] =    10928 +    -2652j in Q13.
a[10] =    85248 +   140551j, tho[10] =    12743 +    -3344j in Q13.
a[11] =  -115137 +  -237906j, tho[11] =    14524 +    -4040j in Q13.
a[12] =    56169 +   118313j, tho[12] =    15508 +    -4360j in Q13.
a[13] =   -10937 +   -25506j, tho[13] =    13902 +    -2951j in Q13.
a[14] =    42653 +    45240j, tho[14] =     6426 +    -2192j in Q13.
a[15] =   -63933 +  -117354j, tho[15] =     7204 +    -2815j in Q13.
a[16] =   -43697 +   165862j, tho[16] =     7952 +    -3617j in Q13.
a[17] =   153072 +  -195878j, tho[17] =     8417 +    -4614j in Q13.
a[18] =  -124059 +   163681j, tho[18] =     8006 +    -5738j in Q13.
a[19] =    38716 +   -73475j, tho[19] =     5573 +    -6596j in Q13.
a[20] =    -1602 +    13098j, tho[20] =      338 +    -5527j in Q13.
a[21] =    11769 +   -51584j, tho[21] =     9570 +     1466j in Q13.
a[22] =   -23469 +   176920j, tho[22] =    11750 +     1396j in Q13.
a[23] =     9122 +  -235062j, tho[23] =    14450 +     1103j in Q13.
a[24] =     8404 +   150516j, tho[24] =    17461 +      383j in Q13.
a[25] =    -6382 +   -49150j, tho[25] =    19719 +    -1004j in Q13.
a[26] =     1234 +     7449j, tho[26] =    17806 +    -2509j in Q13.
Power of tho  =       17.53 dB.
Current AUX Value:  561. Adjust TX RF gain to 17, fine gain to -14038 dB in Q13
Current AUX Value:  566. Adjust TX RF gain to 17, fine gain to -13661 dB in Q13
Current AUX Value:  570. Adjust TX RF gain to 17, fine gain to -13403 dB in Q13
Current AUX Value:  571. Adjust TX RF gain to 17, fine gain to -13176 dB in Q13
Current AUX Value:  573. Adjust TX RF gain to 17, fine gain to -13008 dB in Q13
measured left ACLR = 41.33, right ACLR = 39.72 at 2th iteration.
TX fine gain = -15701 dB in Q13. Set comp_gain = 1094 dB in Q13. 
a[ 0] =    74316 +   -50498j, tho[ 0] =    -2285 +     2682j in Q13.
a[ 1] =  -166766 +    47040j, tho[ 1] =    -2642 +     3338j in Q13.
a[ 2] =    38862 +   197707j, tho[ 2] =    -3114 +     4186j in Q13.
a[ 3] =   180718 +  -428319j, tho[ 3] =    -3745 +     5280j in Q13.
a[ 4] =  -189715 +   346163j, tho[ 4] =    -4576 +     6676j in Q13.
a[ 5] =    72945 +  -135592j, tho[ 5] =    -5582 +     8444j in Q13.
a[ 6] =   -11606 +    23598j, tho[ 6] =    -6300 +    10903j in Q13.
a[ 7] =    -8065 +   102393j, tho[ 7] =    -3592 +    -1055j in Q13.
a[ 8] =    24547 +  -238945j, tho[ 8] =    -4266 +     -990j in Q13.
a[ 9] =   -58494 +    99997j, tho[ 9] =    -5089 +     -829j in Q13.
a[10] =    93150 +   171985j, tho[10] =    -6066 +     -484j in Q13.
a[11] =   -78845 +  -211741j, tho[11] =    -7152 +      210j in Q13.
a[12] =    32855 +    94223j, tho[12] =    -8190 +     1561j in Q13.
a[13] =    -6563 +   -19793j, tho[13] =    -8819 +     4134j in Q13.
a[14] =    12792 +    29138j, tho[14] =    -3480 +     -417j in Q13.
a[15] =    24163 +  -113912j, tho[15] =    -4124 +     -163j in Q13.
a[16] =  -164843 +   188425j, tho[16] =    -4916 +      266j in Q13.
a[17] =   262533 +  -180059j, tho[17] =    -5867 +      997j in Q13.
a[18] =  -190407 +   117372j, tho[18] =    -6944 +     2233j in Q13.
a[19] =    62064 +   -50383j, tho[19] =    -7976 +     4318j in Q13.
a[20] =    -4570 +     9895j, tho[20] =    -8259 +     7940j in Q13.
a[21] =    12405 +   -61229j, tho[21] =    -2252 +    -2758j in Q13.
a[22] =   -27026 +   201702j, tho[22] =    -3004 +    -2952j in Q13.
a[23] =    12029 +  -259171j, tho[23] =    -3995 +    -2935j in Q13.
a[24] =     7531 +   162031j, tho[24] =    -5238 +    -2349j in Q13.
a[25] =    -5297 +   -50994j, tho[25] =    -6561 +     -372j in Q13.
a[26] =      568 +     6958j, tho[26] =    -7119 +     4802j in Q13.
Power of tho  =       12.86 dB.
Current AUX Value:  576. Adjust TX RF gain to 17, fine gain to -15623 dB in Q13
measured left ACLR = 41.93, right ACLR = 40.06 at 3th iteration.
TX fine gain = -15488 dB in Q13. Set comp_gain = 960 dB in Q13. 
a[ 0] =    61685 +   -52960j, tho[ 0] =     2002 +      196j in Q13.
a[ 1] =  -136949 +    42739j, tho[ 1] =     2354 +      117j in Q13.
a[ 2] =    25947 +   223215j, tho[ 2] =     2796 +        9j in Q13.
a[ 3] =   162260 +  -460975j, tho[ 3] =     3341 +     -134j in Q13.
a[ 4] =  -168792 +   364384j, tho[ 4] =     3975 +     -316j in Q13.
a[ 5] =    65344 +  -140664j, tho[ 5] =     4582 +     -497j in Q13.
a[ 6] =   -10400 +    24512j, tho[ 6] =     4630 +     -411j in Q13.
a[ 7] =      131 +   107458j, tho[ 7] =     1687 +     1999j in Q13.
a[ 8] =     6404 +  -253605j, tho[ 8] =     1975 +     2281j in Q13.
a[ 9] =   -54155 +   108584j, tho[ 9] =     2325 +     2656j in Q13.
a[10] =   116887 +   187155j, tho[10] =     2733 +     3160j in Q13.
a[11] =  -109212 +  -234955j, tho[11] =     3158 +     3830j in Q13.
a[12] =    48231 +   106005j, tho[12] =     3471 +     4642j in Q13.
a[13] =    -9543 +   -22564j, tho[13] =     3337 +     5173j in Q13.
a[14] =     1037 +    25035j, tho[14] =     1826 +     1741j in Q13.
a[15] =    49482 +  -101959j, tho[15] =     2164 +     1930j in Q13.
a[16] =  -175476 +   177730j, tho[16] =     2593 +     2165j in Q13.
a[17] =   245810 +  -184462j, tho[17] =     3128 +     2448j in Q13.
a[18] =  -168308 +   129226j, tho[18] =     3762 +     2767j in Q13.
a[19] =    51350 +   -56480j, tho[19] =     4402 +     3028j in Q13.
a[20] =    -2965 +    11127j, tho[20] =     4595 +     2869j in Q13.
a[21] =    11807 +   -79167j, tho[21] =      426 +     2078j in Q13.
a[22] =   -25672 +   260373j, tho[22] =      679 +     2589j in Q13.
a[23] =    13124 +  -330867j, tho[23] =     1043 +     3265j in Q13.
a[24] =     4955 +   202598j, tho[24] =     1547 +     4144j in Q13.
a[25] =    -4367 +   -61730j, tho[25] =     2179 +     5197j in Q13.
a[26] =      721 +     7996j, tho[26] =     2694 +     5852j in Q13.
Power of tho  =        8.42 dB.
Current AUX Value:  579. Adjust TX RF gain to 17, fine gain to -15498 dB in Q13
measured left ACLR = 42.05, right ACLR = 39.78 at 4th iteration.
TX fine gain = -16801 dB in Q13. Set comp_gain = 2263 dB in Q13. 
a[ 0] =    63549 +   -32692j, tho[ 0] =     -947 +     -424j in Q13.
a[ 1] =  -138443 +    -9848j, tho[ 1] =    -1127 +     -446j in Q13.
a[ 2] =    14013 +   258234j, tho[ 2] =    -1354 +     -456j in Q13.
a[ 3] =   188042 +  -441658j, tho[ 3] =    -1640 +     -432j in Q13.
a[ 4] =  -190075 +   326934j, tho[ 4] =    -1981 +     -319j in Q13.
a[ 5] =    73920 +  -121327j, tho[ 5] =    -2321 +        6j in Q13.
a[ 6] =   -12158 +    20236j, tho[ 6] =    -2398 +      852j in Q13.
a[ 7] =    16057 +   114418j, tho[ 7] =      172 +    -1080j in Q13.
a[ 8] =   -13700 +  -248910j, tho[ 8] =      114 +    -1255j in Q13.
a[ 9] =   -71319 +    93981j, tho[ 9] =       26 +    -1482j in Q13.
a[10] =   151913 +   166191j, tho[10] =     -109 +    -1760j in Q13.
a[11] =  -123438 +  -191188j, tho[11] =     -322 +    -2063j in Q13.
a[12] =    47813 +    81240j, tho[12] =     -671 +    -2253j in Q13.
a[13] =    -8755 +   -16969j, tho[13] =    -1247 +    -1806j in Q13.
a[14] =   -14122 +    20189j, tho[14] =      -36 +     -982j in Q13.
a[15] =    69008 +  -107922j, tho[15] =     -147 +    -1134j in Q13.
a[16] =  -161197 +   191460j, tho[16] =     -309 +    -1320j in Q13.
a[17] =   215556 +  -171542j, tho[17] =     -551 +    -1529j in Q13.
a[18] =  -155903 +   101712j, tho[18] =     -918 +    -1709j in Q13.
a[19] =    51060 +   -42470j, tho[19] =    -1459 +    -1669j in Q13.
a[20] =    -3146 +     8468j, tho[20] =    -2072 +     -791j in Q13.
a[21] =    12789 +   -86954j, tho[21] =      757 +     -893j in Q13.
a[22] =   -28894 +   279944j, tho[22] =      742 +    -1133j in Q13.
a[23] =    16804 +  -346439j, tho[23] =      664 +    -1463j in Q13.
a[24] =     2473 +   204946j, tho[24] =      458 +    -1895j in Q13.
a[25] =    -3141 +   -59511j, tho[25] =        5 +    -2328j in Q13.
a[26] =      423 +     7205j, tho[26] =     -826 +    -2082j in Q13.
Power of tho  =        1.10 dB.
Current AUX Value:  571. Adjust TX RF gain to 17, fine gain to -16574 dB in Q13
Current AUX Value:  573. Adjust TX RF gain to 17, fine gain to -16406 dB in Q13
measured left ACLR = 42.63, right ACLR = 41.12 at 5th iteration.
TX fine gain = -16295 dB in Q13. Set comp_gain = 2151 dB in Q13. 
a[ 0] =    60673 +   -32117j, tho[ 0] =      738 +      240j in Q13.
a[ 1] =  -128714 +   -16750j, tho[ 1] =      950 +      287j in Q13.
a[ 2] =     5579 +   272868j, tho[ 2] =     1239 +      338j in Q13.
a[ 3] =   186201 +  -452332j, tho[ 3] =     1630 +      389j in Q13.
a[ 4] =  -184357 +   328357j, tho[ 4] =     2149 +      428j in Q13.
a[ 5] =    71220 +  -120103j, tho[ 5] =     2760 +      439j in Q13.
a[ 6] =   -11536 +    19907j, tho[ 6] =     3126 +      447j in Q13.
a[ 7] =    24103 +   114453j, tho[ 7] =     -244 +      257j in Q13.
a[ 8] =   -28857 +  -258384j, tho[ 8] =     -206 +      381j in Q13.
a[ 9] =   -74631 +   102177j, tho[ 9] =     -129 +      555j in Q13.
a[10] =   182400 +   184003j, tho[10] =       10 +      796j in Q13.
a[11] =  -154651 +  -218815j, tho[11] =      255 +     1127j in Q13.
a[12] =    61534 +    94610j, tho[12] =      653 +     1541j in Q13.
a[13] =   -11040 +   -19536j, tho[13] =     1187 +     1904j in Q13.
a[14] =   -24420 +    22842j, tho[14] =      -70 +      237j in Q13.
a[15] =    98363 +   -96141j, tho[15] =       24 +      348j in Q13.
a[16] =  -192616 +   160997j, tho[16] =      188 +      499j in Q13.
a[17] =   226432 +  -156263j, tho[17] =      469 +      701j in Q13.
a[18] =  -150255 +   107291j, tho[18] =      944 +      955j in Q13.
a[19] =    45547 +   -48264j, tho[19] =     1706 +     1229j in Q13.
a[20] =    -2353 +     9707j, tho[20] =     2639 +     1351j in Q13.
a[21] =    17117 +   -93829j, tho[21] =     -610 +      300j in Q13.
a[22] =   -41239 +   300357j, tho[22] =     -639 +      452j in Q13.
a[23] =    30609 +  -369985j, tho[23] =     -621 +      687j in Q13.
a[24] =    -5021 +   218382j, tho[24] =     -478 +     1045j in Q13.
a[25] =    -1162 +   -63558j, tho[25] =      -52 +     1553j in Q13.
a[26] =      235 +     7751j, tho[26] =      898 +     2037j in Q13.
Power of tho  =        0.07 dB.
Current AUX Value:  566. Adjust TX RF gain to 17, fine gain to -15917 dB in Q13
Current AUX Value:  569. Adjust TX RF gain to 17, fine gain to -15630 dB in Q13
Current AUX Value:  572. Adjust TX RF gain to 17, fine gain to -15432 dB in Q13
measured left ACLR = 42.92, right ACLR = 40.84 at 6th iteration.
TX fine gain = -15454 dB in Q13. Set comp_gain = 2173 dB in Q13. 
a[ 0] =    68557 +    -9129j, tho[ 0] =      213 +     -576j in Q13.
a[ 1] =  -142064 +   -73150j, tho[ 1] =      235 +     -645j in Q13.
a[ 2] =     -862 +   302233j, tho[ 2] =      261 +     -723j in Q13.
a[ 3] =   213774 +  -418810j, tho[ 3] =      291 +     -796j in Q13.
a[ 4] =  -206526 +   281012j, tho[ 4] =      326 +     -827j in Q13.
a[ 5] =    78793 +   -98219j, tho[ 5] =      357 +     -715j in Q13.
a[ 6] =   -12774 +    15595j, tho[ 6] =      339 +     -177j in Q13.
a[ 7] =    28074 +   113493j, tho[ 7] =      526 +     -178j in Q13.
a[ 8] =   -30205 +  -244853j, tho[ 8] =      627 +     -283j in Q13.
a[ 9] =   -87178 +    84992j, tho[ 9] =      759 +     -422j in Q13.
a[10] =   193722 +   175438j, tho[10] =      928 +     -601j in Q13.
a[11] =  -153192 +  -193812j, tho[11] =     1128 +     -813j in Q13.
a[12] =    57305 +    79471j, tho[12] =     1301 +     -992j in Q13.
a[13] =    -9896 +   -15846j, tho[13] =     1176 +     -842j in Q13.
a[14] =   -39430 +    13997j, tho[14] =      460 +     -252j in Q13.
a[15] =   124588 +   -84829j, tho[15] =      543 +     -367j in Q13.
a[16] =  -192857 +   161638j, tho[16] =      650 +     -516j in Q13.
a[17] =   206141 +  -156889j, tho[17] =      780 +     -702j in Q13.
a[18] =  -140265 +   100892j, tho[18] =      920 +     -905j in Q13.
a[19] =    45679 +   -43091j, tho[19] =     1019 +    -1024j in Q13.
a[20] =    -2809 +     8295j, tho[20] =      899 +     -665j in Q13.
a[21] =    18008 +  -103816j, tho[21] =      424 +      143j in Q13.
a[22] =   -42669 +   325879j, tho[22] =      564 +       49j in Q13.
a[23] =    31518 +  -392287j, tho[23] =      760 +     -108j in Q13.
a[24] =    -5412 +   224917j, tho[24] =     1024 +     -360j in Q13.
a[25] =    -1033 +   -62979j, tho[25] =     1338 +     -710j in Q13.
a[26] =       97 +     7274j, tho[26] =     1485 +     -862j in Q13.
Power of tho  =       -3.75 dB.
Current AUX Value:  574. Adjust TX RF gain to 17, fine gain to -15316 dB in Q13
measured left ACLR = 42.41, right ACLR = 42.05 at 7th iteration.
TX fine gain = -15446 dB in Q13. Set comp_gain = 2303 dB in Q13. 
a[ 0] =    68485 +    -7944j, tho[ 0] =      640 +      224j in Q13.
a[ 1] =  -141590 +   -75824j, tho[ 1] =      763 +      197j in Q13.
a[ 2] =    -1729 +   303372j, tho[ 2] =      930 +      154j in Q13.
a[ 3] =   214412 +  -417140j, tho[ 3] =     1159 +       92j in Q13.
a[ 4] =  -206752 +   278973j, tho[ 4] =     1466 +       19j in Q13.
a[ 5] =    78852 +   -97325j, tho[ 5] =     1834 +      -25j in Q13.
a[ 6] =   -12782 +    15429j, tho[ 6] =     2052 +      107j in Q13.
a[ 7] =    28929 +   113407j, tho[ 7] =      435 +      589j in Q13.
a[ 8] =   -31150 +  -244435j, tho[ 8] =      484 +      616j in Q13.
a[ 9] =   -87906 +    83476j, tho[ 9] =      553 +      653j in Q13.
a[10] =   195302 +   177962j, tho[10] =      651 +      707j in Q13.
a[11] =  -154306 +  -195807j, tho[11] =      794 +      794j in Q13.
a[12] =    57786 +    80239j, tho[12] =      988 +      939j in Q13.
a[13] =    -9989 +   -15975j, tho[13] =     1154 +     1141j in Q13.
a[14] =   -40354 +    13535j, tho[14] =      469 +      557j in Q13.
a[15] =   125956 +   -83153j, tho[15] =      543 +      576j in Q13.
a[16] =  -193212 +   159927j, tho[16] =      655 +      596j in Q13.
a[17] =   205936 +  -156942j, tho[17] =      829 +      621j in Q13.
a[18] =  -140046 +   101890j, tho[18] =     1105 +      658j in Q13.
a[19] =    45513 +   -43650j, tho[19] =     1524 +      718j in Q13.
a[20] =    -2790 +     8390j, tho[20] =     1977 +      807j in Q13.
a[21] =    18066 +  -103729j, tho[21] =      251 +      316j in Q13.
a[22] =   -42991 +   325683j, tho[22] =      272 +      403j in Q13.
a[23] =    32025 +  -392197j, tho[23] =      316 +      534j in Q13.
a[24] =    -5764 +   225032j, tho[24] =      414 +      730j in Q13.
a[25] =     -929 +   -63091j, tho[25] =      631 +     1010j in Q13.
a[26] =       90 +     7304j, tho[26] =     1035 +     1296j in Q13.
Power of tho  =       -2.31 dB.
Current AUX Value:  572. Adjust TX RF gain to 17, fine gain to -15248 dB in Q13
measured left ACLR = 42.46, right ACLR = 41.78 at 8th iteration.
TX fine gain = -15391 dB in Q13. Set comp_gain = 2445 dB in Q13. 
a[ 0] =    68895 +    -6476j, tho[ 0] =      357 +     -343j in Q13.
a[ 1] =  -142747 +   -79490j, tho[ 1] =      454 +     -393j in Q13.
a[ 2] =     -621 +   305068j, tho[ 2] =      595 +     -451j in Q13.
a[ 3] =   214177 +  -414281j, tho[ 3] =      800 +     -509j in Q13.
a[ 4] =  -207058 +   275227j, tho[ 4] =     1088 +     -543j in Q13.
a[ 5] =    79087 +   -95633j, tho[ 5] =     1445 +     -486j in Q13.
a[ 6] =   -12832 +    15109j, tho[ 6] =     1648 +     -125j in Q13.
a[ 7] =    31038 +   113200j, tho[ 7] =       77 +     -465j in Q13.
a[ 8] =   -33480 +  -242160j, tho[ 8] =       98 +     -468j in Q13.
a[ 9] =   -90803 +    78275j, tho[ 9] =      136 +     -455j in Q13.
a[10] =   201392 +   182680j, tho[10] =      203 +     -409j in Q13.
a[11] =  -158221 +  -197502j, tho[11] =      319 +     -296j in Q13.
a[12] =    58970 +    80267j, tho[12] =      498 +      -54j in Q13.
a[13] =   -10134 +   -15872j, tho[13] =      652 +      402j in Q13.
a[14] =   -42037 +    12258j, tho[14] =      161 +     -457j in Q13.
a[15] =   127741 +   -79889j, tho[15] =      208 +     -471j in Q13.
a[16] =  -191077 +   157437j, tho[16] =      290 +     -476j in Q13.
a[17] =   201588 +  -156905j, tho[17] =      434 +     -460j in Q13.
a[18] =  -137253 +   102529j, tho[18] =      685 +     -395j in Q13.
a[19] =    44634 +   -43808j, tho[19] =     1097 +     -214j in Q13.
a[20] =    -2696 +     8370j, tho[20] =     1563 +      223j in Q13.
a[21] =    18529 +  -103669j, tho[21] =      105 +     -280j in Q13.
a[22] =   -44517 +   325304j, tho[22] =      102 +     -252j in Q13.
a[23] =    33901 +  -391429j, tho[23] =      110 +     -189j in Q13.
a[24] =    -6881 +   224373j, tho[24] =      160 +      -58j in Q13.
a[25] =     -606 +   -62826j, tho[25] =      318 +      199j in Q13.
a[26] =       53 +     7249j, tho[26] =      666 +      686j in Q13.
Power of tho  =       -5.86 dB.
Current AUX Value:  568. Adjust TX RF gain to 17, fine gain to -15073 dB in Q13
Current AUX Value:  571. Adjust TX RF gain to 17, fine gain to -14846 dB in Q13
Current AUX Value:  572. Adjust TX RF gain to 17, fine gain to -14648 dB in Q13
measured left ACLR = 42.78, right ACLR = 41.67 at 9th iteration.
TX fine gain = -14718 dB in Q13. Set comp_gain = 2515 dB in Q13. 
a[ 0] =    68598 +    -5327j, tho[ 0] =      391 +     -241j in Q13.
a[ 1] =  -141718 +   -82694j, tho[ 1] =      511 +     -318j in Q13.
a[ 2] =    -2115 +   307490j, tho[ 2] =      690 +     -408j in Q13.
a[ 3] =   215309 +  -413496j, tho[ 3] =      959 +     -502j in Q13.
a[ 4] =  -207531 +   273247j, tho[ 4] =     1352 +     -567j in Q13.
a[ 5] =    79209 +   -94605j, tho[ 5] =     1856 +     -511j in Q13.
a[ 6] =   -12854 +    14894j, tho[ 6] =     2172 +     -104j in Q13.
a[ 7] =    31772 +   112563j, tho[ 7] =      171 +     -145j in Q13.
a[ 8] =   -34093 +  -240526j, tho[ 8] =      252 +     -172j in Q13.
a[ 9] =   -92384 +    76517j, tho[ 9] =      370 +     -190j in Q13.
a[10] =   204074 +   183490j, tho[10] =      545 +     -179j in Q13.
a[11] =  -159849 +  -197339j, tho[11] =      800 +     -102j in Q13.
a[12] =    59455 +    79939j, tho[12] =     1126 +      114j in Q13.
a[13] =   -10190 +   -15764j, tho[13] =     1318 +      554j in Q13.
a[14] =   -42158 +    12057j, tho[14] =      208 +     -171j in Q13.
a[15] =   128095 +   -78703j, tho[15] =      308 +     -212j in Q13.
a[16] =  -192177 +   155689j, tho[16] =      459 +     -254j in Q13.
a[17] =   203302 +  -155949j, tho[17] =      698 +     -282j in Q13.
a[18] =  -138348 +   102296j, tho[18] =     1073 +     -262j in Q13.
a[19] =    44894 +   -43711j, tho[19] =     1622 +     -115j in Q13.
a[20] =    -2733 +     8324j, tho[20] =     2133 +      314j in Q13.
a[21] =    18683 +  -103628j, tho[21] =       85 +       14j in Q13.
a[22] =   -44948 +   324946j, tho[22] =      140 +       43j in Q13.
a[23] =    34408 +  -390684j, tho[23] =      231 +       94j in Q13.
a[24] =    -7221 +   223733j, tho[24] =      397 +      189j in Q13.
a[25] =     -479 +   -62571j, tho[25] =      702 +      372j in Q13.
a[26] =       33 +     7200j, tho[26] =     1167 +      724j in Q13.
Power of tho  =       -3.49 dB.
Save DPD coefficients back to MIB.
[CAL] DPD training took    34421 ticks.
Turn off DPD for other calibrations.
Start to calibrate RX IQMM.
Set RX gain to 0x72.
IQMM coefficient in Q13:
[0]:      16
[1]:     180
[2]:    -751
[3]:    1671
[4]:    5837
[5]:    1978
[6]:   -1022
[7]:     259
[CALI] RX IQMC gain diff = -339 dB(Q13).RX IQMC calibrate done.
DPD turned on.
Final TX Gain set to 17.
Final RX Gain set to 0x42 in non-hash mode.
Exit concurrent calibration mode
RF calibration done and back to standby state.
[MP] STAT-READY
[MP] CMD-ORAN_START
[MP] Start ORAN
[RF_MON] Active VERI setup ...
[RF_MON] Set TX path delay compensate to 131.
[RF_MON] Set ORAN TX parameters, PRBs to 273.
[RF_MON] Set ORAN RX parameters, PRBs to 273.
[RF_MON] Active VERI setup is done.
[ORAN] DL COMP IQ Bitwidth: 9
[ORAN] DL COMP Type: 0
[ORAN] DL COMP Format: 1
[ORAN] DL COMP Format Param1: 0
[ORAN] DL COMP Format Param2: 0
[ORAN] UL COMP IQ Bitwidth: 9
[ORAN] UL COMP TYPE: 0
[ORAN] UL COMP Format: 1
[ORAN] UL COMP Format Param1: 0
[ORAN] UL COMP Format Param2: 0
[ORAN] RU MACADDR 00:e0:0c:00:ae:06
[ORAN] DU MACADDR 00:11:22:33:44:66
[ORAN] VLAN ID: 3
[ORAN] VLAN PCP: 7
[ORAN] L2 MTU: 8000
[ORAN] DL COMP IQ Bitwidth: 9
[ORAN] DL COMP Type: 0
[ORAN] DL COMP Format: 1
[ORAN] DL COMP Format Param1: 0
[ORAN] DL COMP Format Param2: 0
[ORAN] UL COMP IQ Bitwidth: 9
[ORAN] UL COMP TYPE: 0
[ORAN] UL COMP Format: 1
[ORAN] UL COMP Format Param1: 0
[ORAN] UL COMP Format Param2: 0
[ORAN] TDD N_TA Offset: 25600
[RATE] TRXSW settling pre-kick is 0.0 us
[RATE] PA settling pre-kick is 2.0 us
[RATE] DPD settling pre-kick is 0.0 us
[MP] STAT-ORAN
[CALI] Calibration task get into ORAN active mode.
[SYS] ------------------------ Data Direction -------------------
[SYS]                  | Downlink           | Uplink
[SYS] CPlane Total     | 0x0000000000000000 | 0x0000000000000000
[SYS] CPlane OnTime    | 0x0000000000000000 | 0x0000000000000000
[SYS] CPlane Early     | 0x0000000000000000 | 0x0000000000000000
[SYS] CPlane Late      | 0x0000000000000000 | 0x0000000000000000
[SYS] CPlane Corrupt   | 0x0000000000000000 | 0x0000000000000000
[SYS] UPlane Total     | 0x0000000000000000 | 0x0000000000000000
[SYS] UPlane OnTime    | 0x0000000000000000 | N/A
[SYS] UPlane Ealry     | 0x0000000000000000 | N/A
[SYS] UPlane Late      | 0x0000000000000000 | N/A
[SYS] UPlane Corrupt   | 0x0000000000000000 | N/A
[SYS] Eth Pkt Good     | 0x0000065e         | 0x00000a64
[SYS] Eth Pkt Drop     | 0x00000000         | 0x00000000
[SYS] AXIQ status      | 0x00000303         | 0x00010101
[SYS] ------------------------ Tasks ---------------------------
[SYS]                  | UP         | CP         | RT
[SYS] Error            | 0x00000000 | 0x00000000 | 0x00000000
[SYS] Heartbeats       | 0x00082bee | N/A        | N/A
[SYS] Counts           | 0x00000000 | N/A        | 0x00000000
[SYS] Drops            | 0x00000000 | N/A        | 0x00000000
[SYS] ------------------------ VSPAs ---------------------------
[SYS]                  | 0          | 1          | 2
[SYS] Error            | 0x00000000 | 0x00000000 | 0x00000000
[SYS] SYM WR           | 0x0000001e | N/A        | 0x0000000e
[SYS] SYM RD           | 0x0000001e | N/A        | 0x0000000e
[SYS] CMD WR           | 0x00000000 | 0x00000005 | 0x00000005
[SYS] CMD RD           | 0x00000000 | 0x00000005 | 0x00000005
[SYS] ------------------------ Info ----------------------------
[SYS]                  | Downlink           | Uplink
[SYS] RF / fine Gain   |     17 /   -1.7    | 0x72
[SYS] PwrAvg(dBFs/dBm) | N/A                | N/A
[SYS] PwrMax(dBFS)     | N/A                | N/A
[SYS] Showtime 1 seconds

[SYS] ------------------------ Data Direction -------------------
[SYS]                  | Downlink           | Uplink
[SYS] CPlane Total     | 0x0000000000000000 | 0x0000000000000000
[SYS] CPlane OnTime    | 0x0000000000000000 | 0x0000000000000000
[SYS] CPlane Early     | 0x0000000000000000 | 0x0000000000000000
[SYS] CPlane Late      | 0x0000000000000000 | 0x0000000000000000
[SYS] CPlane Corrupt   | 0x0000000000000000 | 0x0000000000000000
[SYS] UPlane Total     | 0x0000000000000000 | 0x0000000000000000
[SYS] UPlane OnTime    | 0x0000000000000000 | N/A
[SYS] UPlane Ealry     | 0x0000000000000000 | N/A
[SYS] UPlane Late      | 0x0000000000000000 | N/A
[SYS] UPlane Corrupt   | 0x0000000000000000 | N/A
[SYS] Eth Pkt Good     | 0x00000660         | 0x00000a89
[SYS] Eth Pkt Drop     | 0x00000000         | 0x00000000
[SYS] AXIQ status      | 0x00000303         | 0x00010101
[SYS] ------------------------ Tasks ---------------------------
[SYS]                  | UP         | CP         | RT
[SYS] Error            | 0x00000000 | 0x00000000 | 0x00000000
[SYS] Heartbeats       | 0x000e6aa5 | N/A        | N/A
[SYS] Counts           | 0x00000000 | N/A        | 0x00000000
[SYS] Drops            | 0x00000000 | N/A        | 0x00000000
[SYS] ------------------------ VSPAs ---------------------------
[SYS]                  | 0          | 1          | 2
[SYS] Error            | 0x00000000 | 0x00000000 | 0x00000000
[SYS] SYM WR           | 0x0000001e | N/A        | 0x0000000e
[SYS] SYM RD           | 0x0000001e | N/A        | 0x0000000e
[SYS] CMD WR           | 0x00000000 | 0x00000005 | 0x00000005
[SYS] CMD RD           | 0x00000000 | 0x00000005 | 0x00000005
[SYS] ------------------------ Info ----------------------------
[SYS]                  | Downlink           | Uplink
[SYS] RF / fine Gain   |     17 /   -1.7    | 0x72
[SYS] PwrAvg(dBFs/dBm) | N/A                | N/A
[SYS] PwrMax(dBFS)     | N/A                | N/A
[SYS] Showtime 2 seconds

[SYS] ------------------------ Data Direction -------------------
[SYS]                  | Downlink           | Uplink
[SYS] CPlane Total     | 0x0000000000000000 | 0x0000000000000000
[SYS] CPlane OnTime    | 0x0000000000000000 | 0x0000000000000000
[SYS] CPlane Early     | 0x0000000000000000 | 0x0000000000000000
[SYS] CPlane Late      | 0x0000000000000000 | 0x0000000000000000
[SYS] CPlane Corrupt   | 0x0000000000000000 | 0x0000000000000000
[SYS] UPlane Total     | 0x0000000000000000 | 0x0000000000000000
[SYS] UPlane OnTime    | 0x0000000000000000 | N/A
[SYS] UPlane Ealry     | 0x0000000000000000 | N/A
[SYS] UPlane Late      | 0x0000000000000000 | N/A
[SYS] UPlane Corrupt   | 0x0000000000000000 | N/A
[SYS] Eth Pkt Good     | 0x00000661         | 0x00000aac
[SYS] Eth Pkt Drop     | 0x00000000         | 0x00000000
[SYS] AXIQ status      | 0x00000303         | 0x00010101
[SYS] ------------------------ Tasks ---------------------------
[SYS]                  | UP         | CP         | RT
[SYS] Error            | 0x00000000 | 0x00000000 | 0x00000000
[SYS] Heartbeats       | 0x0014a648 | N/A        | N/A
[SYS] Counts           | 0x00000000 | N/A        | 0x00000000
[SYS] Drops            | 0x00000000 | N/A        | 0x00000000
[SYS] ------------------------ VSPAs ---------------------------
[SYS]                  | 0          | 1          | 2
[SYS] Error            | 0x00000000 | 0x00000000 | 0x00000000
[SYS] SYM WR           | 0x0000001e | N/A        | 0x0000000e
[SYS] SYM RD           | 0x0000001e | N/A        | 0x0000000e
[SYS] CMD WR           | 0x00000000 | 0x00000005 | 0x00000005
[SYS] CMD RD           | 0x00000000 | 0x00000005 | 0x00000005
[SYS] ------------------------ Info ----------------------------
[SYS]                  | Downlink           | Uplink
[SYS] RF / fine Gain   |     17 /   -1.7    | 0x42
[SYS] PwrAvg(dBFs/dBm) | N/A                | N/A
[SYS] PwrMax(dBFS)     | N/A                | N/A
[SYS] Showtime 3 seconds

[SYS] ------------------------ Data Direction -------------------
[SYS]                  | Downlink           | Uplink
[SYS] CPlane Total     | 0x0000000000000000 | 0x0000000000000000
[SYS] CPlane OnTime    | 0x0000000000000000 | 0x0000000000000000
[SYS] CPlane Early     | 0x0000000000000000 | 0x0000000000000000
[SYS] CPlane Late      | 0x0000000000000000 | 0x0000000000000000
[SYS] CPlane Corrupt   | 0x0000000000000000 | 0x0000000000000000
[SYS] UPlane Total     | 0x0000000000000000 | 0x0000000000000000
[SYS] UPlane OnTime    | 0x0000000000000000 | N/A
[SYS] UPlane Ealry     | 0x0000000000000000 | N/A
[SYS] UPlane Late      | 0x0000000000000000 | N/A
[SYS] UPlane Corrupt   | 0x0000000000000000 | N/A
[SYS] Eth Pkt Good     | 0x00000663         | 0x00000ad0
[SYS] Eth Pkt Drop     | 0x00000000         | 0x00000000
[SYS] AXIQ status      | 0x00000303         | 0x00010101
[SYS] ------------------------ Tasks ---------------------------
[SYS]                  | UP         | CP         | RT
[SYS] Error            | 0x00000000 | 0x00000000 | 0x00000000
[SYS] Heartbeats       | 0x001ae133 | N/A        | N/A
[SYS] Counts           | 0x00000000 | N/A        | 0x00000000
[SYS] Drops            | 0x00000000 | N/A        | 0x00000000
[SYS] ------------------------ VSPAs ---------------------------
[SYS]                  | 0          | 1          | 2
[SYS] Error            | 0x00000000 | 0x00000000 | 0x00000000
[SYS] SYM WR           | 0x0000001e | N/A        | 0x0000000e
[SYS] SYM RD           | 0x0000001e | N/A        | 0x0000000e
[SYS] CMD WR           | 0x00000000 | 0x00000005 | 0x00000005
[SYS] CMD RD           | 0x00000000 | 0x00000005 | 0x00000005
[SYS] ------------------------ Info ----------------------------
[SYS]                  | Downlink           | Uplink
[SYS] RF / fine Gain   |     17 /   -1.7    | 0x42
[SYS] PwrAvg(dBFs/dBm) | N/A                | N/A
[SYS] PwrMax(dBFS)     | N/A                | N/A
[SYS] Showtime 4 seconds

[SYS] ------------------------ Data Direction -------------------
[SYS]                  | Downlink           | Uplink
[SYS] CPlane Total     | 0x0000000000000000 | 0x0000000000000000
[SYS] CPlane OnTime    | 0x0000000000000000 | 0x0000000000000000
[SYS] CPlane Early     | 0x0000000000000000 | 0x0000000000000000
[SYS] CPlane Late      | 0x0000000000000000 | 0x0000000000000000
[SYS] CPlane Corrupt   | 0x0000000000000000 | 0x0000000000000000
[SYS] UPlane Total     | 0x0000000000000000 | 0x0000000000000000
[SYS] UPlane OnTime    | 0x0000000000000000 | N/A
[SYS] UPlane Ealry     | 0x0000000000000000 | N/A
[SYS] UPlane Late      | 0x0000000000000000 | N/A
[SYS] UPlane Corrupt   | 0x0000000000000000 | N/A
[SYS] Eth Pkt Good     | 0x00000664         | 0x00000af3
[SYS] Eth Pkt Drop     | 0x00000000         | 0x00000000
[SYS] AXIQ status      | 0x00000303         | 0x00010101
[SYS] ------------------------ Tasks ---------------------------
[SYS]                  | UP         | CP         | RT
[SYS] Error            | 0x00000000 | 0x00000000 | 0x00000000
[SYS] Heartbeats       | 0x00211c2c | N/A        | N/A
[SYS] Counts           | 0x00000000 | N/A        | 0x00000000
[SYS] Drops            | 0x00000000 | N/A        | 0x00000000
[SYS] ------------------------ VSPAs ---------------------------
[SYS]                  | 0          | 1          | 2
[SYS] Error            | 0x00000000 | 0x00000000 | 0x00000000
[SYS] SYM WR           | 0x0000001e | N/A        | 0x0000000e
[SYS] SYM RD           | 0x0000001e | N/A        | 0x0000000e
[SYS] CMD WR           | 0x00000000 | 0x00000005 | 0x00000005
[SYS] CMD RD           | 0x00000000 | 0x00000005 | 0x00000005
[SYS] ------------------------ Info ----------------------------
[SYS]                  | Downlink           | Uplink
[SYS] RF / fine Gain   |     17 /   -1.7    | 0x42
[SYS] PwrAvg(dBFs/dBm) | N/A                | N/A
[SYS] PwrMax(dBFS)     | N/A                | N/A
[SYS] Showtime 5 seconds

[SYS] ------------------------ Data Direction -------------------
[SYS]                  | Downlink           | Uplink
[SYS] CPlane Total     | 0x0000000000000000 | 0x0000000000000000
[SYS] CPlane OnTime    | 0x0000000000000000 | 0x0000000000000000
[SYS] CPlane Early     | 0x0000000000000000 | 0x0000000000000000
[SYS] CPlane Late      | 0x0000000000000000 | 0x0000000000000000
[SYS] CPlane Corrupt   | 0x0000000000000000 | 0x0000000000000000
[SYS] UPlane Total     | 0x0000000000000000 | 0x0000000000000000
[SYS] UPlane OnTime    | 0x0000000000000000 | N/A
[SYS] UPlane Ealry     | 0x0000000000000000 | N/A
[SYS] UPlane Late      | 0x0000000000000000 | N/A
[SYS] UPlane Corrupt   | 0x0000000000000000 | N/A
[SYS] Eth Pkt Good     | 0x00000666         | 0x00000b17
[SYS] Eth Pkt Drop     | 0x00000000         | 0x00000000
[SYS] AXIQ status      | 0x00000303         | 0x00010101
[SYS] ------------------------ Tasks ---------------------------
[SYS]                  | UP         | CP         | RT
[SYS] Error            | 0x00000000 | 0x00000000 | 0x00000000
[SYS] Heartbeats       | 0x002759ef | N/A        | N/A
[SYS] Counts           | 0x00000000 | N/A        | 0x00000000
[SYS] Drops            | 0x00000000 | N/A        | 0x00000000
[SYS] ------------------------ VSPAs ---------------------------
[SYS]                  | 0          | 1          | 2
[SYS] Error            | 0x00000000 | 0x00000000 | 0x00000000
[SYS] SYM WR           | 0x0000001e | N/A        | 0x0000000e
[SYS] SYM RD           | 0x0000001e | N/A        | 0x0000000e
[SYS] CMD WR           | 0x00000000 | 0x00000005 | 0x00000005
[SYS] CMD RD           | 0x00000000 | 0x00000005 | 0x00000005
[SYS] ------------------------ Info ----------------------------
[SYS]                  | Downlink           | Uplink
[SYS] RF / fine Gain   |     17 /   -1.7    | 0x42
[SYS] PwrAvg(dBFs/dBm) | N/A                | N/A
[SYS] PwrMax(dBFS)     | N/A                | N/A
[SYS] Showtime 6 seconds

[SYS] ------------------------ Data Direction -------------------
[SYS]                  | Downlink           | Uplink
[SYS] CPlane Total     | 0x0000000000000000 | 0x0000000000000000
[SYS] CPlane OnTime    | 0x0000000000000000 | 0x0000000000000000
[SYS] CPlane Early     | 0x0000000000000000 | 0x0000000000000000
[SYS] CPlane Late      | 0x0000000000000000 | 0x0000000000000000
[SYS] CPlane Corrupt   | 0x0000000000000000 | 0x0000000000000000
[SYS] UPlane Total     | 0x0000000000000000 | 0x0000000000000000
[SYS] UPlane OnTime    | 0x0000000000000000 | N/A
[SYS] UPlane Ealry     | 0x0000000000000000 | N/A
[SYS] UPlane Late      | 0x0000000000000000 | N/A
[SYS] UPlane Corrupt   | 0x0000000000000000 | N/A
[SYS] Eth Pkt Good     | 0x00000667         | 0x00000b3a
[SYS] Eth Pkt Drop     | 0x00000000         | 0x00000000
[SYS] AXIQ status      | 0x00000303         | 0x00010101
[SYS] ------------------------ Tasks ---------------------------
[SYS]                  | UP         | CP         | RT
[SYS] Error            | 0x00000000 | 0x00000000 | 0x00000000
[SYS] Heartbeats       | 0x002d94d5 | N/A        | N/A
[SYS] Counts           | 0x00000000 | N/A        | 0x00000000
[SYS] Drops            | 0x00000000 | N/A        | 0x00000000
[SYS] ------------------------ VSPAs ---------------------------
[SYS]                  | 0          | 1          | 2
[SYS] Error            | 0x00000000 | 0x00000000 | 0x00000000
[SYS] SYM WR           | 0x0000001e | N/A        | 0x0000000e
[SYS] SYM RD           | 0x0000001e | N/A        | 0x0000000e
[SYS] CMD WR           | 0x00000000 | 0x00000005 | 0x00000005
[SYS] CMD RD           | 0x00000000 | 0x00000005 | 0x00000005
[SYS] ------------------------ Info ----------------------------
[SYS]                  | Downlink           | Uplink
[SYS] RF / fine Gain   |     17 /   -1.7    | 0x42
[SYS] PwrAvg(dBFs/dBm) | N/A                | N/A
[SYS] PwrMax(dBFS)     | N/A                | N/A
[SYS] Showtime 7 seconds

[SYS] ------------------------ Data Direction -------------------
[SYS]                  | Downlink           | Uplink
[SYS] CPlane Total     | 0x0000000000000000 | 0x0000000000000000
[SYS] CPlane OnTime    | 0x0000000000000000 | 0x0000000000000000
[SYS] CPlane Early     | 0x0000000000000000 | 0x0000000000000000
[SYS] CPlane Late      | 0x0000000000000000 | 0x0000000000000000
[SYS] CPlane Corrupt   | 0x0000000000000000 | 0x0000000000000000
[SYS] UPlane Total     | 0x0000000000000000 | 0x0000000000000000
[SYS] UPlane OnTime    | 0x0000000000000000 | N/A
[SYS] UPlane Ealry     | 0x0000000000000000 | N/A
[SYS] UPlane Late      | 0x0000000000000000 | N/A
[SYS] UPlane Corrupt   | 0x0000000000000000 | N/A
[SYS] Eth Pkt Good     | 0x00000668         | 0x00000b5e
[SYS] Eth Pkt Drop     | 0x00000000         | 0x00000000
[SYS] AXIQ status      | 0x00000303         | 0x00010101
[SYS] ------------------------ Tasks ---------------------------
[SYS]                  | UP         | CP         | RT
[SYS] Error            | 0x00000000 | 0x00000000 | 0x00000000
[SYS] Heartbeats       | 0x0033cfb6 | N/A        | N/A
[SYS] Counts           | 0x00000000 | N/A        | 0x00000000
[SYS] Drops            | 0x00000000 | N/A        | 0x00000000
[SYS] ------------------------ VSPAs ---------------------------
[SYS]                  | 0          | 1          | 2
[SYS] Error            | 0x00000000 | 0x00000000 | 0x00000000
[SYS] SYM WR           | 0x0000001e | N/A        | 0x0000000e
[SYS] SYM RD           | 0x0000001e | N/A        | 0x0000000e
[SYS] CMD WR           | 0x00000000 | 0x00000005 | 0x00000005
[SYS] CMD RD           | 0x00000000 | 0x00000005 | 0x00000005
[SYS] ------------------------ Info ----------------------------
[SYS]                  | Downlink           | Uplink
[SYS] RF / fine Gain   |     17 /   -1.7    | 0x42
[SYS] PwrAvg(dBFs/dBm) | N/A                | N/A
[SYS] PwrMax(dBFS)     | N/A                | N/A
[SYS] Showtime 8 seconds

[SYS] ------------------------ Data Direction -------------------
[SYS]                  | Downlink           | Uplink
[SYS] CPlane Total     | 0x0000000000000000 | 0x0000000000000000
[SYS] CPlane OnTime    | 0x0000000000000000 | 0x0000000000000000
[SYS] CPlane Early     | 0x0000000000000000 | 0x0000000000000000
[SYS] CPlane Late      | 0x0000000000000000 | 0x0000000000000000
[SYS] CPlane Corrupt   | 0x0000000000000000 | 0x0000000000000000
[SYS] UPlane Total     | 0x0000000000000000 | 0x0000000000000000
[SYS] UPlane OnTime    | 0x0000000000000000 | N/A
[SYS] UPlane Ealry     | 0x0000000000000000 | N/A
[SYS] UPlane Late      | 0x0000000000000000 | N/A
[SYS] UPlane Corrupt   | 0x0000000000000000 | N/A
[SYS] Eth Pkt Good     | 0x0000066e         | 0x00000b84
[SYS] Eth Pkt Drop     | 0x00000000         | 0x00000000
[SYS] AXIQ status      | 0x00000303         | 0x00010101
[SYS] ------------------------ Tasks ---------------------------
[SYS]                  | UP         | CP         | RT
[SYS] Error            | 0x00000000 | 0x00000000 | 0x00000000
[SYS] Heartbeats       | 0x003a1c5a | N/A        | N/A
[SYS] Counts           | 0x00000000 | N/A        | 0x00000000
[SYS] Drops            | 0x00000000 | N/A        | 0x00000000
[SYS] ------------------------ VSPAs ---------------------------
[SYS]                  | 0          | 1          | 2
[SYS] Error            | 0x00000000 | 0x00000000 | 0x00000000
[SYS] SYM WR           | 0x0000001e | N/A        | 0x0000000e
[SYS] SYM RD           | 0x0000001e | N/A        | 0x0000000e
[SYS] CMD WR           | 0x00000000 | 0x00000005 | 0x00000005
[SYS] CMD RD           | 0x00000000 | 0x00000005 | 0x00000005
[SYS] ------------------------ Info ----------------------------
[SYS]                  | Downlink           | Uplink
[SYS] RF / fine Gain   |     17 /   -1.7    | 0x42
[SYS] PwrAvg(dBFs/dBm) | N/A                | N/A
[SYS] PwrMax(dBFS)     | N/A                | N/A
[SYS] Showtime 9 seconds

[SYS] ------------------------ Data Direction -------------------
[SYS]                  | Downlink           | Uplink
[SYS] CPlane Total     | 0x0000000000000000 | 0x0000000000000000
[SYS] CPlane OnTime    | 0x0000000000000000 | 0x0000000000000000
[SYS] CPlane Early     | 0x0000000000000000 | 0x0000000000000000
[SYS] CPlane Late      | 0x0000000000000000 | 0x0000000000000000
[SYS] CPlane Corrupt   | 0x0000000000000000 | 0x0000000000000000
[SYS] UPlane Total     | 0x0000000000000000 | 0x0000000000000000
[SYS] UPlane OnTime    | 0x0000000000000000 | N/A
[SYS] UPlane Ealry     | 0x0000000000000000 | N/A
[SYS] UPlane Late      | 0x0000000000000000 | N/A
[SYS] UPlane Corrupt   | 0x0000000000000000 | N/A
[SYS] Eth Pkt Good     | 0x00000689         | 0x00000bc2
[SYS] Eth Pkt Drop     | 0x00000000         | 0x00000000
[SYS] AXIQ status      | 0x00000303         | 0x00010101
[SYS] ------------------------ Tasks ---------------------------
[SYS]                  | UP         | CP         | RT
[SYS] Error            | 0x00000000 | 0x00000000 | 0x00000000
[SYS] Heartbeats       | 0x004056d4 | N/A        | N/A
[SYS] Counts           | 0x00000000 | N/A        | 0x00000000
[SYS] Drops            | 0x00000000 | N/A        | 0x00000000
[SYS] ------------------------ VSPAs ---------------------------
[SYS]                  | 0          | 1          | 2
[SYS] Error            | 0x00000000 | 0x00000000 | 0x00000000
[SYS] SYM WR           | 0x0000001e | N/A        | 0x0000000e
[SYS] SYM RD           | 0x0000001e | N/A        | 0x0000000e
[SYS] CMD WR           | 0x00000000 | 0x00000005 | 0x00000005
[SYS] CMD RD           | 0x00000000 | 0x00000005 | 0x00000005
[SYS] ------------------------ Info ----------------------------
[SYS]                  | Downlink           | Uplink
[SYS] RF / fine Gain   |     17 /   -1.7    | 0x42
[SYS] PwrAvg(dBFs/dBm) | N/A                | N/A
[SYS] PwrMax(dBFS)     | N/A                | N/A
[SYS] Showtime 10 seconds

[SYS] ------------------------ Data Direction -------------------
[SYS]                  | Downlink           | Uplink
[SYS] CPlane Total     | 0x0000000000000000 | 0x0000000000000000
[SYS] CPlane OnTime    | 0x0000000000000000 | 0x0000000000000000
[SYS] CPlane Early     | 0x0000000000000000 | 0x0000000000000000
[SYS] CPlane Late      | 0x0000000000000000 | 0x0000000000000000
[SYS] CPlane Corrupt   | 0x0000000000000000 | 0x0000000000000000
[SYS] UPlane Total     | 0x0000000000000000 | 0x0000000000000000
[SYS] UPlane OnTime    | 0x0000000000000000 | N/A
[SYS] UPlane Ealry     | 0x0000000000000000 | N/A
[SYS] UPlane Late      | 0x0000000000000000 | N/A
[SYS] UPlane Corrupt   | 0x0000000000000000 | N/A
[SYS] Eth Pkt Good     | 0x0000068b         | 0x00000be6
[SYS] Eth Pkt Drop     | 0x00000000         | 0x00000000
[SYS] AXIQ status      | 0x00000303         | 0x00010101
[SYS] ------------------------ Tasks ---------------------------
[SYS]                  | UP         | CP         | RT
[SYS] Error            | 0x00000000 | 0x00000000 | 0x00000000
[SYS] Heartbeats       | 0x004691b5 | N/A        | N/A
[SYS] Counts           | 0x00000000 | N/A        | 0x00000000
[SYS] Drops            | 0x00000000 | N/A        | 0x00000000
[SYS] ------------------------ VSPAs ---------------------------
[SYS]                  | 0          | 1          | 2
[SYS] Error            | 0x00000000 | 0x00000000 | 0x00000000
[SYS] SYM WR           | 0x0000001e | N/A        | 0x0000000e
[SYS] SYM RD           | 0x0000001e | N/A        | 0x0000000e
[SYS] CMD WR           | 0x00000000 | 0x00000005 | 0x00000005
[SYS] CMD RD           | 0x00000000 | 0x00000005 | 0x00000005
[SYS] ------------------------ Info ----------------------------
[SYS]                  | Downlink           | Uplink
[SYS] RF / fine Gain   |     17 /   -1.7    | 0x42
[SYS] PwrAvg(dBFs/dBm) | N/A                | N/A
[SYS] PwrMax(dBFS)     | N/A                | N/A
[SYS] Showtime 11 seconds

[SYS] ------------------------ Data Direction -------------------
[SYS]                  | Downlink           | Uplink
[SYS] CPlane Total     | 0x0000000000000000 | 0x0000000000000000
[SYS] CPlane OnTime    | 0x0000000000000000 | 0x0000000000000000
[SYS] CPlane Early     | 0x0000000000000000 | 0x0000000000000000
[SYS] CPlane Late      | 0x0000000000000000 | 0x0000000000000000
[SYS] CPlane Corrupt   | 0x0000000000000000 | 0x0000000000000000
[SYS] UPlane Total     | 0x0000000000000000 | 0x0000000000000000
[SYS] UPlane OnTime    | 0x0000000000000000 | N/A
[SYS] UPlane Ealry     | 0x0000000000000000 | N/A
[SYS] UPlane Late      | 0x0000000000000000 | N/A
[SYS] UPlane Corrupt   | 0x0000000000000000 | N/A
[SYS] Eth Pkt Good     | 0x0000068c         | 0x00000c09
[SYS] Eth Pkt Drop     | 0x00000000         | 0x00000000
[SYS] AXIQ status      | 0x00000303         | 0x00010101
[SYS] ------------------------ Tasks ---------------------------
[SYS]                  | UP         | CP         | RT
[SYS] Error            | 0x00000000 | 0x00000000 | 0x00000000
[SYS] Heartbeats       | 0x004ccc9f | N/A        | N/A
[SYS] Counts           | 0x00000000 | N/A        | 0x00000000
[SYS] Drops            | 0x00000000 | N/A        | 0x00000000
[SYS] ------------------------ VSPAs ---------------------------
[SYS]                  | 0          | 1          | 2
[SYS] Error            | 0x00000000 | 0x00000000 | 0x00000000
[SYS] SYM WR           | 0x0000001e | N/A        | 0x0000000e
[SYS] SYM RD           | 0x0000001e | N/A        | 0x0000000e
[SYS] CMD WR           | 0x00000000 | 0x00000005 | 0x00000005
[SYS] CMD RD           | 0x00000000 | 0x00000005 | 0x00000005
[SYS] ------------------------ Info ----------------------------
[SYS]                  | Downlink           | Uplink
[SYS] RF / fine Gain   |     17 /   -1.7    | 0x42
[SYS] PwrAvg(dBFs/dBm) | N/A                | N/A
[SYS] PwrMax(dBFS)     | N/A                | N/A
[SYS] Showtime 12 seconds

[SYS] ------------------------ Data Direction -------------------
[SYS]                  | Downlink           | Uplink
[SYS] CPlane Total     | 0x0000000000000000 | 0x0000000000000000
[SYS] CPlane OnTime    | 0x0000000000000000 | 0x0000000000000000
[SYS] CPlane Early     | 0x0000000000000000 | 0x0000000000000000
[SYS] CPlane Late      | 0x0000000000000000 | 0x0000000000000000
[SYS] CPlane Corrupt   | 0x0000000000000000 | 0x0000000000000000
[SYS] UPlane Total     | 0x0000000000000000 | 0x0000000000000000
[SYS] UPlane OnTime    | 0x0000000000000000 | N/A
[SYS] UPlane Ealry     | 0x0000000000000000 | N/A
[SYS] UPlane Late      | 0x0000000000000000 | N/A
[SYS] UPlane Corrupt   | 0x0000000000000000 | N/A
[SYS] Eth Pkt Good     | 0x0000068e         | 0x00000c2d
[SYS] Eth Pkt Drop     | 0x00000000         | 0x00000000
[SYS] AXIQ status      | 0x00000303         | 0x00010101
[SYS] ------------------------ Tasks ---------------------------
[SYS]                  | UP         | CP         | RT
[SYS] Error            | 0x00000000 | 0x00000000 | 0x00000000
[SYS] Heartbeats       | 0x00530a5b | N/A        | N/A
[SYS] Counts           | 0x00000000 | N/A        | 0x00000000
[SYS] Drops            | 0x00000000 | N/A        | 0x00000000
[SYS] ------------------------ VSPAs ---------------------------
[SYS]                  | 0          | 1          | 2
[SYS] Error            | 0x00000000 | 0x00000000 | 0x00000000
[SYS] SYM WR           | 0x0000001e | N/A        | 0x0000000e
[SYS] SYM RD           | 0x0000001e | N/A        | 0x0000000e
[SYS] CMD WR           | 0x00000000 | 0x00000005 | 0x00000005
[SYS] CMD RD           | 0x00000000 | 0x00000005 | 0x00000005
[SYS] ------------------------ Info ----------------------------
[SYS]                  | Downlink           | Uplink
[SYS] RF / fine Gain   |     17 /   -1.7    | 0x42
[SYS] PwrAvg(dBFs/dBm) | N/A                | N/A
[SYS] PwrMax(dBFS)     | N/A                | N/A
[SYS] Showtime 13 seconds

[SYS] ------------------------ Data Direction -------------------
[SYS]                  | Downlink           | Uplink
[SYS] CPlane Total     | 0x0000000000000000 | 0x0000000000000000
[SYS] CPlane OnTime    | 0x0000000000000000 | 0x0000000000000000
[SYS] CPlane Early     | 0x0000000000000000 | 0x0000000000000000
[SYS] CPlane Late      | 0x0000000000000000 | 0x0000000000000000
[SYS] CPlane Corrupt   | 0x0000000000000000 | 0x0000000000000000
[SYS] UPlane Total     | 0x0000000000000000 | 0x0000000000000000
[SYS] UPlane OnTime    | 0x0000000000000000 | N/A
[SYS] UPlane Ealry     | 0x0000000000000000 | N/A
[SYS] UPlane Late      | 0x0000000000000000 | N/A
[SYS] UPlane Corrupt   | 0x0000000000000000 | N/A
[SYS] Eth Pkt Good     | 0x0000068f         | 0x00000c50
[SYS] Eth Pkt Drop     | 0x00000000         | 0x00000000
[SYS] AXIQ status      | 0x00000303         | 0x00010101
[SYS] ------------------------ Tasks ---------------------------
[SYS]                  | UP         | CP         | RT
[SYS] Error            | 0x00000000 | 0x00000000 | 0x00000000
[SYS] Heartbeats       | 0x0059453a | N/A        | N/A
[SYS] Counts           | 0x00000000 | N/A        | 0x00000000
[SYS] Drops            | 0x00000000 | N/A        | 0x00000000
[SYS] ------------------------ VSPAs ---------------------------
[SYS]                  | 0          | 1          | 2
[SYS] Error            | 0x00000000 | 0x00000000 | 0x00000000
[SYS] SYM WR           | 0x0000001e | N/A        | 0x0000000e
[SYS] SYM RD           | 0x0000001e | N/A        | 0x0000000e
[SYS] CMD WR           | 0x00000000 | 0x00000005 | 0x00000005
[SYS] CMD RD           | 0x00000000 | 0x00000005 | 0x00000005
[SYS] ------------------------ Info ----------------------------
[SYS]                  | Downlink           | Uplink
[SYS] RF / fine Gain   |     17 /   -1.7    | 0x42
[SYS] PwrAvg(dBFs/dBm) | N/A                | N/A
[SYS] PwrMax(dBFS)     | N/A                | N/A
[SYS] Showtime 14 seconds

[SYS] ------------------------ Data Direction -------------------
[SYS]                  | Downlink           | Uplink
[SYS] CPlane Total     | 0x0000000000000000 | 0x0000000000000000
[SYS] CPlane OnTime    | 0x0000000000000000 | 0x0000000000000000
[SYS] CPlane Early     | 0x0000000000000000 | 0x0000000000000000
[SYS] CPlane Late      | 0x0000000000000000 | 0x0000000000000000
[SYS] CPlane Corrupt   | 0x0000000000000000 | 0x0000000000000000
[SYS] UPlane Total     | 0x0000000000000000 | 0x0000000000000000
[SYS] UPlane OnTime    | 0x0000000000000000 | N/A
[SYS] UPlane Ealry     | 0x0000000000000000 | N/A
[SYS] UPlane Late      | 0x0000000000000000 | N/A
[SYS] UPlane Corrupt   | 0x0000000000000000 | N/A
[SYS] Eth Pkt Good     | 0x00000690         | 0x00000c74
[SYS] Eth Pkt Drop     | 0x00000000         | 0x00000000
[SYS] AXIQ status      | 0x00000303         | 0x00010101
[SYS] ------------------------ Tasks ---------------------------
[SYS]                  | UP         | CP         | RT
[SYS] Error            | 0x00000000 | 0x00000000 | 0x00000000
[SYS] Heartbeats       | 0x005f8012 | N/A        | N/A
[SYS] Counts           | 0x00000000 | N/A        | 0x00000000
[SYS] Drops            | 0x00000000 | N/A        | 0x00000000
[SYS] ------------------------ VSPAs ---------------------------
[SYS]                  | 0          | 1          | 2
[SYS] Error            | 0x00000000 | 0x00000000 | 0x00000000
[SYS] SYM WR           | 0x0000001e | N/A        | 0x0000000e
[SYS] SYM RD           | 0x0000001e | N/A        | 0x0000000e
[SYS] CMD WR           | 0x00000000 | 0x00000005 | 0x00000005
[SYS] CMD RD           | 0x00000000 | 0x00000005 | 0x00000005
[SYS] ------------------------ Info ----------------------------
[SYS]                  | Downlink           | Uplink
[SYS] RF / fine Gain   |     17 /   -1.7    | 0x42
[SYS] PwrAvg(dBFs/dBm) | N/A                | N/A
[SYS] PwrMax(dBFS)     | N/A                | N/A
[SYS] Showtime 15 seconds

[SYS] ------------------------ Data Direction -------------------
[SYS]                  | Downlink           | Uplink
[SYS] CPlane Total     | 0x0000000000000000 | 0x0000000000000000
[SYS] CPlane OnTime    | 0x0000000000000000 | 0x0000000000000000
[SYS] CPlane Early     | 0x0000000000000000 | 0x0000000000000000
[SYS] CPlane Late      | 0x0000000000000000 | 0x0000000000000000
[SYS] CPlane Corrupt   | 0x0000000000000000 | 0x0000000000000000
[SYS] UPlane Total     | 0x0000000000000000 | 0x0000000000000000
[SYS] UPlane OnTime    | 0x0000000000000000 | N/A
[SYS] UPlane Ealry     | 0x0000000000000000 | N/A
[SYS] UPlane Late      | 0x0000000000000000 | N/A
[SYS] UPlane Corrupt   | 0x0000000000000000 | N/A
[SYS] Eth Pkt Good     | 0x00000692         | 0x00000c97
[SYS] Eth Pkt Drop     | 0x00000000         | 0x00000000
[SYS] AXIQ status      | 0x00000303         | 0x00010101
[SYS] ------------------------ Tasks ---------------------------
[SYS]                  | UP         | CP         | RT
[SYS] Error            | 0x00000000 | 0x00000000 | 0x00000000
[SYS] Heartbeats       | 0x0065bded | N/A        | N/A
[SYS] Counts           | 0x00000000 | N/A        | 0x00000000
[SYS] Drops            | 0x00000000 | N/A        | 0x00000000
[SYS] ------------------------ VSPAs ---------------------------
[SYS]                  | 0          | 1          | 2
[SYS] Error            | 0x00000000 | 0x00000000 | 0x00000000
[SYS] SYM WR           | 0x0000001e | N/A        | 0x0000000e
[SYS] SYM RD           | 0x0000001e | N/A        | 0x0000000e
[SYS] CMD WR           | 0x00000000 | 0x00000005 | 0x00000005
[SYS] CMD RD           | 0x00000000 | 0x00000005 | 0x00000005
[SYS] ------------------------ Info ----------------------------
[SYS]                  | Downlink           | Uplink
[SYS] RF / fine Gain   |     17 /   -1.7    | 0x42
[SYS] PwrAvg(dBFs/dBm) | N/A                | N/A
[SYS] PwrMax(dBFS)     | N/A                | N/A
[SYS] Showtime 16 seconds

[SYS] ------------------------ Data Direction -------------------
[SYS]                  | Downlink           | Uplink
[SYS] CPlane Total     | 0x0000000000000000 | 0x0000000000000000
[SYS] CPlane OnTime    | 0x0000000000000000 | 0x0000000000000000
[SYS] CPlane Early     | 0x0000000000000000 | 0x0000000000000000
[SYS] CPlane Late      | 0x0000000000000000 | 0x0000000000000000
[SYS] CPlane Corrupt   | 0x0000000000000000 | 0x0000000000000000
[SYS] UPlane Total     | 0x0000000000000000 | 0x0000000000000000
[SYS] UPlane OnTime    | 0x0000000000000000 | N/A
[SYS] UPlane Ealry     | 0x0000000000000000 | N/A
[SYS] UPlane Late      | 0x0000000000000000 | N/A
[SYS] UPlane Corrupt   | 0x0000000000000000 | N/A
[SYS] Eth Pkt Good     | 0x00000693         | 0x00000cba
[SYS] Eth Pkt Drop     | 0x00000000         | 0x00000000
[SYS] AXIQ status      | 0x00000303         | 0x00010101
[SYS] ------------------------ Tasks ---------------------------
[SYS]                  | UP         | CP         | RT
[SYS] Error            | 0x00000000 | 0x00000000 | 0x00000000
[SYS] Heartbeats       | 0x006bf8cf | N/A        | N/A
[SYS] Counts           | 0x00000000 | N/A        | 0x00000000
[SYS] Drops            | 0x00000000 | N/A        | 0x00000000
[SYS] ------------------------ VSPAs ---------------------------
[SYS]                  | 0          | 1          | 2
[SYS] Error            | 0x00000000 | 0x00000000 | 0x00000000
[SYS] SYM WR           | 0x0000001e | N/A        | 0x0000000e
[SYS] SYM RD           | 0x0000001e | N/A        | 0x0000000e
[SYS] CMD WR           | 0x00000000 | 0x00000005 | 0x00000005
[SYS] CMD RD           | 0x00000000 | 0x00000005 | 0x00000005
[SYS] ------------------------ Info ----------------------------
[SYS]                  | Downlink           | Uplink
[SYS] RF / fine Gain   |     17 /   -1.7    | 0x42
[SYS] PwrAvg(dBFs/dBm) | N/A                | N/A
[SYS] PwrMax(dBFS)     | N/A                | N/A
[SYS] Showtime 17 seconds

[SYS] ------------------------ Data Direction -------------------
[SYS]                  | Downlink           | Uplink
[SYS] CPlane Total     | 0x0000000000000000 | 0x0000000000000000
[SYS] CPlane OnTime    | 0x0000000000000000 | 0x0000000000000000
[SYS] CPlane Early     | 0x0000000000000000 | 0x0000000000000000
[SYS] CPlane Late      | 0x0000000000000000 | 0x0000000000000000
[SYS] CPlane Corrupt   | 0x0000000000000000 | 0x0000000000000000
[SYS] UPlane Total     | 0x0000000000000000 | 0x0000000000000000
[SYS] UPlane OnTime    | 0x0000000000000000 | N/A
[SYS] UPlane Ealry     | 0x0000000000000000 | N/A
[SYS] UPlane Late      | 0x0000000000000000 | N/A
[SYS] UPlane Corrupt   | 0x0000000000000000 | N/A
[SYS] Eth Pkt Good     | 0x00000695         | 0x00000cde
[SYS] Eth Pkt Drop     | 0x00000000         | 0x00000000
[SYS] AXIQ status      | 0x00000303         | 0x00010101
[SYS] ------------------------ Tasks ---------------------------
[SYS]                  | UP         | CP         | RT
[SYS] Error            | 0x00000000 | 0x00000000 | 0x00000000
[SYS] Heartbeats       | 0x007233ac | N/A        | N/A
[SYS] Counts           | 0x00000000 | N/A        | 0x00000000
[SYS] Drops            | 0x00000000 | N/A        | 0x00000000
[SYS] ------------------------ VSPAs ---------------------------
[SYS]                  | 0          | 1          | 2
[SYS] Error            | 0x00000000 | 0x00000000 | 0x00000000
[SYS] SYM WR           | 0x0000001e | N/A        | 0x0000000e
[SYS] SYM RD           | 0x0000001e | N/A        | 0x0000000e
[SYS] CMD WR           | 0x00000000 | 0x00000005 | 0x00000005
[SYS] CMD RD           | 0x00000000 | 0x00000005 | 0x00000005
[SYS] ------------------------ Info ----------------------------
[SYS]                  | Downlink           | Uplink
[SYS] RF / fine Gain   |     17 /   -1.7    | 0x42
[SYS] PwrAvg(dBFs/dBm) | N/A                | N/A
[SYS] PwrMax(dBFS)     | N/A                | N/A
[SYS] Showtime 18 seconds

[SYS] ------------------------ Data Direction -------------------
[SYS]                  | Downlink           | Uplink
[SYS] CPlane Total     | 0x0000000000000000 | 0x0000000000000000
[SYS] CPlane OnTime    | 0x0000000000000000 | 0x0000000000000000
[SYS] CPlane Early     | 0x0000000000000000 | 0x0000000000000000
[SYS] CPlane Late      | 0x0000000000000000 | 0x0000000000000000
[SYS] CPlane Corrupt   | 0x0000000000000000 | 0x0000000000000000
[SYS] UPlane Total     | 0x0000000000000000 | 0x0000000000000000
[SYS] UPlane OnTime    | 0x0000000000000000 | N/A
[SYS] UPlane Ealry     | 0x0000000000000000 | N/A
[SYS] UPlane Late      | 0x0000000000000000 | N/A
[SYS] UPlane Corrupt   | 0x0000000000000000 | N/A
[SYS] Eth Pkt Good     | 0x00000696         | 0x00000d01
[SYS] Eth Pkt Drop     | 0x00000000         | 0x00000000
[SYS] AXIQ status      | 0x00000303         | 0x00010101
[SYS] ------------------------ Tasks ---------------------------
[SYS]                  | UP         | CP         | RT
[SYS] Error            | 0x00000000 | 0x00000000 | 0x00000000
[SYS] Heartbeats       | 0x00786ea0 | N/A        | N/A
[SYS] Counts           | 0x00000000 | N/A        | 0x00000000
[SYS] Drops            | 0x00000000 | N/A        | 0x00000000
[SYS] ------------------------ VSPAs ---------------------------
[SYS]                  | 0          | 1          | 2
[SYS] Error            | 0x00000000 | 0x00000000 | 0x00000000
[SYS] SYM WR           | 0x0000001e | N/A        | 0x0000000e
[SYS] SYM RD           | 0x0000001e | N/A        | 0x0000000e
[SYS] CMD WR           | 0x00000000 | 0x00000005 | 0x00000005
[SYS] CMD RD           | 0x00000000 | 0x00000005 | 0x00000005
[SYS] ------------------------ Info ----------------------------
[SYS]                  | Downlink           | Uplink
[SYS] RF / fine Gain   |     17 /   -1.7    | 0x42
[SYS] PwrAvg(dBFs/dBm) | N/A                | N/A
[SYS] PwrMax(dBFS)     | N/A                | N/A
[SYS] Showtime 19 seconds

[SYS] ------------------------ Data Direction -------------------
[SYS]                  | Downlink           | Uplink
[SYS] CPlane Total     | 0x0000000000000000 | 0x0000000000000000
[SYS] CPlane OnTime    | 0x0000000000000000 | 0x0000000000000000
[SYS] CPlane Early     | 0x0000000000000000 | 0x0000000000000000
[SYS] CPlane Late      | 0x0000000000000000 | 0x0000000000000000
[SYS] CPlane Corrupt   | 0x0000000000000000 | 0x0000000000000000
[SYS] UPlane Total     | 0x0000000000000000 | 0x0000000000000000
[SYS] UPlane OnTime    | 0x0000000000000000 | N/A
[SYS] UPlane Ealry     | 0x0000000000000000 | N/A
[SYS] UPlane Late      | 0x0000000000000000 | N/A
[SYS] UPlane Corrupt   | 0x0000000000000000 | N/A
[SYS] Eth Pkt Good     | 0x00000698         | 0x00000d25
[SYS] Eth Pkt Drop     | 0x00000000         | 0x00000000
[SYS] AXIQ status      | 0x00000303         | 0x00010101
[SYS] ------------------------ Tasks ---------------------------
[SYS]                  | UP         | CP         | RT
[SYS] Error            | 0x00000000 | 0x00000000 | 0x00000000
[SYS] Heartbeats       | 0x007eac5e | N/A        | N/A
[SYS] Counts           | 0x00000000 | N/A        | 0x00000000
[SYS] Drops            | 0x00000000 | N/A        | 0x00000000
[SYS] ------------------------ VSPAs ---------------------------
[SYS]                  | 0          | 1          | 2
[SYS] Error            | 0x00000000 | 0x00000000 | 0x00000000
[SYS] SYM WR           | 0x0000001e | N/A        | 0x0000000e
[SYS] SYM RD           | 0x0000001e | N/A        | 0x0000000e
[SYS] CMD WR           | 0x00000000 | 0x00000005 | 0x00000005
[SYS] CMD RD           | 0x00000000 | 0x00000005 | 0x00000005
[SYS] ------------------------ Info ----------------------------
[SYS]                  | Downlink           | Uplink
[SYS] RF / fine Gain   |     17 /   -1.7    | 0x42
[SYS] PwrAvg(dBFs/dBm) | N/A                | N/A
[SYS] PwrMax(dBFS)     | N/A                | N/A
[SYS] Showtime 20 seconds

[SYS] ------------------------ Data Direction -------------------
[SYS]                  | Downlink           | Uplink
[SYS] CPlane Total     | 0x0000000000000000 | 0x0000000000000000
[SYS] CPlane OnTime    | 0x0000000000000000 | 0x0000000000000000
[SYS] CPlane Early     | 0x0000000000000000 | 0x0000000000000000
[SYS] CPlane Late      | 0x0000000000000000 | 0x0000000000000000
[SYS] CPlane Corrupt   | 0x0000000000000000 | 0x0000000000000000
[SYS] UPlane Total     | 0x0000000000000000 | 0x0000000000000000
[SYS] UPlane OnTime    | 0x0000000000000000 | N/A
[SYS] UPlane Ealry     | 0x0000000000000000 | N/A
[SYS] UPlane Late      | 0x0000000000000000 | N/A
[SYS] UPlane Corrupt   | 0x0000000000000000 | N/A
[SYS] Eth Pkt Good     | 0x00000699         | 0x00000d48
[SYS] Eth Pkt Drop     | 0x00000000         | 0x00000000
[SYS] AXIQ status      | 0x00000303         | 0x00010101
[SYS] ------------------------ Tasks ---------------------------
[SYS]                  | UP         | CP         | RT
[SYS] Error            | 0x00000000 | 0x00000000 | 0x00000000
[SYS] Heartbeats       | 0x0084e73b | N/A        | N/A
[SYS] Counts           | 0x00000000 | N/A        | 0x00000000
[SYS] Drops            | 0x00000000 | N/A        | 0x00000000
[SYS] ------------------------ VSPAs ---------------------------
[SYS]                  | 0          | 1          | 2
[SYS] Error            | 0x00000000 | 0x00000000 | 0x00000000
[SYS] SYM WR           | 0x0000001e | N/A        | 0x0000000e
[SYS] SYM RD           | 0x0000001e | N/A        | 0x0000000e
[SYS] CMD WR           | 0x00000000 | 0x00000005 | 0x00000005
[SYS] CMD RD           | 0x00000000 | 0x00000005 | 0x00000005
[SYS] ------------------------ Info ----------------------------
[SYS]                  | Downlink           | Uplink
[SYS] RF / fine Gain   |     17 /   -1.7    | 0x42
[SYS] PwrAvg(dBFs/dBm) | N/A                | N/A
[SYS] PwrMax(dBFS)     | N/A                | N/A
[SYS] Showtime 21 seconds

[SYS] ------------------------ Data Direction -------------------
[SYS]                  | Downlink           | Uplink
[SYS] CPlane Total     | 0x0000000000000000 | 0x0000000000000000
[SYS] CPlane OnTime    | 0x0000000000000000 | 0x0000000000000000
[SYS] CPlane Early     | 0x0000000000000000 | 0x0000000000000000
[SYS] CPlane Late      | 0x0000000000000000 | 0x0000000000000000
[SYS] CPlane Corrupt   | 0x0000000000000000 | 0x0000000000000000
[SYS] UPlane Total     | 0x0000000000000000 | 0x0000000000000000
[SYS] UPlane OnTime    | 0x0000000000000000 | N/A
[SYS] UPlane Ealry     | 0x0000000000000000 | N/A
[SYS] UPlane Late      | 0x0000000000000000 | N/A
[SYS] UPlane Corrupt   | 0x0000000000000000 | N/A
[SYS] Eth Pkt Good     | 0x0000069a         | 0x00000d6c
[SYS] Eth Pkt Drop     | 0x00000000         | 0x00000000
[SYS] AXIQ status      | 0x00000303         | 0x00010101
[SYS] ------------------------ Tasks ---------------------------
[SYS]                  | UP         | CP         | RT
[SYS] Error            | 0x00000000 | 0x00000000 | 0x00000000
[SYS] Heartbeats       | 0x008b2213 | N/A        | N/A
[SYS] Counts           | 0x00000000 | N/A        | 0x00000000
[SYS] Drops            | 0x00000000 | N/A        | 0x00000000
[SYS] ------------------------ VSPAs ---------------------------
[SYS]                  | 0          | 1          | 2
[SYS] Error            | 0x00000000 | 0x00000000 | 0x00000000
[SYS] SYM WR           | 0x0000001e | N/A        | 0x0000000e
[SYS] SYM RD           | 0x0000001e | N/A        | 0x0000000e
[SYS] CMD WR           | 0x00000000 | 0x00000005 | 0x00000005
[SYS] CMD RD           | 0x00000000 | 0x00000005 | 0x00000005
[SYS] ------------------------ Info ----------------------------
[SYS]                  | Downlink           | Uplink
[SYS] RF / fine Gain   |     17 /   -1.7    | 0x42
[SYS] PwrAvg(dBFs/dBm) | N/A                | N/A
[SYS] PwrMax(dBFS)     | N/A                | N/A
[SYS] Showtime 22 seconds

[SYS] ------------------------ Data Direction -------------------
[SYS]                  | Downlink           | Uplink
[SYS] CPlane Total     | 0x0000000000000000 | 0x0000000000000000
[SYS] CPlane OnTime    | 0x0000000000000000 | 0x0000000000000000
[SYS] CPlane Early     | 0x0000000000000000 | 0x0000000000000000
[SYS] CPlane Late      | 0x0000000000000000 | 0x0000000000000000
[SYS] CPlane Corrupt   | 0x0000000000000000 | 0x0000000000000000
[SYS] UPlane Total     | 0x0000000000000000 | 0x0000000000000000
[SYS] UPlane OnTime    | 0x0000000000000000 | N/A
[SYS] UPlane Ealry     | 0x0000000000000000 | N/A
[SYS] UPlane Late      | 0x0000000000000000 | N/A
[SYS] UPlane Corrupt   | 0x0000000000000000 | N/A
[SYS] Eth Pkt Good     | 0x000006b1         | 0x00000da4
[SYS] Eth Pkt Drop     | 0x00000000         | 0x00000000
[SYS] AXIQ status      | 0x00000303         | 0x00010101
[SYS] ------------------------ Tasks ---------------------------
[SYS]                  | UP         | CP         | RT
[SYS] Error            | 0x00000000 | 0x00000000 | 0x00000000
[SYS] Heartbeats       | 0x00915fea | N/A        | N/A
[SYS] Counts           | 0x00000000 | N/A        | 0x00000000
[SYS] Drops            | 0x00000000 | N/A        | 0x00000000
[SYS] ------------------------ VSPAs ---------------------------
[SYS]                  | 0          | 1          | 2
[SYS] Error            | 0x00000000 | 0x00000000 | 0x00000000
[SYS] SYM WR           | 0x0000001e | N/A        | 0x0000000e
[SYS] SYM RD           | 0x0000001e | N/A        | 0x0000000e
[SYS] CMD WR           | 0x00000000 | 0x00000005 | 0x00000005
[SYS] CMD RD           | 0x00000000 | 0x00000005 | 0x00000005
[SYS] ------------------------ Info ----------------------------
[SYS]                  | Downlink           | Uplink
[SYS] RF / fine Gain   |     17 /   -1.7    | 0x42
[SYS] PwrAvg(dBFs/dBm) | N/A                | N/A
[SYS] PwrMax(dBFS)     | N/A                | N/A
[SYS] Showtime 23 seconds

[SYS] ------------------------ Data Direction -------------------
[SYS]                  | Downlink           | Uplink
[SYS] CPlane Total     | 0x0000000000000000 | 0x0000000000000000
[SYS] CPlane OnTime    | 0x0000000000000000 | 0x0000000000000000
[SYS] CPlane Early     | 0x0000000000000000 | 0x0000000000000000
[SYS] CPlane Late      | 0x0000000000000000 | 0x0000000000000000
[SYS] CPlane Corrupt   | 0x0000000000000000 | 0x0000000000000000
[SYS] UPlane Total     | 0x0000000000000000 | 0x0000000000000000
[SYS] UPlane OnTime    | 0x0000000000000000 | N/A
[SYS] UPlane Ealry     | 0x0000000000000000 | N/A
[SYS] UPlane Late      | 0x0000000000000000 | N/A
[SYS] UPlane Corrupt   | 0x0000000000000000 | N/A
[SYS] Eth Pkt Good     | 0x000006bb         | 0x00000dd0
[SYS] Eth Pkt Drop     | 0x00000000         | 0x00000000
[SYS] AXIQ status      | 0x00000303         | 0x00010101
[SYS] ------------------------ Tasks ---------------------------
[SYS]                  | UP         | CP         | RT
[SYS] Error            | 0x00000000 | 0x00000000 | 0x00000000
[SYS] Heartbeats       | 0x00979ac9 | N/A        | N/A
[SYS] Counts           | 0x00000000 | N/A        | 0x00000000
[SYS] Drops            | 0x00000000 | N/A        | 0x00000000
[SYS] ------------------------ VSPAs ---------------------------
[SYS]                  | 0          | 1          | 2
[SYS] Error            | 0x00000000 | 0x00000000 | 0x00000000
[SYS] SYM WR           | 0x0000001e | N/A        | 0x0000000e
[SYS] SYM RD           | 0x0000001e | N/A        | 0x0000000e
[SYS] CMD WR           | 0x00000000 | 0x00000005 | 0x00000005
[SYS] CMD RD           | 0x00000000 | 0x00000005 | 0x00000005
[SYS] ------------------------ Info ----------------------------
[SYS]                  | Downlink           | Uplink
[SYS] RF / fine Gain   |     17 /   -1.7    | 0x42
[SYS] PwrAvg(dBFs/dBm) | N/A                | N/A
[SYS] PwrMax(dBFS)     | N/A                | N/A
[SYS] Showtime 24 seconds

[SYS] ------------------------ Data Direction -------------------
[SYS]                  | Downlink           | Uplink
[SYS] CPlane Total     | 0x0000000000000000 | 0x0000000000000000
[SYS] CPlane OnTime    | 0x0000000000000000 | 0x0000000000000000
[SYS] CPlane Early     | 0x0000000000000000 | 0x0000000000000000
[SYS] CPlane Late      | 0x0000000000000000 | 0x0000000000000000
[SYS] CPlane Corrupt   | 0x0000000000000000 | 0x0000000000000000
[SYS] UPlane Total     | 0x0000000000000000 | 0x0000000000000000
[SYS] UPlane OnTime    | 0x0000000000000000 | N/A
[SYS] UPlane Ealry     | 0x0000000000000000 | N/A
[SYS] UPlane Late      | 0x0000000000000000 | N/A
[SYS] UPlane Corrupt   | 0x0000000000000000 | N/A
[SYS] Eth Pkt Good     | 0x000006bd         | 0x00000df4
[SYS] Eth Pkt Drop     | 0x00000000         | 0x00000000
[SYS] AXIQ status      | 0x00000303         | 0x00010101
[SYS] ------------------------ Tasks ---------------------------
[SYS]                  | UP         | CP         | RT
[SYS] Error            | 0x00000000 | 0x00000000 | 0x00000000
[SYS] Heartbeats       | 0x009dd5aa | N/A        | N/A
[SYS] Counts           | 0x00000000 | N/A        | 0x00000000
[SYS] Drops            | 0x00000000 | N/A        | 0x00000000
[SYS] ------------------------ VSPAs ---------------------------
[SYS]                  | 0          | 1          | 2
[SYS] Error            | 0x00000000 | 0x00000000 | 0x00000000
[SYS] SYM WR           | 0x0000001e | N/A        | 0x0000000e
[SYS] SYM RD           | 0x0000001e | N/A        | 0x0000000e
[SYS] CMD WR           | 0x00000000 | 0x00000005 | 0x00000005
[SYS] CMD RD           | 0x00000000 | 0x00000005 | 0x00000005
[SYS] ------------------------ Info ----------------------------
[SYS]                  | Downlink           | Uplink
[SYS] RF / fine Gain   |     17 /   -1.7    | 0x42
[SYS] PwrAvg(dBFs/dBm) | N/A                | N/A
[SYS] PwrMax(dBFS)     | N/A                | N/A
[SYS] Showtime 25 seconds

[SYS] ------------------------ Data Direction -------------------
[SYS]                  | Downlink           | Uplink
[SYS] CPlane Total     | 0x0000000000000000 | 0x0000000000000000
[SYS] CPlane OnTime    | 0x0000000000000000 | 0x0000000000000000
[SYS] CPlane Early     | 0x0000000000000000 | 0x0000000000000000
[SYS] CPlane Late      | 0x0000000000000000 | 0x0000000000000000
[SYS] CPlane Corrupt   | 0x0000000000000000 | 0x0000000000000000
[SYS] UPlane Total     | 0x0000000000000000 | 0x0000000000000000
[SYS] UPlane OnTime    | 0x0000000000000000 | N/A
[SYS] UPlane Ealry     | 0x0000000000000000 | N/A
[SYS] UPlane Late      | 0x0000000000000000 | N/A
[SYS] UPlane Corrupt   | 0x0000000000000000 | N/A
[SYS] Eth Pkt Good     | 0x000006be         | 0x00000e17
[SYS] Eth Pkt Drop     | 0x00000000         | 0x00000000
[SYS] AXIQ status      | 0x00000303         | 0x00010101
[SYS] ------------------------ Tasks ---------------------------
[SYS]                  | UP         | CP         | RT
[SYS] Error            | 0x00000000 | 0x00000000 | 0x00000000
[SYS] Heartbeats       | 0x00a41098 | N/A        | N/A
[SYS] Counts           | 0x00000000 | N/A        | 0x00000000
[SYS] Drops            | 0x00000000 | N/A        | 0x00000000
[SYS] ------------------------ VSPAs ---------------------------
[SYS]                  | 0          | 1          | 2
[SYS] Error            | 0x00000000 | 0x00000000 | 0x00000000
[SYS] SYM WR           | 0x0000001e | N/A        | 0x0000000e
[SYS] SYM RD           | 0x0000001e | N/A        | 0x0000000e
[SYS] CMD WR           | 0x00000000 | 0x00000005 | 0x00000005
[SYS] CMD RD           | 0x00000000 | 0x00000005 | 0x00000005
[SYS] ------------------------ Info ----------------------------
[SYS]                  | Downlink           | Uplink
[SYS] RF / fine Gain   |     17 /   -1.7    | 0x42
[SYS] PwrAvg(dBFs/dBm) | N/A                | N/A
[SYS] PwrMax(dBFS)     | N/A                | N/A
[SYS] Showtime 26 seconds

[SYS] ------------------------ Data Direction -------------------
[SYS]                  | Downlink           | Uplink
[SYS] CPlane Total     | 0x0000000000000000 | 0x0000000000000000
[SYS] CPlane OnTime    | 0x0000000000000000 | 0x0000000000000000
[SYS] CPlane Early     | 0x0000000000000000 | 0x0000000000000000
[SYS] CPlane Late      | 0x0000000000000000 | 0x0000000000000000
[SYS] CPlane Corrupt   | 0x0000000000000000 | 0x0000000000000000
[SYS] UPlane Total     | 0x0000000000000000 | 0x0000000000000000
[SYS] UPlane OnTime    | 0x0000000000000000 | N/A
[SYS] UPlane Ealry     | 0x0000000000000000 | N/A
[SYS] UPlane Late      | 0x0000000000000000 | N/A
[SYS] UPlane Corrupt   | 0x0000000000000000 | N/A
[SYS] Eth Pkt Good     | 0x000006bf         | 0x00000e3a
[SYS] Eth Pkt Drop     | 0x00000000         | 0x00000000
[SYS] AXIQ status      | 0x00000303         | 0x00010101
[SYS] ------------------------ Tasks ---------------------------
[SYS]                  | UP         | CP         | RT
[SYS] Error            | 0x00000000 | 0x00000000 | 0x00000000
[SYS] Heartbeats       | 0x00aa4e59 | N/A        | N/A
[SYS] Counts           | 0x00000000 | N/A        | 0x00000000
[SYS] Drops            | 0x00000000 | N/A        | 0x00000000
[SYS] ------------------------ VSPAs ---------------------------
[SYS]                  | 0          | 1          | 2
[SYS] Error            | 0x00000000 | 0x00000000 | 0x00000000
[SYS] SYM WR           | 0x0000001e | N/A        | 0x0000000e
[SYS] SYM RD           | 0x0000001e | N/A        | 0x0000000e
[SYS] CMD WR           | 0x00000000 | 0x00000005 | 0x00000005
[SYS] CMD RD           | 0x00000000 | 0x00000005 | 0x00000005
[SYS] ------------------------ Info ----------------------------
[SYS]                  | Downlink           | Uplink
[SYS] RF / fine Gain   |     17 /   -1.7    | 0x42
[SYS] PwrAvg(dBFs/dBm) | N/A                | N/A
[SYS] PwrMax(dBFS)     | N/A                | N/A
[SYS] Showtime 27 seconds

[SYS] ------------------------ Data Direction -------------------
[SYS]                  | Downlink           | Uplink
[SYS] CPlane Total     | 0x0000000000000000 | 0x0000000000000000
[SYS] CPlane OnTime    | 0x0000000000000000 | 0x0000000000000000
[SYS] CPlane Early     | 0x0000000000000000 | 0x0000000000000000
[SYS] CPlane Late      | 0x0000000000000000 | 0x0000000000000000
[SYS] CPlane Corrupt   | 0x0000000000000000 | 0x0000000000000000
[SYS] UPlane Total     | 0x0000000000000000 | 0x0000000000000000
[SYS] UPlane OnTime    | 0x0000000000000000 | N/A
[SYS] UPlane Ealry     | 0x0000000000000000 | N/A
[SYS] UPlane Late      | 0x0000000000000000 | N/A
[SYS] UPlane Corrupt   | 0x0000000000000000 | N/A
[SYS] Eth Pkt Good     | 0x000006c1         | 0x00000e5e
[SYS] Eth Pkt Drop     | 0x00000000         | 0x00000000
[SYS] AXIQ status      | 0x00000303         | 0x00010101
[SYS] ------------------------ Tasks ---------------------------
[SYS]                  | UP         | CP         | RT
[SYS] Error            | 0x00000000 | 0x00000000 | 0x00000000
[SYS] Heartbeats       | 0x00b0893d | N/A        | N/A
[SYS] Counts           | 0x00000000 | N/A        | 0x00000000
[SYS] Drops            | 0x00000000 | N/A        | 0x00000000
[SYS] ------------------------ VSPAs ---------------------------
[SYS]                  | 0          | 1          | 2
[SYS] Error            | 0x00000000 | 0x00000000 | 0x00000000
[SYS] SYM WR           | 0x0000001e | N/A        | 0x0000000e
[SYS] SYM RD           | 0x0000001e | N/A        | 0x0000000e
[SYS] CMD WR           | 0x00000000 | 0x00000005 | 0x00000005
[SYS] CMD RD           | 0x00000000 | 0x00000005 | 0x00000005
[SYS] ------------------------ Info ----------------------------
[SYS]                  | Downlink           | Uplink
[SYS] RF / fine Gain   |     17 /   -1.7    | 0x42
[SYS] PwrAvg(dBFs/dBm) | N/A                | N/A
[SYS] PwrMax(dBFS)     | N/A                | N/A
[SYS] Showtime 28 seconds

[SYS] ------------------------ Data Direction -------------------
[SYS]                  | Downlink           | Uplink
[SYS] CPlane Total     | 0x0000000000000000 | 0x0000000000000000
[SYS] CPlane OnTime    | 0x0000000000000000 | 0x0000000000000000
[SYS] CPlane Early     | 0x0000000000000000 | 0x0000000000000000
[SYS] CPlane Late      | 0x0000000000000000 | 0x0000000000000000
[SYS] CPlane Corrupt   | 0x0000000000000000 | 0x0000000000000000
[SYS] UPlane Total     | 0x0000000000000000 | 0x0000000000000000
[SYS] UPlane OnTime    | 0x0000000000000000 | N/A
[SYS] UPlane Ealry     | 0x0000000000000000 | N/A
[SYS] UPlane Late      | 0x0000000000000000 | N/A
[SYS] UPlane Corrupt   | 0x0000000000000000 | N/A
[SYS] Eth Pkt Good     | 0x000006c2         | 0x00000e81
[SYS] Eth Pkt Drop     | 0x00000000         | 0x00000000
[SYS] AXIQ status      | 0x00000303         | 0x00010101
[SYS] ------------------------ Tasks ---------------------------
[SYS]                  | UP         | CP         | RT
[SYS] Error            | 0x00000000 | 0x00000000 | 0x00000000
[SYS] Heartbeats       | 0x00b6c430 | N/A        | N/A
[SYS] Counts           | 0x00000000 | N/A        | 0x00000000
[SYS] Drops            | 0x00000000 | N/A        | 0x00000000
[SYS] ------------------------ VSPAs ---------------------------
[SYS]                  | 0          | 1          | 2
[SYS] Error            | 0x00000000 | 0x00000000 | 0x00000000
[SYS] SYM WR           | 0x0000001e | N/A        | 0x0000000e
[SYS] SYM RD           | 0x0000001e | N/A        | 0x0000000e
[SYS] CMD WR           | 0x00000000 | 0x00000005 | 0x00000005
[SYS] CMD RD           | 0x00000000 | 0x00000005 | 0x00000005
[SYS] ------------------------ Info ----------------------------
[SYS]                  | Downlink           | Uplink
[SYS] RF / fine Gain   |     17 /   -1.7    | 0x42
[SYS] PwrAvg(dBFs/dBm) | N/A                | N/A
[SYS] PwrMax(dBFS)     | N/A                | N/A
[SYS] Showtime 29 seconds

[SYS] ------------------------ Data Direction -------------------
[SYS]                  | Downlink           | Uplink
[SYS] CPlane Total     | 0x0000000000000000 | 0x0000000000000000
[SYS] CPlane OnTime    | 0x0000000000000000 | 0x0000000000000000
[SYS] CPlane Early     | 0x0000000000000000 | 0x0000000000000000
[SYS] CPlane Late      | 0x0000000000000000 | 0x0000000000000000
[SYS] CPlane Corrupt   | 0x0000000000000000 | 0x0000000000000000
[SYS] UPlane Total     | 0x0000000000000000 | 0x0000000000000000
[SYS] UPlane OnTime    | 0x0000000000000000 | N/A
[SYS] UPlane Ealry     | 0x0000000000000000 | N/A
[SYS] UPlane Late      | 0x0000000000000000 | N/A
[SYS] UPlane Corrupt   | 0x0000000000000000 | N/A
[SYS] Eth Pkt Good     | 0x000006c4         | 0x00000ea5
[SYS] Eth Pkt Drop     | 0x00000000         | 0x00000000
[SYS] AXIQ status      | 0x00000303         | 0x00010101
[SYS] ------------------------ Tasks ---------------------------
[SYS]                  | UP         | CP         | RT
[SYS] Error            | 0x00000000 | 0x00000000 | 0x00000000
[SYS] Heartbeats       | 0x00bd01eb | N/A        | N/A
[SYS] Counts           | 0x00000000 | N/A        | 0x00000000
[SYS] Drops            | 0x00000000 | N/A        | 0x00000000
[SYS] ------------------------ VSPAs ---------------------------
[SYS]                  | 0          | 1          | 2
[SYS] Error            | 0x00000000 | 0x00000000 | 0x00000000
[SYS] SYM WR           | 0x0000001e | N/A        | 0x0000000e
[SYS] SYM RD           | 0x0000001e | N/A        | 0x0000000e
[SYS] CMD WR           | 0x00000000 | 0x00000005 | 0x00000005
[SYS] CMD RD           | 0x00000000 | 0x00000005 | 0x00000005
[SYS] ------------------------ Info ----------------------------
[SYS]                  | Downlink           | Uplink
[SYS] RF / fine Gain   |     17 /   -1.7    | 0x42
[SYS] PwrAvg(dBFs/dBm) | N/A                | N/A
[SYS] PwrMax(dBFS)     | N/A                | N/A
[SYS] Showtime 30 seconds

[SYS] ------------------------ Data Direction -------------------
[SYS]                  | Downlink           | Uplink
[SYS] CPlane Total     | 0x0000000000000000 | 0x0000000000000000
[SYS] CPlane OnTime    | 0x0000000000000000 | 0x0000000000000000
[SYS] CPlane Early     | 0x0000000000000000 | 0x0000000000000000
[SYS] CPlane Late      | 0x0000000000000000 | 0x0000000000000000
[SYS] CPlane Corrupt   | 0x0000000000000000 | 0x0000000000000000
[SYS] UPlane Total     | 0x0000000000000000 | 0x0000000000000000
[SYS] UPlane OnTime    | 0x0000000000000000 | N/A
[SYS] UPlane Ealry     | 0x0000000000000000 | N/A
[SYS] UPlane Late      | 0x0000000000000000 | N/A
[SYS] UPlane Corrupt   | 0x0000000000000000 | N/A
[SYS] Eth Pkt Good     | 0x000006c5         | 0x00000ec8
[SYS] Eth Pkt Drop     | 0x00000000         | 0x00000000
[SYS] AXIQ status      | 0x00000303         | 0x00010101
[SYS] ------------------------ Tasks ---------------------------
[SYS]                  | UP         | CP         | RT
[SYS] Error            | 0x00000000 | 0x00000000 | 0x00000000
[SYS] Heartbeats       | 0x00c33cd1 | N/A        | N/A
[SYS] Counts           | 0x00000000 | N/A        | 0x00000000
[SYS] Drops            | 0x00000000 | N/A        | 0x00000000
[SYS] ------------------------ VSPAs ---------------------------
[SYS]                  | 0          | 1          | 2
[SYS] Error            | 0x00000000 | 0x00000000 | 0x00000000
[SYS] SYM WR           | 0x0000001e | N/A        | 0x0000000e
[SYS] SYM RD           | 0x0000001e | N/A        | 0x0000000e
[SYS] CMD WR           | 0x00000000 | 0x00000005 | 0x00000005
[SYS] CMD RD           | 0x00000000 | 0x00000005 | 0x00000005
[SYS] ------------------------ Info ----------------------------
[SYS]                  | Downlink           | Uplink
[SYS] RF / fine Gain   |     17 /   -1.7    | 0x42
[SYS] PwrAvg(dBFs/dBm) | N/A                | N/A
[SYS] PwrMax(dBFS)     | N/A                | N/A
[SYS] Showtime 31 seconds

[SYS] ------------------------ Data Direction -------------------
[SYS]                  | Downlink           | Uplink
[SYS] CPlane Total     | 0x0000000000000000 | 0x0000000000000000
[SYS] CPlane OnTime    | 0x0000000000000000 | 0x0000000000000000
[SYS] CPlane Early     | 0x0000000000000000 | 0x0000000000000000
[SYS] CPlane Late      | 0x0000000000000000 | 0x0000000000000000
[SYS] CPlane Corrupt   | 0x0000000000000000 | 0x0000000000000000
[SYS] UPlane Total     | 0x0000000000000000 | 0x0000000000000000
[SYS] UPlane OnTime    | 0x0000000000000000 | N/A
[SYS] UPlane Ealry     | 0x0000000000000000 | N/A
[SYS] UPlane Late      | 0x0000000000000000 | N/A
[SYS] UPlane Corrupt   | 0x0000000000000000 | N/A
[SYS] Eth Pkt Good     | 0x000006c7         | 0x00000eec
[SYS] Eth Pkt Drop     | 0x00000000         | 0x00000000
[SYS] AXIQ status      | 0x00000303         | 0x00010101
[SYS] ------------------------ Tasks ---------------------------
[SYS]                  | UP         | CP         | RT
[SYS] Error            | 0x00000000 | 0x00000000 | 0x00000000
[SYS] Heartbeats       | 0x00c977b3 | N/A        | N/A
[SYS] Counts           | 0x00000000 | N/A        | 0x00000000
[SYS] Drops            | 0x00000000 | N/A        | 0x00000000
[SYS] ------------------------ VSPAs ---------------------------
[SYS]                  | 0          | 1          | 2
[SYS] Error            | 0x00000000 | 0x00000000 | 0x00000000
[SYS] SYM WR           | 0x0000001e | N/A        | 0x0000000e
[SYS] SYM RD           | 0x0000001e | N/A        | 0x0000000e
[SYS] CMD WR           | 0x00000000 | 0x00000005 | 0x00000005
[SYS] CMD RD           | 0x00000000 | 0x00000005 | 0x00000005
[SYS] ------------------------ Info ----------------------------
[SYS]                  | Downlink           | Uplink
[SYS] RF / fine Gain   |     17 /   -1.7    | 0x42
[SYS] PwrAvg(dBFs/dBm) | N/A                | N/A
[SYS] PwrMax(dBFS)     | N/A                | N/A
[SYS] Showtime 32 seconds

[SYS] ------------------------ Data Direction -------------------
[SYS]                  | Downlink           | Uplink
[SYS] CPlane Total     | 0x0000000000000000 | 0x0000000000000000
[SYS] CPlane OnTime    | 0x0000000000000000 | 0x0000000000000000
[SYS] CPlane Early     | 0x0000000000000000 | 0x0000000000000000
[SYS] CPlane Late      | 0x0000000000000000 | 0x0000000000000000
[SYS] CPlane Corrupt   | 0x0000000000000000 | 0x0000000000000000
[SYS] UPlane Total     | 0x0000000000000000 | 0x0000000000000000
[SYS] UPlane OnTime    | 0x0000000000000000 | N/A
[SYS] UPlane Ealry     | 0x0000000000000000 | N/A
[SYS] UPlane Late      | 0x0000000000000000 | N/A
[SYS] UPlane Corrupt   | 0x0000000000000000 | N/A
[SYS] Eth Pkt Good     | 0x000006c8         | 0x00000f0f
[SYS] Eth Pkt Drop     | 0x00000000         | 0x00000000
[SYS] AXIQ status      | 0x00000303         | 0x00010101
[SYS] ------------------------ Tasks ---------------------------
[SYS]                  | UP         | CP         | RT
[SYS] Error            | 0x00000000 | 0x00000000 | 0x00000000
[SYS] Heartbeats       | 0x00cfb2a8 | N/A        | N/A
[SYS] Counts           | 0x00000000 | N/A        | 0x00000000
[SYS] Drops            | 0x00000000 | N/A        | 0x00000000
[SYS] ------------------------ VSPAs ---------------------------
[SYS]                  | 0          | 1          | 2
[SYS] Error            | 0x00000000 | 0x00000000 | 0x00000000
[SYS] SYM WR           | 0x0000001e | N/A        | 0x0000000e
[SYS] SYM RD           | 0x0000001e | N/A        | 0x0000000e
[SYS] CMD WR           | 0x00000000 | 0x00000005 | 0x00000005
[SYS] CMD RD           | 0x00000000 | 0x00000005 | 0x00000005
[SYS] ------------------------ Info ----------------------------
[SYS]                  | Downlink           | Uplink
[SYS] RF / fine Gain   |     17 /   -1.7    | 0x42
[SYS] PwrAvg(dBFs/dBm) | N/A                | N/A
[SYS] PwrMax(dBFS)     | N/A                | N/A
[SYS] Showtime 33 seconds

[SYS] ------------------------ Data Direction -------------------
[SYS]                  | Downlink           | Uplink
[SYS] CPlane Total     | 0x0000000000000000 | 0x0000000000000000
[SYS] CPlane OnTime    | 0x0000000000000000 | 0x0000000000000000
[SYS] CPlane Early     | 0x0000000000000000 | 0x0000000000000000
[SYS] CPlane Late      | 0x0000000000000000 | 0x0000000000000000
[SYS] CPlane Corrupt   | 0x0000000000000000 | 0x0000000000000000
[SYS] UPlane Total     | 0x0000000000000000 | 0x0000000000000000
[SYS] UPlane OnTime    | 0x0000000000000000 | N/A
[SYS] UPlane Ealry     | 0x0000000000000000 | N/A
[SYS] UPlane Late      | 0x0000000000000000 | N/A
[SYS] UPlane Corrupt   | 0x0000000000000000 | N/A
[SYS] Eth Pkt Good     | 0x000006c9         | 0x00000f32
[SYS] Eth Pkt Drop     | 0x00000000         | 0x00000000
[SYS] AXIQ status      | 0x00000303         | 0x00010101
[SYS] ------------------------ Tasks ---------------------------
[SYS]                  | UP         | CP         | RT
[SYS] Error            | 0x00000000 | 0x00000000 | 0x00000000
[SYS] Heartbeats       | 0x00d5f061 | N/A        | N/A
[SYS] Counts           | 0x00000000 | N/A        | 0x00000000
[SYS] Drops            | 0x00000000 | N/A        | 0x00000000
[SYS] ------------------------ VSPAs ---------------------------
[SYS]                  | 0          | 1          | 2
[SYS] Error            | 0x00000000 | 0x00000000 | 0x00000000
[SYS] SYM WR           | 0x0000001e | N/A        | 0x0000000e
[SYS] SYM RD           | 0x0000001e | N/A        | 0x0000000e
[SYS] CMD WR           | 0x00000000 | 0x00000005 | 0x00000005
[SYS] CMD RD           | 0x00000000 | 0x00000005 | 0x00000005
[SYS] ------------------------ Info ----------------------------
[SYS]                  | Downlink           | Uplink
[SYS] RF / fine Gain   |     17 /   -1.7    | 0x42
[SYS] PwrAvg(dBFs/dBm) | N/A                | N/A
[SYS] PwrMax(dBFS)     | N/A                | N/A
[SYS] Showtime 34 seconds

[SYS] ------------------------ Data Direction -------------------
[SYS]                  | Downlink           | Uplink
[SYS] CPlane Total     | 0x0000000000000000 | 0x0000000000000000
[SYS] CPlane OnTime    | 0x0000000000000000 | 0x0000000000000000
[SYS] CPlane Early     | 0x0000000000000000 | 0x0000000000000000
[SYS] CPlane Late      | 0x0000000000000000 | 0x0000000000000000
[SYS] CPlane Corrupt   | 0x0000000000000000 | 0x0000000000000000
[SYS] UPlane Total     | 0x0000000000000000 | 0x0000000000000000
[SYS] UPlane OnTime    | 0x0000000000000000 | N/A
[SYS] UPlane Ealry     | 0x0000000000000000 | N/A
[SYS] UPlane Late      | 0x0000000000000000 | N/A
[SYS] UPlane Corrupt   | 0x0000000000000000 | N/A
[SYS] Eth Pkt Good     | 0x000006cb         | 0x00000f56
[SYS] Eth Pkt Drop     | 0x00000000         | 0x00000000
[SYS] AXIQ status      | 0x00000303         | 0x00010101
[SYS] ------------------------ Tasks ---------------------------
[SYS]                  | UP         | CP         | RT
[SYS] Error            | 0x00000000 | 0x00000000 | 0x00000000
[SYS] Heartbeats       | 0x00dc2b3c | N/A        | N/A
[SYS] Counts           | 0x00000000 | N/A        | 0x00000000
[SYS] Drops            | 0x00000000 | N/A        | 0x00000000
[SYS] ------------------------ VSPAs ---------------------------
[SYS]                  | 0          | 1          | 2
[SYS] Error            | 0x00000000 | 0x00000000 | 0x00000000
[SYS] SYM WR           | 0x0000001e | N/A        | 0x0000000e
[SYS] SYM RD           | 0x0000001e | N/A        | 0x0000000e
[SYS] CMD WR           | 0x00000000 | 0x00000005 | 0x00000005
[SYS] CMD RD           | 0x00000000 | 0x00000005 | 0x00000005
[SYS] ------------------------ Info ----------------------------
[SYS]                  | Downlink           | Uplink
[SYS] RF / fine Gain   |     17 /   -1.7    | 0x42
[SYS] PwrAvg(dBFs/dBm) | N/A                | N/A
[SYS] PwrMax(dBFS)     | N/A                | N/A
[SYS] Showtime 35 seconds

[SYS] ------------------------ Data Direction -------------------
[SYS]                  | Downlink           | Uplink
[SYS] CPlane Total     | 0x0000000000000000 | 0x0000000000000000
[SYS] CPlane OnTime    | 0x0000000000000000 | 0x0000000000000000
[SYS] CPlane Early     | 0x0000000000000000 | 0x0000000000000000
[SYS] CPlane Late      | 0x0000000000000000 | 0x0000000000000000
[SYS] CPlane Corrupt   | 0x0000000000000000 | 0x0000000000000000
[SYS] UPlane Total     | 0x0000000000000000 | 0x0000000000000000
[SYS] UPlane OnTime    | 0x0000000000000000 | N/A
[SYS] UPlane Ealry     | 0x0000000000000000 | N/A
[SYS] UPlane Late      | 0x0000000000000000 | N/A
[SYS] UPlane Corrupt   | 0x0000000000000000 | N/A
[SYS] Eth Pkt Good     | 0x000006d2         | 0x00000f7f
[SYS] Eth Pkt Drop     | 0x00000000         | 0x00000000
[SYS] AXIQ status      | 0x00000303         | 0x00010101
[SYS] ------------------------ Tasks ---------------------------
[SYS]                  | UP         | CP         | RT
[SYS] Error            | 0x00000000 | 0x00000000 | 0x00000000
[SYS] Heartbeats       | 0x00e2662c | N/A        | N/A
[SYS] Counts           | 0x00000000 | N/A        | 0x00000000
[SYS] Drops            | 0x00000000 | N/A        | 0x00000000
[SYS] ------------------------ VSPAs ---------------------------
[SYS]                  | 0          | 1          | 2
[SYS] Error            | 0x00000000 | 0x00000000 | 0x00000000
[SYS] SYM WR           | 0x0000001e | N/A        | 0x0000000e
[SYS] SYM RD           | 0x0000001e | N/A        | 0x0000000e
[SYS] CMD WR           | 0x00000000 | 0x00000005 | 0x00000005
[SYS] CMD RD           | 0x00000000 | 0x00000005 | 0x00000005
[SYS] ------------------------ Info ----------------------------
[SYS]                  | Downlink           | Uplink
[SYS] RF / fine Gain   |     17 /   -1.7    | 0x42
[SYS] PwrAvg(dBFs/dBm) | N/A                | N/A
[SYS] PwrMax(dBFS)     | N/A                | N/A
[SYS] Showtime 36 seconds

[SYS] ------------------------ Data Direction -------------------
[SYS]                  | Downlink           | Uplink
[SYS] CPlane Total     | 0x0000000000000000 | 0x0000000000000000
[SYS] CPlane OnTime    | 0x0000000000000000 | 0x0000000000000000
[SYS] CPlane Early     | 0x0000000000000000 | 0x0000000000000000
[SYS] CPlane Late      | 0x0000000000000000 | 0x0000000000000000
[SYS] CPlane Corrupt   | 0x0000000000000000 | 0x0000000000000000
[SYS] UPlane Total     | 0x0000000000000000 | 0x0000000000000000
[SYS] UPlane OnTime    | 0x0000000000000000 | N/A
[SYS] UPlane Ealry     | 0x0000000000000000 | N/A
[SYS] UPlane Late      | 0x0000000000000000 | N/A
[SYS] UPlane Corrupt   | 0x0000000000000000 | N/A
[SYS] Eth Pkt Good     | 0x000006ec         | 0x00000fbb
[SYS] Eth Pkt Drop     | 0x00000000         | 0x00000000
[SYS] AXIQ status      | 0x00000303         | 0x00010101
[SYS] ------------------------ Tasks ---------------------------
[SYS]                  | UP         | CP         | RT
[SYS] Error            | 0x00000000 | 0x00000000 | 0x00000000
[SYS] Heartbeats       | 0x00e8a3eb | N/A        | N/A
[SYS] Counts           | 0x00000000 | N/A        | 0x00000000
[SYS] Drops            | 0x00000000 | N/A        | 0x00000000
[SYS] ------------------------ VSPAs ---------------------------
[SYS]                  | 0          | 1          | 2
[SYS] Error            | 0x00000000 | 0x00000000 | 0x00000000
[SYS] SYM WR           | 0x0000001e | N/A        | 0x0000000e
[SYS] SYM RD           | 0x0000001e | N/A        | 0x0000000e
[SYS] CMD WR           | 0x00000000 | 0x00000005 | 0x00000005
[SYS] CMD RD           | 0x00000000 | 0x00000005 | 0x00000005
[SYS] ------------------------ Info ----------------------------
[SYS]                  | Downlink           | Uplink
[SYS] RF / fine Gain   |     17 /   -1.7    | 0x42
[SYS] PwrAvg(dBFs/dBm) | N/A                | N/A
[SYS] PwrMax(dBFS)     | N/A                | N/A
[SYS] Showtime 37 seconds

[SYS] ------------------------ Data Direction -------------------
[SYS]                  | Downlink           | Uplink
[SYS] CPlane Total     | 0x0000000000000000 | 0x0000000000000000
[SYS] CPlane OnTime    | 0x0000000000000000 | 0x0000000000000000
[SYS] CPlane Early     | 0x0000000000000000 | 0x0000000000000000
[SYS] CPlane Late      | 0x0000000000000000 | 0x0000000000000000
[SYS] CPlane Corrupt   | 0x0000000000000000 | 0x0000000000000000
[SYS] UPlane Total     | 0x0000000000000000 | 0x0000000000000000
[SYS] UPlane OnTime    | 0x0000000000000000 | N/A
[SYS] UPlane Ealry     | 0x0000000000000000 | N/A
[SYS] UPlane Late      | 0x0000000000000000 | N/A
[SYS] UPlane Corrupt   | 0x0000000000000000 | N/A
[SYS] Eth Pkt Good     | 0x000006ed         | 0x00000fde
[SYS] Eth Pkt Drop     | 0x00000000         | 0x00000000
[SYS] AXIQ status      | 0x00000303         | 0x00010101
[SYS] ------------------------ Tasks ---------------------------
[SYS]                  | UP         | CP         | RT
[SYS] Error            | 0x00000000 | 0x00000000 | 0x00000000
[SYS] Heartbeats       | 0x00eeded7 | N/A        | N/A
[SYS] Counts           | 0x00000000 | N/A        | 0x00000000
[SYS] Drops            | 0x00000000 | N/A        | 0x00000000
[SYS] ------------------------ VSPAs ---------------------------
[SYS]                  | 0          | 1          | 2
[SYS] Error            | 0x00000000 | 0x00000000 | 0x00000000
[SYS] SYM WR           | 0x0000001e | N/A        | 0x0000000e
[SYS] SYM RD           | 0x0000001e | N/A        | 0x0000000e
[SYS] CMD WR           | 0x00000000 | 0x00000005 | 0x00000005
[SYS] CMD RD           | 0x00000000 | 0x00000005 | 0x00000005
[SYS] ------------------------ Info ----------------------------
[SYS]                  | Downlink           | Uplink
[SYS] RF / fine Gain   |     17 /   -1.7    | 0x42
[SYS] PwrAvg(dBFs/dBm) | N/A                | N/A
[SYS] PwrMax(dBFS)     | N/A                | N/A
[SYS] Showtime 38 seconds

[SYS] ------------------------ Data Direction -------------------
[SYS]                  | Downlink           | Uplink
[SYS] CPlane Total     | 0x0000000000000000 | 0x0000000000000000
[SYS] CPlane OnTime    | 0x0000000000000000 | 0x0000000000000000
[SYS] CPlane Early     | 0x0000000000000000 | 0x0000000000000000
[SYS] CPlane Late      | 0x0000000000000000 | 0x0000000000000000
[SYS] CPlane Corrupt   | 0x0000000000000000 | 0x0000000000000000
[SYS] UPlane Total     | 0x0000000000000000 | 0x0000000000000000
[SYS] UPlane OnTime    | 0x0000000000000000 | N/A
[SYS] UPlane Ealry     | 0x0000000000000000 | N/A
[SYS] UPlane Late      | 0x0000000000000000 | N/A
[SYS] UPlane Corrupt   | 0x0000000000000000 | N/A
[SYS] Eth Pkt Good     | 0x000006ef         | 0x00001002
[SYS] Eth Pkt Drop     | 0x00000000         | 0x00000000
[SYS] AXIQ status      | 0x00000303         | 0x00010101
[SYS] ------------------------ Tasks ---------------------------
[SYS]                  | UP         | CP         | RT
[SYS] Error            | 0x00000000 | 0x00000000 | 0x00000000
[SYS] Heartbeats       | 0x00f519b9 | N/A        | N/A
[SYS] Counts           | 0x00000000 | N/A        | 0x00000000
[SYS] Drops            | 0x00000000 | N/A        | 0x00000000
[SYS] ------------------------ VSPAs ---------------------------
[SYS]                  | 0          | 1          | 2
[SYS] Error            | 0x00000000 | 0x00000000 | 0x00000000
[SYS] SYM WR           | 0x0000001e | N/A        | 0x0000000e
[SYS] SYM RD           | 0x0000001e | N/A        | 0x0000000e
[SYS] CMD WR           | 0x00000000 | 0x00000005 | 0x00000005
[SYS] CMD RD           | 0x00000000 | 0x00000005 | 0x00000005
[SYS] ------------------------ Info ----------------------------
[SYS]                  | Downlink           | Uplink
[SYS] RF / fine Gain   |     17 /   -1.7    | 0x42
[SYS] PwrAvg(dBFs/dBm) | N/A                | N/A
[SYS] PwrMax(dBFS)     | N/A                | N/A
[SYS] Showtime 39 seconds

[SYS] ------------------------ Data Direction -------------------
[SYS]                  | Downlink           | Uplink
[SYS] CPlane Total     | 0x0000000000000000 | 0x0000000000000000
[SYS] CPlane OnTime    | 0x0000000000000000 | 0x0000000000000000
[SYS] CPlane Early     | 0x0000000000000000 | 0x0000000000000000
[SYS] CPlane Late      | 0x0000000000000000 | 0x0000000000000000
[SYS] CPlane Corrupt   | 0x0000000000000000 | 0x0000000000000000
[SYS] UPlane Total     | 0x0000000000000000 | 0x0000000000000000
[SYS] UPlane OnTime    | 0x0000000000000000 | N/A
[SYS] UPlane Ealry     | 0x0000000000000000 | N/A
[SYS] UPlane Late      | 0x0000000000000000 | N/A
[SYS] UPlane Corrupt   | 0x0000000000000000 | N/A
[SYS] Eth Pkt Good     | 0x000006f0         | 0x00001025
[SYS] Eth Pkt Drop     | 0x00000000         | 0x00000000
[SYS] AXIQ status      | 0x00000303         | 0x00010101
[SYS] ------------------------ Tasks ---------------------------
[SYS]                  | UP         | CP         | RT
[SYS] Error            | 0x00000000 | 0x00000000 | 0x00000000
[SYS] Heartbeats       | 0x00fb5b35 | N/A        | N/A
[SYS] Counts           | 0x00000000 | N/A        | 0x00000000
[SYS] Drops            | 0x00000000 | N/A        | 0x00000000
[SYS] ------------------------ VSPAs ---------------------------
[SYS]                  | 0          | 1          | 2
[SYS] Error            | 0x00000000 | 0x00000000 | 0x00000000
[SYS] SYM WR           | 0x0000001e | N/A        | 0x0000000e
[SYS] SYM RD           | 0x0000001e | N/A        | 0x0000000e
[SYS] CMD WR           | 0x00000000 | 0x00000005 | 0x00000005
[SYS] CMD RD           | 0x00000000 | 0x00000005 | 0x00000005
[SYS] ------------------------ Info ----------------------------
[SYS]                  | Downlink           | Uplink
[SYS] RF / fine Gain   |     17 /   -1.7    | 0x42
[SYS] PwrAvg(dBFs/dBm) | N/A                | N/A
[SYS] PwrMax(dBFS)     | N/A                | N/A
[SYS] Showtime 40 seconds

[SYS] ------------------------ Data Direction -------------------
[SYS]                  | Downlink           | Uplink
[SYS] CPlane Total     | 0x0000000000000000 | 0x0000000000000000
[SYS] CPlane OnTime    | 0x0000000000000000 | 0x0000000000000000
[SYS] CPlane Early     | 0x0000000000000000 | 0x0000000000000000
[SYS] CPlane Late      | 0x0000000000000000 | 0x0000000000000000
[SYS] CPlane Corrupt   | 0x0000000000000000 | 0x0000000000000000
[SYS] UPlane Total     | 0x0000000000000000 | 0x0000000000000000
[SYS] UPlane OnTime    | 0x0000000000000000 | N/A
[SYS] UPlane Ealry     | 0x0000000000000000 | N/A
[SYS] UPlane Late      | 0x0000000000000000 | N/A
[SYS] UPlane Corrupt   | 0x0000000000000000 | N/A
[SYS] Eth Pkt Good     | 0x000006f1         | 0x00001048
[SYS] Eth Pkt Drop     | 0x00000000         | 0x00000000
[SYS] AXIQ status      | 0x00000303         | 0x00010101
[SYS] ------------------------ Tasks ---------------------------
[SYS]                  | UP         | CP         | RT
[SYS] Error            | 0x00000000 | 0x00000000 | 0x00000000
[SYS] Heartbeats       | 0x01019739 | N/A        | N/A
[SYS] Counts           | 0x00000000 | N/A        | 0x00000000
[SYS] Drops            | 0x00000000 | N/A        | 0x00000000
[SYS] ------------------------ VSPAs ---------------------------
[SYS]                  | 0          | 1          | 2
[SYS] Error            | 0x00000000 | 0x00000000 | 0x00000000
[SYS] SYM WR           | 0x0000001e | N/A        | 0x0000000e
[SYS] SYM RD           | 0x0000001e | N/A        | 0x0000000e
[SYS] CMD WR           | 0x00000000 | 0x00000005 | 0x00000005
[SYS] CMD RD           | 0x00000000 | 0x00000005 | 0x00000005
[SYS] ------------------------ Info ----------------------------
[SYS]                  | Downlink           | Uplink
[SYS] RF / fine Gain   |     17 /   -1.7    | 0x42
[SYS] PwrAvg(dBFs/dBm) | N/A                | N/A
[SYS] PwrMax(dBFS)     | N/A                | N/A
[SYS] Showtime 41 seconds

[SYS] ------------------------ Data Direction -------------------
[SYS]                  | Downlink           | Uplink
[SYS] CPlane Total     | 0x0000000000000000 | 0x0000000000000000
[SYS] CPlane OnTime    | 0x0000000000000000 | 0x0000000000000000
[SYS] CPlane Early     | 0x0000000000000000 | 0x0000000000000000
[SYS] CPlane Late      | 0x0000000000000000 | 0x0000000000000000
[SYS] CPlane Corrupt   | 0x0000000000000000 | 0x0000000000000000
[SYS] UPlane Total     | 0x0000000000000000 | 0x0000000000000000
[SYS] UPlane OnTime    | 0x0000000000000000 | N/A
[SYS] UPlane Ealry     | 0x0000000000000000 | N/A
[SYS] UPlane Late      | 0x0000000000000000 | N/A
[SYS] UPlane Corrupt   | 0x0000000000000000 | N/A
[SYS] Eth Pkt Good     | 0x000006f3         | 0x0000106c
[SYS] Eth Pkt Drop     | 0x00000000         | 0x00000000
[SYS] AXIQ status      | 0x00000303         | 0x00010101
[SYS] ------------------------ Tasks ---------------------------
[SYS]                  | UP         | CP         | RT
[SYS] Error            | 0x00000000 | 0x00000000 | 0x00000000
[SYS] Heartbeats       | 0x0107d214 | N/A        | N/A
[SYS] Counts           | 0x00000000 | N/A        | 0x00000000
[SYS] Drops            | 0x00000000 | N/A        | 0x00000000
[SYS] ------------------------ VSPAs ---------------------------
[SYS]                  | 0          | 1          | 2
[SYS] Error            | 0x00000000 | 0x00000000 | 0x00000000
[SYS] SYM WR           | 0x0000001e | N/A        | 0x0000000e
[SYS] SYM RD           | 0x0000001e | N/A        | 0x0000000e
[SYS] CMD WR           | 0x00000000 | 0x00000005 | 0x00000005
[SYS] CMD RD           | 0x00000000 | 0x00000005 | 0x00000005
[SYS] ------------------------ Info ----------------------------
[SYS]                  | Downlink           | Uplink
[SYS] RF / fine Gain   |     17 /   -1.7    | 0x42
[SYS] PwrAvg(dBFs/dBm) | N/A                | N/A
[SYS] PwrMax(dBFS)     | N/A                | N/A
[SYS] Showtime 42 seconds

[SYS] ------------------------ Data Direction -------------------
[SYS]                  | Downlink           | Uplink
[SYS] CPlane Total     | 0x0000000000000000 | 0x0000000000000000
[SYS] CPlane OnTime    | 0x0000000000000000 | 0x0000000000000000
[SYS] CPlane Early     | 0x0000000000000000 | 0x0000000000000000
[SYS] CPlane Late      | 0x0000000000000000 | 0x0000000000000000
[SYS] CPlane Corrupt   | 0x0000000000000000 | 0x0000000000000000
[SYS] UPlane Total     | 0x0000000000000000 | 0x0000000000000000
[SYS] UPlane OnTime    | 0x0000000000000000 | N/A
[SYS] UPlane Ealry     | 0x0000000000000000 | N/A
[SYS] UPlane Late      | 0x0000000000000000 | N/A
[SYS] UPlane Corrupt   | 0x0000000000000000 | N/A
[SYS] Eth Pkt Good     | 0x000006f4         | 0x0000108f
[SYS] Eth Pkt Drop     | 0x00000000         | 0x00000000
[SYS] AXIQ status      | 0x00000303         | 0x00010101
[SYS] ------------------------ Tasks ---------------------------
[SYS]                  | UP         | CP         | RT
[SYS] Error            | 0x00000000 | 0x00000000 | 0x00000000
[SYS] Heartbeats       | 0x010e0d08 | N/A        | N/A
[SYS] Counts           | 0x00000000 | N/A        | 0x00000000
[SYS] Drops            | 0x00000000 | N/A        | 0x00000000
[SYS] ------------------------ VSPAs ---------------------------
[SYS]                  | 0          | 1          | 2
[SYS] Error            | 0x00000000 | 0x00000000 | 0x00000000
[SYS] SYM WR           | 0x0000001e | N/A        | 0x0000000e
[SYS] SYM RD           | 0x0000001e | N/A        | 0x0000000e
[SYS] CMD WR           | 0x00000000 | 0x00000005 | 0x00000005
[SYS] CMD RD           | 0x00000000 | 0x00000005 | 0x00000005
[SYS] ------------------------ Info ----------------------------
[SYS]                  | Downlink           | Uplink
[SYS] RF / fine Gain   |     17 /   -1.7    | 0x42
[SYS] PwrAvg(dBFs/dBm) | N/A                | N/A
[SYS] PwrMax(dBFS)     | N/A                | N/A
[SYS] Showtime 43 seconds

[SYS] ------------------------ Data Direction -------------------
[SYS]                  | Downlink           | Uplink
[SYS] CPlane Total     | 0x0000000000000000 | 0x0000000000000000
[SYS] CPlane OnTime    | 0x0000000000000000 | 0x0000000000000000
[SYS] CPlane Early     | 0x0000000000000000 | 0x0000000000000000
[SYS] CPlane Late      | 0x0000000000000000 | 0x0000000000000000
[SYS] CPlane Corrupt   | 0x0000000000000000 | 0x0000000000000000
[SYS] UPlane Total     | 0x0000000000000000 | 0x0000000000000000
[SYS] UPlane OnTime    | 0x0000000000000000 | N/A
[SYS] UPlane Ealry     | 0x0000000000000000 | N/A
[SYS] UPlane Late      | 0x0000000000000000 | N/A
[SYS] UPlane Corrupt   | 0x0000000000000000 | N/A
[SYS] Eth Pkt Good     | 0x000006f6         | 0x000010b3
[SYS] Eth Pkt Drop     | 0x00000000         | 0x00000000
[SYS] AXIQ status      | 0x00000303         | 0x00010101
[SYS] ------------------------ Tasks ---------------------------
[SYS]                  | UP         | CP         | RT
[SYS] Error            | 0x00000000 | 0x00000000 | 0x00000000
[SYS] Heartbeats       | 0x01144ac0 | N/A        | N/A
[SYS] Counts           | 0x00000000 | N/A        | 0x00000000
[SYS] Drops            | 0x00000000 | N/A        | 0x00000000
[SYS] ------------------------ VSPAs ---------------------------
[SYS]                  | 0          | 1          | 2
[SYS] Error            | 0x00000000 | 0x00000000 | 0x00000000
[SYS] SYM WR           | 0x0000001e | N/A        | 0x0000000e
[SYS] SYM RD           | 0x0000001e | N/A        | 0x0000000e
[SYS] CMD WR           | 0x00000000 | 0x00000005 | 0x00000005
[SYS] CMD RD           | 0x00000000 | 0x00000005 | 0x00000005
[SYS] ------------------------ Info ----------------------------
[SYS]                  | Downlink           | Uplink
[SYS] RF / fine Gain   |     17 /   -1.7    | 0x42
[SYS] PwrAvg(dBFs/dBm) | N/A                | N/A
[SYS] PwrMax(dBFS)     | N/A                | N/A
[SYS] Showtime 44 seconds

[SYS] ------------------------ Data Direction -------------------
[SYS]                  | Downlink           | Uplink
[SYS] CPlane Total     | 0x0000000000000000 | 0x0000000000000000
[SYS] CPlane OnTime    | 0x0000000000000000 | 0x0000000000000000
[SYS] CPlane Early     | 0x0000000000000000 | 0x0000000000000000
[SYS] CPlane Late      | 0x0000000000000000 | 0x0000000000000000
[SYS] CPlane Corrupt   | 0x0000000000000000 | 0x0000000000000000
[SYS] UPlane Total     | 0x0000000000000000 | 0x0000000000000000
[SYS] UPlane OnTime    | 0x0000000000000000 | N/A
[SYS] UPlane Ealry     | 0x0000000000000000 | N/A
[SYS] UPlane Late      | 0x0000000000000000 | N/A
[SYS] UPlane Corrupt   | 0x0000000000000000 | N/A
[SYS] Eth Pkt Good     | 0x000006f7         | 0x000010d6
[SYS] Eth Pkt Drop     | 0x00000000         | 0x00000000
[SYS] AXIQ status      | 0x00000303         | 0x00010101
[SYS] ------------------------ Tasks ---------------------------
[SYS]                  | UP         | CP         | RT
[SYS] Error            | 0x00000000 | 0x00000000 | 0x00000000
[SYS] Heartbeats       | 0x011a85a2 | N/A        | N/A
[SYS] Counts           | 0x00000000 | N/A        | 0x00000000
[SYS] Drops            | 0x00000000 | N/A        | 0x00000000
[SYS] ------------------------ VSPAs ---------------------------
[SYS]                  | 0          | 1          | 2
[SYS] Error            | 0x00000000 | 0x00000000 | 0x00000000
[SYS] SYM WR           | 0x0000001e | N/A        | 0x0000000e
[SYS] SYM RD           | 0x0000001e | N/A        | 0x0000000e
[SYS] CMD WR           | 0x00000000 | 0x00000005 | 0x00000005
[SYS] CMD RD           | 0x00000000 | 0x00000005 | 0x00000005
[SYS] ------------------------ Info ----------------------------
[SYS]                  | Downlink           | Uplink
[SYS] RF / fine Gain   |     17 /   -1.7    | 0x42
[SYS] PwrAvg(dBFs/dBm) | N/A                | N/A
[SYS] PwrMax(dBFS)     | N/A                | N/A
[SYS] Showtime 45 seconds

[SYS] ------------------------ Data Direction -------------------
[SYS]                  | Downlink           | Uplink
[SYS] CPlane Total     | 0x0000000000000000 | 0x0000000000000000
[SYS] CPlane OnTime    | 0x0000000000000000 | 0x0000000000000000
[SYS] CPlane Early     | 0x0000000000000000 | 0x0000000000000000
[SYS] CPlane Late      | 0x0000000000000000 | 0x0000000000000000
[SYS] CPlane Corrupt   | 0x0000000000000000 | 0x0000000000000000
[SYS] UPlane Total     | 0x0000000000000000 | 0x0000000000000000
[SYS] UPlane OnTime    | 0x0000000000000000 | N/A
[SYS] UPlane Ealry     | 0x0000000000000000 | N/A
[SYS] UPlane Late      | 0x0000000000000000 | N/A
[SYS] UPlane Corrupt   | 0x0000000000000000 | N/A
[SYS] Eth Pkt Good     | 0x000006f8         | 0x000010fa
[SYS] Eth Pkt Drop     | 0x00000000         | 0x00000000
[SYS] AXIQ status      | 0x00000303         | 0x00010101
[SYS] ------------------------ Tasks ---------------------------
[SYS]                  | UP         | CP         | RT
[SYS] Error            | 0x00000000 | 0x00000000 | 0x00000000
[SYS] Heartbeats       | 0x0120c087 | N/A        | N/A
[SYS] Counts           | 0x00000000 | N/A        | 0x00000000
[SYS] Drops            | 0x00000000 | N/A        | 0x00000000
[SYS] ------------------------ VSPAs ---------------------------
[SYS]                  | 0          | 1          | 2
[SYS] Error            | 0x00000000 | 0x00000000 | 0x00000000
[SYS] SYM WR           | 0x0000001e | N/A        | 0x0000000e
[SYS] SYM RD           | 0x0000001e | N/A        | 0x0000000e
[SYS] CMD WR           | 0x00000000 | 0x00000005 | 0x00000005
[SYS] CMD RD           | 0x00000000 | 0x00000005 | 0x00000005
[SYS] ------------------------ Info ----------------------------
[SYS]                  | Downlink           | Uplink
[SYS] RF / fine Gain   |     17 /   -1.7    | 0x42
[SYS] PwrAvg(dBFs/dBm) | N/A                | N/A
[SYS] PwrMax(dBFS)     | N/A                | N/A
[SYS] Showtime 46 seconds

[SYS] ------------------------ Data Direction -------------------
[SYS]                  | Downlink           | Uplink
[SYS] CPlane Total     | 0x0000000000000000 | 0x0000000000000000
[SYS] CPlane OnTime    | 0x0000000000000000 | 0x0000000000000000
[SYS] CPlane Early     | 0x0000000000000000 | 0x0000000000000000
[SYS] CPlane Late      | 0x0000000000000000 | 0x0000000000000000
[SYS] CPlane Corrupt   | 0x0000000000000000 | 0x0000000000000000
[SYS] UPlane Total     | 0x0000000000000000 | 0x0000000000000000
[SYS] UPlane OnTime    | 0x0000000000000000 | N/A
[SYS] UPlane Ealry     | 0x0000000000000000 | N/A
[SYS] UPlane Late      | 0x0000000000000000 | N/A
[SYS] UPlane Corrupt   | 0x0000000000000000 | N/A
[SYS] Eth Pkt Good     | 0x000006fa         | 0x0000111d
[SYS] Eth Pkt Drop     | 0x00000000         | 0x00000000
[SYS] AXIQ status      | 0x00000303         | 0x00010101
[SYS] ------------------------ Tasks ---------------------------
[SYS]                  | UP         | CP         | RT
[SYS] Error            | 0x00000000 | 0x00000000 | 0x00000000
[SYS] Heartbeats       | 0x012709a2 | N/A        | N/A
[SYS] Counts           | 0x00000000 | N/A        | 0x00000000
[SYS] Drops            | 0x00000000 | N/A        | 0x00000000
[SYS] ------------------------ VSPAs ---------------------------
[SYS]                  | 0          | 1          | 2
[SYS] Error            | 0x00000000 | 0x00000000 | 0x00000000
[SYS] SYM WR           | 0x0000001e | N/A        | 0x0000000e
[SYS] SYM RD           | 0x0000001e | N/A        | 0x0000000e
[SYS] CMD WR           | 0x00000000 | 0x00000005 | 0x00000005
[SYS] CMD RD           | 0x00000000 | 0x00000005 | 0x00000005
[SYS] ------------------------ Info ----------------------------
[SYS]                  | Downlink           | Uplink
[SYS] RF / fine Gain   |     17 /   -1.7    | 0x42
[SYS] PwrAvg(dBFs/dBm) | N/A                | N/A
[SYS] PwrMax(dBFS)     | N/A                | N/A
[SYS] Showtime 47 seconds

[SYS] ------------------------ Data Direction -------------------
[SYS]                  | Downlink           | Uplink
[SYS] CPlane Total     | 0x0000000000000000 | 0x0000000000000000
[SYS] CPlane OnTime    | 0x0000000000000000 | 0x0000000000000000
[SYS] CPlane Early     | 0x0000000000000000 | 0x0000000000000000
[SYS] CPlane Late      | 0x0000000000000000 | 0x0000000000000000
[SYS] CPlane Corrupt   | 0x0000000000000000 | 0x0000000000000000
[SYS] UPlane Total     | 0x0000000000000000 | 0x0000000000000000
[SYS] UPlane OnTime    | 0x0000000000000000 | N/A
[SYS] UPlane Ealry     | 0x0000000000000000 | N/A
[SYS] UPlane Late      | 0x0000000000000000 | N/A
[SYS] UPlane Corrupt   | 0x0000000000000000 | N/A
[SYS] Eth Pkt Good     | 0x000006fb         | 0x00001140
[SYS] Eth Pkt Drop     | 0x00000000         | 0x00000000
[SYS] AXIQ status      | 0x00000303         | 0x00010101
[SYS] ------------------------ Tasks ---------------------------
[SYS]                  | UP         | CP         | RT
[SYS] Error            | 0x00000000 | 0x00000000 | 0x00000000
[SYS] Heartbeats       | 0x012d4480 | N/A        | N/A
[SYS] Counts           | 0x00000000 | N/A        | 0x00000000
[SYS] Drops            | 0x00000000 | N/A        | 0x00000000
[SYS] ------------------------ VSPAs ---------------------------
[SYS]                  | 0          | 1          | 2
[SYS] Error            | 0x00000000 | 0x00000000 | 0x00000000
[SYS] SYM WR           | 0x0000001e | N/A        | 0x0000000e
[SYS] SYM RD           | 0x0000001e | N/A        | 0x0000000e
[SYS] CMD WR           | 0x00000000 | 0x00000005 | 0x00000005
[SYS] CMD RD           | 0x00000000 | 0x00000005 | 0x00000005
[SYS] ------------------------ Info ----------------------------
[SYS]                  | Downlink           | Uplink
[SYS] RF / fine Gain   |     17 /   -1.7    | 0x42
[SYS] PwrAvg(dBFs/dBm) | N/A                | N/A
[SYS] PwrMax(dBFS)     | N/A                | N/A
[SYS] Showtime 48 seconds

[SYS] ------------------------ Data Direction -------------------
[SYS]                  | Downlink           | Uplink
[SYS] CPlane Total     | 0x0000000000000000 | 0x0000000000000000
[SYS] CPlane OnTime    | 0x0000000000000000 | 0x0000000000000000
[SYS] CPlane Early     | 0x0000000000000000 | 0x0000000000000000
[SYS] CPlane Late      | 0x0000000000000000 | 0x0000000000000000
[SYS] CPlane Corrupt   | 0x0000000000000000 | 0x0000000000000000
[SYS] UPlane Total     | 0x0000000000000000 | 0x0000000000000000
[SYS] UPlane OnTime    | 0x0000000000000000 | N/A
[SYS] UPlane Ealry     | 0x0000000000000000 | N/A
[SYS] UPlane Late      | 0x0000000000000000 | N/A
[SYS] UPlane Corrupt   | 0x0000000000000000 | N/A
[SYS] Eth Pkt Good     | 0x000006fd         | 0x00001164
[SYS] Eth Pkt Drop     | 0x00000000         | 0x00000000
[SYS] AXIQ status      | 0x00000303         | 0x00010101
[SYS] ------------------------ Tasks ---------------------------
[SYS]                  | UP         | CP         | RT
[SYS] Error            | 0x00000000 | 0x00000000 | 0x00000000
[SYS] Heartbeats       | 0x01337f5e | N/A        | N/A
[SYS] Counts           | 0x00000000 | N/A        | 0x00000000
[SYS] Drops            | 0x00000000 | N/A        | 0x00000000
[SYS] ------------------------ VSPAs ---------------------------
[SYS]                  | 0          | 1          | 2
[SYS] Error            | 0x00000000 | 0x00000000 | 0x00000000
[SYS] SYM WR           | 0x0000001e | N/A        | 0x0000000e
[SYS] SYM RD           | 0x0000001e | N/A        | 0x0000000e
[SYS] CMD WR           | 0x00000000 | 0x00000005 | 0x00000005
[SYS] CMD RD           | 0x00000000 | 0x00000005 | 0x00000005
[SYS] ------------------------ Info ----------------------------
[SYS]                  | Downlink           | Uplink
[SYS] RF / fine Gain   |     17 /   -1.7    | 0x42
[SYS] PwrAvg(dBFs/dBm) | N/A                | N/A
[SYS] PwrMax(dBFS)     | N/A                | N/A
[SYS] Showtime 49 seconds

[SYS] ------------------------ Data Direction -------------------
[SYS]                  | Downlink           | Uplink
[SYS] CPlane Total     | 0x0000000000000000 | 0x0000000000000000
[SYS] CPlane OnTime    | 0x0000000000000000 | 0x0000000000000000
[SYS] CPlane Early     | 0x0000000000000000 | 0x0000000000000000
[SYS] CPlane Late      | 0x0000000000000000 | 0x0000000000000000
[SYS] CPlane Corrupt   | 0x0000000000000000 | 0x0000000000000000
[SYS] UPlane Total     | 0x0000000000000000 | 0x0000000000000000
[SYS] UPlane OnTime    | 0x0000000000000000 | N/A
[SYS] UPlane Ealry     | 0x0000000000000000 | N/A
[SYS] UPlane Late      | 0x0000000000000000 | N/A
[SYS] UPlane Corrupt   | 0x0000000000000000 | N/A
[SYS] Eth Pkt Good     | 0x00000716         | 0x0000119f
[SYS] Eth Pkt Drop     | 0x00000000         | 0x00000000
[SYS] AXIQ status      | 0x00000303         | 0x00010101
[SYS] ------------------------ Tasks ---------------------------
[SYS]                  | UP         | CP         | RT
[SYS] Error            | 0x00000000 | 0x00000000 | 0x00000000
[SYS] Heartbeats       | 0x0139ba57 | N/A        | N/A
[SYS] Counts           | 0x00000000 | N/A        | 0x00000000
[SYS] Drops            | 0x00000000 | N/A        | 0x00000000
[SYS] ------------------------ VSPAs ---------------------------
[SYS]                  | 0          | 1          | 2
[SYS] Error            | 0x00000000 | 0x00000000 | 0x00000000
[SYS] SYM WR           | 0x0000001e | N/A        | 0x0000000e
[SYS] SYM RD           | 0x0000001e | N/A        | 0x0000000e
[SYS] CMD WR           | 0x00000000 | 0x00000005 | 0x00000005
[SYS] CMD RD           | 0x00000000 | 0x00000005 | 0x00000005
[SYS] ------------------------ Info ----------------------------
[SYS]                  | Downlink           | Uplink
[SYS] RF / fine Gain   |     17 /   -1.7    | 0x42
[SYS] PwrAvg(dBFs/dBm) | N/A                | N/A
[SYS] PwrMax(dBFS)     | N/A                | N/A
[SYS] Showtime 50 seconds

[SYS] ------------------------ Data Direction -------------------
[SYS]                  | Downlink           | Uplink
[SYS] CPlane Total     | 0x0000000000000000 | 0x0000000000000000
[SYS] CPlane OnTime    | 0x0000000000000000 | 0x0000000000000000
[SYS] CPlane Early     | 0x0000000000000000 | 0x0000000000000000
[SYS] CPlane Late      | 0x0000000000000000 | 0x0000000000000000
[SYS] CPlane Corrupt   | 0x0000000000000000 | 0x0000000000000000
[SYS] UPlane Total     | 0x0000000000000000 | 0x0000000000000000
[SYS] UPlane OnTime    | 0x0000000000000000 | N/A
[SYS] UPlane Ealry     | 0x0000000000000000 | N/A
[SYS] UPlane Late      | 0x0000000000000000 | N/A
[SYS] UPlane Corrupt   | 0x0000000000000000 | N/A
[SYS] Eth Pkt Good     | 0x0000071e         | 0x000011c9
[SYS] Eth Pkt Drop     | 0x00000000         | 0x00000000
[SYS] AXIQ status      | 0x00000303         | 0x00010101
[SYS] ------------------------ Tasks ---------------------------
[SYS]                  | UP         | CP         | RT
[SYS] Error            | 0x00000000 | 0x00000000 | 0x00000000
[SYS] Heartbeats       | 0x013ff81a | N/A        | N/A
[SYS] Counts           | 0x00000000 | N/A        | 0x00000000
[SYS] Drops            | 0x00000000 | N/A        | 0x00000000
[SYS] ------------------------ VSPAs ---------------------------
[SYS]                  | 0          | 1          | 2
[SYS] Error            | 0x00000000 | 0x00000000 | 0x00000000
[SYS] SYM WR           | 0x0000001e | N/A        | 0x0000000e
[SYS] SYM RD           | 0x0000001e | N/A        | 0x0000000e
[SYS] CMD WR           | 0x00000000 | 0x00000005 | 0x00000005
[SYS] CMD RD           | 0x00000000 | 0x00000005 | 0x00000005
[SYS] ------------------------ Info ----------------------------
[SYS]                  | Downlink           | Uplink
[SYS] RF / fine Gain   |     17 /   -1.7    | 0x42
[SYS] PwrAvg(dBFs/dBm) | N/A                | N/A
[SYS] PwrMax(dBFS)     | N/A                | N/A
[SYS] Showtime 51 seconds

[SYS] ------------------------ Data Direction -------------------
[SYS]                  | Downlink           | Uplink
[SYS] CPlane Total     | 0x0000000000000000 | 0x0000000000000000
[SYS] CPlane OnTime    | 0x0000000000000000 | 0x0000000000000000
[SYS] CPlane Early     | 0x0000000000000000 | 0x0000000000000000
[SYS] CPlane Late      | 0x0000000000000000 | 0x0000000000000000
[SYS] CPlane Corrupt   | 0x0000000000000000 | 0x0000000000000000
[SYS] UPlane Total     | 0x0000000000000000 | 0x0000000000000000
[SYS] UPlane OnTime    | 0x0000000000000000 | N/A
[SYS] UPlane Ealry     | 0x0000000000000000 | N/A
[SYS] UPlane Late      | 0x0000000000000000 | N/A
[SYS] UPlane Corrupt   | 0x0000000000000000 | N/A
[SYS] Eth Pkt Good     | 0x0000071f         | 0x000011ec
[SYS] Eth Pkt Drop     | 0x00000000         | 0x00000000
[SYS] AXIQ status      | 0x00000303         | 0x00010101
[SYS] ------------------------ Tasks ---------------------------
[SYS]                  | UP         | CP         | RT
[SYS] Error            | 0x00000000 | 0x00000000 | 0x00000000
[SYS] Heartbeats       | 0x01463308 | N/A        | N/A
[SYS] Counts           | 0x00000000 | N/A        | 0x00000000
[SYS] Drops            | 0x00000000 | N/A        | 0x00000000
[SYS] ------------------------ VSPAs ---------------------------
[SYS]                  | 0          | 1          | 2
[SYS] Error            | 0x00000000 | 0x00000000 | 0x00000000
[SYS] SYM WR           | 0x0000001e | N/A        | 0x0000000e
[SYS] SYM RD           | 0x0000001e | N/A        | 0x0000000e
[SYS] CMD WR           | 0x00000000 | 0x00000005 | 0x00000005
[SYS] CMD RD           | 0x00000000 | 0x00000005 | 0x00000005
[SYS] ------------------------ Info ----------------------------
[SYS]                  | Downlink           | Uplink
[SYS] RF / fine Gain   |     17 /   -1.7    | 0x42
[SYS] PwrAvg(dBFs/dBm) | N/A                | N/A
[SYS] PwrMax(dBFS)     | N/A                | N/A
[SYS] Showtime 52 seconds

[SYS] ------------------------ Data Direction -------------------
[SYS]                  | Downlink           | Uplink
[SYS] CPlane Total     | 0x0000000000000000 | 0x0000000000000000
[SYS] CPlane OnTime    | 0x0000000000000000 | 0x0000000000000000
[SYS] CPlane Early     | 0x0000000000000000 | 0x0000000000000000
[SYS] CPlane Late      | 0x0000000000000000 | 0x0000000000000000
[SYS] CPlane Corrupt   | 0x0000000000000000 | 0x0000000000000000
[SYS] UPlane Total     | 0x0000000000000000 | 0x0000000000000000
[SYS] UPlane OnTime    | 0x0000000000000000 | N/A
[SYS] UPlane Ealry     | 0x0000000000000000 | N/A
[SYS] UPlane Late      | 0x0000000000000000 | N/A
[SYS] UPlane Corrupt   | 0x0000000000000000 | N/A
[SYS] Eth Pkt Good     | 0x00000720         | 0x00001210
[SYS] Eth Pkt Drop     | 0x00000000         | 0x00000000
[SYS] AXIQ status      | 0x00000303         | 0x00010101
[SYS] ------------------------ Tasks ---------------------------
[SYS]                  | UP         | CP         | RT
[SYS] Error            | 0x00000000 | 0x00000000 | 0x00000000
[SYS] Heartbeats       | 0x014c6de5 | N/A        | N/A
[SYS] Counts           | 0x00000000 | N/A        | 0x00000000
[SYS] Drops            | 0x00000000 | N/A        | 0x00000000
[SYS] ------------------------ VSPAs ---------------------------
[SYS]                  | 0          | 1          | 2
[SYS] Error            | 0x00000000 | 0x00000000 | 0x00000000
[SYS] SYM WR           | 0x0000001e | N/A        | 0x0000000e
[SYS] SYM RD           | 0x0000001e | N/A        | 0x0000000e
[SYS] CMD WR           | 0x00000000 | 0x00000005 | 0x00000005
[SYS] CMD RD           | 0x00000000 | 0x00000005 | 0x00000005
[SYS] ------------------------ Info ----------------------------
[SYS]                  | Downlink           | Uplink
[SYS] RF / fine Gain   |     17 /   -1.7    | 0x42
[SYS] PwrAvg(dBFs/dBm) | N/A                | N/A
[SYS] PwrMax(dBFS)     | N/A                | N/A
[SYS] Showtime 53 seconds

[SYS] ------------------------ Data Direction -------------------
[SYS]                  | Downlink           | Uplink
[SYS] CPlane Total     | 0x0000000000000000 | 0x0000000000000000
[SYS] CPlane OnTime    | 0x0000000000000000 | 0x0000000000000000
[SYS] CPlane Early     | 0x0000000000000000 | 0x0000000000000000
[SYS] CPlane Late      | 0x0000000000000000 | 0x0000000000000000
[SYS] CPlane Corrupt   | 0x0000000000000000 | 0x0000000000000000
[SYS] UPlane Total     | 0x0000000000000000 | 0x0000000000000000
[SYS] UPlane OnTime    | 0x0000000000000000 | N/A
[SYS] UPlane Ealry     | 0x0000000000000000 | N/A
[SYS] UPlane Late      | 0x0000000000000000 | N/A
[SYS] UPlane Corrupt   | 0x0000000000000000 | N/A
[SYS] Eth Pkt Good     | 0x00000722         | 0x00001233
[SYS] Eth Pkt Drop     | 0x00000000         | 0x00000000
[SYS] AXIQ status      | 0x00000303         | 0x00010101
[SYS] ------------------------ Tasks ---------------------------
[SYS]                  | UP         | CP         | RT
[SYS] Error            | 0x00000000 | 0x00000000 | 0x00000000
[SYS] Heartbeats       | 0x0152b82b | N/A        | N/A
[SYS] Counts           | 0x00000000 | N/A        | 0x00000000
[SYS] Drops            | 0x00000000 | N/A        | 0x00000000
[SYS] ------------------------ VSPAs ---------------------------
[SYS]                  | 0          | 1          | 2
[SYS] Error            | 0x00000000 | 0x00000000 | 0x00000000
[SYS] SYM WR           | 0x0000001e | N/A        | 0x0000000e
[SYS] SYM RD           | 0x0000001e | N/A        | 0x0000000e
[SYS] CMD WR           | 0x00000000 | 0x00000005 | 0x00000005
[SYS] CMD RD           | 0x00000000 | 0x00000005 | 0x00000005
[SYS] ------------------------ Info ----------------------------
[SYS]                  | Downlink           | Uplink
[SYS] RF / fine Gain   |     17 /   -1.7    | 0x42
[SYS] PwrAvg(dBFs/dBm) | N/A                | N/A
[SYS] PwrMax(dBFS)     | N/A                | N/A
[SYS] Showtime 54 seconds

[SYS] ------------------------ Data Direction -------------------
[SYS]                  | Downlink           | Uplink
[SYS] CPlane Total     | 0x0000000000000000 | 0x0000000000000000
[SYS] CPlane OnTime    | 0x0000000000000000 | 0x0000000000000000
[SYS] CPlane Early     | 0x0000000000000000 | 0x0000000000000000
[SYS] CPlane Late      | 0x0000000000000000 | 0x0000000000000000
[SYS] CPlane Corrupt   | 0x0000000000000000 | 0x0000000000000000
[SYS] UPlane Total     | 0x0000000000000000 | 0x0000000000000000
[SYS] UPlane OnTime    | 0x0000000000000000 | N/A
[SYS] UPlane Ealry     | 0x0000000000000000 | N/A
[SYS] UPlane Late      | 0x0000000000000000 | N/A
[SYS] UPlane Corrupt   | 0x0000000000000000 | N/A
[SYS] Eth Pkt Good     | 0x00000723         | 0x00001256
[SYS] Eth Pkt Drop     | 0x00000000         | 0x00000000
[SYS] AXIQ status      | 0x00000303         | 0x00010101
[SYS] ------------------------ Tasks ---------------------------
[SYS]                  | UP         | CP         | RT
[SYS] Error            | 0x00000000 | 0x00000000 | 0x00000000
[SYS] Heartbeats       | 0x0158f1e0 | N/A        | N/A
[SYS] Counts           | 0x00000000 | N/A        | 0x00000000
[SYS] Drops            | 0x00000000 | N/A        | 0x00000000
[SYS] ------------------------ VSPAs ---------------------------
[SYS]                  | 0          | 1          | 2
[SYS] Error            | 0x00000000 | 0x00000000 | 0x00000000
[SYS] SYM WR           | 0x0000001e | N/A        | 0x0000000e
[SYS] SYM RD           | 0x0000001e | N/A        | 0x0000000e
[SYS] CMD WR           | 0x00000000 | 0x00000005 | 0x00000005
[SYS] CMD RD           | 0x00000000 | 0x00000005 | 0x00000005
[SYS] ------------------------ Info ----------------------------
[SYS]                  | Downlink           | Uplink
[SYS] RF / fine Gain   |     17 /   -1.7    | 0x42
[SYS] PwrAvg(dBFs/dBm) | N/A                | N/A
[SYS] PwrMax(dBFS)     | N/A                | N/A
[SYS] Showtime 55 seconds

[SYS] ------------------------ Data Direction -------------------
[SYS]                  | Downlink           | Uplink
[SYS] CPlane Total     | 0x0000000000000000 | 0x0000000000000000
[SYS] CPlane OnTime    | 0x0000000000000000 | 0x0000000000000000
[SYS] CPlane Early     | 0x0000000000000000 | 0x0000000000000000
[SYS] CPlane Late      | 0x0000000000000000 | 0x0000000000000000
[SYS] CPlane Corrupt   | 0x0000000000000000 | 0x0000000000000000
[SYS] UPlane Total     | 0x0000000000000000 | 0x0000000000000000
[SYS] UPlane OnTime    | 0x0000000000000000 | N/A
[SYS] UPlane Ealry     | 0x0000000000000000 | N/A
[SYS] UPlane Late      | 0x0000000000000000 | N/A
[SYS] UPlane Corrupt   | 0x0000000000000000 | N/A
[SYS] Eth Pkt Good     | 0x00000725         | 0x0000127a
[SYS] Eth Pkt Drop     | 0x00000000         | 0x00000000
[SYS] AXIQ status      | 0x00000303         | 0x00010101
[SYS] ------------------------ Tasks ---------------------------
[SYS]                  | UP         | CP         | RT
[SYS] Error            | 0x00000000 | 0x00000000 | 0x00000000
[SYS] Heartbeats       | 0x015f2cc6 | N/A        | N/A
[SYS] Counts           | 0x00000000 | N/A        | 0x00000000
[SYS] Drops            | 0x00000000 | N/A        | 0x00000000
[SYS] ------------------------ VSPAs ---------------------------
[SYS]                  | 0          | 1          | 2
[SYS] Error            | 0x00000000 | 0x00000000 | 0x00000000
[SYS] SYM WR           | 0x0000001e | N/A        | 0x0000000e
[SYS] SYM RD           | 0x0000001e | N/A        | 0x0000000e
[SYS] CMD WR           | 0x00000000 | 0x00000005 | 0x00000005
[SYS] CMD RD           | 0x00000000 | 0x00000005 | 0x00000005
[SYS] ------------------------ Info ----------------------------
[SYS]                  | Downlink           | Uplink
[SYS] RF / fine Gain   |     17 /   -1.7    | 0x42
[SYS] PwrAvg(dBFs/dBm) | N/A                | N/A
[SYS] PwrMax(dBFS)     | N/A                | N/A
[SYS] Showtime 56 seconds

[SYS] ------------------------ Data Direction -------------------
[SYS]                  | Downlink           | Uplink
[SYS] CPlane Total     | 0x0000000000000000 | 0x0000000000000000
[SYS] CPlane OnTime    | 0x0000000000000000 | 0x0000000000000000
[SYS] CPlane Early     | 0x0000000000000000 | 0x0000000000000000
[SYS] CPlane Late      | 0x0000000000000000 | 0x0000000000000000
[SYS] CPlane Corrupt   | 0x0000000000000000 | 0x0000000000000000
[SYS] UPlane Total     | 0x0000000000000000 | 0x0000000000000000
[SYS] UPlane OnTime    | 0x0000000000000000 | N/A
[SYS] UPlane Ealry     | 0x0000000000000000 | N/A
[SYS] UPlane Late      | 0x0000000000000000 | N/A
[SYS] UPlane Corrupt   | 0x0000000000000000 | N/A
[SYS] Eth Pkt Good     | 0x00000726         | 0x0000129d
[SYS] Eth Pkt Drop     | 0x00000000         | 0x00000000
[SYS] AXIQ status      | 0x00000303         | 0x00010101
[SYS] ------------------------ Tasks ---------------------------
[SYS]                  | UP         | CP         | RT
[SYS] Error            | 0x00000000 | 0x00000000 | 0x00000000
[SYS] Heartbeats       | 0x016567c0 | N/A        | N/A
[SYS] Counts           | 0x00000000 | N/A        | 0x00000000
[SYS] Drops            | 0x00000000 | N/A        | 0x00000000
[SYS] ------------------------ VSPAs ---------------------------
[SYS]                  | 0          | 1          | 2
[SYS] Error            | 0x00000000 | 0x00000000 | 0x00000000
[SYS] SYM WR           | 0x0000001e | N/A        | 0x0000000e
[SYS] SYM RD           | 0x0000001e | N/A        | 0x0000000e
[SYS] CMD WR           | 0x00000000 | 0x00000005 | 0x00000005
[SYS] CMD RD           | 0x00000000 | 0x00000005 | 0x00000005
[SYS] ------------------------ Info ----------------------------
[SYS]                  | Downlink           | Uplink
[SYS] RF / fine Gain   |     17 /   -1.7    | 0x42
[SYS] PwrAvg(dBFs/dBm) | N/A                | N/A
[SYS] PwrMax(dBFS)     | N/A                | N/A
[SYS] Showtime 57 seconds

[SYS] ------------------------ Data Direction -------------------
[SYS]                  | Downlink           | Uplink
[SYS] CPlane Total     | 0x0000000000000000 | 0x0000000000000000
[SYS] CPlane OnTime    | 0x0000000000000000 | 0x0000000000000000
[SYS] CPlane Early     | 0x0000000000000000 | 0x0000000000000000
[SYS] CPlane Late      | 0x0000000000000000 | 0x0000000000000000
[SYS] CPlane Corrupt   | 0x0000000000000000 | 0x0000000000000000
[SYS] UPlane Total     | 0x0000000000000000 | 0x0000000000000000
[SYS] UPlane OnTime    | 0x0000000000000000 | N/A
[SYS] UPlane Ealry     | 0x0000000000000000 | N/A
[SYS] UPlane Late      | 0x0000000000000000 | N/A
[SYS] UPlane Corrupt   | 0x0000000000000000 | N/A
[SYS] Eth Pkt Good     | 0x00000728         | 0x000012c1
[SYS] Eth Pkt Drop     | 0x00000000         | 0x00000000
[SYS] AXIQ status      | 0x00000303         | 0x00010101
[SYS] ------------------------ Tasks ---------------------------
[SYS]                  | UP         | CP         | RT
[SYS] Error            | 0x00000000 | 0x00000000 | 0x00000000
[SYS] Heartbeats       | 0x016ba587 | N/A        | N/A
[SYS] Counts           | 0x00000000 | N/A        | 0x00000000
[SYS] Drops            | 0x00000000 | N/A        | 0x00000000
[SYS] ------------------------ VSPAs ---------------------------
[SYS]                  | 0          | 1          | 2
[SYS] Error            | 0x00000000 | 0x00000000 | 0x00000000
[SYS] SYM WR           | 0x0000001e | N/A        | 0x0000000e
[SYS] SYM RD           | 0x0000001e | N/A        | 0x0000000e
[SYS] CMD WR           | 0x00000000 | 0x00000005 | 0x00000005
[SYS] CMD RD           | 0x00000000 | 0x00000005 | 0x00000005
[SYS] ------------------------ Info ----------------------------
[SYS]                  | Downlink           | Uplink
[SYS] RF / fine Gain   |     17 /   -1.7    | 0x42
[SYS] PwrAvg(dBFs/dBm) | N/A                | N/A
[SYS] PwrMax(dBFS)     | N/A                | N/A
[SYS] Showtime 58 seconds

[SYS] ------------------------ Data Direction -------------------
[SYS]                  | Downlink           | Uplink
[SYS] CPlane Total     | 0x0000000000000000 | 0x0000000000000000
[SYS] CPlane OnTime    | 0x0000000000000000 | 0x0000000000000000
[SYS] CPlane Early     | 0x0000000000000000 | 0x0000000000000000
[SYS] CPlane Late      | 0x0000000000000000 | 0x0000000000000000
[SYS] CPlane Corrupt   | 0x0000000000000000 | 0x0000000000000000
[SYS] UPlane Total     | 0x0000000000000000 | 0x0000000000000000
[SYS] UPlane OnTime    | 0x0000000000000000 | N/A
[SYS] UPlane Ealry     | 0x0000000000000000 | N/A
[SYS] UPlane Late      | 0x0000000000000000 | N/A
[SYS] UPlane Corrupt   | 0x0000000000000000 | N/A
[SYS] Eth Pkt Good     | 0x00000729         | 0x000012e4
[SYS] Eth Pkt Drop     | 0x00000000         | 0x00000000
[SYS] AXIQ status      | 0x00000303         | 0x00010101
[SYS] ------------------------ Tasks ---------------------------
[SYS]                  | UP         | CP         | RT
[SYS] Error            | 0x00000000 | 0x00000000 | 0x00000000
[SYS] Heartbeats       | 0x0171e06a | N/A        | N/A
[SYS] Counts           | 0x00000000 | N/A        | 0x00000000
[SYS] Drops            | 0x00000000 | N/A        | 0x00000000
[SYS] ------------------------ VSPAs ---------------------------
[SYS]                  | 0          | 1          | 2
[SYS] Error            | 0x00000000 | 0x00000000 | 0x00000000
[SYS] SYM WR           | 0x0000001e | N/A        | 0x0000000e
[SYS] SYM RD           | 0x0000001e | N/A        | 0x0000000e
[SYS] CMD WR           | 0x00000000 | 0x00000005 | 0x00000005
[SYS] CMD RD           | 0x00000000 | 0x00000005 | 0x00000005
[SYS] ------------------------ Info ----------------------------
[SYS]                  | Downlink           | Uplink
[SYS] RF / fine Gain   |     17 /   -1.7    | 0x42
[SYS] PwrAvg(dBFs/dBm) | N/A                | N/A
[SYS] PwrMax(dBFS)     | N/A                | N/A
[SYS] Showtime 59 seconds

[SYS] ------------------------ Data Direction -------------------
[SYS]                  | Downlink           | Uplink
[SYS] CPlane Total     | 0x0000000000000000 | 0x0000000000000000
[SYS] CPlane OnTime    | 0x0000000000000000 | 0x0000000000000000
[SYS] CPlane Early     | 0x0000000000000000 | 0x0000000000000000
[SYS] CPlane Late      | 0x0000000000000000 | 0x0000000000000000
[SYS] CPlane Corrupt   | 0x0000000000000000 | 0x0000000000000000
[SYS] UPlane Total     | 0x0000000000000000 | 0x0000000000000000
[SYS] UPlane OnTime    | 0x0000000000000000 | N/A
[SYS] UPlane Ealry     | 0x0000000000000000 | N/A
[SYS] UPlane Late      | 0x0000000000000000 | N/A
[SYS] UPlane Corrupt   | 0x0000000000000000 | N/A
[SYS] Eth Pkt Good     | 0x0000072a         | 0x00001308
[SYS] Eth Pkt Drop     | 0x00000000         | 0x00000000
[SYS] AXIQ status      | 0x00000303         | 0x00010101
[SYS] ------------------------ Tasks ---------------------------
[SYS]                  | UP         | CP         | RT
[SYS] Error            | 0x00000000 | 0x00000000 | 0x00000000
[SYS] Heartbeats       | 0x01781b3f | N/A        | N/A
[SYS] Counts           | 0x00000000 | N/A        | 0x00000000
[SYS] Drops            | 0x00000000 | N/A        | 0x00000000
[SYS] ------------------------ VSPAs ---------------------------
[SYS]                  | 0          | 1          | 2
[SYS] Error            | 0x00000000 | 0x00000000 | 0x00000000
[SYS] SYM WR           | 0x0000001e | N/A        | 0x0000000e
[SYS] SYM RD           | 0x0000001e | N/A        | 0x0000000e
[SYS] CMD WR           | 0x00000000 | 0x00000005 | 0x00000005
[SYS] CMD RD           | 0x00000000 | 0x00000005 | 0x00000005
[SYS] ------------------------ Info ----------------------------
[SYS]                  | Downlink           | Uplink
[SYS] RF / fine Gain   |     17 /   -1.7    | 0x42
[SYS] PwrAvg(dBFs/dBm) | N/A                | N/A
[SYS] PwrMax(dBFS)     | N/A                | N/A
[SYS] Showtime 60 seconds

[SYS] ------------------------ Data Direction -------------------
[SYS]                  | Downlink           | Uplink
[SYS] CPlane Total     | 0x0000000000000000 | 0x0000000000000000
[SYS] CPlane OnTime    | 0x0000000000000000 | 0x0000000000000000
[SYS] CPlane Early     | 0x0000000000000000 | 0x0000000000000000
[SYS] CPlane Late      | 0x0000000000000000 | 0x0000000000000000
[SYS] CPlane Corrupt   | 0x0000000000000000 | 0x0000000000000000
[SYS] UPlane Total     | 0x0000000000000000 | 0x0000000000000000
[SYS] UPlane OnTime    | 0x0000000000000000 | N/A
[SYS] UPlane Ealry     | 0x0000000000000000 | N/A
[SYS] UPlane Late      | 0x0000000000000000 | N/A
[SYS] UPlane Corrupt   | 0x0000000000000000 | N/A
[SYS] Eth Pkt Good     | 0x0000072c         | 0x0000132b
[SYS] Eth Pkt Drop     | 0x00000000         | 0x00000000
[SYS] AXIQ status      | 0x00000303         | 0x00010101
[SYS] ------------------------ Tasks ---------------------------
[SYS]                  | UP         | CP         | RT
[SYS] Error            | 0x00000000 | 0x00000000 | 0x00000000
[SYS] Heartbeats       | 0x017e5911 | N/A        | N/A
[SYS] Counts           | 0x00000000 | N/A        | 0x00000000
[SYS] Drops            | 0x00000000 | N/A        | 0x00000000
[SYS] ------------------------ VSPAs ---------------------------
[SYS]                  | 0          | 1          | 2
[SYS] Error            | 0x00000000 | 0x00000000 | 0x00000000
[SYS] SYM WR           | 0x0000001e | N/A        | 0x0000000e
[SYS] SYM RD           | 0x0000001e | N/A        | 0x0000000e
[SYS] CMD WR           | 0x00000000 | 0x00000005 | 0x00000005
[SYS] CMD RD           | 0x00000000 | 0x00000005 | 0x00000005
[SYS] ------------------------ Info ----------------------------
[SYS]                  | Downlink           | Uplink
[SYS] RF / fine Gain   |     17 /   -1.7    | 0x42
[SYS] PwrAvg(dBFs/dBm) | N/A                | N/A
[SYS] PwrMax(dBFS)     | N/A                | N/A
[SYS] Showtime 61 seconds

[SYS] ------------------------ Data Direction -------------------
[SYS]                  | Downlink           | Uplink
[SYS] CPlane Total     | 0x0000000000000000 | 0x0000000000000000
[SYS] CPlane OnTime    | 0x0000000000000000 | 0x0000000000000000
[SYS] CPlane Early     | 0x0000000000000000 | 0x0000000000000000
[SYS] CPlane Late      | 0x0000000000000000 | 0x0000000000000000
[SYS] CPlane Corrupt   | 0x0000000000000000 | 0x0000000000000000
[SYS] UPlane Total     | 0x0000000000000000 | 0x0000000000000000
[SYS] UPlane OnTime    | 0x0000000000000000 | N/A
[SYS] UPlane Ealry     | 0x0000000000000000 | N/A
[SYS] UPlane Late      | 0x0000000000000000 | N/A
[SYS] UPlane Corrupt   | 0x0000000000000000 | N/A
[SYS] Eth Pkt Good     | 0x0000072d         | 0x0000134e
[SYS] Eth Pkt Drop     | 0x00000000         | 0x00000000
[SYS] AXIQ status      | 0x00000303         | 0x00010101
[SYS] ------------------------ Tasks ---------------------------
[SYS]                  | UP         | CP         | RT
[SYS] Error            | 0x00000000 | 0x00000000 | 0x00000000
[SYS] Heartbeats       | 0x018493fa | N/A        | N/A
[SYS] Counts           | 0x00000000 | N/A        | 0x00000000
[SYS] Drops            | 0x00000000 | N/A        | 0x00000000
[SYS] ------------------------ VSPAs ---------------------------
[SYS]                  | 0          | 1          | 2
[SYS] Error            | 0x00000000 | 0x00000000 | 0x00000000
[SYS] SYM WR           | 0x0000001e | N/A        | 0x0000000e
[SYS] SYM RD           | 0x0000001e | N/A        | 0x0000000e
[SYS] CMD WR           | 0x00000000 | 0x00000005 | 0x00000005
[SYS] CMD RD           | 0x00000000 | 0x00000005 | 0x00000005
[SYS] ------------------------ Info ----------------------------
[SYS]                  | Downlink           | Uplink
[SYS] RF / fine Gain   |     17 /   -1.7    | 0x42
[SYS] PwrAvg(dBFs/dBm) | N/A                | N/A
[SYS] PwrMax(dBFS)     | N/A                | N/A
[SYS] Showtime 62 seconds

[SYS] ------------------------ Data Direction -------------------
[SYS]                  | Downlink           | Uplink
[SYS] CPlane Total     | 0x0000000000000000 | 0x0000000000000000
[SYS] CPlane OnTime    | 0x0000000000000000 | 0x0000000000000000
[SYS] CPlane Early     | 0x0000000000000000 | 0x0000000000000000
[SYS] CPlane Late      | 0x0000000000000000 | 0x0000000000000000
[SYS] CPlane Corrupt   | 0x0000000000000000 | 0x0000000000000000
[SYS] UPlane Total     | 0x0000000000000000 | 0x0000000000000000
[SYS] UPlane OnTime    | 0x0000000000000000 | N/A
[SYS] UPlane Ealry     | 0x0000000000000000 | N/A
[SYS] UPlane Late      | 0x0000000000000000 | N/A
[SYS] UPlane Corrupt   | 0x0000000000000000 | N/A
[SYS] Eth Pkt Good     | 0x0000073b         | 0x0000137d
[SYS] Eth Pkt Drop     | 0x00000000         | 0x00000000
[SYS] AXIQ status      | 0x00000303         | 0x00010101
[SYS] ------------------------ Tasks ---------------------------
[SYS]                  | UP         | CP         | RT
[SYS] Error            | 0x00000000 | 0x00000000 | 0x00000000
[SYS] Heartbeats       | 0x018acedf | N/A        | N/A
[SYS] Counts           | 0x00000000 | N/A        | 0x00000000
[SYS] Drops            | 0x00000000 | N/A        | 0x00000000
[SYS] ------------------------ VSPAs ---------------------------
[SYS]                  | 0          | 1          | 2
[SYS] Error            | 0x00000000 | 0x00000000 | 0x00000000
[SYS] SYM WR           | 0x0000001e | N/A        | 0x0000000e
[SYS] SYM RD           | 0x0000001e | N/A        | 0x0000000e
[SYS] CMD WR           | 0x00000000 | 0x00000005 | 0x00000005
[SYS] CMD RD           | 0x00000000 | 0x00000005 | 0x00000005
[SYS] ------------------------ Info ----------------------------
[SYS]                  | Downlink           | Uplink
[SYS] RF / fine Gain   |     17 /   -1.7    | 0x42
[SYS] PwrAvg(dBFs/dBm) | N/A                | N/A
[SYS] PwrMax(dBFS)     | N/A                | N/A
[SYS] Showtime 63 seconds

[SYS] ------------------------ Data Direction -------------------
[SYS]                  | Downlink           | Uplink
[SYS] CPlane Total     | 0x0000000000000000 | 0x0000000000000000
[SYS] CPlane OnTime    | 0x0000000000000000 | 0x0000000000000000
[SYS] CPlane Early     | 0x0000000000000000 | 0x0000000000000000
[SYS] CPlane Late      | 0x0000000000000000 | 0x0000000000000000
[SYS] CPlane Corrupt   | 0x0000000000000000 | 0x0000000000000000
[SYS] UPlane Total     | 0x0000000000000000 | 0x0000000000000000
[SYS] UPlane OnTime    | 0x0000000000000000 | N/A
[SYS] UPlane Ealry     | 0x0000000000000000 | N/A
[SYS] UPlane Late      | 0x0000000000000000 | N/A
[SYS] UPlane Corrupt   | 0x0000000000000000 | N/A
[SYS] Eth Pkt Good     | 0x0000074e         | 0x000013b3
[SYS] Eth Pkt Drop     | 0x00000000         | 0x00000000
[SYS] AXIQ status      | 0x00000303         | 0x00010101
[SYS] ------------------------ Tasks ---------------------------
[SYS]                  | UP         | CP         | RT
[SYS] Error            | 0x00000000 | 0x00000000 | 0x00000000
[SYS] Heartbeats       | 0x019109d6 | N/A        | N/A
[SYS] Counts           | 0x00000000 | N/A        | 0x00000000
[SYS] Drops            | 0x00000000 | N/A        | 0x00000000
[SYS] ------------------------ VSPAs ---------------------------
[SYS]                  | 0          | 1          | 2
[SYS] Error            | 0x00000000 | 0x00000000 | 0x00000000
[SYS] SYM WR           | 0x0000001e | N/A        | 0x0000000e
[SYS] SYM RD           | 0x0000001e | N/A        | 0x0000000e
[SYS] CMD WR           | 0x00000000 | 0x00000005 | 0x00000005
[SYS] CMD RD           | 0x00000000 | 0x00000005 | 0x00000005
[SYS] ------------------------ Info ----------------------------
[SYS]                  | Downlink           | Uplink
[SYS] RF / fine Gain   |     17 /   -1.7    | 0x42
[SYS] PwrAvg(dBFs/dBm) | N/A                | N/A
[SYS] PwrMax(dBFS)     | N/A                | N/A
[SYS] Showtime 64 seconds

[SYS] ------------------------ Data Direction -------------------
[SYS]                  | Downlink           | Uplink
[SYS] CPlane Total     | 0x0000000000000000 | 0x0000000000000000
[SYS] CPlane OnTime    | 0x0000000000000000 | 0x0000000000000000
[SYS] CPlane Early     | 0x0000000000000000 | 0x0000000000000000
[SYS] CPlane Late      | 0x0000000000000000 | 0x0000000000000000
[SYS] CPlane Corrupt   | 0x0000000000000000 | 0x0000000000000000
[SYS] UPlane Total     | 0x0000000000000000 | 0x0000000000000000
[SYS] UPlane OnTime    | 0x0000000000000000 | N/A
[SYS] UPlane Ealry     | 0x0000000000000000 | N/A
[SYS] UPlane Late      | 0x0000000000000000 | N/A
[SYS] UPlane Corrupt   | 0x0000000000000000 | N/A
[SYS] Eth Pkt Good     | 0x00000750         | 0x000013d7
[SYS] Eth Pkt Drop     | 0x00000000         | 0x00000000
[SYS] AXIQ status      | 0x00000303         | 0x00010101
[SYS] ------------------------ Tasks ---------------------------
[SYS]                  | UP         | CP         | RT
[SYS] Error            | 0x00000000 | 0x00000000 | 0x00000000
[SYS] Heartbeats       | 0x0197478d | N/A        | N/A
[SYS] Counts           | 0x00000000 | N/A        | 0x00000000
[SYS] Drops            | 0x00000000 | N/A        | 0x00000000
[SYS] ------------------------ VSPAs ---------------------------
[SYS]                  | 0          | 1          | 2
[SYS] Error            | 0x00000000 | 0x00000000 | 0x00000000
[SYS] SYM WR           | 0x0000001e | N/A        | 0x0000000e
[SYS] SYM RD           | 0x0000001e | N/A        | 0x0000000e
[SYS] CMD WR           | 0x00000000 | 0x00000005 | 0x00000005
[SYS] CMD RD           | 0x00000000 | 0x00000005 | 0x00000005
[SYS] ------------------------ Info ----------------------------
[SYS]                  | Downlink           | Uplink
[SYS] RF / fine Gain   |     17 /   -1.7    | 0x42
[SYS] PwrAvg(dBFs/dBm) | N/A                | N/A
[SYS] PwrMax(dBFS)     | N/A                | N/A
[SYS] Showtime 65 seconds

[SYS] ------------------------ Data Direction -------------------
[SYS]                  | Downlink           | Uplink
[SYS] CPlane Total     | 0x0000000000000000 | 0x0000000000000000
[SYS] CPlane OnTime    | 0x0000000000000000 | 0x0000000000000000
[SYS] CPlane Early     | 0x0000000000000000 | 0x0000000000000000
[SYS] CPlane Late      | 0x0000000000000000 | 0x0000000000000000
[SYS] CPlane Corrupt   | 0x0000000000000000 | 0x0000000000000000
[SYS] UPlane Total     | 0x0000000000000000 | 0x0000000000000000
[SYS] UPlane OnTime    | 0x0000000000000000 | N/A
[SYS] UPlane Ealry     | 0x0000000000000000 | N/A
[SYS] UPlane Late      | 0x0000000000000000 | N/A
[SYS] UPlane Corrupt   | 0x0000000000000000 | N/A
[SYS] Eth Pkt Good     | 0x00000751         | 0x000013fa
[SYS] Eth Pkt Drop     | 0x00000000         | 0x00000000
[SYS] AXIQ status      | 0x00000303         | 0x00010101
[SYS] ------------------------ Tasks ---------------------------
[SYS]                  | UP         | CP         | RT
[SYS] Error            | 0x00000000 | 0x00000000 | 0x00000000
[SYS] Heartbeats       | 0x019d826f | N/A        | N/A
[SYS] Counts           | 0x00000000 | N/A        | 0x00000000
[SYS] Drops            | 0x00000000 | N/A        | 0x00000000
[SYS] ------------------------ VSPAs ---------------------------
[SYS]                  | 0          | 1          | 2
[SYS] Error            | 0x00000000 | 0x00000000 | 0x00000000
[SYS] SYM WR           | 0x0000001e | N/A        | 0x0000000e
[SYS] SYM RD           | 0x0000001e | N/A        | 0x0000000e
[SYS] CMD WR           | 0x00000000 | 0x00000005 | 0x00000005
[SYS] CMD RD           | 0x00000000 | 0x00000005 | 0x00000005
[SYS] ------------------------ Info ----------------------------
[SYS]                  | Downlink           | Uplink
[SYS] RF / fine Gain   |     17 /   -1.7    | 0x42
[SYS] PwrAvg(dBFs/dBm) | N/A                | N/A
[SYS] PwrMax(dBFS)     | N/A                | N/A
[SYS] Showtime 66 seconds

[SYS] ------------------------ Data Direction -------------------
[SYS]                  | Downlink           | Uplink
[SYS] CPlane Total     | 0x0000000000000000 | 0x0000000000000000
[SYS] CPlane OnTime    | 0x0000000000000000 | 0x0000000000000000
[SYS] CPlane Early     | 0x0000000000000000 | 0x0000000000000000
[SYS] CPlane Late      | 0x0000000000000000 | 0x0000000000000000
[SYS] CPlane Corrupt   | 0x0000000000000000 | 0x0000000000000000
[SYS] UPlane Total     | 0x0000000000000000 | 0x0000000000000000
[SYS] UPlane OnTime    | 0x0000000000000000 | N/A
[SYS] UPlane Ealry     | 0x0000000000000000 | N/A
[SYS] UPlane Late      | 0x0000000000000000 | N/A
[SYS] UPlane Corrupt   | 0x0000000000000000 | N/A
[SYS] Eth Pkt Good     | 0x00000752         | 0x0000141d
[SYS] Eth Pkt Drop     | 0x00000000         | 0x00000000
[SYS] AXIQ status      | 0x00000303         | 0x00010101
[SYS] ------------------------ Tasks ---------------------------
[SYS]                  | UP         | CP         | RT
[SYS] Error            | 0x00000000 | 0x00000000 | 0x00000000
[SYS] Heartbeats       | 0x01a3bd65 | N/A        | N/A
[SYS] Counts           | 0x00000000 | N/A        | 0x00000000
[SYS] Drops            | 0x00000000 | N/A        | 0x00000000
[SYS] ------------------------ VSPAs ---------------------------
[SYS]                  | 0          | 1          | 2
[SYS] Error            | 0x00000000 | 0x00000000 | 0x00000000
[SYS] SYM WR           | 0x0000001e | N/A        | 0x0000000e
[SYS] SYM RD           | 0x0000001e | N/A        | 0x0000000e
[SYS] CMD WR           | 0x00000000 | 0x00000005 | 0x00000005
[SYS] CMD RD           | 0x00000000 | 0x00000005 | 0x00000005
[SYS] ------------------------ Info ----------------------------
[SYS]                  | Downlink           | Uplink
[SYS] RF / fine Gain   |     17 /   -1.7    | 0x42
[SYS] PwrAvg(dBFs/dBm) | N/A                | N/A
[SYS] PwrMax(dBFS)     | N/A                | N/A
[SYS] Showtime 67 seconds

[SYS] ------------------------ Data Direction -------------------
[SYS]                  | Downlink           | Uplink
[SYS] CPlane Total     | 0x0000000000000000 | 0x0000000000000000
[SYS] CPlane OnTime    | 0x0000000000000000 | 0x0000000000000000
[SYS] CPlane Early     | 0x0000000000000000 | 0x0000000000000000
[SYS] CPlane Late      | 0x0000000000000000 | 0x0000000000000000
[SYS] CPlane Corrupt   | 0x0000000000000000 | 0x0000000000000000
[SYS] UPlane Total     | 0x0000000000000000 | 0x0000000000000000
[SYS] UPlane OnTime    | 0x0000000000000000 | N/A
[SYS] UPlane Ealry     | 0x0000000000000000 | N/A
[SYS] UPlane Late      | 0x0000000000000000 | N/A
[SYS] UPlane Corrupt   | 0x0000000000000000 | N/A
[SYS] Eth Pkt Good     | 0x00000754         | 0x00001441
[SYS] Eth Pkt Drop     | 0x00000000         | 0x00000000
[SYS] AXIQ status      | 0x00000303         | 0x00010101
[SYS] ------------------------ Tasks ---------------------------
[SYS]                  | UP         | CP         | RT
[SYS] Error            | 0x00000000 | 0x00000000 | 0x00000000
[SYS] Heartbeats       | 0x01a9fb24 | N/A        | N/A
[SYS] Counts           | 0x00000000 | N/A        | 0x00000000
[SYS] Drops            | 0x00000000 | N/A        | 0x00000000
[SYS] ------------------------ VSPAs ---------------------------
[SYS]                  | 0          | 1          | 2
[SYS] Error            | 0x00000000 | 0x00000000 | 0x00000000
[SYS] SYM WR           | 0x0000001e | N/A        | 0x0000000e
[SYS] SYM RD           | 0x0000001e | N/A        | 0x0000000e
[SYS] CMD WR           | 0x00000000 | 0x00000005 | 0x00000005
[SYS] CMD RD           | 0x00000000 | 0x00000005 | 0x00000005
[SYS] ------------------------ Info ----------------------------
[SYS]                  | Downlink           | Uplink
[SYS] RF / fine Gain   |     17 /   -1.7    | 0x42
[SYS] PwrAvg(dBFs/dBm) | N/A                | N/A
[SYS] PwrMax(dBFS)     | N/A                | N/A
[SYS] Showtime 68 seconds

[SYS] ------------------------ Data Direction -------------------
[SYS]                  | Downlink           | Uplink
[SYS] CPlane Total     | 0x0000000000000000 | 0x0000000000000000
[SYS] CPlane OnTime    | 0x0000000000000000 | 0x0000000000000000
[SYS] CPlane Early     | 0x0000000000000000 | 0x0000000000000000
[SYS] CPlane Late      | 0x0000000000000000 | 0x0000000000000000
[SYS] CPlane Corrupt   | 0x0000000000000000 | 0x0000000000000000
[SYS] UPlane Total     | 0x0000000000000000 | 0x0000000000000000
[SYS] UPlane OnTime    | 0x0000000000000000 | N/A
[SYS] UPlane Ealry     | 0x0000000000000000 | N/A
[SYS] UPlane Late      | 0x0000000000000000 | N/A
[SYS] UPlane Corrupt   | 0x0000000000000000 | N/A
[SYS] Eth Pkt Good     | 0x00000755         | 0x00001464
[SYS] Eth Pkt Drop     | 0x00000000         | 0x00000000
[SYS] AXIQ status      | 0x00000303         | 0x00010101
[SYS] ------------------------ Tasks ---------------------------
[SYS]                  | UP         | CP         | RT
[SYS] Error            | 0x00000000 | 0x00000000 | 0x00000000
[SYS] Heartbeats       | 0x01b0360f | N/A        | N/A
[SYS] Counts           | 0x00000000 | N/A        | 0x00000000
[SYS] Drops            | 0x00000000 | N/A        | 0x00000000
[SYS] ------------------------ VSPAs ---------------------------
[SYS]                  | 0          | 1          | 2
[SYS] Error            | 0x00000000 | 0x00000000 | 0x00000000
[SYS] SYM WR           | 0x0000001e | N/A        | 0x0000000e
[SYS] SYM RD           | 0x0000001e | N/A        | 0x0000000e
[SYS] CMD WR           | 0x00000000 | 0x00000005 | 0x00000005
[SYS] CMD RD           | 0x00000000 | 0x00000005 | 0x00000005
[SYS] ------------------------ Info ----------------------------
[SYS]                  | Downlink           | Uplink
[SYS] RF / fine Gain   |     17 /   -1.7    | 0x42
[SYS] PwrAvg(dBFs/dBm) | N/A                | N/A
[SYS] PwrMax(dBFS)     | N/A                | N/A
[SYS] Showtime 69 seconds

[SYS] ------------------------ Data Direction -------------------
[SYS]                  | Downlink           | Uplink
[SYS] CPlane Total     | 0x0000000000000000 | 0x0000000000000000
[SYS] CPlane OnTime    | 0x0000000000000000 | 0x0000000000000000
[SYS] CPlane Early     | 0x0000000000000000 | 0x0000000000000000
[SYS] CPlane Late      | 0x0000000000000000 | 0x0000000000000000
[SYS] CPlane Corrupt   | 0x0000000000000000 | 0x0000000000000000
[SYS] UPlane Total     | 0x0000000000000000 | 0x0000000000000000
[SYS] UPlane OnTime    | 0x0000000000000000 | N/A
[SYS] UPlane Ealry     | 0x0000000000000000 | N/A
[SYS] UPlane Late      | 0x0000000000000000 | N/A
[SYS] UPlane Corrupt   | 0x0000000000000000 | N/A
[SYS] Eth Pkt Good     | 0x00000757         | 0x00001488
[SYS] Eth Pkt Drop     | 0x00000000         | 0x00000000
[SYS] AXIQ status      | 0x00000303         | 0x00010101
[SYS] ------------------------ Tasks ---------------------------
[SYS]                  | UP         | CP         | RT
[SYS] Error            | 0x00000000 | 0x00000000 | 0x00000000
[SYS] Heartbeats       | 0x01b670f4 | N/A        | N/A
[SYS] Counts           | 0x00000000 | N/A        | 0x00000000
[SYS] Drops            | 0x00000000 | N/A        | 0x00000000
[SYS] ------------------------ VSPAs ---------------------------
[SYS]                  | 0          | 1          | 2
[SYS] Error            | 0x00000000 | 0x00000000 | 0x00000000
[SYS] SYM WR           | 0x0000001e | N/A        | 0x0000000e
[SYS] SYM RD           | 0x0000001e | N/A        | 0x0000000e
[SYS] CMD WR           | 0x00000000 | 0x00000005 | 0x00000005
[SYS] CMD RD           | 0x00000000 | 0x00000005 | 0x00000005
[SYS] ------------------------ Info ----------------------------
[SYS]                  | Downlink           | Uplink
[SYS] RF / fine Gain   |     17 /   -1.7    | 0x42
[SYS] PwrAvg(dBFs/dBm) | N/A                | N/A
[SYS] PwrMax(dBFS)     | N/A                | N/A
[SYS] Showtime 70 seconds

[SYS] ------------------------ Data Direction -------------------
[SYS]                  | Downlink           | Uplink
[SYS] CPlane Total     | 0x0000000000000000 | 0x0000000000000000
[SYS] CPlane OnTime    | 0x0000000000000000 | 0x0000000000000000
[SYS] CPlane Early     | 0x0000000000000000 | 0x0000000000000000
[SYS] CPlane Late      | 0x0000000000000000 | 0x0000000000000000
[SYS] CPlane Corrupt   | 0x0000000000000000 | 0x0000000000000000
[SYS] UPlane Total     | 0x0000000000000000 | 0x0000000000000000
[SYS] UPlane OnTime    | 0x0000000000000000 | N/A
[SYS] UPlane Ealry     | 0x0000000000000000 | N/A
[SYS] UPlane Late      | 0x0000000000000000 | N/A
[SYS] UPlane Corrupt   | 0x0000000000000000 | N/A
[SYS] Eth Pkt Good     | 0x00000758         | 0x000014ab
[SYS] Eth Pkt Drop     | 0x00000000         | 0x00000000
[SYS] AXIQ status      | 0x00000303         | 0x00010101
[SYS] ------------------------ Tasks ---------------------------
[SYS]                  | UP         | CP         | RT
[SYS] Error            | 0x00000000 | 0x00000000 | 0x00000000
[SYS] Heartbeats       | 0x01bcabf7 | N/A        | N/A
[SYS] Counts           | 0x00000000 | N/A        | 0x00000000
[SYS] Drops            | 0x00000000 | N/A        | 0x00000000
[SYS] ------------------------ VSPAs ---------------------------
[SYS]                  | 0          | 1          | 2
[SYS] Error            | 0x00000000 | 0x00000000 | 0x00000000
[SYS] SYM WR           | 0x0000001e | N/A        | 0x0000000e
[SYS] SYM RD           | 0x0000001e | N/A        | 0x0000000e
[SYS] CMD WR           | 0x00000000 | 0x00000005 | 0x00000005
[SYS] CMD RD           | 0x00000000 | 0x00000005 | 0x00000005
[SYS] ------------------------ Info ----------------------------
[SYS]                  | Downlink           | Uplink
[SYS] RF / fine Gain   |     17 /   -1.7    | 0x42
[SYS] PwrAvg(dBFs/dBm) | N/A                | N/A
[SYS] PwrMax(dBFS)     | N/A                | N/A
[SYS] Showtime 71 seconds

[SYS] ------------------------ Data Direction -------------------
[SYS]                  | Downlink           | Uplink
[SYS] CPlane Total     | 0x0000000000000000 | 0x0000000000000000
[SYS] CPlane OnTime    | 0x0000000000000000 | 0x0000000000000000
[SYS] CPlane Early     | 0x0000000000000000 | 0x0000000000000000
[SYS] CPlane Late      | 0x0000000000000000 | 0x0000000000000000
[SYS] CPlane Corrupt   | 0x0000000000000000 | 0x0000000000000000
[SYS] UPlane Total     | 0x0000000000000000 | 0x0000000000000000
[SYS] UPlane OnTime    | 0x0000000000000000 | N/A
[SYS] UPlane Ealry     | 0x0000000000000000 | N/A
[SYS] UPlane Late      | 0x0000000000000000 | N/A
[SYS] UPlane Corrupt   | 0x0000000000000000 | N/A
[SYS] Eth Pkt Good     | 0x00000759         | 0x000014ce
[SYS] Eth Pkt Drop     | 0x00000000         | 0x00000000
[SYS] AXIQ status      | 0x00000303         | 0x00010101
[SYS] ------------------------ Tasks ---------------------------
[SYS]                  | UP         | CP         | RT
[SYS] Error            | 0x00000000 | 0x00000000 | 0x00000000
[SYS] Heartbeats       | 0x01c2e9b2 | N/A        | N/A
[SYS] Counts           | 0x00000000 | N/A        | 0x00000000
[SYS] Drops            | 0x00000000 | N/A        | 0x00000000
[SYS] ------------------------ VSPAs ---------------------------
[SYS]                  | 0          | 1          | 2
[SYS] Error            | 0x00000000 | 0x00000000 | 0x00000000
[SYS] SYM WR           | 0x0000001e | N/A        | 0x0000000e
[SYS] SYM RD           | 0x0000001e | N/A        | 0x0000000e
[SYS] CMD WR           | 0x00000000 | 0x00000005 | 0x00000005
[SYS] CMD RD           | 0x00000000 | 0x00000005 | 0x00000005
[SYS] ------------------------ Info ----------------------------
[SYS]                  | Downlink           | Uplink
[SYS] RF / fine Gain   |     17 /   -1.7    | 0x42
[SYS] PwrAvg(dBFs/dBm) | N/A                | N/A
[SYS] PwrMax(dBFS)     | N/A                | N/A
[SYS] Showtime 72 seconds

[SYS] ------------------------ Data Direction -------------------
[SYS]                  | Downlink           | Uplink
[SYS] CPlane Total     | 0x0000000000000000 | 0x0000000000000000
[SYS] CPlane OnTime    | 0x0000000000000000 | 0x0000000000000000
[SYS] CPlane Early     | 0x0000000000000000 | 0x0000000000000000
[SYS] CPlane Late      | 0x0000000000000000 | 0x0000000000000000
[SYS] CPlane Corrupt   | 0x0000000000000000 | 0x0000000000000000
[SYS] UPlane Total     | 0x0000000000000000 | 0x0000000000000000
[SYS] UPlane OnTime    | 0x0000000000000000 | N/A
[SYS] UPlane Ealry     | 0x0000000000000000 | N/A
[SYS] UPlane Late      | 0x0000000000000000 | N/A
[SYS] UPlane Corrupt   | 0x0000000000000000 | N/A
[SYS] Eth Pkt Good     | 0x0000075b         | 0x000014f2
[SYS] Eth Pkt Drop     | 0x00000000         | 0x00000000
[SYS] AXIQ status      | 0x00000303         | 0x00010101
[SYS] ------------------------ Tasks ---------------------------
[SYS]                  | UP         | CP         | RT
[SYS] Error            | 0x00000000 | 0x00000000 | 0x00000000
[SYS] Heartbeats       | 0x01c92494 | N/A        | N/A
[SYS] Counts           | 0x00000000 | N/A        | 0x00000000
[SYS] Drops            | 0x00000000 | N/A        | 0x00000000
[SYS] ------------------------ VSPAs ---------------------------
[SYS]                  | 0          | 1          | 2
[SYS] Error            | 0x00000000 | 0x00000000 | 0x00000000
[SYS] SYM WR           | 0x0000001e | N/A        | 0x0000000e
[SYS] SYM RD           | 0x0000001e | N/A        | 0x0000000e
[SYS] CMD WR           | 0x00000000 | 0x00000005 | 0x00000005
[SYS] CMD RD           | 0x00000000 | 0x00000005 | 0x00000005
[SYS] ------------------------ Info ----------------------------
[SYS]                  | Downlink           | Uplink
[SYS] RF / fine Gain   |     17 /   -1.7    | 0x42
[SYS] PwrAvg(dBFs/dBm) | N/A                | N/A
[SYS] PwrMax(dBFS)     | N/A                | N/A
[SYS] Showtime 73 seconds

[SYS] ------------------------ Data Direction -------------------
[SYS]                  | Downlink           | Uplink
[SYS] CPlane Total     | 0x0000000000000000 | 0x0000000000000000
[SYS] CPlane OnTime    | 0x0000000000000000 | 0x0000000000000000
[SYS] CPlane Early     | 0x0000000000000000 | 0x0000000000000000
[SYS] CPlane Late      | 0x0000000000000000 | 0x0000000000000000
[SYS] CPlane Corrupt   | 0x0000000000000000 | 0x0000000000000000
[SYS] UPlane Total     | 0x0000000000000000 | 0x0000000000000000
[SYS] UPlane OnTime    | 0x0000000000000000 | N/A
[SYS] UPlane Ealry     | 0x0000000000000000 | N/A
[SYS] UPlane Late      | 0x0000000000000000 | N/A
[SYS] UPlane Corrupt   | 0x0000000000000000 | N/A
[SYS] Eth Pkt Good     | 0x0000075c         | 0x00001515
[SYS] Eth Pkt Drop     | 0x00000000         | 0x00000000
[SYS] AXIQ status      | 0x00000303         | 0x00010101
[SYS] ------------------------ Tasks ---------------------------
[SYS]                  | UP         | CP         | RT
[SYS] Error            | 0x00000000 | 0x00000000 | 0x00000000
[SYS] Heartbeats       | 0x01cf5f93 | N/A        | N/A
[SYS] Counts           | 0x00000000 | N/A        | 0x00000000
[SYS] Drops            | 0x00000000 | N/A        | 0x00000000
[SYS] ------------------------ VSPAs ---------------------------
[SYS]                  | 0          | 1          | 2
[SYS] Error            | 0x00000000 | 0x00000000 | 0x00000000
[SYS] SYM WR           | 0x0000001e | N/A        | 0x0000000e
[SYS] SYM RD           | 0x0000001e | N/A        | 0x0000000e
[SYS] CMD WR           | 0x00000000 | 0x00000005 | 0x00000005
[SYS] CMD RD           | 0x00000000 | 0x00000005 | 0x00000005
[SYS] ------------------------ Info ----------------------------
[SYS]                  | Downlink           | Uplink
[SYS] RF / fine Gain   |     17 /   -1.7    | 0x42
[SYS] PwrAvg(dBFs/dBm) | N/A                | N/A
[SYS] PwrMax(dBFS)     | N/A                | N/A
[SYS] Showtime 74 seconds

[SYS] ------------------------ Data Direction -------------------
[SYS]                  | Downlink           | Uplink
[SYS] CPlane Total     | 0x0000000000000000 | 0x0000000000000000
[SYS] CPlane OnTime    | 0x0000000000000000 | 0x0000000000000000
[SYS] CPlane Early     | 0x0000000000000000 | 0x0000000000000000
[SYS] CPlane Late      | 0x0000000000000000 | 0x0000000000000000
[SYS] CPlane Corrupt   | 0x0000000000000000 | 0x0000000000000000
[SYS] UPlane Total     | 0x0000000000000000 | 0x0000000000000000
[SYS] UPlane OnTime    | 0x0000000000000000 | N/A
[SYS] UPlane Ealry     | 0x0000000000000000 | N/A
[SYS] UPlane Late      | 0x0000000000000000 | N/A
[SYS] UPlane Corrupt   | 0x0000000000000000 | N/A
[SYS] Eth Pkt Good     | 0x0000075e         | 0x00001539
[SYS] Eth Pkt Drop     | 0x00000000         | 0x00000000
[SYS] AXIQ status      | 0x00000303         | 0x00010101
[SYS] ------------------------ Tasks ---------------------------
[SYS]                  | UP         | CP         | RT
[SYS] Error            | 0x00000000 | 0x00000000 | 0x00000000
[SYS] Heartbeats       | 0x01d59d58 | N/A        | N/A
[SYS] Counts           | 0x00000000 | N/A        | 0x00000000
[SYS] Drops            | 0x00000000 | N/A        | 0x00000000
[SYS] ------------------------ VSPAs ---------------------------
[SYS]                  | 0          | 1          | 2
[SYS] Error            | 0x00000000 | 0x00000000 | 0x00000000
[SYS] SYM WR           | 0x0000001e | N/A        | 0x0000000e
[SYS] SYM RD           | 0x0000001e | N/A        | 0x0000000e
[SYS] CMD WR           | 0x00000000 | 0x00000005 | 0x00000005
[SYS] CMD RD           | 0x00000000 | 0x00000005 | 0x00000005
[SYS] ------------------------ Info ----------------------------
[SYS]                  | Downlink           | Uplink
[SYS] RF / fine Gain   |     17 /   -1.7    | 0x42
[SYS] PwrAvg(dBFs/dBm) | N/A                | N/A
[SYS] PwrMax(dBFS)     | N/A                | N/A
[SYS] Showtime 75 seconds

[SYS] ------------------------ Data Direction -------------------
[SYS]                  | Downlink           | Uplink
[SYS] CPlane Total     | 0x0000000000000000 | 0x0000000000000000
[SYS] CPlane OnTime    | 0x0000000000000000 | 0x0000000000000000
[SYS] CPlane Early     | 0x0000000000000000 | 0x0000000000000000
[SYS] CPlane Late      | 0x0000000000000000 | 0x0000000000000000
[SYS] CPlane Corrupt   | 0x0000000000000000 | 0x0000000000000000
[SYS] UPlane Total     | 0x0000000000000000 | 0x0000000000000000
[SYS] UPlane OnTime    | 0x0000000000000000 | N/A
[SYS] UPlane Ealry     | 0x0000000000000000 | N/A
[SYS] UPlane Late      | 0x0000000000000000 | N/A
[SYS] UPlane Corrupt   | 0x0000000000000000 | N/A
[SYS] Eth Pkt Good     | 0x0000075f         | 0x0000155c
[SYS] Eth Pkt Drop     | 0x00000000         | 0x00000000
[SYS] AXIQ status      | 0x00000303         | 0x00010101
[SYS] ------------------------ Tasks ---------------------------
[SYS]                  | UP         | CP         | RT
[SYS] Error            | 0x00000000 | 0x00000000 | 0x00000000
[SYS] Heartbeats       | 0x01dbd839 | N/A        | N/A
[SYS] Counts           | 0x00000000 | N/A        | 0x00000000
[SYS] Drops            | 0x00000000 | N/A        | 0x00000000
[SYS] ------------------------ VSPAs ---------------------------
[SYS]                  | 0          | 1          | 2
[SYS] Error            | 0x00000000 | 0x00000000 | 0x00000000
[SYS] SYM WR           | 0x0000001e | N/A        | 0x0000000e
[SYS] SYM RD           | 0x0000001e | N/A        | 0x0000000e
[SYS] CMD WR           | 0x00000000 | 0x00000005 | 0x00000005
[SYS] CMD RD           | 0x00000000 | 0x00000005 | 0x00000005
[SYS] ------------------------ Info ----------------------------
[SYS]                  | Downlink           | Uplink
[SYS] RF / fine Gain   |     17 /   -1.7    | 0x42
[SYS] PwrAvg(dBFs/dBm) | N/A                | N/A
[SYS] PwrMax(dBFS)     | N/A                | N/A
[SYS] Showtime 76 seconds

[SYS] ------------------------ Data Direction -------------------
[SYS]                  | Downlink           | Uplink
[SYS] CPlane Total     | 0x0000000000000000 | 0x0000000000000000
[SYS] CPlane OnTime    | 0x0000000000000000 | 0x0000000000000000
[SYS] CPlane Early     | 0x0000000000000000 | 0x0000000000000000
[SYS] CPlane Late      | 0x0000000000000000 | 0x0000000000000000
[SYS] CPlane Corrupt   | 0x0000000000000000 | 0x0000000000000000
[SYS] UPlane Total     | 0x0000000000000000 | 0x0000000000000000
[SYS] UPlane OnTime    | 0x0000000000000000 | N/A
[SYS] UPlane Ealry     | 0x0000000000000000 | N/A
[SYS] UPlane Late      | 0x0000000000000000 | N/A
[SYS] UPlane Corrupt   | 0x0000000000000000 | N/A
[SYS] Eth Pkt Good     | 0x0000077c         | 0x0000159a
[SYS] Eth Pkt Drop     | 0x00000000         | 0x00000000
[SYS] AXIQ status      | 0x00000303         | 0x00010101
[SYS] ------------------------ Tasks ---------------------------
[SYS]                  | UP         | CP         | RT
[SYS] Error            | 0x00000000 | 0x00000000 | 0x00000000
[SYS] Heartbeats       | 0x01e2130f | N/A        | N/A
[SYS] Counts           | 0x00000000 | N/A        | 0x00000000
[SYS] Drops            | 0x00000000 | N/A        | 0x00000000
[SYS] ------------------------ VSPAs ---------------------------
[SYS]                  | 0          | 1          | 2
[SYS] Error            | 0x00000000 | 0x00000000 | 0x00000000
[SYS] SYM WR           | 0x0000001e | N/A        | 0x0000000e
[SYS] SYM RD           | 0x0000001e | N/A        | 0x0000000e
[SYS] CMD WR           | 0x00000000 | 0x00000005 | 0x00000005
[SYS] CMD RD           | 0x00000000 | 0x00000005 | 0x00000005
[SYS] ------------------------ Info ----------------------------
[SYS]                  | Downlink           | Uplink
[SYS] RF / fine Gain   |     17 /   -1.7    | 0x42
[SYS] PwrAvg(dBFs/dBm) | N/A                | N/A
[SYS] PwrMax(dBFS)     | N/A                | N/A
[SYS] Showtime 77 seconds

[SYS] ------------------------ Data Direction -------------------
[SYS]                  | Downlink           | Uplink
[SYS] CPlane Total     | 0x0000000000000000 | 0x0000000000000000
[SYS] CPlane OnTime    | 0x0000000000000000 | 0x0000000000000000
[SYS] CPlane Early     | 0x0000000000000000 | 0x0000000000000000
[SYS] CPlane Late      | 0x0000000000000000 | 0x0000000000000000
[SYS] CPlane Corrupt   | 0x0000000000000000 | 0x0000000000000000
[SYS] UPlane Total     | 0x0000000000000000 | 0x0000000000000000
[SYS] UPlane OnTime    | 0x0000000000000000 | N/A
[SYS] UPlane Ealry     | 0x0000000000000000 | N/A
[SYS] UPlane Late      | 0x0000000000000000 | N/A
[SYS] UPlane Corrupt   | 0x0000000000000000 | N/A
[SYS] Eth Pkt Good     | 0x00000780         | 0x000015c1
[SYS] Eth Pkt Drop     | 0x00000000         | 0x00000000
[SYS] AXIQ status      | 0x00000303         | 0x00010101
[SYS] ------------------------ Tasks ---------------------------
[SYS]                  | UP         | CP         | RT
[SYS] Error            | 0x00000000 | 0x00000000 | 0x00000000
[SYS] Heartbeats       | 0x01e85a27 | N/A        | N/A
[SYS] Counts           | 0x00000000 | N/A        | 0x00000000
[SYS] Drops            | 0x00000000 | N/A        | 0x00000000
[SYS] ------------------------ VSPAs ---------------------------
[SYS]                  | 0          | 1          | 2
[SYS] Error            | 0x00000000 | 0x00000000 | 0x00000000
[SYS] SYM WR           | 0x0000001e | N/A        | 0x0000000e
[SYS] SYM RD           | 0x0000001e | N/A        | 0x0000000e
[SYS] CMD WR           | 0x00000000 | 0x00000005 | 0x00000005
[SYS] CMD RD           | 0x00000000 | 0x00000005 | 0x00000005
[SYS] ------------------------ Info ----------------------------
[SYS]                  | Downlink           | Uplink
[SYS] RF / fine Gain   |     17 /   -1.7    | 0x42
[SYS] PwrAvg(dBFs/dBm) | N/A                | N/A
[SYS] PwrMax(dBFS)     | N/A                | N/A
[SYS] Showtime 78 seconds

[SYS] ------------------------ Data Direction -------------------
[SYS]                  | Downlink           | Uplink
[SYS] CPlane Total     | 0x0000000000000000 | 0x0000000000000000
[SYS] CPlane OnTime    | 0x0000000000000000 | 0x0000000000000000
[SYS] CPlane Early     | 0x0000000000000000 | 0x0000000000000000
[SYS] CPlane Late      | 0x0000000000000000 | 0x0000000000000000
[SYS] CPlane Corrupt   | 0x0000000000000000 | 0x0000000000000000
[SYS] UPlane Total     | 0x0000000000000000 | 0x0000000000000000
[SYS] UPlane OnTime    | 0x0000000000000000 | N/A
[SYS] UPlane Ealry     | 0x0000000000000000 | N/A
[SYS] UPlane Late      | 0x0000000000000000 | N/A
[SYS] UPlane Corrupt   | 0x0000000000000000 | N/A
[SYS] Eth Pkt Good     | 0x00000781         | 0x000015e4
[SYS] Eth Pkt Drop     | 0x00000000         | 0x00000000
[SYS] AXIQ status      | 0x00000303         | 0x00010101
[SYS] ------------------------ Tasks ---------------------------
[SYS]                  | UP         | CP         | RT
[SYS] Error            | 0x00000000 | 0x00000000 | 0x00000000
[SYS] Heartbeats       | 0x01ee96e6 | N/A        | N/A
[SYS] Counts           | 0x00000000 | N/A        | 0x00000000
[SYS] Drops            | 0x00000000 | N/A        | 0x00000000
[SYS] ------------------------ VSPAs ---------------------------
[SYS]                  | 0          | 1          | 2
[SYS] Error            | 0x00000000 | 0x00000000 | 0x00000000
[SYS] SYM WR           | 0x0000001e | N/A        | 0x0000000e
[SYS] SYM RD           | 0x0000001e | N/A        | 0x0000000e
[SYS] CMD WR           | 0x00000000 | 0x00000005 | 0x00000005
[SYS] CMD RD           | 0x00000000 | 0x00000005 | 0x00000005
[SYS] ------------------------ Info ----------------------------
[SYS]                  | Downlink           | Uplink
[SYS] RF / fine Gain   |     17 /   -1.7    | 0x42
[SYS] PwrAvg(dBFs/dBm) | N/A                | N/A
[SYS] PwrMax(dBFS)     | N/A                | N/A
[SYS] Showtime 79 seconds

[SYS] ------------------------ Data Direction -------------------
[SYS]                  | Downlink           | Uplink
[SYS] CPlane Total     | 0x0000000000000000 | 0x0000000000000000
[SYS] CPlane OnTime    | 0x0000000000000000 | 0x0000000000000000
[SYS] CPlane Early     | 0x0000000000000000 | 0x0000000000000000
[SYS] CPlane Late      | 0x0000000000000000 | 0x0000000000000000
[SYS] CPlane Corrupt   | 0x0000000000000000 | 0x0000000000000000
[SYS] UPlane Total     | 0x0000000000000000 | 0x0000000000000000
[SYS] UPlane OnTime    | 0x0000000000000000 | N/A
[SYS] UPlane Ealry     | 0x0000000000000000 | N/A
[SYS] UPlane Late      | 0x0000000000000000 | N/A
[SYS] UPlane Corrupt   | 0x0000000000000000 | N/A
[SYS] Eth Pkt Good     | 0x00000783         | 0x00001608
[SYS] Eth Pkt Drop     | 0x00000000         | 0x00000000
[SYS] AXIQ status      | 0x00000303         | 0x00010101
[SYS] ------------------------ Tasks ---------------------------
[SYS]                  | UP         | CP         | RT
[SYS] Error            | 0x00000000 | 0x00000000 | 0x00000000
[SYS] Heartbeats       | 0x01f4d1c1 | N/A        | N/A
[SYS] Counts           | 0x00000000 | N/A        | 0x00000000
[SYS] Drops            | 0x00000000 | N/A        | 0x00000000
[SYS] ------------------------ VSPAs ---------------------------
[SYS]                  | 0          | 1          | 2
[SYS] Error            | 0x00000000 | 0x00000000 | 0x00000000
[SYS] SYM WR           | 0x0000001e | N/A        | 0x0000000e
[SYS] SYM RD           | 0x0000001e | N/A        | 0x0000000e
[SYS] CMD WR           | 0x00000000 | 0x00000005 | 0x00000005
[SYS] CMD RD           | 0x00000000 | 0x00000005 | 0x00000005
[SYS] ------------------------ Info ----------------------------
[SYS]                  | Downlink           | Uplink
[SYS] RF / fine Gain   |     17 /   -1.7    | 0x42
[SYS] PwrAvg(dBFs/dBm) | N/A                | N/A
[SYS] PwrMax(dBFS)     | N/A                | N/A
[SYS] Showtime 80 seconds

[SYS] ------------------------ Data Direction -------------------
[SYS]                  | Downlink           | Uplink
[SYS] CPlane Total     | 0x0000000000000000 | 0x0000000000000000
[SYS] CPlane OnTime    | 0x0000000000000000 | 0x0000000000000000
[SYS] CPlane Early     | 0x0000000000000000 | 0x0000000000000000
[SYS] CPlane Late      | 0x0000000000000000 | 0x0000000000000000
[SYS] CPlane Corrupt   | 0x0000000000000000 | 0x0000000000000000
[SYS] UPlane Total     | 0x0000000000000000 | 0x0000000000000000
[SYS] UPlane OnTime    | 0x0000000000000000 | N/A
[SYS] UPlane Ealry     | 0x0000000000000000 | N/A
[SYS] UPlane Late      | 0x0000000000000000 | N/A
[SYS] UPlane Corrupt   | 0x0000000000000000 | N/A
[SYS] Eth Pkt Good     | 0x00000784         | 0x0000162b
[SYS] Eth Pkt Drop     | 0x00000000         | 0x00000000
[SYS] AXIQ status      | 0x00000303         | 0x00010101
[SYS] ------------------------ Tasks ---------------------------
[SYS]                  | UP         | CP         | RT
[SYS] Error            | 0x00000000 | 0x00000000 | 0x00000000
[SYS] Heartbeats       | 0x01fb0cba | N/A        | N/A
[SYS] Counts           | 0x00000000 | N/A        | 0x00000000
[SYS] Drops            | 0x00000000 | N/A        | 0x00000000
[SYS] ------------------------ VSPAs ---------------------------
[SYS]                  | 0          | 1          | 2
[SYS] Error            | 0x00000000 | 0x00000000 | 0x00000000
[SYS] SYM WR           | 0x0000001e | N/A        | 0x0000000e
[SYS] SYM RD           | 0x0000001e | N/A        | 0x0000000e
[SYS] CMD WR           | 0x00000000 | 0x00000005 | 0x00000005
[SYS] CMD RD           | 0x00000000 | 0x00000005 | 0x00000005
[SYS] ------------------------ Info ----------------------------
[SYS]                  | Downlink           | Uplink
[SYS] RF / fine Gain   |     17 /   -1.7    | 0x42
[SYS] PwrAvg(dBFs/dBm) | N/A                | N/A
[SYS] PwrMax(dBFS)     | N/A                | N/A
[SYS] Showtime 81 seconds

[SYS] ------------------------ Data Direction -------------------
[SYS]                  | Downlink           | Uplink
[SYS] CPlane Total     | 0x0000000000000000 | 0x0000000000000000
[SYS] CPlane OnTime    | 0x0000000000000000 | 0x0000000000000000
[SYS] CPlane Early     | 0x0000000000000000 | 0x0000000000000000
[SYS] CPlane Late      | 0x0000000000000000 | 0x0000000000000000
[SYS] CPlane Corrupt   | 0x0000000000000000 | 0x0000000000000000
[SYS] UPlane Total     | 0x0000000000000000 | 0x0000000000000000
[SYS] UPlane OnTime    | 0x0000000000000000 | N/A
[SYS] UPlane Ealry     | 0x0000000000000000 | N/A
[SYS] UPlane Late      | 0x0000000000000000 | N/A
[SYS] UPlane Corrupt   | 0x0000000000000000 | N/A
[SYS] Eth Pkt Good     | 0x00000786         | 0x0000164f
[SYS] Eth Pkt Drop     | 0x00000000         | 0x00000000
[SYS] AXIQ status      | 0x00000303         | 0x00010101
[SYS] ------------------------ Tasks ---------------------------
[SYS]                  | UP         | CP         | RT
[SYS] Error            | 0x00000000 | 0x00000000 | 0x00000000
[SYS] Heartbeats       | 0x02014a64 | N/A        | N/A
[SYS] Counts           | 0x00000000 | N/A        | 0x00000000
[SYS] Drops            | 0x00000000 | N/A        | 0x00000000
[SYS] ------------------------ VSPAs ---------------------------
[SYS]                  | 0          | 1          | 2
[SYS] Error            | 0x00000000 | 0x00000000 | 0x00000000
[SYS] SYM WR           | 0x0000001e | N/A        | 0x0000000e
[SYS] SYM RD           | 0x0000001e | N/A        | 0x0000000e
[SYS] CMD WR           | 0x00000000 | 0x00000005 | 0x00000005
[SYS] CMD RD           | 0x00000000 | 0x00000005 | 0x00000005
[SYS] ------------------------ Info ----------------------------
[SYS]                  | Downlink           | Uplink
[SYS] RF / fine Gain   |     17 /   -1.7    | 0x42
[SYS] PwrAvg(dBFs/dBm) | N/A                | N/A
[SYS] PwrMax(dBFS)     | N/A                | N/A
[SYS] Showtime 82 seconds

[SYS] ------------------------ Data Direction -------------------
[SYS]                  | Downlink           | Uplink
[SYS] CPlane Total     | 0x0000000000000000 | 0x0000000000000000
[SYS] CPlane OnTime    | 0x0000000000000000 | 0x0000000000000000
[SYS] CPlane Early     | 0x0000000000000000 | 0x0000000000000000
[SYS] CPlane Late      | 0x0000000000000000 | 0x0000000000000000
[SYS] CPlane Corrupt   | 0x0000000000000000 | 0x0000000000000000
[SYS] UPlane Total     | 0x0000000000000000 | 0x0000000000000000
[SYS] UPlane OnTime    | 0x0000000000000000 | N/A
[SYS] UPlane Ealry     | 0x0000000000000000 | N/A
[SYS] UPlane Late      | 0x0000000000000000 | N/A
[SYS] UPlane Corrupt   | 0x0000000000000000 | N/A
[SYS] Eth Pkt Good     | 0x00000787         | 0x00001672
[SYS] Eth Pkt Drop     | 0x00000000         | 0x00000000
[SYS] AXIQ status      | 0x00000303         | 0x00010101
[SYS] ------------------------ Tasks ---------------------------
[SYS]                  | UP         | CP         | RT
[SYS] Error            | 0x00000000 | 0x00000000 | 0x00000000
[SYS] Heartbeats       | 0x0207854d | N/A        | N/A
[SYS] Counts           | 0x00000000 | N/A        | 0x00000000
[SYS] Drops            | 0x00000000 | N/A        | 0x00000000
[SYS] ------------------------ VSPAs ---------------------------
[SYS]                  | 0          | 1          | 2
[SYS] Error            | 0x00000000 | 0x00000000 | 0x00000000
[SYS] SYM WR           | 0x0000001e | N/A        | 0x0000000e
[SYS] SYM RD           | 0x0000001e | N/A        | 0x0000000e
[SYS] CMD WR           | 0x00000000 | 0x00000005 | 0x00000005
[SYS] CMD RD           | 0x00000000 | 0x00000005 | 0x00000005
[SYS] ------------------------ Info ----------------------------
[SYS]                  | Downlink           | Uplink
[SYS] RF / fine Gain   |     17 /   -1.7    | 0x42
[SYS] PwrAvg(dBFs/dBm) | N/A                | N/A
[SYS] PwrMax(dBFS)     | N/A                | N/A
[SYS] Showtime 83 seconds

[SYS] ------------------------ Data Direction -------------------
[SYS]                  | Downlink           | Uplink
[SYS] CPlane Total     | 0x0000000000000000 | 0x0000000000000000
[SYS] CPlane OnTime    | 0x0000000000000000 | 0x0000000000000000
[SYS] CPlane Early     | 0x0000000000000000 | 0x0000000000000000
[SYS] CPlane Late      | 0x0000000000000000 | 0x0000000000000000
[SYS] CPlane Corrupt   | 0x0000000000000000 | 0x0000000000000000
[SYS] UPlane Total     | 0x0000000000000000 | 0x0000000000000000
[SYS] UPlane OnTime    | 0x0000000000000000 | N/A
[SYS] UPlane Ealry     | 0x0000000000000000 | N/A
[SYS] UPlane Late      | 0x0000000000000000 | N/A
[SYS] UPlane Corrupt   | 0x0000000000000000 | N/A
[SYS] Eth Pkt Good     | 0x00000789         | 0x00001696
[SYS] Eth Pkt Drop     | 0x00000000         | 0x00000000
[SYS] AXIQ status      | 0x00000303         | 0x00010101
[SYS] ------------------------ Tasks ---------------------------
[SYS]                  | UP         | CP         | RT
[SYS] Error            | 0x00000000 | 0x00000000 | 0x00000000
[SYS] Heartbeats       | 0x020dc026 | N/A        | N/A
[SYS] Counts           | 0x00000000 | N/A        | 0x00000000
[SYS] Drops            | 0x00000000 | N/A        | 0x00000000
[SYS] ------------------------ VSPAs ---------------------------
[SYS]                  | 0          | 1          | 2
[SYS] Error            | 0x00000000 | 0x00000000 | 0x00000000
[SYS] SYM WR           | 0x0000001e | N/A        | 0x0000000e
[SYS] SYM RD           | 0x0000001e | N/A        | 0x0000000e
[SYS] CMD WR           | 0x00000000 | 0x00000005 | 0x00000005
[SYS] CMD RD           | 0x00000000 | 0x00000005 | 0x00000005
[SYS] ------------------------ Info ----------------------------
[SYS]                  | Downlink           | Uplink
[SYS] RF / fine Gain   |     17 /   -1.7    | 0x42
[SYS] PwrAvg(dBFs/dBm) | N/A                | N/A
[SYS] PwrMax(dBFS)     | N/A                | N/A
[SYS] Showtime 84 seconds

[SYS] ------------------------ Data Direction -------------------
[SYS]                  | Downlink           | Uplink
[SYS] CPlane Total     | 0x0000000000000000 | 0x0000000000000000
[SYS] CPlane OnTime    | 0x0000000000000000 | 0x0000000000000000
[SYS] CPlane Early     | 0x0000000000000000 | 0x0000000000000000
[SYS] CPlane Late      | 0x0000000000000000 | 0x0000000000000000
[SYS] CPlane Corrupt   | 0x0000000000000000 | 0x0000000000000000
[SYS] UPlane Total     | 0x0000000000000000 | 0x0000000000000000
[SYS] UPlane OnTime    | 0x0000000000000000 | N/A
[SYS] UPlane Ealry     | 0x0000000000000000 | N/A
[SYS] UPlane Late      | 0x0000000000000000 | N/A
[SYS] UPlane Corrupt   | 0x0000000000000000 | N/A
[SYS] Eth Pkt Good     | 0x0000078a         | 0x000016b9
[SYS] Eth Pkt Drop     | 0x00000000         | 0x00000000
[SYS] AXIQ status      | 0x00000303         | 0x00010101
[SYS] ------------------------ Tasks ---------------------------
[SYS]                  | UP         | CP         | RT
[SYS] Error            | 0x00000000 | 0x00000000 | 0x00000000
[SYS] Heartbeats       | 0x02140539 | N/A        | N/A
[SYS] Counts           | 0x00000000 | N/A        | 0x00000000
[SYS] Drops            | 0x00000000 | N/A        | 0x00000000
[SYS] ------------------------ VSPAs ---------------------------
[SYS]                  | 0          | 1          | 2
[SYS] Error            | 0x00000000 | 0x00000000 | 0x00000000
[SYS] SYM WR           | 0x0000001e | N/A        | 0x0000000e
[SYS] SYM RD           | 0x0000001e | N/A        | 0x0000000e
[SYS] CMD WR           | 0x00000000 | 0x00000005 | 0x00000005
[SYS] CMD RD           | 0x00000000 | 0x00000005 | 0x00000005
[SYS] ------------------------ Info ----------------------------
[SYS]                  | Downlink           | Uplink
[SYS] RF / fine Gain   |     17 /   -1.7    | 0x42
[SYS] PwrAvg(dBFs/dBm) | N/A                | N/A
[SYS] PwrMax(dBFS)     | N/A                | N/A
[SYS] Showtime 85 seconds

[SYS] ------------------------ Data Direction -------------------
[SYS]                  | Downlink           | Uplink
[SYS] CPlane Total     | 0x0000000000000000 | 0x0000000000000000
[SYS] CPlane OnTime    | 0x0000000000000000 | 0x0000000000000000
[SYS] CPlane Early     | 0x0000000000000000 | 0x0000000000000000
[SYS] CPlane Late      | 0x0000000000000000 | 0x0000000000000000
[SYS] CPlane Corrupt   | 0x0000000000000000 | 0x0000000000000000
[SYS] UPlane Total     | 0x0000000000000000 | 0x0000000000000000
[SYS] UPlane OnTime    | 0x0000000000000000 | N/A
[SYS] UPlane Ealry     | 0x0000000000000000 | N/A
[SYS] UPlane Late      | 0x0000000000000000 | N/A
[SYS] UPlane Corrupt   | 0x0000000000000000 | N/A
[SYS] Eth Pkt Good     | 0x0000078b         | 0x000016dc
[SYS] Eth Pkt Drop     | 0x00000000         | 0x00000000
[SYS] AXIQ status      | 0x00000303         | 0x00010101
[SYS] ------------------------ Tasks ---------------------------
[SYS]                  | UP         | CP         | RT
[SYS] Error            | 0x00000000 | 0x00000000 | 0x00000000
[SYS] Heartbeats       | 0x021a40d8 | N/A        | N/A
[SYS] Counts           | 0x00000000 | N/A        | 0x00000000
[SYS] Drops            | 0x00000000 | N/A        | 0x00000000
[SYS] ------------------------ VSPAs ---------------------------
[SYS]                  | 0          | 1          | 2
[SYS] Error            | 0x00000000 | 0x00000000 | 0x00000000
[SYS] SYM WR           | 0x0000001e | N/A        | 0x0000000e
[SYS] SYM RD           | 0x0000001e | N/A        | 0x0000000e
[SYS] CMD WR           | 0x00000000 | 0x00000005 | 0x00000005
[SYS] CMD RD           | 0x00000000 | 0x00000005 | 0x00000005
[SYS] ------------------------ Info ----------------------------
[SYS]                  | Downlink           | Uplink
[SYS] RF / fine Gain   |     17 /   -1.7    | 0x42
[SYS] PwrAvg(dBFs/dBm) | N/A                | N/A
[SYS] PwrMax(dBFS)     | N/A                | N/A
[SYS] Showtime 86 seconds

[SYS] ------------------------ Data Direction -------------------
[SYS]                  | Downlink           | Uplink
[SYS] CPlane Total     | 0x0000000000000000 | 0x0000000000000000
[SYS] CPlane OnTime    | 0x0000000000000000 | 0x0000000000000000
[SYS] CPlane Early     | 0x0000000000000000 | 0x0000000000000000
[SYS] CPlane Late      | 0x0000000000000000 | 0x0000000000000000
[SYS] CPlane Corrupt   | 0x0000000000000000 | 0x0000000000000000
[SYS] UPlane Total     | 0x0000000000000000 | 0x0000000000000000
[SYS] UPlane OnTime    | 0x0000000000000000 | N/A
[SYS] UPlane Ealry     | 0x0000000000000000 | N/A
[SYS] UPlane Late      | 0x0000000000000000 | N/A
[SYS] UPlane Corrupt   | 0x0000000000000000 | N/A
[SYS] Eth Pkt Good     | 0x0000078d         | 0x00001700
[SYS] Eth Pkt Drop     | 0x00000000         | 0x00000000
[SYS] AXIQ status      | 0x00000303         | 0x00010101
[SYS] ------------------------ Tasks ---------------------------
[SYS]                  | UP         | CP         | RT
[SYS] Error            | 0x00000000 | 0x00000000 | 0x00000000
[SYS] Heartbeats       | 0x02207bb8 | N/A        | N/A
[SYS] Counts           | 0x00000000 | N/A        | 0x00000000
[SYS] Drops            | 0x00000000 | N/A        | 0x00000000
[SYS] ------------------------ VSPAs ---------------------------
[SYS]                  | 0          | 1          | 2
[SYS] Error            | 0x00000000 | 0x00000000 | 0x00000000
[SYS] SYM WR           | 0x0000001e | N/A        | 0x0000000e
[SYS] SYM RD           | 0x0000001e | N/A        | 0x0000000e
[SYS] CMD WR           | 0x00000000 | 0x00000005 | 0x00000005
[SYS] CMD RD           | 0x00000000 | 0x00000005 | 0x00000005
[SYS] ------------------------ Info ----------------------------
[SYS]                  | Downlink           | Uplink
[SYS] RF / fine Gain   |     17 /   -1.7    | 0x42
[SYS] PwrAvg(dBFs/dBm) | N/A                | N/A
[SYS] PwrMax(dBFS)     | N/A                | N/A
[SYS] Showtime 87 seconds

[SYS] ------------------------ Data Direction -------------------
[SYS]                  | Downlink           | Uplink
[SYS] CPlane Total     | 0x0000000000000000 | 0x0000000000000000
[SYS] CPlane OnTime    | 0x0000000000000000 | 0x0000000000000000
[SYS] CPlane Early     | 0x0000000000000000 | 0x0000000000000000
[SYS] CPlane Late      | 0x0000000000000000 | 0x0000000000000000
[SYS] CPlane Corrupt   | 0x0000000000000000 | 0x0000000000000000
[SYS] UPlane Total     | 0x0000000000000000 | 0x0000000000000000
[SYS] UPlane OnTime    | 0x0000000000000000 | N/A
[SYS] UPlane Ealry     | 0x0000000000000000 | N/A
[SYS] UPlane Late      | 0x0000000000000000 | N/A
[SYS] UPlane Corrupt   | 0x0000000000000000 | N/A
[SYS] Eth Pkt Good     | 0x0000078e         | 0x00001723
[SYS] Eth Pkt Drop     | 0x00000000         | 0x00000000
[SYS] AXIQ status      | 0x00000303         | 0x00010101
[SYS] ------------------------ Tasks ---------------------------
[SYS]                  | UP         | CP         | RT
[SYS] Error            | 0x00000000 | 0x00000000 | 0x00000000
[SYS] Heartbeats       | 0x0226b6a9 | N/A        | N/A
[SYS] Counts           | 0x00000000 | N/A        | 0x00000000
[SYS] Drops            | 0x00000000 | N/A        | 0x00000000
[SYS] ------------------------ VSPAs ---------------------------
[SYS]                  | 0          | 1          | 2
[SYS] Error            | 0x00000000 | 0x00000000 | 0x00000000
[SYS] SYM WR           | 0x0000001e | N/A        | 0x0000000e
[SYS] SYM RD           | 0x0000001e | N/A        | 0x0000000e
[SYS] CMD WR           | 0x00000000 | 0x00000005 | 0x00000005
[SYS] CMD RD           | 0x00000000 | 0x00000005 | 0x00000005
[SYS] ------------------------ Info ----------------------------
[SYS]                  | Downlink           | Uplink
[SYS] RF / fine Gain   |     17 /   -1.7    | 0x42
[SYS] PwrAvg(dBFs/dBm) | N/A                | N/A
[SYS] PwrMax(dBFS)     | N/A                | N/A
[SYS] Showtime 88 seconds

[SYS] ------------------------ Data Direction -------------------
[SYS]                  | Downlink           | Uplink
[SYS] CPlane Total     | 0x0000000000000000 | 0x0000000000000000
[SYS] CPlane OnTime    | 0x0000000000000000 | 0x0000000000000000
[SYS] CPlane Early     | 0x0000000000000000 | 0x0000000000000000
[SYS] CPlane Late      | 0x0000000000000000 | 0x0000000000000000
[SYS] CPlane Corrupt   | 0x0000000000000000 | 0x0000000000000000
[SYS] UPlane Total     | 0x0000000000000000 | 0x0000000000000000
[SYS] UPlane OnTime    | 0x0000000000000000 | N/A
[SYS] UPlane Ealry     | 0x0000000000000000 | N/A
[SYS] UPlane Late      | 0x0000000000000000 | N/A
[SYS] UPlane Corrupt   | 0x0000000000000000 | N/A
[SYS] Eth Pkt Good     | 0x00000790         | 0x00001747
[SYS] Eth Pkt Drop     | 0x00000000         | 0x00000000
[SYS] AXIQ status      | 0x00000303         | 0x00010101
[SYS] ------------------------ Tasks ---------------------------
[SYS]                  | UP         | CP         | RT
[SYS] Error            | 0x00000000 | 0x00000000 | 0x00000000
[SYS] Heartbeats       | 0x022cf463 | N/A        | N/A
[SYS] Counts           | 0x00000000 | N/A        | 0x00000000
[SYS] Drops            | 0x00000000 | N/A        | 0x00000000
[SYS] ------------------------ VSPAs ---------------------------
[SYS]                  | 0          | 1          | 2
[SYS] Error            | 0x00000000 | 0x00000000 | 0x00000000
[SYS] SYM WR           | 0x0000001e | N/A        | 0x0000000e
[SYS] SYM RD           | 0x0000001e | N/A        | 0x0000000e
[SYS] CMD WR           | 0x00000000 | 0x00000005 | 0x00000005
[SYS] CMD RD           | 0x00000000 | 0x00000005 | 0x00000005
[SYS] ------------------------ Info ----------------------------
[SYS]                  | Downlink           | Uplink
[SYS] RF / fine Gain   |     17 /   -1.7    | 0x42
[SYS] PwrAvg(dBFs/dBm) | N/A                | N/A
[SYS] PwrMax(dBFS)     | N/A                | N/A
[SYS] Showtime 89 seconds

[SYS] ------------------------ Data Direction -------------------
[SYS]                  | Downlink           | Uplink
[SYS] CPlane Total     | 0x0000000000000000 | 0x0000000000000000
[SYS] CPlane OnTime    | 0x0000000000000000 | 0x0000000000000000
[SYS] CPlane Early     | 0x0000000000000000 | 0x0000000000000000
[SYS] CPlane Late      | 0x0000000000000000 | 0x0000000000000000
[SYS] CPlane Corrupt   | 0x0000000000000000 | 0x0000000000000000
[SYS] UPlane Total     | 0x0000000000000000 | 0x0000000000000000
[SYS] UPlane OnTime    | 0x0000000000000000 | N/A
[SYS] UPlane Ealry     | 0x0000000000000000 | N/A
[SYS] UPlane Late      | 0x0000000000000000 | N/A
[SYS] UPlane Corrupt   | 0x0000000000000000 | N/A
[SYS] Eth Pkt Good     | 0x0000079e         | 0x00001776
[SYS] Eth Pkt Drop     | 0x00000000         | 0x00000000
[SYS] AXIQ status      | 0x00000303         | 0x00010101
[SYS] ------------------------ Tasks ---------------------------
[SYS]                  | UP         | CP         | RT
[SYS] Error            | 0x00000000 | 0x00000000 | 0x00000000
[SYS] Heartbeats       | 0x02332f41 | N/A        | N/A
[SYS] Counts           | 0x00000000 | N/A        | 0x00000000
[SYS] Drops            | 0x00000000 | N/A        | 0x00000000
[SYS] ------------------------ VSPAs ---------------------------
[SYS]                  | 0          | 1          | 2
[SYS] Error            | 0x00000000 | 0x00000000 | 0x00000000
[SYS] SYM WR           | 0x0000001e | N/A        | 0x0000000e
[SYS] SYM RD           | 0x0000001e | N/A        | 0x0000000e
[SYS] CMD WR           | 0x00000000 | 0x00000005 | 0x00000005
[SYS] CMD RD           | 0x00000000 | 0x00000005 | 0x00000005
[SYS] ------------------------ Info ----------------------------
[SYS]                  | Downlink           | Uplink
[SYS] RF / fine Gain   |     17 /   -1.7    | 0x42
[SYS] PwrAvg(dBFs/dBm) | N/A                | N/A
[SYS] PwrMax(dBFS)     | N/A                | N/A
[SYS] Showtime 90 seconds

[SYS] ------------------------ Data Direction -------------------
[SYS]                  | Downlink           | Uplink
[SYS] CPlane Total     | 0x0000000000000000 | 0x0000000000000000
[SYS] CPlane OnTime    | 0x0000000000000000 | 0x0000000000000000
[SYS] CPlane Early     | 0x0000000000000000 | 0x0000000000000000
[SYS] CPlane Late      | 0x0000000000000000 | 0x0000000000000000
[SYS] CPlane Corrupt   | 0x0000000000000000 | 0x0000000000000000
[SYS] UPlane Total     | 0x0000000000000000 | 0x0000000000000000
[SYS] UPlane OnTime    | 0x0000000000000000 | N/A
[SYS] UPlane Ealry     | 0x0000000000000000 | N/A
[SYS] UPlane Late      | 0x0000000000000000 | N/A
[SYS] UPlane Corrupt   | 0x0000000000000000 | N/A
[SYS] Eth Pkt Good     | 0x000007b0         | 0x000017ac
[SYS] Eth Pkt Drop     | 0x00000000         | 0x00000000
[SYS] AXIQ status      | 0x00000303         | 0x00010101
[SYS] ------------------------ Tasks ---------------------------
[SYS]                  | UP         | CP         | RT
[SYS] Error            | 0x00000000 | 0x00000000 | 0x00000000
[SYS] Heartbeats       | 0x02396a21 | N/A        | N/A
[SYS] Counts           | 0x00000000 | N/A        | 0x00000000
[SYS] Drops            | 0x00000000 | N/A        | 0x00000000
[SYS] ------------------------ VSPAs ---------------------------
[SYS]                  | 0          | 1          | 2
[SYS] Error            | 0x00000000 | 0x00000000 | 0x00000000
[SYS] SYM WR           | 0x0000001e | N/A        | 0x0000000e
[SYS] SYM RD           | 0x0000001e | N/A        | 0x0000000e
[SYS] CMD WR           | 0x00000000 | 0x00000005 | 0x00000005
[SYS] CMD RD           | 0x00000000 | 0x00000005 | 0x00000005
[SYS] ------------------------ Info ----------------------------
[SYS]                  | Downlink           | Uplink
[SYS] RF / fine Gain   |     17 /   -1.7    | 0x42
[SYS] PwrAvg(dBFs/dBm) | N/A                | N/A
[SYS] PwrMax(dBFS)     | N/A                | N/A
[SYS] Showtime 91 seconds

[SYS] ------------------------ Data Direction -------------------
[SYS]                  | Downlink           | Uplink
[SYS] CPlane Total     | 0x0000000000000000 | 0x0000000000000000
[SYS] CPlane OnTime    | 0x0000000000000000 | 0x0000000000000000
[SYS] CPlane Early     | 0x0000000000000000 | 0x0000000000000000
[SYS] CPlane Late      | 0x0000000000000000 | 0x0000000000000000
[SYS] CPlane Corrupt   | 0x0000000000000000 | 0x0000000000000000
[SYS] UPlane Total     | 0x0000000000000000 | 0x0000000000000000
[SYS] UPlane OnTime    | 0x0000000000000000 | N/A
[SYS] UPlane Ealry     | 0x0000000000000000 | N/A
[SYS] UPlane Late      | 0x0000000000000000 | N/A
[SYS] UPlane Corrupt   | 0x0000000000000000 | N/A
[SYS] Eth Pkt Good     | 0x000007b2         | 0x000017cf
[SYS] Eth Pkt Drop     | 0x00000000         | 0x00000000
[SYS] AXIQ status      | 0x00000303         | 0x00010101
[SYS] ------------------------ Tasks ---------------------------
[SYS]                  | UP         | CP         | RT
[SYS] Error            | 0x00000000 | 0x00000000 | 0x00000000
[SYS] Heartbeats       | 0x023fb075 | N/A        | N/A
[SYS] Counts           | 0x00000000 | N/A        | 0x00000000
[SYS] Drops            | 0x00000000 | N/A        | 0x00000000
[SYS] ------------------------ VSPAs ---------------------------
[SYS]                  | 0          | 1          | 2
[SYS] Error            | 0x00000000 | 0x00000000 | 0x00000000
[SYS] SYM WR           | 0x0000001e | N/A        | 0x0000000e
[SYS] SYM RD           | 0x0000001e | N/A        | 0x0000000e
[SYS] CMD WR           | 0x00000000 | 0x00000005 | 0x00000005
[SYS] CMD RD           | 0x00000000 | 0x00000005 | 0x00000005
[SYS] ------------------------ Info ----------------------------
[SYS]                  | Downlink           | Uplink
[SYS] RF / fine Gain   |     17 /   -1.7    | 0x42
[SYS] PwrAvg(dBFs/dBm) | N/A                | N/A
[SYS] PwrMax(dBFS)     | N/A                | N/A
[SYS] Showtime 92 seconds

[SYS] ------------------------ Data Direction -------------------
[SYS]                  | Downlink           | Uplink
[SYS] CPlane Total     | 0x0000000000000000 | 0x0000000000000000
[SYS] CPlane OnTime    | 0x0000000000000000 | 0x0000000000000000
[SYS] CPlane Early     | 0x0000000000000000 | 0x0000000000000000
[SYS] CPlane Late      | 0x0000000000000000 | 0x0000000000000000
[SYS] CPlane Corrupt   | 0x0000000000000000 | 0x0000000000000000
[SYS] UPlane Total     | 0x0000000000000000 | 0x0000000000000000
[SYS] UPlane OnTime    | 0x0000000000000000 | N/A
[SYS] UPlane Ealry     | 0x0000000000000000 | N/A
[SYS] UPlane Late      | 0x0000000000000000 | N/A
[SYS] UPlane Corrupt   | 0x0000000000000000 | N/A
[SYS] Eth Pkt Good     | 0x000007b3         | 0x000017f2
[SYS] Eth Pkt Drop     | 0x00000000         | 0x00000000
[SYS] AXIQ status      | 0x00000303         | 0x00010101
[SYS] ------------------------ Tasks ---------------------------
[SYS]                  | UP         | CP         | RT
[SYS] Error            | 0x00000000 | 0x00000000 | 0x00000000
[SYS] Heartbeats       | 0x0245eae9 | N/A        | N/A
[SYS] Counts           | 0x00000000 | N/A        | 0x00000000
[SYS] Drops            | 0x00000000 | N/A        | 0x00000000
[SYS] ------------------------ VSPAs ---------------------------
[SYS]                  | 0          | 1          | 2
[SYS] Error            | 0x00000000 | 0x00000000 | 0x00000000
[SYS] SYM WR           | 0x0000001e | N/A        | 0x0000000e
[SYS] SYM RD           | 0x0000001e | N/A        | 0x0000000e
[SYS] CMD WR           | 0x00000000 | 0x00000005 | 0x00000005
[SYS] CMD RD           | 0x00000000 | 0x00000005 | 0x00000005
[SYS] ------------------------ Info ----------------------------
[SYS]                  | Downlink           | Uplink
[SYS] RF / fine Gain   |     17 /   -1.7    | 0x42
[SYS] PwrAvg(dBFs/dBm) | N/A                | N/A
[SYS] PwrMax(dBFS)     | N/A                | N/A
[SYS] Showtime 93 seconds

[SYS] ------------------------ Data Direction -------------------
[SYS]                  | Downlink           | Uplink
[SYS] CPlane Total     | 0x0000000000000000 | 0x0000000000000000
[SYS] CPlane OnTime    | 0x0000000000000000 | 0x0000000000000000
[SYS] CPlane Early     | 0x0000000000000000 | 0x0000000000000000
[SYS] CPlane Late      | 0x0000000000000000 | 0x0000000000000000
[SYS] CPlane Corrupt   | 0x0000000000000000 | 0x0000000000000000
[SYS] UPlane Total     | 0x0000000000000000 | 0x0000000000000000
[SYS] UPlane OnTime    | 0x0000000000000000 | N/A
[SYS] UPlane Ealry     | 0x0000000000000000 | N/A
[SYS] UPlane Late      | 0x0000000000000000 | N/A
[SYS] UPlane Corrupt   | 0x0000000000000000 | N/A
[SYS] Eth Pkt Good     | 0x000007b5         | 0x00001816
[SYS] Eth Pkt Drop     | 0x00000000         | 0x00000000
[SYS] AXIQ status      | 0x00000303         | 0x00010101
[SYS] ------------------------ Tasks ---------------------------
[SYS]                  | UP         | CP         | RT
[SYS] Error            | 0x00000000 | 0x00000000 | 0x00000000
[SYS] Heartbeats       | 0x024c25c6 | N/A        | N/A
[SYS] Counts           | 0x00000000 | N/A        | 0x00000000
[SYS] Drops            | 0x00000000 | N/A        | 0x00000000
[SYS] ------------------------ VSPAs ---------------------------
[SYS]                  | 0          | 1          | 2
[SYS] Error            | 0x00000000 | 0x00000000 | 0x00000000
[SYS] SYM WR           | 0x0000001e | N/A        | 0x0000000e
[SYS] SYM RD           | 0x0000001e | N/A        | 0x0000000e
[SYS] CMD WR           | 0x00000000 | 0x00000005 | 0x00000005
[SYS] CMD RD           | 0x00000000 | 0x00000005 | 0x00000005
[SYS] ------------------------ Info ----------------------------
[SYS]                  | Downlink           | Uplink
[SYS] RF / fine Gain   |     17 /   -1.7    | 0x42
[SYS] PwrAvg(dBFs/dBm) | N/A                | N/A
[SYS] PwrMax(dBFS)     | N/A                | N/A
[SYS] Showtime 94 seconds

[SYS] ------------------------ Data Direction -------------------
[SYS]                  | Downlink           | Uplink
[SYS] CPlane Total     | 0x0000000000000000 | 0x0000000000000000
[SYS] CPlane OnTime    | 0x0000000000000000 | 0x0000000000000000
[SYS] CPlane Early     | 0x0000000000000000 | 0x0000000000000000
[SYS] CPlane Late      | 0x0000000000000000 | 0x0000000000000000
[SYS] CPlane Corrupt   | 0x0000000000000000 | 0x0000000000000000
[SYS] UPlane Total     | 0x0000000000000000 | 0x0000000000000000
[SYS] UPlane OnTime    | 0x0000000000000000 | N/A
[SYS] UPlane Ealry     | 0x0000000000000000 | N/A
[SYS] UPlane Late      | 0x0000000000000000 | N/A
[SYS] UPlane Corrupt   | 0x0000000000000000 | N/A
[SYS] Eth Pkt Good     | 0x000007b6         | 0x00001839
[SYS] Eth Pkt Drop     | 0x00000000         | 0x00000000
[SYS] AXIQ status      | 0x00000303         | 0x00010101
[SYS] ------------------------ Tasks ---------------------------
[SYS]                  | UP         | CP         | RT
[SYS] Error            | 0x00000000 | 0x00000000 | 0x00000000
[SYS] Heartbeats       | 0x025260be | N/A        | N/A
[SYS] Counts           | 0x00000000 | N/A        | 0x00000000
[SYS] Drops            | 0x00000000 | N/A        | 0x00000000
[SYS] ------------------------ VSPAs ---------------------------
[SYS]                  | 0          | 1          | 2
[SYS] Error            | 0x00000000 | 0x00000000 | 0x00000000
[SYS] SYM WR           | 0x0000001e | N/A        | 0x0000000e
[SYS] SYM RD           | 0x0000001e | N/A        | 0x0000000e
[SYS] CMD WR           | 0x00000000 | 0x00000005 | 0x00000005
[SYS] CMD RD           | 0x00000000 | 0x00000005 | 0x00000005
[SYS] ------------------------ Info ----------------------------
[SYS]                  | Downlink           | Uplink
[SYS] RF / fine Gain   |     17 /   -1.7    | 0x42
[SYS] PwrAvg(dBFs/dBm) | N/A                | N/A
[SYS] PwrMax(dBFS)     | N/A                | N/A
[SYS] Showtime 95 seconds

[SYS] ------------------------ Data Direction -------------------
[SYS]                  | Downlink           | Uplink
[SYS] CPlane Total     | 0x0000000000000000 | 0x0000000000000000
[SYS] CPlane OnTime    | 0x0000000000000000 | 0x0000000000000000
[SYS] CPlane Early     | 0x0000000000000000 | 0x0000000000000000
[SYS] CPlane Late      | 0x0000000000000000 | 0x0000000000000000
[SYS] CPlane Corrupt   | 0x0000000000000000 | 0x0000000000000000
[SYS] UPlane Total     | 0x0000000000000000 | 0x0000000000000000
[SYS] UPlane OnTime    | 0x0000000000000000 | N/A
[SYS] UPlane Ealry     | 0x0000000000000000 | N/A
[SYS] UPlane Late      | 0x0000000000000000 | N/A
[SYS] UPlane Corrupt   | 0x0000000000000000 | N/A
[SYS] Eth Pkt Good     | 0x000007b8         | 0x0000185d
[SYS] Eth Pkt Drop     | 0x00000000         | 0x00000000
[SYS] AXIQ status      | 0x00000303         | 0x00010101
[SYS] ------------------------ Tasks ---------------------------
[SYS]                  | UP         | CP         | RT
[SYS] Error            | 0x00000000 | 0x00000000 | 0x00000000
[SYS] Heartbeats       | 0x02589e82 | N/A        | N/A
[SYS] Counts           | 0x00000000 | N/A        | 0x00000000
[SYS] Drops            | 0x00000000 | N/A        | 0x00000000
[SYS] ------------------------ VSPAs ---------------------------
[SYS]                  | 0          | 1          | 2
[SYS] Error            | 0x00000000 | 0x00000000 | 0x00000000
[SYS] SYM WR           | 0x0000001e | N/A        | 0x0000000e
[SYS] SYM RD           | 0x0000001e | N/A        | 0x0000000e
[SYS] CMD WR           | 0x00000000 | 0x00000005 | 0x00000005
[SYS] CMD RD           | 0x00000000 | 0x00000005 | 0x00000005
[SYS] ------------------------ Info ----------------------------
[SYS]                  | Downlink           | Uplink
[SYS] RF / fine Gain   |     17 /   -1.7    | 0x42
[SYS] PwrAvg(dBFs/dBm) | N/A                | N/A
[SYS] PwrMax(dBFS)     | N/A                | N/A
[SYS] Showtime 96 seconds

[SYS] ------------------------ Data Direction -------------------
[SYS]                  | Downlink           | Uplink
[SYS] CPlane Total     | 0x0000000000000000 | 0x0000000000000000
[SYS] CPlane OnTime    | 0x0000000000000000 | 0x0000000000000000
[SYS] CPlane Early     | 0x0000000000000000 | 0x0000000000000000
[SYS] CPlane Late      | 0x0000000000000000 | 0x0000000000000000
[SYS] CPlane Corrupt   | 0x0000000000000000 | 0x0000000000000000
[SYS] UPlane Total     | 0x0000000000000000 | 0x0000000000000000
[SYS] UPlane OnTime    | 0x0000000000000000 | N/A
[SYS] UPlane Ealry     | 0x0000000000000000 | N/A
[SYS] UPlane Late      | 0x0000000000000000 | N/A
[SYS] UPlane Corrupt   | 0x0000000000000000 | N/A
[SYS] Eth Pkt Good     | 0x000007b9         | 0x00001880
[SYS] Eth Pkt Drop     | 0x00000000         | 0x00000000
[SYS] AXIQ status      | 0x00000303         | 0x00010101
[SYS] ------------------------ Tasks ---------------------------
[SYS]                  | UP         | CP         | RT
[SYS] Error            | 0x00000000 | 0x00000000 | 0x00000000
[SYS] Heartbeats       | 0x025ed96b | N/A        | N/A
[SYS] Counts           | 0x00000000 | N/A        | 0x00000000
[SYS] Drops            | 0x00000000 | N/A        | 0x00000000
[SYS] ------------------------ VSPAs ---------------------------
[SYS]                  | 0          | 1          | 2
[SYS] Error            | 0x00000000 | 0x00000000 | 0x00000000
[SYS] SYM WR           | 0x0000001e | N/A        | 0x0000000e
[SYS] SYM RD           | 0x0000001e | N/A        | 0x0000000e
[SYS] CMD WR           | 0x00000000 | 0x00000005 | 0x00000005
[SYS] CMD RD           | 0x00000000 | 0x00000005 | 0x00000005
[SYS] ------------------------ Info ----------------------------
[SYS]                  | Downlink           | Uplink
[SYS] RF / fine Gain   |     17 /   -1.7    | 0x42
[SYS] PwrAvg(dBFs/dBm) | N/A                | N/A
[SYS] PwrMax(dBFS)     | N/A                | N/A
[SYS] Showtime 97 seconds

[SYS] ------------------------ Data Direction -------------------
[SYS]                  | Downlink           | Uplink
[SYS] CPlane Total     | 0x0000000000000000 | 0x0000000000000000
[SYS] CPlane OnTime    | 0x0000000000000000 | 0x0000000000000000
[SYS] CPlane Early     | 0x0000000000000000 | 0x0000000000000000
[SYS] CPlane Late      | 0x0000000000000000 | 0x0000000000000000
[SYS] CPlane Corrupt   | 0x0000000000000000 | 0x0000000000000000
[SYS] UPlane Total     | 0x0000000000000000 | 0x0000000000000000
[SYS] UPlane OnTime    | 0x0000000000000000 | N/A
[SYS] UPlane Ealry     | 0x0000000000000000 | N/A
[SYS] UPlane Late      | 0x0000000000000000 | N/A
[SYS] UPlane Corrupt   | 0x0000000000000000 | N/A
[SYS] Eth Pkt Good     | 0x000007ba         | 0x000018a4
[SYS] Eth Pkt Drop     | 0x00000000         | 0x00000000
[SYS] AXIQ status      | 0x00000303         | 0x00010101
[SYS] ------------------------ Tasks ---------------------------
[SYS]                  | UP         | CP         | RT
[SYS] Error            | 0x00000000 | 0x00000000 | 0x00000000
[SYS] Heartbeats       | 0x02651451 | N/A        | N/A
[SYS] Counts           | 0x00000000 | N/A        | 0x00000000
[SYS] Drops            | 0x00000000 | N/A        | 0x00000000
[SYS] ------------------------ VSPAs ---------------------------
[SYS]                  | 0          | 1          | 2
[SYS] Error            | 0x00000000 | 0x00000000 | 0x00000000
[SYS] SYM WR           | 0x0000001e | N/A        | 0x0000000e
[SYS] SYM RD           | 0x0000001e | N/A        | 0x0000000e
[SYS] CMD WR           | 0x00000000 | 0x00000005 | 0x00000005
[SYS] CMD RD           | 0x00000000 | 0x00000005 | 0x00000005
[SYS] ------------------------ Info ----------------------------
[SYS]                  | Downlink           | Uplink
[SYS] RF / fine Gain   |     17 /   -1.7    | 0x42
[SYS] PwrAvg(dBFs/dBm) | N/A                | N/A
[SYS] PwrMax(dBFS)     | N/A                | N/A
[SYS] Showtime 98 seconds

[SYS] ------------------------ Data Direction -------------------
[SYS]                  | Downlink           | Uplink
[SYS] CPlane Total     | 0x0000000000000000 | 0x0000000000000000
[SYS] CPlane OnTime    | 0x0000000000000000 | 0x0000000000000000
[SYS] CPlane Early     | 0x0000000000000000 | 0x0000000000000000
[SYS] CPlane Late      | 0x0000000000000000 | 0x0000000000000000
[SYS] CPlane Corrupt   | 0x0000000000000000 | 0x0000000000000000
[SYS] UPlane Total     | 0x0000000000000000 | 0x0000000000000000
[SYS] UPlane OnTime    | 0x0000000000000000 | N/A
[SYS] UPlane Ealry     | 0x0000000000000000 | N/A
[SYS] UPlane Late      | 0x0000000000000000 | N/A
[SYS] UPlane Corrupt   | 0x0000000000000000 | N/A
[SYS] Eth Pkt Good     | 0x000007bc         | 0x000018c7
[SYS] Eth Pkt Drop     | 0x00000000         | 0x00000000
[SYS] AXIQ status      | 0x00000303         | 0x00010101
[SYS] ------------------------ Tasks ---------------------------
[SYS]                  | UP         | CP         | RT
[SYS] Error            | 0x00000000 | 0x00000000 | 0x00000000
[SYS] Heartbeats       | 0x026b5226 | N/A        | N/A
[SYS] Counts           | 0x00000000 | N/A        | 0x00000000
[SYS] Drops            | 0x00000000 | N/A        | 0x00000000
[SYS] ------------------------ VSPAs ---------------------------
[SYS]                  | 0          | 1          | 2
[SYS] Error            | 0x00000000 | 0x00000000 | 0x00000000
[SYS] SYM WR           | 0x0000001e | N/A        | 0x0000000e
[SYS] SYM RD           | 0x0000001e | N/A        | 0x0000000e
[SYS] CMD WR           | 0x00000000 | 0x00000005 | 0x00000005
[SYS] CMD RD           | 0x00000000 | 0x00000005 | 0x00000005
[SYS] ------------------------ Info ----------------------------
[SYS]                  | Downlink           | Uplink
[SYS] RF / fine Gain   |     17 /   -1.7    | 0x42
[SYS] PwrAvg(dBFs/dBm) | N/A                | N/A
[SYS] PwrMax(dBFS)     | N/A                | N/A
[SYS] Showtime 99 seconds

[SYS] ------------------------ Data Direction -------------------
[SYS]                  | Downlink           | Uplink
[SYS] CPlane Total     | 0x0000000000000000 | 0x0000000000000000
[SYS] CPlane OnTime    | 0x0000000000000000 | 0x0000000000000000
[SYS] CPlane Early     | 0x0000000000000000 | 0x0000000000000000
[SYS] CPlane Late      | 0x0000000000000000 | 0x0000000000000000
[SYS] CPlane Corrupt   | 0x0000000000000000 | 0x0000000000000000
[SYS] UPlane Total     | 0x0000000000000000 | 0x0000000000000000
[SYS] UPlane OnTime    | 0x0000000000000000 | N/A
[SYS] UPlane Ealry     | 0x0000000000000000 | N/A
[SYS] UPlane Late      | 0x0000000000000000 | N/A
[SYS] UPlane Corrupt   | 0x0000000000000000 | N/A
[SYS] Eth Pkt Good     | 0x000007bd         | 0x000018ea
[SYS] Eth Pkt Drop     | 0x00000000         | 0x00000000
[SYS] AXIQ status      | 0x00000303         | 0x00010101
[SYS] ------------------------ Tasks ---------------------------
[SYS]                  | UP         | CP         | RT
[SYS] Error            | 0x00000000 | 0x00000000 | 0x00000000
[SYS] Heartbeats       | 0x02718d12 | N/A        | N/A
[SYS] Counts           | 0x00000000 | N/A        | 0x00000000
[SYS] Drops            | 0x00000000 | N/A        | 0x00000000
[SYS] ------------------------ VSPAs ---------------------------
[SYS]                  | 0          | 1          | 2
[SYS] Error            | 0x00000000 | 0x00000000 | 0x00000000
[SYS] SYM WR           | 0x0000001e | N/A        | 0x0000000e
[SYS] SYM RD           | 0x0000001e | N/A        | 0x0000000e
[SYS] CMD WR           | 0x00000000 | 0x00000005 | 0x00000005
[SYS] CMD RD           | 0x00000000 | 0x00000005 | 0x00000005
[SYS] ------------------------ Info ----------------------------
[SYS]                  | Downlink           | Uplink
[SYS] RF / fine Gain   |     17 /   -1.7    | 0x42
[SYS] PwrAvg(dBFs/dBm) | N/A                | N/A
[SYS] PwrMax(dBFS)     | N/A                | N/A
[SYS] Showtime 100 seconds

[SYS] ------------------------ Data Direction -------------------
[SYS]                  | Downlink           | Uplink
[SYS] CPlane Total     | 0x0000000000000000 | 0x0000000000000000
[SYS] CPlane OnTime    | 0x0000000000000000 | 0x0000000000000000
[SYS] CPlane Early     | 0x0000000000000000 | 0x0000000000000000
[SYS] CPlane Late      | 0x0000000000000000 | 0x0000000000000000
[SYS] CPlane Corrupt   | 0x0000000000000000 | 0x0000000000000000
[SYS] UPlane Total     | 0x0000000000000000 | 0x0000000000000000
[SYS] UPlane OnTime    | 0x0000000000000000 | N/A
[SYS] UPlane Ealry     | 0x0000000000000000 | N/A
[SYS] UPlane Late      | 0x0000000000000000 | N/A
[SYS] UPlane Corrupt   | 0x0000000000000000 | N/A
[SYS] Eth Pkt Good     | 0x000007bf         | 0x0000190e
[SYS] Eth Pkt Drop     | 0x00000000         | 0x00000000
[SYS] AXIQ status      | 0x00000303         | 0x00010101
[SYS] ------------------------ Tasks ---------------------------
[SYS]                  | UP         | CP         | RT
[SYS] Error            | 0x00000000 | 0x00000000 | 0x00000000
[SYS] Heartbeats       | 0x0277c7f8 | N/A        | N/A
[SYS] Counts           | 0x00000000 | N/A        | 0x00000000
[SYS] Drops            | 0x00000000 | N/A        | 0x00000000
[SYS] ------------------------ VSPAs ---------------------------
[SYS]                  | 0          | 1          | 2
[SYS] Error            | 0x00000000 | 0x00000000 | 0x00000000
[SYS] SYM WR           | 0x0000001e | N/A        | 0x0000000e
[SYS] SYM RD           | 0x0000001e | N/A        | 0x0000000e
[SYS] CMD WR           | 0x00000000 | 0x00000005 | 0x00000005
[SYS] CMD RD           | 0x00000000 | 0x00000005 | 0x00000005
[SYS] ------------------------ Info ----------------------------
[SYS]                  | Downlink           | Uplink
[SYS] RF / fine Gain   |     17 /   -1.7    | 0x42
[SYS] PwrAvg(dBFs/dBm) | N/A                | N/A
[SYS] PwrMax(dBFS)     | N/A                | N/A
[SYS] Showtime 101 seconds

[SYS] ------------------------ Data Direction -------------------
[SYS]                  | Downlink           | Uplink
[SYS] CPlane Total     | 0x0000000000000000 | 0x0000000000000000
[SYS] CPlane OnTime    | 0x0000000000000000 | 0x0000000000000000
[SYS] CPlane Early     | 0x0000000000000000 | 0x0000000000000000
[SYS] CPlane Late      | 0x0000000000000000 | 0x0000000000000000
[SYS] CPlane Corrupt   | 0x0000000000000000 | 0x0000000000000000
[SYS] UPlane Total     | 0x0000000000000000 | 0x0000000000000000
[SYS] UPlane OnTime    | 0x0000000000000000 | N/A
[SYS] UPlane Ealry     | 0x0000000000000000 | N/A
[SYS] UPlane Late      | 0x0000000000000000 | N/A
[SYS] UPlane Corrupt   | 0x0000000000000000 | N/A
[SYS] Eth Pkt Good     | 0x000007c0         | 0x00001931
[SYS] Eth Pkt Drop     | 0x00000000         | 0x00000000
[SYS] AXIQ status      | 0x00000303         | 0x00010101
[SYS] ------------------------ Tasks ---------------------------
[SYS]                  | UP         | CP         | RT
[SYS] Error            | 0x00000000 | 0x00000000 | 0x00000000
[SYS] Heartbeats       | 0x027e02e4 | N/A        | N/A
[SYS] Counts           | 0x00000000 | N/A        | 0x00000000
[SYS] Drops            | 0x00000000 | N/A        | 0x00000000
[SYS] ------------------------ VSPAs ---------------------------
[SYS]                  | 0          | 1          | 2
[SYS] Error            | 0x00000000 | 0x00000000 | 0x00000000
[SYS] SYM WR           | 0x0000001e | N/A        | 0x0000000e
[SYS] SYM RD           | 0x0000001e | N/A        | 0x0000000e
[SYS] CMD WR           | 0x00000000 | 0x00000005 | 0x00000005
[SYS] CMD RD           | 0x00000000 | 0x00000005 | 0x00000005
[SYS] ------------------------ Info ----------------------------
[SYS]                  | Downlink           | Uplink
[SYS] RF / fine Gain   |     17 /   -1.7    | 0x42
[SYS] PwrAvg(dBFs/dBm) | N/A                | N/A
[SYS] PwrMax(dBFS)     | N/A                | N/A
[SYS] Showtime 102 seconds

[SYS] ------------------------ Data Direction -------------------
[SYS]                  | Downlink           | Uplink
[SYS] CPlane Total     | 0x0000000000000000 | 0x0000000000000000
[SYS] CPlane OnTime    | 0x0000000000000000 | 0x0000000000000000
[SYS] CPlane Early     | 0x0000000000000000 | 0x0000000000000000
[SYS] CPlane Late      | 0x0000000000000000 | 0x0000000000000000
[SYS] CPlane Corrupt   | 0x0000000000000000 | 0x0000000000000000
[SYS] UPlane Total     | 0x0000000000000000 | 0x0000000000000000
[SYS] UPlane OnTime    | 0x0000000000000000 | N/A
[SYS] UPlane Ealry     | 0x0000000000000000 | N/A
[SYS] UPlane Late      | 0x0000000000000000 | N/A
[SYS] UPlane Corrupt   | 0x0000000000000000 | N/A
[SYS] Eth Pkt Good     | 0x000007c2         | 0x00001955
[SYS] Eth Pkt Drop     | 0x00000000         | 0x00000000
[SYS] AXIQ status      | 0x00000303         | 0x00010101
[SYS] ------------------------ Tasks ---------------------------
[SYS]                  | UP         | CP         | RT
[SYS] Error            | 0x00000000 | 0x00000000 | 0x00000000
[SYS] Heartbeats       | 0x0284409c | N/A        | N/A
[SYS] Counts           | 0x00000000 | N/A        | 0x00000000
[SYS] Drops            | 0x00000000 | N/A        | 0x00000000
[SYS] ------------------------ VSPAs ---------------------------
[SYS]                  | 0          | 1          | 2
[SYS] Error            | 0x00000000 | 0x00000000 | 0x00000000
[SYS] SYM WR           | 0x0000001e | N/A        | 0x0000000e
[SYS] SYM RD           | 0x0000001e | N/A        | 0x0000000e
[SYS] CMD WR           | 0x00000000 | 0x00000005 | 0x00000005
[SYS] CMD RD           | 0x00000000 | 0x00000005 | 0x00000005
[SYS] ------------------------ Info ----------------------------
[SYS]                  | Downlink           | Uplink
[SYS] RF / fine Gain   |     17 /   -1.7    | 0x42
[SYS] PwrAvg(dBFs/dBm) | N/A                | N/A
[SYS] PwrMax(dBFS)     | N/A                | N/A
[SYS] Showtime 103 seconds

[SYS] ------------------------ Data Direction -------------------
[SYS]                  | Downlink           | Uplink
[SYS] CPlane Total     | 0x0000000000000000 | 0x0000000000000000
[SYS] CPlane OnTime    | 0x0000000000000000 | 0x0000000000000000
[SYS] CPlane Early     | 0x0000000000000000 | 0x0000000000000000
[SYS] CPlane Late      | 0x0000000000000000 | 0x0000000000000000
[SYS] CPlane Corrupt   | 0x0000000000000000 | 0x0000000000000000
[SYS] UPlane Total     | 0x0000000000000000 | 0x0000000000000000
[SYS] UPlane OnTime    | 0x0000000000000000 | N/A
[SYS] UPlane Ealry     | 0x0000000000000000 | N/A
[SYS] UPlane Late      | 0x0000000000000000 | N/A
[SYS] UPlane Corrupt   | 0x0000000000000000 | N/A
[SYS] Eth Pkt Good     | 0x000007e1         | 0x00001996
[SYS] Eth Pkt Drop     | 0x00000000         | 0x00000000
[SYS] AXIQ status      | 0x00000303         | 0x00010101
[SYS] ------------------------ Tasks ---------------------------
[SYS]                  | UP         | CP         | RT
[SYS] Error            | 0x00000000 | 0x00000000 | 0x00000000
[SYS] Heartbeats       | 0x028a7b79 | N/A        | N/A
[SYS] Counts           | 0x00000000 | N/A        | 0x00000000
[SYS] Drops            | 0x00000000 | N/A        | 0x00000000
[SYS] ------------------------ VSPAs ---------------------------
[SYS]                  | 0          | 1          | 2
[SYS] Error            | 0x00000000 | 0x00000000 | 0x00000000
[SYS] SYM WR           | 0x0000001e | N/A        | 0x0000000e
[SYS] SYM RD           | 0x0000001e | N/A        | 0x0000000e
[SYS] CMD WR           | 0x00000000 | 0x00000005 | 0x00000005
[SYS] CMD RD           | 0x00000000 | 0x00000005 | 0x00000005
[SYS] ------------------------ Info ----------------------------
[SYS]                  | Downlink           | Uplink
[SYS] RF / fine Gain   |     17 /   -1.7    | 0x42
[SYS] PwrAvg(dBFs/dBm) | N/A                | N/A
[SYS] PwrMax(dBFS)     | N/A                | N/A
[SYS] Showtime 104 seconds

[SYS] ------------------------ Data Direction -------------------
[SYS]                  | Downlink           | Uplink
[SYS] CPlane Total     | 0x0000000000000000 | 0x0000000000000000
[SYS] CPlane OnTime    | 0x0000000000000000 | 0x0000000000000000
[SYS] CPlane Early     | 0x0000000000000000 | 0x0000000000000000
[SYS] CPlane Late      | 0x0000000000000000 | 0x0000000000000000
[SYS] CPlane Corrupt   | 0x0000000000000000 | 0x0000000000000000
[SYS] UPlane Total     | 0x0000000000000000 | 0x0000000000000000
[SYS] UPlane OnTime    | 0x0000000000000000 | N/A
[SYS] UPlane Ealry     | 0x0000000000000000 | N/A
[SYS] UPlane Late      | 0x0000000000000000 | N/A
[SYS] UPlane Corrupt   | 0x0000000000000000 | N/A
[SYS] Eth Pkt Good     | 0x000007e2         | 0x000019ba
[SYS] Eth Pkt Drop     | 0x00000000         | 0x00000000
[SYS] AXIQ status      | 0x00000303         | 0x00010101
[SYS] ------------------------ Tasks ---------------------------
[SYS]                  | UP         | CP         | RT
[SYS] Error            | 0x00000000 | 0x00000000 | 0x00000000
[SYS] Heartbeats       | 0x0290b65d | N/A        | N/A
[SYS] Counts           | 0x00000000 | N/A        | 0x00000000
[SYS] Drops            | 0x00000000 | N/A        | 0x00000000
[SYS] ------------------------ VSPAs ---------------------------
[SYS]                  | 0          | 1          | 2
[SYS] Error            | 0x00000000 | 0x00000000 | 0x00000000
[SYS] SYM WR           | 0x0000001e | N/A        | 0x0000000e
[SYS] SYM RD           | 0x0000001e | N/A        | 0x0000000e
[SYS] CMD WR           | 0x00000000 | 0x00000005 | 0x00000005
[SYS] CMD RD           | 0x00000000 | 0x00000005 | 0x00000005
[SYS] ------------------------ Info ----------------------------
[SYS]                  | Downlink           | Uplink
[SYS] RF / fine Gain   |     17 /   -1.7    | 0x42
[SYS] PwrAvg(dBFs/dBm) | N/A                | N/A
[SYS] PwrMax(dBFS)     | N/A                | N/A
[SYS] Showtime 105 seconds

[SYS] ------------------------ Data Direction -------------------
[SYS]                  | Downlink           | Uplink
[SYS] CPlane Total     | 0x0000000000000000 | 0x0000000000000000
[SYS] CPlane OnTime    | 0x0000000000000000 | 0x0000000000000000
[SYS] CPlane Early     | 0x0000000000000000 | 0x0000000000000000
[SYS] CPlane Late      | 0x0000000000000000 | 0x0000000000000000
[SYS] CPlane Corrupt   | 0x0000000000000000 | 0x0000000000000000
[SYS] UPlane Total     | 0x0000000000000000 | 0x0000000000000000
[SYS] UPlane OnTime    | 0x0000000000000000 | N/A
[SYS] UPlane Ealry     | 0x0000000000000000 | N/A
[SYS] UPlane Late      | 0x0000000000000000 | N/A
[SYS] UPlane Corrupt   | 0x0000000000000000 | N/A
[SYS] Eth Pkt Good     | 0x000007e4         | 0x000019dd
[SYS] Eth Pkt Drop     | 0x00000000         | 0x00000000
[SYS] AXIQ status      | 0x00000303         | 0x00010101
[SYS] ------------------------ Tasks ---------------------------
[SYS]                  | UP         | CP         | RT
[SYS] Error            | 0x00000000 | 0x00000000 | 0x00000000
[SYS] Heartbeats       | 0x0296f433 | N/A        | N/A
[SYS] Counts           | 0x00000000 | N/A        | 0x00000000
[SYS] Drops            | 0x00000000 | N/A        | 0x00000000
[SYS] ------------------------ VSPAs ---------------------------
[SYS]                  | 0          | 1          | 2
[SYS] Error            | 0x00000000 | 0x00000000 | 0x00000000
[SYS] SYM WR           | 0x0000001e | N/A        | 0x0000000e
[SYS] SYM RD           | 0x0000001e | N/A        | 0x0000000e
[SYS] CMD WR           | 0x00000000 | 0x00000005 | 0x00000005
[SYS] CMD RD           | 0x00000000 | 0x00000005 | 0x00000005
[SYS] ------------------------ Info ----------------------------
[SYS]                  | Downlink           | Uplink
[SYS] RF / fine Gain   |     17 /   -1.7    | 0x42
[SYS] PwrAvg(dBFs/dBm) | N/A                | N/A
[SYS] PwrMax(dBFS)     | N/A                | N/A
[SYS] Showtime 106 seconds

[SYS] ------------------------ Data Direction -------------------
[SYS]                  | Downlink           | Uplink
[SYS] CPlane Total     | 0x0000000000000000 | 0x0000000000000000
[SYS] CPlane OnTime    | 0x0000000000000000 | 0x0000000000000000
[SYS] CPlane Early     | 0x0000000000000000 | 0x0000000000000000
[SYS] CPlane Late      | 0x0000000000000000 | 0x0000000000000000
[SYS] CPlane Corrupt   | 0x0000000000000000 | 0x0000000000000000
[SYS] UPlane Total     | 0x0000000000000000 | 0x0000000000000000
[SYS] UPlane OnTime    | 0x0000000000000000 | N/A
[SYS] UPlane Ealry     | 0x0000000000000000 | N/A
[SYS] UPlane Late      | 0x0000000000000000 | N/A
[SYS] UPlane Corrupt   | 0x0000000000000000 | N/A
[SYS] Eth Pkt Good     | 0x000007e5         | 0x00001a00
[SYS] Eth Pkt Drop     | 0x00000000         | 0x00000000
[SYS] AXIQ status      | 0x00000303         | 0x00010101
[SYS] ------------------------ Tasks ---------------------------
[SYS]                  | UP         | CP         | RT
[SYS] Error            | 0x00000000 | 0x00000000 | 0x00000000
[SYS] Heartbeats       | 0x029d2f0d | N/A        | N/A
[SYS] Counts           | 0x00000000 | N/A        | 0x00000000
[SYS] Drops            | 0x00000000 | N/A        | 0x00000000
[SYS] ------------------------ VSPAs ---------------------------
[SYS]                  | 0          | 1          | 2
[SYS] Error            | 0x00000000 | 0x00000000 | 0x00000000
[SYS] SYM WR           | 0x0000001e | N/A        | 0x0000000e
[SYS] SYM RD           | 0x0000001e | N/A        | 0x0000000e
[SYS] CMD WR           | 0x00000000 | 0x00000005 | 0x00000005
[SYS] CMD RD           | 0x00000000 | 0x00000005 | 0x00000005
[SYS] ------------------------ Info ----------------------------
[SYS]                  | Downlink           | Uplink
[SYS] RF / fine Gain   |     17 /   -1.7    | 0x42
[SYS] PwrAvg(dBFs/dBm) | N/A                | N/A
[SYS] PwrMax(dBFS)     | N/A                | N/A
[SYS] Showtime 107 seconds

[SYS] ------------------------ Data Direction -------------------
[SYS]                  | Downlink           | Uplink
[SYS] CPlane Total     | 0x0000000000000000 | 0x0000000000000000
[SYS] CPlane OnTime    | 0x0000000000000000 | 0x0000000000000000
[SYS] CPlane Early     | 0x0000000000000000 | 0x0000000000000000
[SYS] CPlane Late      | 0x0000000000000000 | 0x0000000000000000
[SYS] CPlane Corrupt   | 0x0000000000000000 | 0x0000000000000000
[SYS] UPlane Total     | 0x0000000000000000 | 0x0000000000000000
[SYS] UPlane OnTime    | 0x0000000000000000 | N/A
[SYS] UPlane Ealry     | 0x0000000000000000 | N/A
[SYS] UPlane Late      | 0x0000000000000000 | N/A
[SYS] UPlane Corrupt   | 0x0000000000000000 | N/A
[SYS] Eth Pkt Good     | 0x000007e7         | 0x00001a24
[SYS] Eth Pkt Drop     | 0x00000000         | 0x00000000
[SYS] AXIQ status      | 0x00000303         | 0x00010101
[SYS] ------------------------ Tasks ---------------------------
[SYS]                  | UP         | CP         | RT
[SYS] Error            | 0x00000000 | 0x00000000 | 0x00000000
[SYS] Heartbeats       | 0x02a369ea | N/A        | N/A
[SYS] Counts           | 0x00000000 | N/A        | 0x00000000
[SYS] Drops            | 0x00000000 | N/A        | 0x00000000
[SYS] ------------------------ VSPAs ---------------------------
[SYS]                  | 0          | 1          | 2
[SYS] Error            | 0x00000000 | 0x00000000 | 0x00000000
[SYS] SYM WR           | 0x0000001e | N/A        | 0x0000000e
[SYS] SYM RD           | 0x0000001e | N/A        | 0x0000000e
[SYS] CMD WR           | 0x00000000 | 0x00000005 | 0x00000005
[SYS] CMD RD           | 0x00000000 | 0x00000005 | 0x00000005
[SYS] ------------------------ Info ----------------------------
[SYS]                  | Downlink           | Uplink
[SYS] RF / fine Gain   |     17 /   -1.7    | 0x42
[SYS] PwrAvg(dBFs/dBm) | N/A                | N/A
[SYS] PwrMax(dBFS)     | N/A                | N/A
[SYS] Showtime 108 seconds

[SYS] ------------------------ Data Direction -------------------
[SYS]                  | Downlink           | Uplink
[SYS] CPlane Total     | 0x0000000000000000 | 0x0000000000000000
[SYS] CPlane OnTime    | 0x0000000000000000 | 0x0000000000000000
[SYS] CPlane Early     | 0x0000000000000000 | 0x0000000000000000
[SYS] CPlane Late      | 0x0000000000000000 | 0x0000000000000000
[SYS] CPlane Corrupt   | 0x0000000000000000 | 0x0000000000000000
[SYS] UPlane Total     | 0x0000000000000000 | 0x0000000000000000
[SYS] UPlane OnTime    | 0x0000000000000000 | N/A
[SYS] UPlane Ealry     | 0x0000000000000000 | N/A
[SYS] UPlane Late      | 0x0000000000000000 | N/A
[SYS] UPlane Corrupt   | 0x0000000000000000 | N/A
[SYS] Eth Pkt Good     | 0x000007e8         | 0x00001a47
[SYS] Eth Pkt Drop     | 0x00000000         | 0x00000000
[SYS] AXIQ status      | 0x00000303         | 0x00010101
[SYS] ------------------------ Tasks ---------------------------
[SYS]                  | UP         | CP         | RT
[SYS] Error            | 0x00000000 | 0x00000000 | 0x00000000
[SYS] Heartbeats       | 0x02a9a4ea | N/A        | N/A
[SYS] Counts           | 0x00000000 | N/A        | 0x00000000
[SYS] Drops            | 0x00000000 | N/A        | 0x00000000
[SYS] ------------------------ VSPAs ---------------------------
[SYS]                  | 0          | 1          | 2
[SYS] Error            | 0x00000000 | 0x00000000 | 0x00000000
[SYS] SYM WR           | 0x0000001e | N/A        | 0x0000000e
[SYS] SYM RD           | 0x0000001e | N/A        | 0x0000000e
[SYS] CMD WR           | 0x00000000 | 0x00000005 | 0x00000005
[SYS] CMD RD           | 0x00000000 | 0x00000005 | 0x00000005
[SYS] ------------------------ Info ----------------------------
[SYS]                  | Downlink           | Uplink
[SYS] RF / fine Gain   |     17 /   -1.7    | 0x42
[SYS] PwrAvg(dBFs/dBm) | N/A                | N/A
[SYS] PwrMax(dBFS)     | N/A                | N/A
[SYS] Showtime 109 seconds

[SYS] ------------------------ Data Direction -------------------
[SYS]                  | Downlink           | Uplink
[SYS] CPlane Total     | 0x0000000000000000 | 0x0000000000000000
[SYS] CPlane OnTime    | 0x0000000000000000 | 0x0000000000000000
[SYS] CPlane Early     | 0x0000000000000000 | 0x0000000000000000
[SYS] CPlane Late      | 0x0000000000000000 | 0x0000000000000000
[SYS] CPlane Corrupt   | 0x0000000000000000 | 0x0000000000000000
[SYS] UPlane Total     | 0x0000000000000000 | 0x0000000000000000
[SYS] UPlane OnTime    | 0x0000000000000000 | N/A
[SYS] UPlane Ealry     | 0x0000000000000000 | N/A
[SYS] UPlane Late      | 0x0000000000000000 | N/A
[SYS] UPlane Corrupt   | 0x0000000000000000 | N/A
[SYS] Eth Pkt Good     | 0x000007e9         | 0x00001a6a
[SYS] Eth Pkt Drop     | 0x00000000         | 0x00000000
[SYS] AXIQ status      | 0x00000303         | 0x00010101
[SYS] ------------------------ Tasks ---------------------------
[SYS]                  | UP         | CP         | RT
[SYS] Error            | 0x00000000 | 0x00000000 | 0x00000000
[SYS] Heartbeats       | 0x02afe2a9 | N/A        | N/A
[SYS] Counts           | 0x00000000 | N/A        | 0x00000000
[SYS] Drops            | 0x00000000 | N/A        | 0x00000000
[SYS] ------------------------ VSPAs ---------------------------
[SYS]                  | 0          | 1          | 2
[SYS] Error            | 0x00000000 | 0x00000000 | 0x00000000
[SYS] SYM WR           | 0x0000001e | N/A        | 0x0000000e
[SYS] SYM RD           | 0x0000001e | N/A        | 0x0000000e
[SYS] CMD WR           | 0x00000000 | 0x00000005 | 0x00000005
[SYS] CMD RD           | 0x00000000 | 0x00000005 | 0x00000005
[SYS] ------------------------ Info ----------------------------
[SYS]                  | Downlink           | Uplink
[SYS] RF / fine Gain   |     17 /   -1.7    | 0x42
[SYS] PwrAvg(dBFs/dBm) | N/A                | N/A
[SYS] PwrMax(dBFS)     | N/A                | N/A
[SYS] Showtime 110 seconds

[SYS] ------------------------ Data Direction -------------------
[SYS]                  | Downlink           | Uplink
[SYS] CPlane Total     | 0x0000000000000000 | 0x0000000000000000
[SYS] CPlane OnTime    | 0x0000000000000000 | 0x0000000000000000
[SYS] CPlane Early     | 0x0000000000000000 | 0x0000000000000000
[SYS] CPlane Late      | 0x0000000000000000 | 0x0000000000000000
[SYS] CPlane Corrupt   | 0x0000000000000000 | 0x0000000000000000
[SYS] UPlane Total     | 0x0000000000000000 | 0x0000000000000000
[SYS] UPlane OnTime    | 0x0000000000000000 | N/A
[SYS] UPlane Ealry     | 0x0000000000000000 | N/A
[SYS] UPlane Late      | 0x0000000000000000 | N/A
[SYS] UPlane Corrupt   | 0x0000000000000000 | N/A
[SYS] Eth Pkt Good     | 0x000007eb         | 0x00001a8e
[SYS] Eth Pkt Drop     | 0x00000000         | 0x00000000
[SYS] AXIQ status      | 0x00000303         | 0x00010101
[SYS] ------------------------ Tasks ---------------------------
[SYS]                  | UP         | CP         | RT
[SYS] Error            | 0x00000000 | 0x00000000 | 0x00000000
[SYS] Heartbeats       | 0x02b61d90 | N/A        | N/A
[SYS] Counts           | 0x00000000 | N/A        | 0x00000000
[SYS] Drops            | 0x00000000 | N/A        | 0x00000000
[SYS] ------------------------ VSPAs ---------------------------
[SYS]                  | 0          | 1          | 2
[SYS] Error            | 0x00000000 | 0x00000000 | 0x00000000
[SYS] SYM WR           | 0x0000001e | N/A        | 0x0000000e
[SYS] SYM RD           | 0x0000001e | N/A        | 0x0000000e
[SYS] CMD WR           | 0x00000000 | 0x00000005 | 0x00000005
[SYS] CMD RD           | 0x00000000 | 0x00000005 | 0x00000005
[SYS] ------------------------ Info ----------------------------
[SYS]                  | Downlink           | Uplink
[SYS] RF / fine Gain   |     17 /   -1.7    | 0x42
[SYS] PwrAvg(dBFs/dBm) | N/A                | N/A
[SYS] PwrMax(dBFS)     | N/A                | N/A
[SYS] Showtime 111 seconds

[SYS] ------------------------ Data Direction -------------------
[SYS]                  | Downlink           | Uplink
[SYS] CPlane Total     | 0x0000000000000000 | 0x0000000000000000
[SYS] CPlane OnTime    | 0x0000000000000000 | 0x0000000000000000
[SYS] CPlane Early     | 0x0000000000000000 | 0x0000000000000000
[SYS] CPlane Late      | 0x0000000000000000 | 0x0000000000000000
[SYS] CPlane Corrupt   | 0x0000000000000000 | 0x0000000000000000
[SYS] UPlane Total     | 0x0000000000000000 | 0x0000000000000000
[SYS] UPlane OnTime    | 0x0000000000000000 | N/A
[SYS] UPlane Ealry     | 0x0000000000000000 | N/A
[SYS] UPlane Late      | 0x0000000000000000 | N/A
[SYS] UPlane Corrupt   | 0x0000000000000000 | N/A
[SYS] Eth Pkt Good     | 0x000007ec         | 0x00001ab1
[SYS] Eth Pkt Drop     | 0x00000000         | 0x00000000
[SYS] AXIQ status      | 0x00000303         | 0x00010101
[SYS] ------------------------ Tasks ---------------------------
[SYS]                  | UP         | CP         | RT
[SYS] Error            | 0x00000000 | 0x00000000 | 0x00000000
[SYS] Heartbeats       | 0x02bc5891 | N/A        | N/A
[SYS] Counts           | 0x00000000 | N/A        | 0x00000000
[SYS] Drops            | 0x00000000 | N/A        | 0x00000000
[SYS] ------------------------ VSPAs ---------------------------
[SYS]                  | 0          | 1          | 2
[SYS] Error            | 0x00000000 | 0x00000000 | 0x00000000
[SYS] SYM WR           | 0x0000001e | N/A        | 0x0000000e
[SYS] SYM RD           | 0x0000001e | N/A        | 0x0000000e
[SYS] CMD WR           | 0x00000000 | 0x00000005 | 0x00000005
[SYS] CMD RD           | 0x00000000 | 0x00000005 | 0x00000005
[SYS] ------------------------ Info ----------------------------
[SYS]                  | Downlink           | Uplink
[SYS] RF / fine Gain   |     17 /   -1.7    | 0x42
[SYS] PwrAvg(dBFs/dBm) | N/A                | N/A
[SYS] PwrMax(dBFS)     | N/A                | N/A
[SYS] Showtime 112 seconds

[SYS] ------------------------ Data Direction -------------------
[SYS]                  | Downlink           | Uplink
[SYS] CPlane Total     | 0x0000000000000000 | 0x0000000000000000
[SYS] CPlane OnTime    | 0x0000000000000000 | 0x0000000000000000
[SYS] CPlane Early     | 0x0000000000000000 | 0x0000000000000000
[SYS] CPlane Late      | 0x0000000000000000 | 0x0000000000000000
[SYS] CPlane Corrupt   | 0x0000000000000000 | 0x0000000000000000
[SYS] UPlane Total     | 0x0000000000000000 | 0x0000000000000000
[SYS] UPlane OnTime    | 0x0000000000000000 | N/A
[SYS] UPlane Ealry     | 0x0000000000000000 | N/A
[SYS] UPlane Late      | 0x0000000000000000 | N/A
[SYS] UPlane Corrupt   | 0x0000000000000000 | N/A
[SYS] Eth Pkt Good     | 0x000007ee         | 0x00001ad5
[SYS] Eth Pkt Drop     | 0x00000000         | 0x00000000
[SYS] AXIQ status      | 0x00000303         | 0x00010101
[SYS] ------------------------ Tasks ---------------------------
[SYS]                  | UP         | CP         | RT
[SYS] Error            | 0x00000000 | 0x00000000 | 0x00000000
[SYS] Heartbeats       | 0x02c29649 | N/A        | N/A
[SYS] Counts           | 0x00000000 | N/A        | 0x00000000
[SYS] Drops            | 0x00000000 | N/A        | 0x00000000
[SYS] ------------------------ VSPAs ---------------------------
[SYS]                  | 0          | 1          | 2
[SYS] Error            | 0x00000000 | 0x00000000 | 0x00000000
[SYS] SYM WR           | 0x0000001e | N/A        | 0x0000000e
[SYS] SYM RD           | 0x0000001e | N/A        | 0x0000000e
[SYS] CMD WR           | 0x00000000 | 0x00000005 | 0x00000005
[SYS] CMD RD           | 0x00000000 | 0x00000005 | 0x00000005
[SYS] ------------------------ Info ----------------------------
[SYS]                  | Downlink           | Uplink
[SYS] RF / fine Gain   |     17 /   -1.7    | 0x42
[SYS] PwrAvg(dBFs/dBm) | N/A                | N/A
[SYS] PwrMax(dBFS)     | N/A                | N/A
[SYS] Showtime 113 seconds

[SYS] ------------------------ Data Direction -------------------
[SYS]                  | Downlink           | Uplink
[SYS] CPlane Total     | 0x0000000000000000 | 0x0000000000000000
[SYS] CPlane OnTime    | 0x0000000000000000 | 0x0000000000000000
[SYS] CPlane Early     | 0x0000000000000000 | 0x0000000000000000
[SYS] CPlane Late      | 0x0000000000000000 | 0x0000000000000000
[SYS] CPlane Corrupt   | 0x0000000000000000 | 0x0000000000000000
[SYS] UPlane Total     | 0x0000000000000000 | 0x0000000000000000
[SYS] UPlane OnTime    | 0x0000000000000000 | N/A
[SYS] UPlane Ealry     | 0x0000000000000000 | N/A
[SYS] UPlane Late      | 0x0000000000000000 | N/A
[SYS] UPlane Corrupt   | 0x0000000000000000 | N/A
[SYS] Eth Pkt Good     | 0x000007ef         | 0x00001af8
[SYS] Eth Pkt Drop     | 0x00000000         | 0x00000000
[SYS] AXIQ status      | 0x00000303         | 0x00010101
[SYS] ------------------------ Tasks ---------------------------
[SYS]                  | UP         | CP         | RT
[SYS] Error            | 0x00000000 | 0x00000000 | 0x00000000
[SYS] Heartbeats       | 0x02c8d132 | N/A        | N/A
[SYS] Counts           | 0x00000000 | N/A        | 0x00000000
[SYS] Drops            | 0x00000000 | N/A        | 0x00000000
[SYS] ------------------------ VSPAs ---------------------------
[SYS]                  | 0          | 1          | 2
[SYS] Error            | 0x00000000 | 0x00000000 | 0x00000000
[SYS] SYM WR           | 0x0000001e | N/A        | 0x0000000e
[SYS] SYM RD           | 0x0000001e | N/A        | 0x0000000e
[SYS] CMD WR           | 0x00000000 | 0x00000005 | 0x00000005
[SYS] CMD RD           | 0x00000000 | 0x00000005 | 0x00000005
[SYS] ------------------------ Info ----------------------------
[SYS]                  | Downlink           | Uplink
[SYS] RF / fine Gain   |     17 /   -1.7    | 0x42
[SYS] PwrAvg(dBFs/dBm) | N/A                | N/A
[SYS] PwrMax(dBFS)     | N/A                | N/A
[SYS] Showtime 114 seconds

[SYS] ------------------------ Data Direction -------------------
[SYS]                  | Downlink           | Uplink
[SYS] CPlane Total     | 0x0000000000000000 | 0x0000000000000000
[SYS] CPlane OnTime    | 0x0000000000000000 | 0x0000000000000000
[SYS] CPlane Early     | 0x0000000000000000 | 0x0000000000000000
[SYS] CPlane Late      | 0x0000000000000000 | 0x0000000000000000
[SYS] CPlane Corrupt   | 0x0000000000000000 | 0x0000000000000000
[SYS] UPlane Total     | 0x0000000000000000 | 0x0000000000000000
[SYS] UPlane OnTime    | 0x0000000000000000 | N/A
[SYS] UPlane Ealry     | 0x0000000000000000 | N/A
[SYS] UPlane Late      | 0x0000000000000000 | N/A
[SYS] UPlane Corrupt   | 0x0000000000000000 | N/A
[SYS] Eth Pkt Good     | 0x000007f1         | 0x00001b1c
[SYS] Eth Pkt Drop     | 0x00000000         | 0x00000000
[SYS] AXIQ status      | 0x00000303         | 0x00010101
[SYS] ------------------------ Tasks ---------------------------
[SYS]                  | UP         | CP         | RT
[SYS] Error            | 0x00000000 | 0x00000000 | 0x00000000
[SYS] Heartbeats       | 0x02cf0c19 | N/A        | N/A
[SYS] Counts           | 0x00000000 | N/A        | 0x00000000
[SYS] Drops            | 0x00000000 | N/A        | 0x00000000
[SYS] ------------------------ VSPAs ---------------------------
[SYS]                  | 0          | 1          | 2
[SYS] Error            | 0x00000000 | 0x00000000 | 0x00000000
[SYS] SYM WR           | 0x0000001e | N/A        | 0x0000000e
[SYS] SYM RD           | 0x0000001e | N/A        | 0x0000000e
[SYS] CMD WR           | 0x00000000 | 0x00000005 | 0x00000005
[SYS] CMD RD           | 0x00000000 | 0x00000005 | 0x00000005
[SYS] ------------------------ Info ----------------------------
[SYS]                  | Downlink           | Uplink
[SYS] RF / fine Gain   |     17 /   -1.7    | 0x42
[SYS] PwrAvg(dBFs/dBm) | N/A                | N/A
[SYS] PwrMax(dBFS)     | N/A                | N/A
[SYS] Showtime 115 seconds

[SYS] ------------------------ Data Direction -------------------
[SYS]                  | Downlink           | Uplink
[SYS] CPlane Total     | 0x0000000000000000 | 0x0000000000000000
[SYS] CPlane OnTime    | 0x0000000000000000 | 0x0000000000000000
[SYS] CPlane Early     | 0x0000000000000000 | 0x0000000000000000
[SYS] CPlane Late      | 0x0000000000000000 | 0x0000000000000000
[SYS] CPlane Corrupt   | 0x0000000000000000 | 0x0000000000000000
[SYS] UPlane Total     | 0x0000000000000000 | 0x0000000000000000
[SYS] UPlane OnTime    | 0x0000000000000000 | N/A
[SYS] UPlane Ealry     | 0x0000000000000000 | N/A
[SYS] UPlane Late      | 0x0000000000000000 | N/A
[SYS] UPlane Corrupt   | 0x0000000000000000 | N/A
[SYS] Eth Pkt Good     | 0x000007f2         | 0x00001b3f
[SYS] Eth Pkt Drop     | 0x00000000         | 0x00000000
[SYS] AXIQ status      | 0x00000303         | 0x00010101
[SYS] ------------------------ Tasks ---------------------------
[SYS]                  | UP         | CP         | RT
[SYS] Error            | 0x00000000 | 0x00000000 | 0x00000000
[SYS] Heartbeats       | 0x02d5471e | N/A        | N/A
[SYS] Counts           | 0x00000000 | N/A        | 0x00000000
[SYS] Drops            | 0x00000000 | N/A        | 0x00000000
[SYS] ------------------------ VSPAs ---------------------------
[SYS]                  | 0          | 1          | 2
[SYS] Error            | 0x00000000 | 0x00000000 | 0x00000000
[SYS] SYM WR           | 0x0000001e | N/A        | 0x0000000e
[SYS] SYM RD           | 0x0000001e | N/A        | 0x0000000e
[SYS] CMD WR           | 0x00000000 | 0x00000005 | 0x00000005
[SYS] CMD RD           | 0x00000000 | 0x00000005 | 0x00000005
[SYS] ------------------------ Info ----------------------------
[SYS]                  | Downlink           | Uplink
[SYS] RF / fine Gain   |     17 /   -1.7    | 0x42
[SYS] PwrAvg(dBFs/dBm) | N/A                | N/A
[SYS] PwrMax(dBFS)     | N/A                | N/A
[SYS] Showtime 116 seconds

[SYS] ------------------------ Data Direction -------------------
[SYS]                  | Downlink           | Uplink
[SYS] CPlane Total     | 0x0000000000000000 | 0x0000000000000000
[SYS] CPlane OnTime    | 0x0000000000000000 | 0x0000000000000000
[SYS] CPlane Early     | 0x0000000000000000 | 0x0000000000000000
[SYS] CPlane Late      | 0x0000000000000000 | 0x0000000000000000
[SYS] CPlane Corrupt   | 0x0000000000000000 | 0x0000000000000000
[SYS] UPlane Total     | 0x0000000000000000 | 0x0000000000000000
[SYS] UPlane OnTime    | 0x0000000000000000 | N/A
[SYS] UPlane Ealry     | 0x0000000000000000 | N/A
[SYS] UPlane Late      | 0x0000000000000000 | N/A
[SYS] UPlane Corrupt   | 0x0000000000000000 | N/A
[SYS] Eth Pkt Good     | 0x00000803         | 0x00001b71
[SYS] Eth Pkt Drop     | 0x00000000         | 0x00000000
[SYS] AXIQ status      | 0x00000303         | 0x00010101
[SYS] ------------------------ Tasks ---------------------------
[SYS]                  | UP         | CP         | RT
[SYS] Error            | 0x00000000 | 0x00000000 | 0x00000000
[SYS] Heartbeats       | 0x02db84e6 | N/A        | N/A
[SYS] Counts           | 0x00000000 | N/A        | 0x00000000
[SYS] Drops            | 0x00000000 | N/A        | 0x00000000
[SYS] ------------------------ VSPAs ---------------------------
[SYS]                  | 0          | 1          | 2
[SYS] Error            | 0x00000000 | 0x00000000 | 0x00000000
[SYS] SYM WR           | 0x0000001e | N/A        | 0x0000000e
[SYS] SYM RD           | 0x0000001e | N/A        | 0x0000000e
[SYS] CMD WR           | 0x00000000 | 0x00000005 | 0x00000005
[SYS] CMD RD           | 0x00000000 | 0x00000005 | 0x00000005
[SYS] ------------------------ Info ----------------------------
[SYS]                  | Downlink           | Uplink
[SYS] RF / fine Gain   |     17 /   -1.7    | 0x42
[SYS] PwrAvg(dBFs/dBm) | N/A                | N/A
[SYS] PwrMax(dBFS)     | N/A                | N/A
[SYS] Showtime 117 seconds

[SYS] ------------------------ Data Direction -------------------
[SYS]                  | Downlink           | Uplink
[SYS] CPlane Total     | 0x0000000000000000 | 0x0000000000000000
[SYS] CPlane OnTime    | 0x0000000000000000 | 0x0000000000000000
[SYS] CPlane Early     | 0x0000000000000000 | 0x0000000000000000
[SYS] CPlane Late      | 0x0000000000000000 | 0x0000000000000000
[SYS] CPlane Corrupt   | 0x0000000000000000 | 0x0000000000000000
[SYS] UPlane Total     | 0x0000000000000000 | 0x0000000000000000
[SYS] UPlane OnTime    | 0x0000000000000000 | N/A
[SYS] UPlane Ealry     | 0x0000000000000000 | N/A
[SYS] UPlane Late      | 0x0000000000000000 | N/A
[SYS] UPlane Corrupt   | 0x0000000000000000 | N/A
[SYS] Eth Pkt Good     | 0x00000813         | 0x00001ba4
[SYS] Eth Pkt Drop     | 0x00000000         | 0x00000000
[SYS] AXIQ status      | 0x00000303         | 0x00010101
[SYS] ------------------------ Tasks ---------------------------
[SYS]                  | UP         | CP         | RT
[SYS] Error            | 0x00000000 | 0x00000000 | 0x00000000
[SYS] Heartbeats       | 0x02e1bfcd | N/A        | N/A
[SYS] Counts           | 0x00000000 | N/A        | 0x00000000
[SYS] Drops            | 0x00000000 | N/A        | 0x00000000
[SYS] ------------------------ VSPAs ---------------------------
[SYS]                  | 0          | 1          | 2
[SYS] Error            | 0x00000000 | 0x00000000 | 0x00000000
[SYS] SYM WR           | 0x0000001e | N/A        | 0x0000000e
[SYS] SYM RD           | 0x0000001e | N/A        | 0x0000000e
[SYS] CMD WR           | 0x00000000 | 0x00000005 | 0x00000005
[SYS] CMD RD           | 0x00000000 | 0x00000005 | 0x00000005
[SYS] ------------------------ Info ----------------------------
[SYS]                  | Downlink           | Uplink
[SYS] RF / fine Gain   |     17 /   -1.7    | 0x42
[SYS] PwrAvg(dBFs/dBm) | N/A                | N/A
[SYS] PwrMax(dBFS)     | N/A                | N/A
[SYS] Showtime 118 seconds

[SYS] ------------------------ Data Direction -------------------
[SYS]                  | Downlink           | Uplink
[SYS] CPlane Total     | 0x0000000000000000 | 0x0000000000000000
[SYS] CPlane OnTime    | 0x0000000000000000 | 0x0000000000000000
[SYS] CPlane Early     | 0x0000000000000000 | 0x0000000000000000
[SYS] CPlane Late      | 0x0000000000000000 | 0x0000000000000000
[SYS] CPlane Corrupt   | 0x0000000000000000 | 0x0000000000000000
[SYS] UPlane Total     | 0x0000000000000000 | 0x0000000000000000
[SYS] UPlane OnTime    | 0x0000000000000000 | N/A
[SYS] UPlane Ealry     | 0x0000000000000000 | N/A
[SYS] UPlane Late      | 0x0000000000000000 | N/A
[SYS] UPlane Corrupt   | 0x0000000000000000 | N/A
[SYS] Eth Pkt Good     | 0x00000814         | 0x00001bc7
[SYS] Eth Pkt Drop     | 0x00000000         | 0x00000000
[SYS] AXIQ status      | 0x00000303         | 0x00010101
[SYS] ------------------------ Tasks ---------------------------
[SYS]                  | UP         | CP         | RT
[SYS] Error            | 0x00000000 | 0x00000000 | 0x00000000
[SYS] Heartbeats       | 0x02e7faba | N/A        | N/A
[SYS] Counts           | 0x00000000 | N/A        | 0x00000000
[SYS] Drops            | 0x00000000 | N/A        | 0x00000000
[SYS] ------------------------ VSPAs ---------------------------
[SYS]                  | 0          | 1          | 2
[SYS] Error            | 0x00000000 | 0x00000000 | 0x00000000
[SYS] SYM WR           | 0x0000001e | N/A        | 0x0000000e
[SYS] SYM RD           | 0x0000001e | N/A        | 0x0000000e
[SYS] CMD WR           | 0x00000000 | 0x00000005 | 0x00000005
[SYS] CMD RD           | 0x00000000 | 0x00000005 | 0x00000005
[SYS] ------------------------ Info ----------------------------
[SYS]                  | Downlink           | Uplink
[SYS] RF / fine Gain   |     17 /   -1.7    | 0x42
[SYS] PwrAvg(dBFs/dBm) | N/A                | N/A
[SYS] PwrMax(dBFS)     | N/A                | N/A
[SYS] Showtime 119 seconds

[SYS] ------------------------ Data Direction -------------------
[SYS]                  | Downlink           | Uplink
[SYS] CPlane Total     | 0x0000000000000000 | 0x0000000000000000
[SYS] CPlane OnTime    | 0x0000000000000000 | 0x0000000000000000
[SYS] CPlane Early     | 0x0000000000000000 | 0x0000000000000000
[SYS] CPlane Late      | 0x0000000000000000 | 0x0000000000000000
[SYS] CPlane Corrupt   | 0x0000000000000000 | 0x0000000000000000
[SYS] UPlane Total     | 0x0000000000000000 | 0x0000000000000000
[SYS] UPlane OnTime    | 0x0000000000000000 | N/A
[SYS] UPlane Ealry     | 0x0000000000000000 | N/A
[SYS] UPlane Late      | 0x0000000000000000 | N/A
[SYS] UPlane Corrupt   | 0x0000000000000000 | N/A
[SYS] Eth Pkt Good     | 0x00000816         | 0x00001beb
[SYS] Eth Pkt Drop     | 0x00000000         | 0x00000000
[SYS] AXIQ status      | 0x00000303         | 0x00010101
[SYS] ------------------------ Tasks ---------------------------
[SYS]                  | UP         | CP         | RT
[SYS] Error            | 0x00000000 | 0x00000000 | 0x00000000
[SYS] Heartbeats       | 0x02ee387d | N/A        | N/A
[SYS] Counts           | 0x00000000 | N/A        | 0x00000000
[SYS] Drops            | 0x00000000 | N/A        | 0x00000000
[SYS] ------------------------ VSPAs ---------------------------
[SYS]                  | 0          | 1          | 2
[SYS] Error            | 0x00000000 | 0x00000000 | 0x00000000
[SYS] SYM WR           | 0x0000001e | N/A        | 0x0000000e
[SYS] SYM RD           | 0x0000001e | N/A        | 0x0000000e
[SYS] CMD WR           | 0x00000000 | 0x00000005 | 0x00000005
[SYS] CMD RD           | 0x00000000 | 0x00000005 | 0x00000005
[SYS] ------------------------ Info ----------------------------
[SYS]                  | Downlink           | Uplink
[SYS] RF / fine Gain   |     17 /   -1.7    | 0x42
[SYS] PwrAvg(dBFs/dBm) | N/A                | N/A
[SYS] PwrMax(dBFS)     | N/A                | N/A
[SYS] Showtime 120 seconds

[SYS] ------------------------ Data Direction -------------------
[SYS]                  | Downlink           | Uplink
[SYS] CPlane Total     | 0x0000000000000000 | 0x0000000000000000
[SYS] CPlane OnTime    | 0x0000000000000000 | 0x0000000000000000
[SYS] CPlane Early     | 0x0000000000000000 | 0x0000000000000000
[SYS] CPlane Late      | 0x0000000000000000 | 0x0000000000000000
[SYS] CPlane Corrupt   | 0x0000000000000000 | 0x0000000000000000
[SYS] UPlane Total     | 0x0000000000000000 | 0x0000000000000000
[SYS] UPlane OnTime    | 0x0000000000000000 | N/A
[SYS] UPlane Ealry     | 0x0000000000000000 | N/A
[SYS] UPlane Late      | 0x0000000000000000 | N/A
[SYS] UPlane Corrupt   | 0x0000000000000000 | N/A
[SYS] Eth Pkt Good     | 0x00000817         | 0x00001c0e
[SYS] Eth Pkt Drop     | 0x00000000         | 0x00000000
[SYS] AXIQ status      | 0x00000303         | 0x00010101
[SYS] ------------------------ Tasks ---------------------------
[SYS]                  | UP         | CP         | RT
[SYS] Error            | 0x00000000 | 0x00000000 | 0x00000000
[SYS] Heartbeats       | 0x02f4735e | N/A        | N/A
[SYS] Counts           | 0x00000000 | N/A        | 0x00000000
[SYS] Drops            | 0x00000000 | N/A        | 0x00000000
[SYS] ------------------------ VSPAs ---------------------------
[SYS]                  | 0          | 1          | 2
[SYS] Error            | 0x00000000 | 0x00000000 | 0x00000000
[SYS] SYM WR           | 0x0000001e | N/A        | 0x0000000e
[SYS] SYM RD           | 0x0000001e | N/A        | 0x0000000e
[SYS] CMD WR           | 0x00000000 | 0x00000005 | 0x00000005
[SYS] CMD RD           | 0x00000000 | 0x00000005 | 0x00000005
[SYS] ------------------------ Info ----------------------------
[SYS]                  | Downlink           | Uplink
[SYS] RF / fine Gain   |     17 /   -1.7    | 0x42
[SYS] PwrAvg(dBFs/dBm) | N/A                | N/A
[SYS] PwrMax(dBFS)     | N/A                | N/A
[SYS] Showtime 121 seconds

[SYS] ------------------------ Data Direction -------------------
[SYS]                  | Downlink           | Uplink
[SYS] CPlane Total     | 0x0000000000000000 | 0x0000000000000000
[SYS] CPlane OnTime    | 0x0000000000000000 | 0x0000000000000000
[SYS] CPlane Early     | 0x0000000000000000 | 0x0000000000000000
[SYS] CPlane Late      | 0x0000000000000000 | 0x0000000000000000
[SYS] CPlane Corrupt   | 0x0000000000000000 | 0x0000000000000000
[SYS] UPlane Total     | 0x0000000000000000 | 0x0000000000000000
[SYS] UPlane OnTime    | 0x0000000000000000 | N/A
[SYS] UPlane Ealry     | 0x0000000000000000 | N/A
[SYS] UPlane Late      | 0x0000000000000000 | N/A
[SYS] UPlane Corrupt   | 0x0000000000000000 | N/A
[SYS] Eth Pkt Good     | 0x00000819         | 0x00001c32
[SYS] Eth Pkt Drop     | 0x00000000         | 0x00000000
[SYS] AXIQ status      | 0x00000303         | 0x00010101
[SYS] ------------------------ Tasks ---------------------------
[SYS]                  | UP         | CP         | RT
[SYS] Error            | 0x00000000 | 0x00000000 | 0x00000000
[SYS] Heartbeats       | 0x02faae37 | N/A        | N/A
[SYS] Counts           | 0x00000000 | N/A        | 0x00000000
[SYS] Drops            | 0x00000000 | N/A        | 0x00000000
[SYS] ------------------------ VSPAs ---------------------------
[SYS]                  | 0          | 1          | 2
[SYS] Error            | 0x00000000 | 0x00000000 | 0x00000000
[SYS] SYM WR           | 0x0000001e | N/A        | 0x0000000e
[SYS] SYM RD           | 0x0000001e | N/A        | 0x0000000e
[SYS] CMD WR           | 0x00000000 | 0x00000005 | 0x00000005
[SYS] CMD RD           | 0x00000000 | 0x00000005 | 0x00000005
[SYS] ------------------------ Info ----------------------------
[SYS]                  | Downlink           | Uplink
[SYS] RF / fine Gain   |     17 /   -1.7    | 0x42
[SYS] PwrAvg(dBFs/dBm) | N/A                | N/A
[SYS] PwrMax(dBFS)     | N/A                | N/A
[SYS] Showtime 122 seconds

[SYS] ------------------------ Data Direction -------------------
[SYS]                  | Downlink           | Uplink
[SYS] CPlane Total     | 0x0000000000000000 | 0x0000000000000000
[SYS] CPlane OnTime    | 0x0000000000000000 | 0x0000000000000000
[SYS] CPlane Early     | 0x0000000000000000 | 0x0000000000000000
[SYS] CPlane Late      | 0x0000000000000000 | 0x0000000000000000
[SYS] CPlane Corrupt   | 0x0000000000000000 | 0x0000000000000000
[SYS] UPlane Total     | 0x0000000000000000 | 0x0000000000000000
[SYS] UPlane OnTime    | 0x0000000000000000 | N/A
[SYS] UPlane Ealry     | 0x0000000000000000 | N/A
[SYS] UPlane Late      | 0x0000000000000000 | N/A
[SYS] UPlane Corrupt   | 0x0000000000000000 | N/A
[SYS] Eth Pkt Good     | 0x0000081a         | 0x00001c55
[SYS] Eth Pkt Drop     | 0x00000000         | 0x00000000
[SYS] AXIQ status      | 0x00000303         | 0x00010101
[SYS] ------------------------ Tasks ---------------------------
[SYS]                  | UP         | CP         | RT
[SYS] Error            | 0x00000000 | 0x00000000 | 0x00000000
[SYS] Heartbeats       | 0x0300ec79 | N/A        | N/A
[SYS] Counts           | 0x00000000 | N/A        | 0x00000000
[SYS] Drops            | 0x00000000 | N/A        | 0x00000000
[SYS] ------------------------ VSPAs ---------------------------
[SYS]                  | 0          | 1          | 2
[SYS] Error            | 0x00000000 | 0x00000000 | 0x00000000
[SYS] SYM WR           | 0x0000001e | N/A        | 0x0000000e
[SYS] SYM RD           | 0x0000001e | N/A        | 0x0000000e
[SYS] CMD WR           | 0x00000000 | 0x00000005 | 0x00000005
[SYS] CMD RD           | 0x00000000 | 0x00000005 | 0x00000005
[SYS] ------------------------ Info ----------------------------
[SYS]                  | Downlink           | Uplink
[SYS] RF / fine Gain   |     17 /   -1.7    | 0x42
[SYS] PwrAvg(dBFs/dBm) | N/A                | N/A
[SYS] PwrMax(dBFS)     | N/A                | N/A
[SYS] Showtime 123 seconds

[SYS] ------------------------ Data Direction -------------------
[SYS]                  | Downlink           | Uplink
[SYS] CPlane Total     | 0x0000000000000000 | 0x0000000000000000
[SYS] CPlane OnTime    | 0x0000000000000000 | 0x0000000000000000
[SYS] CPlane Early     | 0x0000000000000000 | 0x0000000000000000
[SYS] CPlane Late      | 0x0000000000000000 | 0x0000000000000000
[SYS] CPlane Corrupt   | 0x0000000000000000 | 0x0000000000000000
[SYS] UPlane Total     | 0x0000000000000000 | 0x0000000000000000
[SYS] UPlane OnTime    | 0x0000000000000000 | N/A
[SYS] UPlane Ealry     | 0x0000000000000000 | N/A
[SYS] UPlane Late      | 0x0000000000000000 | N/A
[SYS] UPlane Corrupt   | 0x0000000000000000 | N/A
[SYS] Eth Pkt Good     | 0x0000081b         | 0x00001c78
[SYS] Eth Pkt Drop     | 0x00000000         | 0x00000000
[SYS] AXIQ status      | 0x00000303         | 0x00010101
[SYS] ------------------------ Tasks ---------------------------
[SYS]                  | UP         | CP         | RT
[SYS] Error            | 0x00000000 | 0x00000000 | 0x00000000
[SYS] Heartbeats       | 0x0307287b | N/A        | N/A
[SYS] Counts           | 0x00000000 | N/A        | 0x00000000
[SYS] Drops            | 0x00000000 | N/A        | 0x00000000
[SYS] ------------------------ VSPAs ---------------------------
[SYS]                  | 0          | 1          | 2
[SYS] Error            | 0x00000000 | 0x00000000 | 0x00000000
[SYS] SYM WR           | 0x0000001e | N/A        | 0x0000000e
[SYS] SYM RD           | 0x0000001e | N/A        | 0x0000000e
[SYS] CMD WR           | 0x00000000 | 0x00000005 | 0x00000005
[SYS] CMD RD           | 0x00000000 | 0x00000005 | 0x00000005
[SYS] ------------------------ Info ----------------------------
[SYS]                  | Downlink           | Uplink
[SYS] RF / fine Gain   |     17 /   -1.7    | 0x42
[SYS] PwrAvg(dBFs/dBm) | N/A                | N/A
[SYS] PwrMax(dBFS)     | N/A                | N/A
[SYS] Showtime 124 seconds

[SYS] ------------------------ Data Direction -------------------
[SYS]                  | Downlink           | Uplink
[SYS] CPlane Total     | 0x0000000000000000 | 0x0000000000000000
[SYS] CPlane OnTime    | 0x0000000000000000 | 0x0000000000000000
[SYS] CPlane Early     | 0x0000000000000000 | 0x0000000000000000
[SYS] CPlane Late      | 0x0000000000000000 | 0x0000000000000000
[SYS] CPlane Corrupt   | 0x0000000000000000 | 0x0000000000000000
[SYS] UPlane Total     | 0x0000000000000000 | 0x0000000000000000
[SYS] UPlane OnTime    | 0x0000000000000000 | N/A
[SYS] UPlane Ealry     | 0x0000000000000000 | N/A
[SYS] UPlane Late      | 0x0000000000000000 | N/A
[SYS] UPlane Corrupt   | 0x0000000000000000 | N/A
[SYS] Eth Pkt Good     | 0x0000081d         | 0x00001c9c
[SYS] Eth Pkt Drop     | 0x00000000         | 0x00000000
[SYS] AXIQ status      | 0x00000303         | 0x00010101
[SYS] ------------------------ Tasks ---------------------------
[SYS]                  | UP         | CP         | RT
[SYS] Error            | 0x00000000 | 0x00000000 | 0x00000000
[SYS] Heartbeats       | 0x030d635d | N/A        | N/A
[SYS] Counts           | 0x00000000 | N/A        | 0x00000000
[SYS] Drops            | 0x00000000 | N/A        | 0x00000000
[SYS] ------------------------ VSPAs ---------------------------
[SYS]                  | 0          | 1          | 2
[SYS] Error            | 0x00000000 | 0x00000000 | 0x00000000
[SYS] SYM WR           | 0x0000001e | N/A        | 0x0000000e
[SYS] SYM RD           | 0x0000001e | N/A        | 0x0000000e
[SYS] CMD WR           | 0x00000000 | 0x00000005 | 0x00000005
[SYS] CMD RD           | 0x00000000 | 0x00000005 | 0x00000005
[SYS] ------------------------ Info ----------------------------
[SYS]                  | Downlink           | Uplink
[SYS] RF / fine Gain   |     17 /   -1.7    | 0x42
[SYS] PwrAvg(dBFs/dBm) | N/A                | N/A
[SYS] PwrMax(dBFS)     | N/A                | N/A
[SYS] Showtime 125 seconds

[SYS] ------------------------ Data Direction -------------------
[SYS]                  | Downlink           | Uplink
[SYS] CPlane Total     | 0x0000000000000000 | 0x0000000000000000
[SYS] CPlane OnTime    | 0x0000000000000000 | 0x0000000000000000
[SYS] CPlane Early     | 0x0000000000000000 | 0x0000000000000000
[SYS] CPlane Late      | 0x0000000000000000 | 0x0000000000000000
[SYS] CPlane Corrupt   | 0x0000000000000000 | 0x0000000000000000
[SYS] UPlane Total     | 0x0000000000000000 | 0x0000000000000000
[SYS] UPlane OnTime    | 0x0000000000000000 | N/A
[SYS] UPlane Ealry     | 0x0000000000000000 | N/A
[SYS] UPlane Late      | 0x0000000000000000 | N/A
[SYS] UPlane Corrupt   | 0x0000000000000000 | N/A
[SYS] Eth Pkt Good     | 0x0000081e         | 0x00001cbf
[SYS] Eth Pkt Drop     | 0x00000000         | 0x00000000
[SYS] AXIQ status      | 0x00000303         | 0x00010101
[SYS] ------------------------ Tasks ---------------------------
[SYS]                  | UP         | CP         | RT
[SYS] Error            | 0x00000000 | 0x00000000 | 0x00000000
[SYS] Heartbeats       | 0x03139e47 | N/A        | N/A
[SYS] Counts           | 0x00000000 | N/A        | 0x00000000
[SYS] Drops            | 0x00000000 | N/A        | 0x00000000
[SYS] ------------------------ VSPAs ---------------------------
[SYS]                  | 0          | 1          | 2
[SYS] Error            | 0x00000000 | 0x00000000 | 0x00000000
[SYS] SYM WR           | 0x0000001e | N/A        | 0x0000000e
[SYS] SYM RD           | 0x0000001e | N/A        | 0x0000000e
[SYS] CMD WR           | 0x00000000 | 0x00000005 | 0x00000005
[SYS] CMD RD           | 0x00000000 | 0x00000005 | 0x00000005
[SYS] ------------------------ Info ----------------------------
[SYS]                  | Downlink           | Uplink
[SYS] RF / fine Gain   |     17 /   -1.7    | 0x42
[SYS] PwrAvg(dBFs/dBm) | N/A                | N/A
[SYS] PwrMax(dBFS)     | N/A                | N/A
[SYS] Showtime 126 seconds

[SYS] ------------------------ Data Direction -------------------
[SYS]                  | Downlink           | Uplink
[SYS] CPlane Total     | 0x0000000000000000 | 0x0000000000000000
[SYS] CPlane OnTime    | 0x0000000000000000 | 0x0000000000000000
[SYS] CPlane Early     | 0x0000000000000000 | 0x0000000000000000
[SYS] CPlane Late      | 0x0000000000000000 | 0x0000000000000000
[SYS] CPlane Corrupt   | 0x0000000000000000 | 0x0000000000000000
[SYS] UPlane Total     | 0x0000000000000000 | 0x0000000000000000
[SYS] UPlane OnTime    | 0x0000000000000000 | N/A
[SYS] UPlane Ealry     | 0x0000000000000000 | N/A
[SYS] UPlane Late      | 0x0000000000000000 | N/A
[SYS] UPlane Corrupt   | 0x0000000000000000 | N/A
[SYS] Eth Pkt Good     | 0x00000820         | 0x00001ce3
[SYS] Eth Pkt Drop     | 0x00000000         | 0x00000000
[SYS] AXIQ status      | 0x00000303         | 0x00010101
[SYS] ------------------------ Tasks ---------------------------
[SYS]                  | UP         | CP         | RT
[SYS] Error            | 0x00000000 | 0x00000000 | 0x00000000
[SYS] Heartbeats       | 0x0319dc08 | N/A        | N/A
[SYS] Counts           | 0x00000000 | N/A        | 0x00000000
[SYS] Drops            | 0x00000000 | N/A        | 0x00000000
[SYS] ------------------------ VSPAs ---------------------------
[SYS]                  | 0          | 1          | 2
[SYS] Error            | 0x00000000 | 0x00000000 | 0x00000000
[SYS] SYM WR           | 0x0000001e | N/A        | 0x0000000e
[SYS] SYM RD           | 0x0000001e | N/A        | 0x0000000e
[SYS] CMD WR           | 0x00000000 | 0x00000005 | 0x00000005
[SYS] CMD RD           | 0x00000000 | 0x00000005 | 0x00000005
[SYS] ------------------------ Info ----------------------------
[SYS]                  | Downlink           | Uplink
[SYS] RF / fine Gain   |     17 /   -1.7    | 0x42
[SYS] PwrAvg(dBFs/dBm) | N/A                | N/A
[SYS] PwrMax(dBFS)     | N/A                | N/A
[SYS] Showtime 127 seconds

[SYS] ------------------------ Data Direction -------------------
[SYS]                  | Downlink           | Uplink
[SYS] CPlane Total     | 0x0000000000000000 | 0x0000000000000000
[SYS] CPlane OnTime    | 0x0000000000000000 | 0x0000000000000000
[SYS] CPlane Early     | 0x0000000000000000 | 0x0000000000000000
[SYS] CPlane Late      | 0x0000000000000000 | 0x0000000000000000
[SYS] CPlane Corrupt   | 0x0000000000000000 | 0x0000000000000000
[SYS] UPlane Total     | 0x0000000000000000 | 0x0000000000000000
[SYS] UPlane OnTime    | 0x0000000000000000 | N/A
[SYS] UPlane Ealry     | 0x0000000000000000 | N/A
[SYS] UPlane Late      | 0x0000000000000000 | N/A
[SYS] UPlane Corrupt   | 0x0000000000000000 | N/A
[SYS] Eth Pkt Good     | 0x00000821         | 0x00001d06
[SYS] Eth Pkt Drop     | 0x00000000         | 0x00000000
[SYS] AXIQ status      | 0x00000303         | 0x00010101
[SYS] ------------------------ Tasks ---------------------------
[SYS]                  | UP         | CP         | RT
[SYS] Error            | 0x00000000 | 0x00000000 | 0x00000000
[SYS] Heartbeats       | 0x032016ee | N/A        | N/A
[SYS] Counts           | 0x00000000 | N/A        | 0x00000000
[SYS] Drops            | 0x00000000 | N/A        | 0x00000000
[SYS] ------------------------ VSPAs ---------------------------
[SYS]                  | 0          | 1          | 2
[SYS] Error            | 0x00000000 | 0x00000000 | 0x00000000
[SYS] SYM WR           | 0x0000001e | N/A        | 0x0000000e
[SYS] SYM RD           | 0x0000001e | N/A        | 0x0000000e
[SYS] CMD WR           | 0x00000000 | 0x00000005 | 0x00000005
[SYS] CMD RD           | 0x00000000 | 0x00000005 | 0x00000005
[SYS] ------------------------ Info ----------------------------
[SYS]                  | Downlink           | Uplink
[SYS] RF / fine Gain   |     17 /   -1.7    | 0x42
[SYS] PwrAvg(dBFs/dBm) | N/A                | N/A
[SYS] PwrMax(dBFS)     | N/A                | N/A
[SYS] Showtime 128 seconds

[SYS] ------------------------ Data Direction -------------------
[SYS]                  | Downlink           | Uplink
[SYS] CPlane Total     | 0x0000000000000000 | 0x0000000000000000
[SYS] CPlane OnTime    | 0x0000000000000000 | 0x0000000000000000
[SYS] CPlane Early     | 0x0000000000000000 | 0x0000000000000000
[SYS] CPlane Late      | 0x0000000000000000 | 0x0000000000000000
[SYS] CPlane Corrupt   | 0x0000000000000000 | 0x0000000000000000
[SYS] UPlane Total     | 0x0000000000000000 | 0x0000000000000000
[SYS] UPlane OnTime    | 0x0000000000000000 | N/A
[SYS] UPlane Ealry     | 0x0000000000000000 | N/A
[SYS] UPlane Late      | 0x0000000000000000 | N/A
[SYS] UPlane Corrupt   | 0x0000000000000000 | N/A
[SYS] Eth Pkt Good     | 0x00000822         | 0x00001d2a
[SYS] Eth Pkt Drop     | 0x00000000         | 0x00000000
[SYS] AXIQ status      | 0x00000303         | 0x00010101
[SYS] ------------------------ Tasks ---------------------------
[SYS]                  | UP         | CP         | RT
[SYS] Error            | 0x00000000 | 0x00000000 | 0x00000000
[SYS] Heartbeats       | 0x032651c7 | N/A        | N/A
[SYS] Counts           | 0x00000000 | N/A        | 0x00000000
[SYS] Drops            | 0x00000000 | N/A        | 0x00000000
[SYS] ------------------------ VSPAs ---------------------------
[SYS]                  | 0          | 1          | 2
[SYS] Error            | 0x00000000 | 0x00000000 | 0x00000000
[SYS] SYM WR           | 0x0000001e | N/A        | 0x0000000e
[SYS] SYM RD           | 0x0000001e | N/A        | 0x0000000e
[SYS] CMD WR           | 0x00000000 | 0x00000005 | 0x00000005
[SYS] CMD RD           | 0x00000000 | 0x00000005 | 0x00000005
[SYS] ------------------------ Info ----------------------------
[SYS]                  | Downlink           | Uplink
[SYS] RF / fine Gain   |     17 /   -1.7    | 0x42
[SYS] PwrAvg(dBFs/dBm) | N/A                | N/A
[SYS] PwrMax(dBFS)     | N/A                | N/A
[SYS] Showtime 129 seconds

[SYS] ------------------------ Data Direction -------------------
[SYS]                  | Downlink           | Uplink
[SYS] CPlane Total     | 0x0000000000000000 | 0x0000000000000000
[SYS] CPlane OnTime    | 0x0000000000000000 | 0x0000000000000000
[SYS] CPlane Early     | 0x0000000000000000 | 0x0000000000000000
[SYS] CPlane Late      | 0x0000000000000000 | 0x0000000000000000
[SYS] CPlane Corrupt   | 0x0000000000000000 | 0x0000000000000000
[SYS] UPlane Total     | 0x0000000000000000 | 0x0000000000000000
[SYS] UPlane OnTime    | 0x0000000000000000 | N/A
[SYS] UPlane Ealry     | 0x0000000000000000 | N/A
[SYS] UPlane Late      | 0x0000000000000000 | N/A
[SYS] UPlane Corrupt   | 0x0000000000000000 | N/A
[SYS] Eth Pkt Good     | 0x00000827         | 0x00001d50
[SYS] Eth Pkt Drop     | 0x00000000         | 0x00000000
[SYS] AXIQ status      | 0x00000303         | 0x00010101
[SYS] ------------------------ Tasks ---------------------------
[SYS]                  | UP         | CP         | RT
[SYS] Error            | 0x00000000 | 0x00000000 | 0x00000000
[SYS] Heartbeats       | 0x032c979d | N/A        | N/A
[SYS] Counts           | 0x00000000 | N/A        | 0x00000000
[SYS] Drops            | 0x00000000 | N/A        | 0x00000000
[SYS] ------------------------ VSPAs ---------------------------
[SYS]                  | 0          | 1          | 2
[SYS] Error            | 0x00000000 | 0x00000000 | 0x00000000
[SYS] SYM WR           | 0x0000001e | N/A        | 0x0000000e
[SYS] SYM RD           | 0x0000001e | N/A        | 0x0000000e
[SYS] CMD WR           | 0x00000000 | 0x00000005 | 0x00000005
[SYS] CMD RD           | 0x00000000 | 0x00000005 | 0x00000005
[SYS] ------------------------ Info ----------------------------
[SYS]                  | Downlink           | Uplink
[SYS] RF / fine Gain   |     17 /   -1.7    | 0x42
[SYS] PwrAvg(dBFs/dBm) | N/A                | N/A
[SYS] PwrMax(dBFS)     | N/A                | N/A
[SYS] Showtime 130 seconds

[SYS] ------------------------ Data Direction -------------------
[SYS]                  | Downlink           | Uplink
[SYS] CPlane Total     | 0x0000000000000000 | 0x0000000000000000
[SYS] CPlane OnTime    | 0x0000000000000000 | 0x0000000000000000
[SYS] CPlane Early     | 0x0000000000000000 | 0x0000000000000000
[SYS] CPlane Late      | 0x0000000000000000 | 0x0000000000000000
[SYS] CPlane Corrupt   | 0x0000000000000000 | 0x0000000000000000
[SYS] UPlane Total     | 0x0000000000000000 | 0x0000000000000000
[SYS] UPlane OnTime    | 0x0000000000000000 | N/A
[SYS] UPlane Ealry     | 0x0000000000000000 | N/A
[SYS] UPlane Late      | 0x0000000000000000 | N/A
[SYS] UPlane Corrupt   | 0x0000000000000000 | N/A
[SYS] Eth Pkt Good     | 0x00000843         | 0x00001d8e
[SYS] Eth Pkt Drop     | 0x00000000         | 0x00000000
[SYS] AXIQ status      | 0x00000303         | 0x00010101
[SYS] ------------------------ Tasks ---------------------------
[SYS]                  | UP         | CP         | RT
[SYS] Error            | 0x00000000 | 0x00000000 | 0x00000000
[SYS] Heartbeats       | 0x0332d26e | N/A        | N/A
[SYS] Counts           | 0x00000000 | N/A        | 0x00000000
[SYS] Drops            | 0x00000000 | N/A        | 0x00000000
[SYS] ------------------------ VSPAs ---------------------------
[SYS]                  | 0          | 1          | 2
[SYS] Error            | 0x00000000 | 0x00000000 | 0x00000000
[SYS] SYM WR           | 0x0000001e | N/A        | 0x0000000e
[SYS] SYM RD           | 0x0000001e | N/A        | 0x0000000e
[SYS] CMD WR           | 0x00000000 | 0x00000005 | 0x00000005
[SYS] CMD RD           | 0x00000000 | 0x00000005 | 0x00000005
[SYS] ------------------------ Info ----------------------------
[SYS]                  | Downlink           | Uplink
[SYS] RF / fine Gain   |     17 /   -1.7    | 0x42
[SYS] PwrAvg(dBFs/dBm) | N/A                | N/A
[SYS] PwrMax(dBFS)     | N/A                | N/A
[SYS] Showtime 131 seconds

[SYS] ------------------------ Data Direction -------------------
[SYS]                  | Downlink           | Uplink
[SYS] CPlane Total     | 0x0000000000000000 | 0x0000000000000000
[SYS] CPlane OnTime    | 0x0000000000000000 | 0x0000000000000000
[SYS] CPlane Early     | 0x0000000000000000 | 0x0000000000000000
[SYS] CPlane Late      | 0x0000000000000000 | 0x0000000000000000
[SYS] CPlane Corrupt   | 0x0000000000000000 | 0x0000000000000000
[SYS] UPlane Total     | 0x0000000000000000 | 0x0000000000000000
[SYS] UPlane OnTime    | 0x0000000000000000 | N/A
[SYS] UPlane Ealry     | 0x0000000000000000 | N/A
[SYS] UPlane Late      | 0x0000000000000000 | N/A
[SYS] UPlane Corrupt   | 0x0000000000000000 | N/A
[SYS] Eth Pkt Good     | 0x00000845         | 0x00001db2
[SYS] Eth Pkt Drop     | 0x00000000         | 0x00000000
[SYS] AXIQ status      | 0x00000303         | 0x00010101
[SYS] ------------------------ Tasks ---------------------------
[SYS]                  | UP         | CP         | RT
[SYS] Error            | 0x00000000 | 0x00000000 | 0x00000000
[SYS] Heartbeats       | 0x03390d4b | N/A        | N/A
[SYS] Counts           | 0x00000000 | N/A        | 0x00000000
[SYS] Drops            | 0x00000000 | N/A        | 0x00000000
[SYS] ------------------------ VSPAs ---------------------------
[SYS]                  | 0          | 1          | 2
[SYS] Error            | 0x00000000 | 0x00000000 | 0x00000000
[SYS] SYM WR           | 0x0000001e | N/A        | 0x0000000e
[SYS] SYM RD           | 0x0000001e | N/A        | 0x0000000e
[SYS] CMD WR           | 0x00000000 | 0x00000005 | 0x00000005
[SYS] CMD RD           | 0x00000000 | 0x00000005 | 0x00000005
[SYS] ------------------------ Info ----------------------------
[SYS]                  | Downlink           | Uplink
[SYS] RF / fine Gain   |     17 /   -1.7    | 0x42
[SYS] PwrAvg(dBFs/dBm) | N/A                | N/A
[SYS] PwrMax(dBFS)     | N/A                | N/A
[SYS] Showtime 132 seconds

[SYS] ------------------------ Data Direction -------------------
[SYS]                  | Downlink           | Uplink
[SYS] CPlane Total     | 0x0000000000000000 | 0x0000000000000000
[SYS] CPlane OnTime    | 0x0000000000000000 | 0x0000000000000000
[SYS] CPlane Early     | 0x0000000000000000 | 0x0000000000000000
[SYS] CPlane Late      | 0x0000000000000000 | 0x0000000000000000
[SYS] CPlane Corrupt   | 0x0000000000000000 | 0x0000000000000000
[SYS] UPlane Total     | 0x0000000000000000 | 0x0000000000000000
[SYS] UPlane OnTime    | 0x0000000000000000 | N/A
[SYS] UPlane Ealry     | 0x0000000000000000 | N/A
[SYS] UPlane Late      | 0x0000000000000000 | N/A
[SYS] UPlane Corrupt   | 0x0000000000000000 | N/A
[SYS] Eth Pkt Good     | 0x00000846         | 0x00001dd5
[SYS] Eth Pkt Drop     | 0x00000000         | 0x00000000
[SYS] AXIQ status      | 0x00000303         | 0x00010101
[SYS] ------------------------ Tasks ---------------------------
[SYS]                  | UP         | CP         | RT
[SYS] Error            | 0x00000000 | 0x00000000 | 0x00000000
[SYS] Heartbeats       | 0x033f4842 | N/A        | N/A
[SYS] Counts           | 0x00000000 | N/A        | 0x00000000
[SYS] Drops            | 0x00000000 | N/A        | 0x00000000
[SYS] ------------------------ VSPAs ---------------------------
[SYS]                  | 0          | 1          | 2
[SYS] Error            | 0x00000000 | 0x00000000 | 0x00000000
[SYS] SYM WR           | 0x0000001e | N/A        | 0x0000000e
[SYS] SYM RD           | 0x0000001e | N/A        | 0x0000000e
[SYS] CMD WR           | 0x00000000 | 0x00000005 | 0x00000005
[SYS] CMD RD           | 0x00000000 | 0x00000005 | 0x00000005
[SYS] ------------------------ Info ----------------------------
[SYS]                  | Downlink           | Uplink
[SYS] RF / fine Gain   |     17 /   -1.7    | 0x42
[SYS] PwrAvg(dBFs/dBm) | N/A                | N/A
[SYS] PwrMax(dBFS)     | N/A                | N/A
[SYS] Showtime 133 seconds

[SYS] ------------------------ Data Direction -------------------
[SYS]                  | Downlink           | Uplink
[SYS] CPlane Total     | 0x0000000000000000 | 0x0000000000000000
[SYS] CPlane OnTime    | 0x0000000000000000 | 0x0000000000000000
[SYS] CPlane Early     | 0x0000000000000000 | 0x0000000000000000
[SYS] CPlane Late      | 0x0000000000000000 | 0x0000000000000000
[SYS] CPlane Corrupt   | 0x0000000000000000 | 0x0000000000000000
[SYS] UPlane Total     | 0x0000000000000000 | 0x0000000000000000
[SYS] UPlane OnTime    | 0x0000000000000000 | N/A
[SYS] UPlane Ealry     | 0x0000000000000000 | N/A
[SYS] UPlane Late      | 0x0000000000000000 | N/A
[SYS] UPlane Corrupt   | 0x0000000000000000 | N/A
[SYS] Eth Pkt Good     | 0x00000848         | 0x00001df9
[SYS] Eth Pkt Drop     | 0x00000000         | 0x00000000
[SYS] AXIQ status      | 0x00000303         | 0x00010101
[SYS] ------------------------ Tasks ---------------------------
[SYS]                  | UP         | CP         | RT
[SYS] Error            | 0x00000000 | 0x00000000 | 0x00000000
[SYS] Heartbeats       | 0x034585fd | N/A        | N/A
[SYS] Counts           | 0x00000000 | N/A        | 0x00000000
[SYS] Drops            | 0x00000000 | N/A        | 0x00000000
[SYS] ------------------------ VSPAs ---------------------------
[SYS]                  | 0          | 1          | 2
[SYS] Error            | 0x00000000 | 0x00000000 | 0x00000000
[SYS] SYM WR           | 0x0000001e | N/A        | 0x0000000e
[SYS] SYM RD           | 0x0000001e | N/A        | 0x0000000e
[SYS] CMD WR           | 0x00000000 | 0x00000005 | 0x00000005
[SYS] CMD RD           | 0x00000000 | 0x00000005 | 0x00000005
[SYS] ------------------------ Info ----------------------------
[SYS]                  | Downlink           | Uplink
[SYS] RF / fine Gain   |     17 /   -1.7    | 0x42
[SYS] PwrAvg(dBFs/dBm) | N/A                | N/A
[SYS] PwrMax(dBFS)     | N/A                | N/A
[SYS] Showtime 134 seconds

[SYS] ------------------------ Data Direction -------------------
[SYS]                  | Downlink           | Uplink
[SYS] CPlane Total     | 0x0000000000000000 | 0x0000000000000000
[SYS] CPlane OnTime    | 0x0000000000000000 | 0x0000000000000000
[SYS] CPlane Early     | 0x0000000000000000 | 0x0000000000000000
[SYS] CPlane Late      | 0x0000000000000000 | 0x0000000000000000
[SYS] CPlane Corrupt   | 0x0000000000000000 | 0x0000000000000000
[SYS] UPlane Total     | 0x0000000000000000 | 0x0000000000000000
[SYS] UPlane OnTime    | 0x0000000000000000 | N/A
[SYS] UPlane Ealry     | 0x0000000000000000 | N/A
[SYS] UPlane Late      | 0x0000000000000000 | N/A
[SYS] UPlane Corrupt   | 0x0000000000000000 | N/A
[SYS] Eth Pkt Good     | 0x00000849         | 0x00001e1c
[SYS] Eth Pkt Drop     | 0x00000000         | 0x00000000
[SYS] AXIQ status      | 0x00000303         | 0x00010101
[SYS] ------------------------ Tasks ---------------------------
[SYS]                  | UP         | CP         | RT
[SYS] Error            | 0x00000000 | 0x00000000 | 0x00000000
[SYS] Heartbeats       | 0x034bc0df | N/A        | N/A
[SYS] Counts           | 0x00000000 | N/A        | 0x00000000
[SYS] Drops            | 0x00000000 | N/A        | 0x00000000
[SYS] ------------------------ VSPAs ---------------------------
[SYS]                  | 0          | 1          | 2
[SYS] Error            | 0x00000000 | 0x00000000 | 0x00000000
[SYS] SYM WR           | 0x0000001e | N/A        | 0x0000000e
[SYS] SYM RD           | 0x0000001e | N/A        | 0x0000000e
[SYS] CMD WR           | 0x00000000 | 0x00000005 | 0x00000005
[SYS] CMD RD           | 0x00000000 | 0x00000005 | 0x00000005
[SYS] ------------------------ Info ----------------------------
[SYS]                  | Downlink           | Uplink
[SYS] RF / fine Gain   |     17 /   -1.7    | 0x42
[SYS] PwrAvg(dBFs/dBm) | N/A                | N/A
[SYS] PwrMax(dBFS)     | N/A                | N/A
[SYS] Showtime 135 seconds

[SYS] ------------------------ Data Direction -------------------
[SYS]                  | Downlink           | Uplink
[SYS] CPlane Total     | 0x0000000000000000 | 0x0000000000000000
[SYS] CPlane OnTime    | 0x0000000000000000 | 0x0000000000000000
[SYS] CPlane Early     | 0x0000000000000000 | 0x0000000000000000
[SYS] CPlane Late      | 0x0000000000000000 | 0x0000000000000000
[SYS] CPlane Corrupt   | 0x0000000000000000 | 0x0000000000000000
[SYS] UPlane Total     | 0x0000000000000000 | 0x0000000000000000
[SYS] UPlane OnTime    | 0x0000000000000000 | N/A
[SYS] UPlane Ealry     | 0x0000000000000000 | N/A
[SYS] UPlane Late      | 0x0000000000000000 | N/A
[SYS] UPlane Corrupt   | 0x0000000000000000 | N/A
[SYS] Eth Pkt Good     | 0x0000084a         | 0x00001e40
[SYS] Eth Pkt Drop     | 0x00000000         | 0x00000000
[SYS] AXIQ status      | 0x00000303         | 0x00010101
[SYS] ------------------------ Tasks ---------------------------
[SYS]                  | UP         | CP         | RT
[SYS] Error            | 0x00000000 | 0x00000000 | 0x00000000
[SYS] Heartbeats       | 0x0351fbba | N/A        | N/A
[SYS] Counts           | 0x00000000 | N/A        | 0x00000000
[SYS] Drops            | 0x00000000 | N/A        | 0x00000000
[SYS] ------------------------ VSPAs ---------------------------
[SYS]                  | 0          | 1          | 2
[SYS] Error            | 0x00000000 | 0x00000000 | 0x00000000
[SYS] SYM WR           | 0x0000001e | N/A        | 0x0000000e
[SYS] SYM RD           | 0x0000001e | N/A        | 0x0000000e
[SYS] CMD WR           | 0x00000000 | 0x00000005 | 0x00000005
[SYS] CMD RD           | 0x00000000 | 0x00000005 | 0x00000005
[SYS] ------------------------ Info ----------------------------
[SYS]                  | Downlink           | Uplink
[SYS] RF / fine Gain   |     17 /   -1.7    | 0x42
[SYS] PwrAvg(dBFs/dBm) | N/A                | N/A
[SYS] PwrMax(dBFS)     | N/A                | N/A
[SYS] Showtime 136 seconds

[SYS] ------------------------ Data Direction -------------------
[SYS]                  | Downlink           | Uplink
[SYS] CPlane Total     | 0x0000000000000000 | 0x0000000000000000
[SYS] CPlane OnTime    | 0x0000000000000000 | 0x0000000000000000
[SYS] CPlane Early     | 0x0000000000000000 | 0x0000000000000000
[SYS] CPlane Late      | 0x0000000000000000 | 0x0000000000000000
[SYS] CPlane Corrupt   | 0x0000000000000000 | 0x0000000000000000
[SYS] UPlane Total     | 0x0000000000000000 | 0x0000000000000000
[SYS] UPlane OnTime    | 0x0000000000000000 | N/A
[SYS] UPlane Ealry     | 0x0000000000000000 | N/A
[SYS] UPlane Late      | 0x0000000000000000 | N/A
[SYS] UPlane Corrupt   | 0x0000000000000000 | N/A
[SYS] Eth Pkt Good     | 0x0000084c         | 0x00001e63
[SYS] Eth Pkt Drop     | 0x00000000         | 0x00000000
[SYS] AXIQ status      | 0x00000303         | 0x00010101
[SYS] ------------------------ Tasks ---------------------------
[SYS]                  | UP         | CP         | RT
[SYS] Error            | 0x00000000 | 0x00000000 | 0x00000000
[SYS] Heartbeats       | 0x035842cb | N/A        | N/A
[SYS] Counts           | 0x00000000 | N/A        | 0x00000000
[SYS] Drops            | 0x00000000 | N/A        | 0x00000000
[SYS] ------------------------ VSPAs ---------------------------
[SYS]                  | 0          | 1          | 2
[SYS] Error            | 0x00000000 | 0x00000000 | 0x00000000
[SYS] SYM WR           | 0x0000001e | N/A        | 0x0000000e
[SYS] SYM RD           | 0x0000001e | N/A        | 0x0000000e
[SYS] CMD WR           | 0x00000000 | 0x00000005 | 0x00000005
[SYS] CMD RD           | 0x00000000 | 0x00000005 | 0x00000005
[SYS] ------------------------ Info ----------------------------
[SYS]                  | Downlink           | Uplink
[SYS] RF / fine Gain   |     17 /   -1.7    | 0x42
[SYS] PwrAvg(dBFs/dBm) | N/A                | N/A
[SYS] PwrMax(dBFS)     | N/A                | N/A
[SYS] Showtime 137 seconds

[SYS] ------------------------ Data Direction -------------------
[SYS]                  | Downlink           | Uplink
[SYS] CPlane Total     | 0x0000000000000000 | 0x0000000000000000
[SYS] CPlane OnTime    | 0x0000000000000000 | 0x0000000000000000
[SYS] CPlane Early     | 0x0000000000000000 | 0x0000000000000000
[SYS] CPlane Late      | 0x0000000000000000 | 0x0000000000000000
[SYS] CPlane Corrupt   | 0x0000000000000000 | 0x0000000000000000
[SYS] UPlane Total     | 0x0000000000000000 | 0x0000000000000000
[SYS] UPlane OnTime    | 0x0000000000000000 | N/A
[SYS] UPlane Ealry     | 0x0000000000000000 | N/A
[SYS] UPlane Late      | 0x0000000000000000 | N/A
[SYS] UPlane Corrupt   | 0x0000000000000000 | N/A
[SYS] Eth Pkt Good     | 0x0000084d         | 0x00001e86
[SYS] Eth Pkt Drop     | 0x00000000         | 0x00000000
[SYS] AXIQ status      | 0x00000303         | 0x00010101
[SYS] ------------------------ Tasks ---------------------------
[SYS]                  | UP         | CP         | RT
[SYS] Error            | 0x00000000 | 0x00000000 | 0x00000000
[SYS] Heartbeats       | 0x035e7c83 | N/A        | N/A
[SYS] Counts           | 0x00000000 | N/A        | 0x00000000
[SYS] Drops            | 0x00000000 | N/A        | 0x00000000
[SYS] ------------------------ VSPAs ---------------------------
[SYS]                  | 0          | 1          | 2
[SYS] Error            | 0x00000000 | 0x00000000 | 0x00000000
[SYS] SYM WR           | 0x0000001e | N/A        | 0x0000000e
[SYS] SYM RD           | 0x0000001e | N/A        | 0x0000000e
[SYS] CMD WR           | 0x00000000 | 0x00000005 | 0x00000005
[SYS] CMD RD           | 0x00000000 | 0x00000005 | 0x00000005
[SYS] ------------------------ Info ----------------------------
[SYS]                  | Downlink           | Uplink
[SYS] RF / fine Gain   |     17 /   -1.7    | 0x42
[SYS] PwrAvg(dBFs/dBm) | N/A                | N/A
[SYS] PwrMax(dBFS)     | N/A                | N/A
[SYS] Showtime 138 seconds

[SYS] ------------------------ Data Direction -------------------
[SYS]                  | Downlink           | Uplink
[SYS] CPlane Total     | 0x0000000000000000 | 0x0000000000000000
[SYS] CPlane OnTime    | 0x0000000000000000 | 0x0000000000000000
[SYS] CPlane Early     | 0x0000000000000000 | 0x0000000000000000
[SYS] CPlane Late      | 0x0000000000000000 | 0x0000000000000000
[SYS] CPlane Corrupt   | 0x0000000000000000 | 0x0000000000000000
[SYS] UPlane Total     | 0x0000000000000000 | 0x0000000000000000
[SYS] UPlane OnTime    | 0x0000000000000000 | N/A
[SYS] UPlane Ealry     | 0x0000000000000000 | N/A
[SYS] UPlane Late      | 0x0000000000000000 | N/A
[SYS] UPlane Corrupt   | 0x0000000000000000 | N/A
[SYS] Eth Pkt Good     | 0x0000084f         | 0x00001eaa
[SYS] Eth Pkt Drop     | 0x00000000         | 0x00000000
[SYS] AXIQ status      | 0x00000303         | 0x00010101
[SYS] ------------------------ Tasks ---------------------------
[SYS]                  | UP         | CP         | RT
[SYS] Error            | 0x00000000 | 0x00000000 | 0x00000000
[SYS] Heartbeats       | 0x0364b762 | N/A        | N/A
[SYS] Counts           | 0x00000000 | N/A        | 0x00000000
[SYS] Drops            | 0x00000000 | N/A        | 0x00000000
[SYS] ------------------------ VSPAs ---------------------------
[SYS]                  | 0          | 1          | 2
[SYS] Error            | 0x00000000 | 0x00000000 | 0x00000000
[SYS] SYM WR           | 0x0000001e | N/A        | 0x0000000e
[SYS] SYM RD           | 0x0000001e | N/A        | 0x0000000e
[SYS] CMD WR           | 0x00000000 | 0x00000005 | 0x00000005
[SYS] CMD RD           | 0x00000000 | 0x00000005 | 0x00000005
[SYS] ------------------------ Info ----------------------------
[SYS]                  | Downlink           | Uplink
[SYS] RF / fine Gain   |     17 /   -1.7    | 0x42
[SYS] PwrAvg(dBFs/dBm) | N/A                | N/A
[SYS] PwrMax(dBFS)     | N/A                | N/A
[SYS] Showtime 139 seconds

[SYS] ------------------------ Data Direction -------------------
[SYS]                  | Downlink           | Uplink
[SYS] CPlane Total     | 0x0000000000000000 | 0x0000000000000000
[SYS] CPlane OnTime    | 0x0000000000000000 | 0x0000000000000000
[SYS] CPlane Early     | 0x0000000000000000 | 0x0000000000000000
[SYS] CPlane Late      | 0x0000000000000000 | 0x0000000000000000
[SYS] CPlane Corrupt   | 0x0000000000000000 | 0x0000000000000000
[SYS] UPlane Total     | 0x0000000000000000 | 0x0000000000000000
[SYS] UPlane OnTime    | 0x0000000000000000 | N/A
[SYS] UPlane Ealry     | 0x0000000000000000 | N/A
[SYS] UPlane Late      | 0x0000000000000000 | N/A
[SYS] UPlane Corrupt   | 0x0000000000000000 | N/A
[SYS] Eth Pkt Good     | 0x00000850         | 0x00001ecd
[SYS] Eth Pkt Drop     | 0x00000000         | 0x00000000
[SYS] AXIQ status      | 0x00000303         | 0x00010101
[SYS] ------------------------ Tasks ---------------------------
[SYS]                  | UP         | CP         | RT
[SYS] Error            | 0x00000000 | 0x00000000 | 0x00000000
[SYS] Heartbeats       | 0x036af25a | N/A        | N/A
[SYS] Counts           | 0x00000000 | N/A        | 0x00000000
[SYS] Drops            | 0x00000000 | N/A        | 0x00000000
[SYS] ------------------------ VSPAs ---------------------------
[SYS]                  | 0          | 1          | 2
[SYS] Error            | 0x00000000 | 0x00000000 | 0x00000000
[SYS] SYM WR           | 0x0000001e | N/A        | 0x0000000e
[SYS] SYM RD           | 0x0000001e | N/A        | 0x0000000e
[SYS] CMD WR           | 0x00000000 | 0x00000005 | 0x00000005
[SYS] CMD RD           | 0x00000000 | 0x00000005 | 0x00000005
[SYS] ------------------------ Info ----------------------------
[SYS]                  | Downlink           | Uplink
[SYS] RF / fine Gain   |     17 /   -1.7    | 0x42
[SYS] PwrAvg(dBFs/dBm) | N/A                | N/A
[SYS] PwrMax(dBFS)     | N/A                | N/A
[SYS] Showtime 140 seconds

[SYS] ------------------------ Data Direction -------------------
[SYS]                  | Downlink           | Uplink
[SYS] CPlane Total     | 0x0000000000000000 | 0x0000000000000000
[SYS] CPlane OnTime    | 0x0000000000000000 | 0x0000000000000000
[SYS] CPlane Early     | 0x0000000000000000 | 0x0000000000000000
[SYS] CPlane Late      | 0x0000000000000000 | 0x0000000000000000
[SYS] CPlane Corrupt   | 0x0000000000000000 | 0x0000000000000000
[SYS] UPlane Total     | 0x0000000000000000 | 0x0000000000000000
[SYS] UPlane OnTime    | 0x0000000000000000 | N/A
[SYS] UPlane Ealry     | 0x0000000000000000 | N/A
[SYS] UPlane Late      | 0x0000000000000000 | N/A
[SYS] UPlane Corrupt   | 0x0000000000000000 | N/A
[SYS] Eth Pkt Good     | 0x00000852         | 0x00001ef1
[SYS] Eth Pkt Drop     | 0x00000000         | 0x00000000
[SYS] AXIQ status      | 0x00000303         | 0x00010101
[SYS] ------------------------ Tasks ---------------------------
[SYS]                  | UP         | CP         | RT
[SYS] Error            | 0x00000000 | 0x00000000 | 0x00000000
[SYS] Heartbeats       | 0x03713015 | N/A        | N/A
[SYS] Counts           | 0x00000000 | N/A        | 0x00000000
[SYS] Drops            | 0x00000000 | N/A        | 0x00000000
[SYS] ------------------------ VSPAs ---------------------------
[SYS]                  | 0          | 1          | 2
[SYS] Error            | 0x00000000 | 0x00000000 | 0x00000000
[SYS] SYM WR           | 0x0000001e | N/A        | 0x0000000e
[SYS] SYM RD           | 0x0000001e | N/A        | 0x0000000e
[SYS] CMD WR           | 0x00000000 | 0x00000005 | 0x00000005
[SYS] CMD RD           | 0x00000000 | 0x00000005 | 0x00000005
[SYS] ------------------------ Info ----------------------------
[SYS]                  | Downlink           | Uplink
[SYS] RF / fine Gain   |     17 /   -1.7    | 0x42
[SYS] PwrAvg(dBFs/dBm) | N/A                | N/A
[SYS] PwrMax(dBFS)     | N/A                | N/A
[SYS] Showtime 141 seconds

[SYS] ------------------------ Data Direction -------------------
[SYS]                  | Downlink           | Uplink
[SYS] CPlane Total     | 0x0000000000000000 | 0x0000000000000000
[SYS] CPlane OnTime    | 0x0000000000000000 | 0x0000000000000000
[SYS] CPlane Early     | 0x0000000000000000 | 0x0000000000000000
[SYS] CPlane Late      | 0x0000000000000000 | 0x0000000000000000
[SYS] CPlane Corrupt   | 0x0000000000000000 | 0x0000000000000000
[SYS] UPlane Total     | 0x0000000000000000 | 0x0000000000000000
[SYS] UPlane OnTime    | 0x0000000000000000 | N/A
[SYS] UPlane Ealry     | 0x0000000000000000 | N/A
[SYS] UPlane Late      | 0x0000000000000000 | N/A
[SYS] UPlane Corrupt   | 0x0000000000000000 | N/A
[SYS] Eth Pkt Good     | 0x00000853         | 0x00001f14
[SYS] Eth Pkt Drop     | 0x00000000         | 0x00000000
[SYS] AXIQ status      | 0x00000303         | 0x00010101
[SYS] ------------------------ Tasks ---------------------------
[SYS]                  | UP         | CP         | RT
[SYS] Error            | 0x00000000 | 0x00000000 | 0x00000000
[SYS] Heartbeats       | 0x03776af7 | N/A        | N/A
[SYS] Counts           | 0x00000000 | N/A        | 0x00000000
[SYS] Drops            | 0x00000000 | N/A        | 0x00000000
[SYS] ------------------------ VSPAs ---------------------------
[SYS]                  | 0          | 1          | 2
[SYS] Error            | 0x00000000 | 0x00000000 | 0x00000000
[SYS] SYM WR           | 0x0000001e | N/A        | 0x0000000e
[SYS] SYM RD           | 0x0000001e | N/A        | 0x0000000e
[SYS] CMD WR           | 0x00000000 | 0x00000005 | 0x00000005
[SYS] CMD RD           | 0x00000000 | 0x00000005 | 0x00000005
[SYS] ------------------------ Info ----------------------------
[SYS]                  | Downlink           | Uplink
[SYS] RF / fine Gain   |     17 /   -1.7    | 0x42
[SYS] PwrAvg(dBFs/dBm) | N/A                | N/A
[SYS] PwrMax(dBFS)     | N/A                | N/A
[SYS] Showtime 142 seconds

[SYS] ------------------------ Data Direction -------------------
[SYS]                  | Downlink           | Uplink
[SYS] CPlane Total     | 0x0000000000000000 | 0x0000000000000000
[SYS] CPlane OnTime    | 0x0000000000000000 | 0x0000000000000000
[SYS] CPlane Early     | 0x0000000000000000 | 0x0000000000000000
[SYS] CPlane Late      | 0x0000000000000000 | 0x0000000000000000
[SYS] CPlane Corrupt   | 0x0000000000000000 | 0x0000000000000000
[SYS] UPlane Total     | 0x0000000000000000 | 0x0000000000000000
[SYS] UPlane OnTime    | 0x0000000000000000 | N/A
[SYS] UPlane Ealry     | 0x0000000000000000 | N/A
[SYS] UPlane Late      | 0x0000000000000000 | N/A
[SYS] UPlane Corrupt   | 0x0000000000000000 | N/A
[SYS] Eth Pkt Good     | 0x00000854         | 0x00001f38
[SYS] Eth Pkt Drop     | 0x00000000         | 0x00000000
[SYS] AXIQ status      | 0x00000303         | 0x00010101
[SYS] ------------------------ Tasks ---------------------------
[SYS]                  | UP         | CP         | RT
[SYS] Error            | 0x00000000 | 0x00000000 | 0x00000000
[SYS] Heartbeats       | 0x037da5db | N/A        | N/A
[SYS] Counts           | 0x00000000 | N/A        | 0x00000000
[SYS] Drops            | 0x00000000 | N/A        | 0x00000000
[SYS] ------------------------ VSPAs ---------------------------
[SYS]                  | 0          | 1          | 2
[SYS] Error            | 0x00000000 | 0x00000000 | 0x00000000
[SYS] SYM WR           | 0x0000001e | N/A        | 0x0000000e
[SYS] SYM RD           | 0x0000001e | N/A        | 0x0000000e
[SYS] CMD WR           | 0x00000000 | 0x00000005 | 0x00000005
[SYS] CMD RD           | 0x00000000 | 0x00000005 | 0x00000005
[SYS] ------------------------ Info ----------------------------
[SYS]                  | Downlink           | Uplink
[SYS] RF / fine Gain   |     17 /   -1.7    | 0x42
[SYS] PwrAvg(dBFs/dBm) | N/A                | N/A
[SYS] PwrMax(dBFS)     | N/A                | N/A
[SYS] Showtime 143 seconds

[SYS] ------------------------ Data Direction -------------------
[SYS]                  | Downlink           | Uplink
[SYS] CPlane Total     | 0x0000000000000000 | 0x0000000000000000
[SYS] CPlane OnTime    | 0x0000000000000000 | 0x0000000000000000
[SYS] CPlane Early     | 0x0000000000000000 | 0x0000000000000000
[SYS] CPlane Late      | 0x0000000000000000 | 0x0000000000000000
[SYS] CPlane Corrupt   | 0x0000000000000000 | 0x0000000000000000
[SYS] UPlane Total     | 0x0000000000000000 | 0x0000000000000000
[SYS] UPlane OnTime    | 0x0000000000000000 | N/A
[SYS] UPlane Ealry     | 0x0000000000000000 | N/A
[SYS] UPlane Late      | 0x0000000000000000 | N/A
[SYS] UPlane Corrupt   | 0x0000000000000000 | N/A
[SYS] Eth Pkt Good     | 0x00000869         | 0x00001f6e
[SYS] Eth Pkt Drop     | 0x00000000         | 0x00000000
[SYS] AXIQ status      | 0x00000303         | 0x00010101
[SYS] ------------------------ Tasks ---------------------------
[SYS]                  | UP         | CP         | RT
[SYS] Error            | 0x00000000 | 0x00000000 | 0x00000000
[SYS] Heartbeats       | 0x0383e3b0 | N/A        | N/A
[SYS] Counts           | 0x00000000 | N/A        | 0x00000000
[SYS] Drops            | 0x00000000 | N/A        | 0x00000000
[SYS] ------------------------ VSPAs ---------------------------
[SYS]                  | 0          | 1          | 2
[SYS] Error            | 0x00000000 | 0x00000000 | 0x00000000
[SYS] SYM WR           | 0x0000001e | N/A        | 0x0000000e
[SYS] SYM RD           | 0x0000001e | N/A        | 0x0000000e
[SYS] CMD WR           | 0x00000000 | 0x00000005 | 0x00000005
[SYS] CMD RD           | 0x00000000 | 0x00000005 | 0x00000005
[SYS] ------------------------ Info ----------------------------
[SYS]                  | Downlink           | Uplink
[SYS] RF / fine Gain   |     17 /   -1.7    | 0x42
[SYS] PwrAvg(dBFs/dBm) | N/A                | N/A
[SYS] PwrMax(dBFS)     | N/A                | N/A
[SYS] Showtime 144 seconds

[SYS] ------------------------ Data Direction -------------------
[SYS]                  | Downlink           | Uplink
[SYS] CPlane Total     | 0x0000000000000000 | 0x0000000000000000
[SYS] CPlane OnTime    | 0x0000000000000000 | 0x0000000000000000
[SYS] CPlane Early     | 0x0000000000000000 | 0x0000000000000000
[SYS] CPlane Late      | 0x0000000000000000 | 0x0000000000000000
[SYS] CPlane Corrupt   | 0x0000000000000000 | 0x0000000000000000
[SYS] UPlane Total     | 0x0000000000000000 | 0x0000000000000000
[SYS] UPlane OnTime    | 0x0000000000000000 | N/A
[SYS] UPlane Ealry     | 0x0000000000000000 | N/A
[SYS] UPlane Late      | 0x0000000000000000 | N/A
[SYS] UPlane Corrupt   | 0x0000000000000000 | N/A
[SYS] Eth Pkt Good     | 0x00000875         | 0x00001f9c
[SYS] Eth Pkt Drop     | 0x00000000         | 0x00000000
[SYS] AXIQ status      | 0x00000303         | 0x00010101
[SYS] ------------------------ Tasks ---------------------------
[SYS]                  | UP         | CP         | RT
[SYS] Error            | 0x00000000 | 0x00000000 | 0x00000000
[SYS] Heartbeats       | 0x038a1e9f | N/A        | N/A
[SYS] Counts           | 0x00000000 | N/A        | 0x00000000
[SYS] Drops            | 0x00000000 | N/A        | 0x00000000
[SYS] ------------------------ VSPAs ---------------------------
[SYS]                  | 0          | 1          | 2
[SYS] Error            | 0x00000000 | 0x00000000 | 0x00000000
[SYS] SYM WR           | 0x0000001e | N/A        | 0x0000000e
[SYS] SYM RD           | 0x0000001e | N/A        | 0x0000000e
[SYS] CMD WR           | 0x00000000 | 0x00000005 | 0x00000005
[SYS] CMD RD           | 0x00000000 | 0x00000005 | 0x00000005
[SYS] ------------------------ Info ----------------------------
[SYS]                  | Downlink           | Uplink
[SYS] RF / fine Gain   |     17 /   -1.7    | 0x42
[SYS] PwrAvg(dBFs/dBm) | N/A                | N/A
[SYS] PwrMax(dBFS)     | N/A                | N/A
[SYS] Showtime 145 seconds

[SYS] ------------------------ Data Direction -------------------
[SYS]                  | Downlink           | Uplink
[SYS] CPlane Total     | 0x0000000000000000 | 0x0000000000000000
[SYS] CPlane OnTime    | 0x0000000000000000 | 0x0000000000000000
[SYS] CPlane Early     | 0x0000000000000000 | 0x0000000000000000
[SYS] CPlane Late      | 0x0000000000000000 | 0x0000000000000000
[SYS] CPlane Corrupt   | 0x0000000000000000 | 0x0000000000000000
[SYS] UPlane Total     | 0x0000000000000000 | 0x0000000000000000
[SYS] UPlane OnTime    | 0x0000000000000000 | N/A
[SYS] UPlane Ealry     | 0x0000000000000000 | N/A
[SYS] UPlane Late      | 0x0000000000000000 | N/A
[SYS] UPlane Corrupt   | 0x0000000000000000 | N/A
[SYS] Eth Pkt Good     | 0x00000877         | 0x00001fc0
[SYS] Eth Pkt Drop     | 0x00000000         | 0x00000000
[SYS] AXIQ status      | 0x00000303         | 0x00010101
[SYS] ------------------------ Tasks ---------------------------
[SYS]                  | UP         | CP         | RT
[SYS] Error            | 0x00000000 | 0x00000000 | 0x00000000
[SYS] Heartbeats       | 0x03905983 | N/A        | N/A
[SYS] Counts           | 0x00000000 | N/A        | 0x00000000
[SYS] Drops            | 0x00000000 | N/A        | 0x00000000
[SYS] ------------------------ VSPAs ---------------------------
[SYS]                  | 0          | 1          | 2
[SYS] Error            | 0x00000000 | 0x00000000 | 0x00000000
[SYS] SYM WR           | 0x0000001e | N/A        | 0x0000000e
[SYS] SYM RD           | 0x0000001e | N/A        | 0x0000000e
[SYS] CMD WR           | 0x00000000 | 0x00000005 | 0x00000005
[SYS] CMD RD           | 0x00000000 | 0x00000005 | 0x00000005
[SYS] ------------------------ Info ----------------------------
[SYS]                  | Downlink           | Uplink
[SYS] RF / fine Gain   |     17 /   -1.7    | 0x42
[SYS] PwrAvg(dBFs/dBm) | N/A                | N/A
[SYS] PwrMax(dBFS)     | N/A                | N/A
[SYS] Showtime 146 seconds

[SYS] ------------------------ Data Direction -------------------
[SYS]                  | Downlink           | Uplink
[SYS] CPlane Total     | 0x0000000000000000 | 0x0000000000000000
[SYS] CPlane OnTime    | 0x0000000000000000 | 0x0000000000000000
[SYS] CPlane Early     | 0x0000000000000000 | 0x0000000000000000
[SYS] CPlane Late      | 0x0000000000000000 | 0x0000000000000000
[SYS] CPlane Corrupt   | 0x0000000000000000 | 0x0000000000000000
[SYS] UPlane Total     | 0x0000000000000000 | 0x0000000000000000
[SYS] UPlane OnTime    | 0x0000000000000000 | N/A
[SYS] UPlane Ealry     | 0x0000000000000000 | N/A
[SYS] UPlane Late      | 0x0000000000000000 | N/A
[SYS] UPlane Corrupt   | 0x0000000000000000 | N/A
[SYS] Eth Pkt Good     | 0x00000878         | 0x00001fe3
[SYS] Eth Pkt Drop     | 0x00000000         | 0x00000000
[SYS] AXIQ status      | 0x00000303         | 0x00010101
[SYS] ------------------------ Tasks ---------------------------
[SYS]                  | UP         | CP         | RT
[SYS] Error            | 0x00000000 | 0x00000000 | 0x00000000
[SYS] Heartbeats       | 0x0396947f | N/A        | N/A
[SYS] Counts           | 0x00000000 | N/A        | 0x00000000
[SYS] Drops            | 0x00000000 | N/A        | 0x00000000
[SYS] ------------------------ VSPAs ---------------------------
[SYS]                  | 0          | 1          | 2
[SYS] Error            | 0x00000000 | 0x00000000 | 0x00000000
[SYS] SYM WR           | 0x0000001e | N/A        | 0x0000000e
[SYS] SYM RD           | 0x0000001e | N/A        | 0x0000000e
[SYS] CMD WR           | 0x00000000 | 0x00000005 | 0x00000005
[SYS] CMD RD           | 0x00000000 | 0x00000005 | 0x00000005
[SYS] ------------------------ Info ----------------------------
[SYS]                  | Downlink           | Uplink
[SYS] RF / fine Gain   |     17 /   -1.7    | 0x42
[SYS] PwrAvg(dBFs/dBm) | N/A                | N/A
[SYS] PwrMax(dBFS)     | N/A                | N/A
[SYS] Showtime 147 seconds

[SYS] ------------------------ Data Direction -------------------
[SYS]                  | Downlink           | Uplink
[SYS] CPlane Total     | 0x0000000000000000 | 0x0000000000000000
[SYS] CPlane OnTime    | 0x0000000000000000 | 0x0000000000000000
[SYS] CPlane Early     | 0x0000000000000000 | 0x0000000000000000
[SYS] CPlane Late      | 0x0000000000000000 | 0x0000000000000000
[SYS] CPlane Corrupt   | 0x0000000000000000 | 0x0000000000000000
[SYS] UPlane Total     | 0x0000000000000000 | 0x0000000000000000
[SYS] UPlane OnTime    | 0x0000000000000000 | N/A
[SYS] UPlane Ealry     | 0x0000000000000000 | N/A
[SYS] UPlane Late      | 0x0000000000000000 | N/A
[SYS] UPlane Corrupt   | 0x0000000000000000 | N/A
[SYS] Eth Pkt Good     | 0x0000087a         | 0x00002007
[SYS] Eth Pkt Drop     | 0x00000000         | 0x00000000
[SYS] AXIQ status      | 0x00000303         | 0x00010101
[SYS] ------------------------ Tasks ---------------------------
[SYS]                  | UP         | CP         | RT
[SYS] Error            | 0x00000000 | 0x00000000 | 0x00000000
[SYS] Heartbeats       | 0x039cd239 | N/A        | N/A
[SYS] Counts           | 0x00000000 | N/A        | 0x00000000
[SYS] Drops            | 0x00000000 | N/A        | 0x00000000
[SYS] ------------------------ VSPAs ---------------------------
[SYS]                  | 0          | 1          | 2
[SYS] Error            | 0x00000000 | 0x00000000 | 0x00000000
[SYS] SYM WR           | 0x0000001e | N/A        | 0x0000000e
[SYS] SYM RD           | 0x0000001e | N/A        | 0x0000000e
[SYS] CMD WR           | 0x00000000 | 0x00000005 | 0x00000005
[SYS] CMD RD           | 0x00000000 | 0x00000005 | 0x00000005
[SYS] ------------------------ Info ----------------------------
[SYS]                  | Downlink           | Uplink
[SYS] RF / fine Gain   |     17 /   -1.7    | 0x42
[SYS] PwrAvg(dBFs/dBm) | N/A                | N/A
[SYS] PwrMax(dBFS)     | N/A                | N/A
[SYS] Showtime 148 seconds

[SYS] ------------------------ Data Direction -------------------
[SYS]                  | Downlink           | Uplink
[SYS] CPlane Total     | 0x0000000000000000 | 0x0000000000000000
[SYS] CPlane OnTime    | 0x0000000000000000 | 0x0000000000000000
[SYS] CPlane Early     | 0x0000000000000000 | 0x0000000000000000
[SYS] CPlane Late      | 0x0000000000000000 | 0x0000000000000000
[SYS] CPlane Corrupt   | 0x0000000000000000 | 0x0000000000000000
[SYS] UPlane Total     | 0x0000000000000000 | 0x0000000000000000
[SYS] UPlane OnTime    | 0x0000000000000000 | N/A
[SYS] UPlane Ealry     | 0x0000000000000000 | N/A
[SYS] UPlane Late      | 0x0000000000000000 | N/A
[SYS] UPlane Corrupt   | 0x0000000000000000 | N/A
[SYS] Eth Pkt Good     | 0x0000087b         | 0x0000202a
[SYS] Eth Pkt Drop     | 0x00000000         | 0x00000000
[SYS] AXIQ status      | 0x00000303         | 0x00010101
[SYS] ------------------------ Tasks ---------------------------
[SYS]                  | UP         | CP         | RT
[SYS] Error            | 0x00000000 | 0x00000000 | 0x00000000
[SYS] Heartbeats       | 0x03a30d19 | N/A        | N/A
[SYS] Counts           | 0x00000000 | N/A        | 0x00000000
[SYS] Drops            | 0x00000000 | N/A        | 0x00000000
[SYS] ------------------------ VSPAs ---------------------------
[SYS]                  | 0          | 1          | 2
[SYS] Error            | 0x00000000 | 0x00000000 | 0x00000000
[SYS] SYM WR           | 0x0000001e | N/A        | 0x0000000e
[SYS] SYM RD           | 0x0000001e | N/A        | 0x0000000e
[SYS] CMD WR           | 0x00000000 | 0x00000005 | 0x00000005
[SYS] CMD RD           | 0x00000000 | 0x00000005 | 0x00000005
[SYS] ------------------------ Info ----------------------------
[SYS]                  | Downlink           | Uplink
[SYS] RF / fine Gain   |     17 /   -1.7    | 0x42
[SYS] PwrAvg(dBFs/dBm) | N/A                | N/A
[SYS] PwrMax(dBFS)     | N/A                | N/A
[SYS] Showtime 149 seconds

[SYS] ------------------------ Data Direction -------------------
[SYS]                  | Downlink           | Uplink
[SYS] CPlane Total     | 0x0000000000000000 | 0x0000000000000000
[SYS] CPlane OnTime    | 0x0000000000000000 | 0x0000000000000000
[SYS] CPlane Early     | 0x0000000000000000 | 0x0000000000000000
[SYS] CPlane Late      | 0x0000000000000000 | 0x0000000000000000
[SYS] CPlane Corrupt   | 0x0000000000000000 | 0x0000000000000000
[SYS] UPlane Total     | 0x0000000000000000 | 0x0000000000000000
[SYS] UPlane OnTime    | 0x0000000000000000 | N/A
[SYS] UPlane Ealry     | 0x0000000000000000 | N/A
[SYS] UPlane Late      | 0x0000000000000000 | N/A
[SYS] UPlane Corrupt   | 0x0000000000000000 | N/A
[SYS] Eth Pkt Good     | 0x0000087c         | 0x0000204d
[SYS] Eth Pkt Drop     | 0x00000000         | 0x00000000
[SYS] AXIQ status      | 0x00000303         | 0x00010101
[SYS] ------------------------ Tasks ---------------------------
[SYS]                  | UP         | CP         | RT
[SYS] Error            | 0x00000000 | 0x00000000 | 0x00000000
[SYS] Heartbeats       | 0x03a94813 | N/A        | N/A
[SYS] Counts           | 0x00000000 | N/A        | 0x00000000
[SYS] Drops            | 0x00000000 | N/A        | 0x00000000
[SYS] ------------------------ VSPAs ---------------------------
[SYS]                  | 0          | 1          | 2
[SYS] Error            | 0x00000000 | 0x00000000 | 0x00000000
[SYS] SYM WR           | 0x0000001e | N/A        | 0x0000000e
[SYS] SYM RD           | 0x0000001e | N/A        | 0x0000000e
[SYS] CMD WR           | 0x00000000 | 0x00000005 | 0x00000005
[SYS] CMD RD           | 0x00000000 | 0x00000005 | 0x00000005
[SYS] ------------------------ Info ----------------------------
[SYS]                  | Downlink           | Uplink
[SYS] RF / fine Gain   |     17 /   -1.7    | 0x42
[SYS] PwrAvg(dBFs/dBm) | N/A                | N/A
[SYS] PwrMax(dBFS)     | N/A                | N/A
[SYS] Showtime 150 seconds

[SYS] ------------------------ Data Direction -------------------
[SYS]                  | Downlink           | Uplink
[SYS] CPlane Total     | 0x0000000000000000 | 0x0000000000000000
[SYS] CPlane OnTime    | 0x0000000000000000 | 0x0000000000000000
[SYS] CPlane Early     | 0x0000000000000000 | 0x0000000000000000
[SYS] CPlane Late      | 0x0000000000000000 | 0x0000000000000000
[SYS] CPlane Corrupt   | 0x0000000000000000 | 0x0000000000000000
[SYS] UPlane Total     | 0x0000000000000000 | 0x0000000000000000
[SYS] UPlane OnTime    | 0x0000000000000000 | N/A
[SYS] UPlane Ealry     | 0x0000000000000000 | N/A
[SYS] UPlane Late      | 0x0000000000000000 | N/A
[SYS] UPlane Corrupt   | 0x0000000000000000 | N/A
[SYS] Eth Pkt Good     | 0x0000087e         | 0x00002071
[SYS] Eth Pkt Drop     | 0x00000000         | 0x00000000
[SYS] AXIQ status      | 0x00000303         | 0x00010101
[SYS] ------------------------ Tasks ---------------------------
[SYS]                  | UP         | CP         | RT
[SYS] Error            | 0x00000000 | 0x00000000 | 0x00000000
[SYS] Heartbeats       | 0x03af85bf | N/A        | N/A
[SYS] Counts           | 0x00000000 | N/A        | 0x00000000
[SYS] Drops            | 0x00000000 | N/A        | 0x00000000
[SYS] ------------------------ VSPAs ---------------------------
[SYS]                  | 0          | 1          | 2
[SYS] Error            | 0x00000000 | 0x00000000 | 0x00000000
[SYS] SYM WR           | 0x0000001e | N/A        | 0x0000000e
[SYS] SYM RD           | 0x0000001e | N/A        | 0x0000000e
[SYS] CMD WR           | 0x00000000 | 0x00000005 | 0x00000005
[SYS] CMD RD           | 0x00000000 | 0x00000005 | 0x00000005
[SYS] ------------------------ Info ----------------------------
[SYS]                  | Downlink           | Uplink
[SYS] RF / fine Gain   |     17 /   -1.7    | 0x42
[SYS] PwrAvg(dBFs/dBm) | N/A                | N/A
[SYS] PwrMax(dBFS)     | N/A                | N/A
[SYS] Showtime 151 seconds

[SYS] ------------------------ Data Direction -------------------
[SYS]                  | Downlink           | Uplink
[SYS] CPlane Total     | 0x0000000000000000 | 0x0000000000000000
[SYS] CPlane OnTime    | 0x0000000000000000 | 0x0000000000000000
[SYS] CPlane Early     | 0x0000000000000000 | 0x0000000000000000
[SYS] CPlane Late      | 0x0000000000000000 | 0x0000000000000000
[SYS] CPlane Corrupt   | 0x0000000000000000 | 0x0000000000000000
[SYS] UPlane Total     | 0x0000000000000000 | 0x0000000000000000
[SYS] UPlane OnTime    | 0x0000000000000000 | N/A
[SYS] UPlane Ealry     | 0x0000000000000000 | N/A
[SYS] UPlane Late      | 0x0000000000000000 | N/A
[SYS] UPlane Corrupt   | 0x0000000000000000 | N/A
[SYS] Eth Pkt Good     | 0x0000087f         | 0x00002094
[SYS] Eth Pkt Drop     | 0x00000000         | 0x00000000
[SYS] AXIQ status      | 0x00000303         | 0x00010101
[SYS] ------------------------ Tasks ---------------------------
[SYS]                  | UP         | CP         | RT
[SYS] Error            | 0x00000000 | 0x00000000 | 0x00000000
[SYS] Heartbeats       | 0x03b5c0a4 | N/A        | N/A
[SYS] Counts           | 0x00000000 | N/A        | 0x00000000
[SYS] Drops            | 0x00000000 | N/A        | 0x00000000
[SYS] ------------------------ VSPAs ---------------------------
[SYS]                  | 0          | 1          | 2
[SYS] Error            | 0x00000000 | 0x00000000 | 0x00000000
[SYS] SYM WR           | 0x0000001e | N/A        | 0x0000000e
[SYS] SYM RD           | 0x0000001e | N/A        | 0x0000000e
[SYS] CMD WR           | 0x00000000 | 0x00000005 | 0x00000005
[SYS] CMD RD           | 0x00000000 | 0x00000005 | 0x00000005
[SYS] ------------------------ Info ----------------------------
[SYS]                  | Downlink           | Uplink
[SYS] RF / fine Gain   |     17 /   -1.7    | 0x42
[SYS] PwrAvg(dBFs/dBm) | N/A                | N/A
[SYS] PwrMax(dBFS)     | N/A                | N/A
[SYS] Showtime 152 seconds

[SYS] ------------------------ Data Direction -------------------
[SYS]                  | Downlink           | Uplink
[SYS] CPlane Total     | 0x0000000000000000 | 0x0000000000000000
[SYS] CPlane OnTime    | 0x0000000000000000 | 0x0000000000000000
[SYS] CPlane Early     | 0x0000000000000000 | 0x0000000000000000
[SYS] CPlane Late      | 0x0000000000000000 | 0x0000000000000000
[SYS] CPlane Corrupt   | 0x0000000000000000 | 0x0000000000000000
[SYS] UPlane Total     | 0x0000000000000000 | 0x0000000000000000
[SYS] UPlane OnTime    | 0x0000000000000000 | N/A
[SYS] UPlane Ealry     | 0x0000000000000000 | N/A
[SYS] UPlane Late      | 0x0000000000000000 | N/A
[SYS] UPlane Corrupt   | 0x0000000000000000 | N/A
[SYS] Eth Pkt Good     | 0x00000881         | 0x000020b8
[SYS] Eth Pkt Drop     | 0x00000000         | 0x00000000
[SYS] AXIQ status      | 0x00000303         | 0x00010101
[SYS] ------------------------ Tasks ---------------------------
[SYS]                  | UP         | CP         | RT
[SYS] Error            | 0x00000000 | 0x00000000 | 0x00000000
[SYS] Heartbeats       | 0x03bbfb7b | N/A        | N/A
[SYS] Counts           | 0x00000000 | N/A        | 0x00000000
[SYS] Drops            | 0x00000000 | N/A        | 0x00000000
[SYS] ------------------------ VSPAs ---------------------------
[SYS]                  | 0          | 1          | 2
[SYS] Error            | 0x00000000 | 0x00000000 | 0x00000000
[SYS] SYM WR           | 0x0000001e | N/A        | 0x0000000e
[SYS] SYM RD           | 0x0000001e | N/A        | 0x0000000e
[SYS] CMD WR           | 0x00000000 | 0x00000005 | 0x00000005
[SYS] CMD RD           | 0x00000000 | 0x00000005 | 0x00000005
[SYS] ------------------------ Info ----------------------------
[SYS]                  | Downlink           | Uplink
[SYS] RF / fine Gain   |     17 /   -1.7    | 0x42
[SYS] PwrAvg(dBFs/dBm) | N/A                | N/A
[SYS] PwrMax(dBFS)     | N/A                | N/A
[SYS] Showtime 153 seconds

[SYS] ------------------------ Data Direction -------------------
[SYS]                  | Downlink           | Uplink
[SYS] CPlane Total     | 0x0000000000000000 | 0x0000000000000000
[SYS] CPlane OnTime    | 0x0000000000000000 | 0x0000000000000000
[SYS] CPlane Early     | 0x0000000000000000 | 0x0000000000000000
[SYS] CPlane Late      | 0x0000000000000000 | 0x0000000000000000
[SYS] CPlane Corrupt   | 0x0000000000000000 | 0x0000000000000000
[SYS] UPlane Total     | 0x0000000000000000 | 0x0000000000000000
[SYS] UPlane OnTime    | 0x0000000000000000 | N/A
[SYS] UPlane Ealry     | 0x0000000000000000 | N/A
[SYS] UPlane Late      | 0x0000000000000000 | N/A
[SYS] UPlane Corrupt   | 0x0000000000000000 | N/A
[SYS] Eth Pkt Good     | 0x00000882         | 0x000020db
[SYS] Eth Pkt Drop     | 0x00000000         | 0x00000000
[SYS] AXIQ status      | 0x00000303         | 0x00010101
[SYS] ------------------------ Tasks ---------------------------
[SYS]                  | UP         | CP         | RT
[SYS] Error            | 0x00000000 | 0x00000000 | 0x00000000
[SYS] Heartbeats       | 0x03c23675 | N/A        | N/A
[SYS] Counts           | 0x00000000 | N/A        | 0x00000000
[SYS] Drops            | 0x00000000 | N/A        | 0x00000000
[SYS] ------------------------ VSPAs ---------------------------
[SYS]                  | 0          | 1          | 2
[SYS] Error            | 0x00000000 | 0x00000000 | 0x00000000
[SYS] SYM WR           | 0x0000001e | N/A        | 0x0000000e
[SYS] SYM RD           | 0x0000001e | N/A        | 0x0000000e
[SYS] CMD WR           | 0x00000000 | 0x00000005 | 0x00000005
[SYS] CMD RD           | 0x00000000 | 0x00000005 | 0x00000005
[SYS] ------------------------ Info ----------------------------
[SYS]                  | Downlink           | Uplink
[SYS] RF / fine Gain   |     17 /   -1.7    | 0x42
[SYS] PwrAvg(dBFs/dBm) | N/A                | N/A
[SYS] PwrMax(dBFS)     | N/A                | N/A
[SYS] Showtime 154 seconds

[SYS] ------------------------ Data Direction -------------------
[SYS]                  | Downlink           | Uplink
[SYS] CPlane Total     | 0x0000000000000000 | 0x0000000000000000
[SYS] CPlane OnTime    | 0x0000000000000000 | 0x0000000000000000
[SYS] CPlane Early     | 0x0000000000000000 | 0x0000000000000000
[SYS] CPlane Late      | 0x0000000000000000 | 0x0000000000000000
[SYS] CPlane Corrupt   | 0x0000000000000000 | 0x0000000000000000
[SYS] UPlane Total     | 0x0000000000000000 | 0x0000000000000000
[SYS] UPlane OnTime    | 0x0000000000000000 | N/A
[SYS] UPlane Ealry     | 0x0000000000000000 | N/A
[SYS] UPlane Late      | 0x0000000000000000 | N/A
[SYS] UPlane Corrupt   | 0x0000000000000000 | N/A
[SYS] Eth Pkt Good     | 0x00000883         | 0x000020fe
[SYS] Eth Pkt Drop     | 0x00000000         | 0x00000000
[SYS] AXIQ status      | 0x00000303         | 0x00010101
[SYS] ------------------------ Tasks ---------------------------
[SYS]                  | UP         | CP         | RT
[SYS] Error            | 0x00000000 | 0x00000000 | 0x00000000
[SYS] Heartbeats       | 0x03c8742a | N/A        | N/A
[SYS] Counts           | 0x00000000 | N/A        | 0x00000000
[SYS] Drops            | 0x00000000 | N/A        | 0x00000000
[SYS] ------------------------ VSPAs ---------------------------
[SYS]                  | 0          | 1          | 2
[SYS] Error            | 0x00000000 | 0x00000000 | 0x00000000
[SYS] SYM WR           | 0x0000001e | N/A        | 0x0000000e
[SYS] SYM RD           | 0x0000001e | N/A        | 0x0000000e
[SYS] CMD WR           | 0x00000000 | 0x00000005 | 0x00000005
[SYS] CMD RD           | 0x00000000 | 0x00000005 | 0x00000005
[SYS] ------------------------ Info ----------------------------
[SYS]                  | Downlink           | Uplink
[SYS] RF / fine Gain   |     17 /   -1.7    | 0x42
[SYS] PwrAvg(dBFs/dBm) | N/A                | N/A
[SYS] PwrMax(dBFS)     | N/A                | N/A
[SYS] Showtime 155 seconds

[SYS] ------------------------ Data Direction -------------------
[SYS]                  | Downlink           | Uplink
[SYS] CPlane Total     | 0x0000000000000000 | 0x0000000000000000
[SYS] CPlane OnTime    | 0x0000000000000000 | 0x0000000000000000
[SYS] CPlane Early     | 0x0000000000000000 | 0x0000000000000000
[SYS] CPlane Late      | 0x0000000000000000 | 0x0000000000000000
[SYS] CPlane Corrupt   | 0x0000000000000000 | 0x0000000000000000
[SYS] UPlane Total     | 0x0000000000000000 | 0x0000000000000000
[SYS] UPlane OnTime    | 0x0000000000000000 | N/A
[SYS] UPlane Ealry     | 0x0000000000000000 | N/A
[SYS] UPlane Late      | 0x0000000000000000 | N/A
[SYS] UPlane Corrupt   | 0x0000000000000000 | N/A
[SYS] Eth Pkt Good     | 0x00000885         | 0x00002122
[SYS] Eth Pkt Drop     | 0x00000000         | 0x00000000
[SYS] AXIQ status      | 0x00000303         | 0x00010101
[SYS] ------------------------ Tasks ---------------------------
[SYS]                  | UP         | CP         | RT
[SYS] Error            | 0x00000000 | 0x00000000 | 0x00000000
[SYS] Heartbeats       | 0x03ceaf07 | N/A        | N/A
[SYS] Counts           | 0x00000000 | N/A        | 0x00000000
[SYS] Drops            | 0x00000000 | N/A        | 0x00000000
[SYS] ------------------------ VSPAs ---------------------------
[SYS]                  | 0          | 1          | 2
[SYS] Error            | 0x00000000 | 0x00000000 | 0x00000000
[SYS] SYM WR           | 0x0000001e | N/A        | 0x0000000e
[SYS] SYM RD           | 0x0000001e | N/A        | 0x0000000e
[SYS] CMD WR           | 0x00000000 | 0x00000005 | 0x00000005
[SYS] CMD RD           | 0x00000000 | 0x00000005 | 0x00000005
[SYS] ------------------------ Info ----------------------------
[SYS]                  | Downlink           | Uplink
[SYS] RF / fine Gain   |     17 /   -1.7    | 0x42
[SYS] PwrAvg(dBFs/dBm) | N/A                | N/A
[SYS] PwrMax(dBFS)     | N/A                | N/A
[SYS] Showtime 156 seconds

[SYS] ------------------------ Data Direction -------------------
[SYS]                  | Downlink           | Uplink
[SYS] CPlane Total     | 0x0000000000000000 | 0x0000000000000000
[SYS] CPlane OnTime    | 0x0000000000000000 | 0x0000000000000000
[SYS] CPlane Early     | 0x0000000000000000 | 0x0000000000000000
[SYS] CPlane Late      | 0x0000000000000000 | 0x0000000000000000
[SYS] CPlane Corrupt   | 0x0000000000000000 | 0x0000000000000000
[SYS] UPlane Total     | 0x0000000000000000 | 0x0000000000000000
[SYS] UPlane OnTime    | 0x0000000000000000 | N/A
[SYS] UPlane Ealry     | 0x0000000000000000 | N/A
[SYS] UPlane Late      | 0x0000000000000000 | N/A
[SYS] UPlane Corrupt   | 0x0000000000000000 | N/A
[SYS] Eth Pkt Good     | 0x0000088c         | 0x0000214b
[SYS] Eth Pkt Drop     | 0x00000000         | 0x00000000
[SYS] AXIQ status      | 0x00000303         | 0x00010101
[SYS] ------------------------ Tasks ---------------------------
[SYS]                  | UP         | CP         | RT
[SYS] Error            | 0x00000000 | 0x00000000 | 0x00000000
[SYS] Heartbeats       | 0x03d4e9f1 | N/A        | N/A
[SYS] Counts           | 0x00000000 | N/A        | 0x00000000
[SYS] Drops            | 0x00000000 | N/A        | 0x00000000
[SYS] ------------------------ VSPAs ---------------------------
[SYS]                  | 0          | 1          | 2
[SYS] Error            | 0x00000000 | 0x00000000 | 0x00000000
[SYS] SYM WR           | 0x0000001e | N/A        | 0x0000000e
[SYS] SYM RD           | 0x0000001e | N/A        | 0x0000000e
[SYS] CMD WR           | 0x00000000 | 0x00000005 | 0x00000005
[SYS] CMD RD           | 0x00000000 | 0x00000005 | 0x00000005
[SYS] ------------------------ Info ----------------------------
[SYS]                  | Downlink           | Uplink
[SYS] RF / fine Gain   |     17 /   -1.7    | 0x42
[SYS] PwrAvg(dBFs/dBm) | N/A                | N/A
[SYS] PwrMax(dBFS)     | N/A                | N/A
[SYS] Showtime 157 seconds

[SYS] ------------------------ Data Direction -------------------
[SYS]                  | Downlink           | Uplink
[SYS] CPlane Total     | 0x0000000000000000 | 0x0000000000000000
[SYS] CPlane OnTime    | 0x0000000000000000 | 0x0000000000000000
[SYS] CPlane Early     | 0x0000000000000000 | 0x0000000000000000
[SYS] CPlane Late      | 0x0000000000000000 | 0x0000000000000000
[SYS] CPlane Corrupt   | 0x0000000000000000 | 0x0000000000000000
[SYS] UPlane Total     | 0x0000000000000000 | 0x0000000000000000
[SYS] UPlane OnTime    | 0x0000000000000000 | N/A
[SYS] UPlane Ealry     | 0x0000000000000000 | N/A
[SYS] UPlane Late      | 0x0000000000000000 | N/A
[SYS] UPlane Corrupt   | 0x0000000000000000 | N/A
[SYS] Eth Pkt Good     | 0x000008a6         | 0x00002187
[SYS] Eth Pkt Drop     | 0x00000000         | 0x00000000
[SYS] AXIQ status      | 0x00000303         | 0x00010101
[SYS] ------------------------ Tasks ---------------------------
[SYS]                  | UP         | CP         | RT
[SYS] Error            | 0x00000000 | 0x00000000 | 0x00000000
[SYS] Heartbeats       | 0x03db27b2 | N/A        | N/A
[SYS] Counts           | 0x00000000 | N/A        | 0x00000000
[SYS] Drops            | 0x00000000 | N/A        | 0x00000000
[SYS] ------------------------ VSPAs ---------------------------
[SYS]                  | 0          | 1          | 2
[SYS] Error            | 0x00000000 | 0x00000000 | 0x00000000
[SYS] SYM WR           | 0x0000001e | N/A        | 0x0000000e
[SYS] SYM RD           | 0x0000001e | N/A        | 0x0000000e
[SYS] CMD WR           | 0x00000000 | 0x00000005 | 0x00000005
[SYS] CMD RD           | 0x00000000 | 0x00000005 | 0x00000005
[SYS] ------------------------ Info ----------------------------
[SYS]                  | Downlink           | Uplink
[SYS] RF / fine Gain   |     17 /   -1.7    | 0x42
[SYS] PwrAvg(dBFs/dBm) | N/A                | N/A
[SYS] PwrMax(dBFS)     | N/A                | N/A
[SYS] Showtime 158 seconds

[SYS] ------------------------ Data Direction -------------------
[SYS]                  | Downlink           | Uplink
[SYS] CPlane Total     | 0x0000000000000000 | 0x0000000000000000
[SYS] CPlane OnTime    | 0x0000000000000000 | 0x0000000000000000
[SYS] CPlane Early     | 0x0000000000000000 | 0x0000000000000000
[SYS] CPlane Late      | 0x0000000000000000 | 0x0000000000000000
[SYS] CPlane Corrupt   | 0x0000000000000000 | 0x0000000000000000
[SYS] UPlane Total     | 0x0000000000000000 | 0x0000000000000000
[SYS] UPlane OnTime    | 0x0000000000000000 | N/A
[SYS] UPlane Ealry     | 0x0000000000000000 | N/A
[SYS] UPlane Late      | 0x0000000000000000 | N/A
[SYS] UPlane Corrupt   | 0x0000000000000000 | N/A
[SYS] Eth Pkt Good     | 0x000008a7         | 0x000021aa
[SYS] Eth Pkt Drop     | 0x00000000         | 0x00000000
[SYS] AXIQ status      | 0x00000303         | 0x00010101
[SYS] ------------------------ Tasks ---------------------------
[SYS]                  | UP         | CP         | RT
[SYS] Error            | 0x00000000 | 0x00000000 | 0x00000000
[SYS] Heartbeats       | 0x03e1629f | N/A        | N/A
[SYS] Counts           | 0x00000000 | N/A        | 0x00000000
[SYS] Drops            | 0x00000000 | N/A        | 0x00000000
[SYS] ------------------------ VSPAs ---------------------------
[SYS]                  | 0          | 1          | 2
[SYS] Error            | 0x00000000 | 0x00000000 | 0x00000000
[SYS] SYM WR           | 0x0000001e | N/A        | 0x0000000e
[SYS] SYM RD           | 0x0000001e | N/A        | 0x0000000e
[SYS] CMD WR           | 0x00000000 | 0x00000005 | 0x00000005
[SYS] CMD RD           | 0x00000000 | 0x00000005 | 0x00000005
[SYS] ------------------------ Info ----------------------------
[SYS]                  | Downlink           | Uplink
[SYS] RF / fine Gain   |     17 /   -1.7    | 0x42
[SYS] PwrAvg(dBFs/dBm) | N/A                | N/A
[SYS] PwrMax(dBFS)     | N/A                | N/A
[SYS] Showtime 159 seconds

[SYS] ------------------------ Data Direction -------------------
[SYS]                  | Downlink           | Uplink
[SYS] CPlane Total     | 0x0000000000000000 | 0x0000000000000000
[SYS] CPlane OnTime    | 0x0000000000000000 | 0x0000000000000000
[SYS] CPlane Early     | 0x0000000000000000 | 0x0000000000000000
[SYS] CPlane Late      | 0x0000000000000000 | 0x0000000000000000
[SYS] CPlane Corrupt   | 0x0000000000000000 | 0x0000000000000000
[SYS] UPlane Total     | 0x0000000000000000 | 0x0000000000000000
[SYS] UPlane OnTime    | 0x0000000000000000 | N/A
[SYS] UPlane Ealry     | 0x0000000000000000 | N/A
[SYS] UPlane Late      | 0x0000000000000000 | N/A
[SYS] UPlane Corrupt   | 0x0000000000000000 | N/A
[SYS] Eth Pkt Good     | 0x000008a9         | 0x000021ce
[SYS] Eth Pkt Drop     | 0x00000000         | 0x00000000
[SYS] AXIQ status      | 0x00000303         | 0x00010101
[SYS] ------------------------ Tasks ---------------------------
[SYS]                  | UP         | CP         | RT
[SYS] Error            | 0x00000000 | 0x00000000 | 0x00000000
[SYS] Heartbeats       | 0x03e79d80 | N/A        | N/A
[SYS] Counts           | 0x00000000 | N/A        | 0x00000000
[SYS] Drops            | 0x00000000 | N/A        | 0x00000000
[SYS] ------------------------ VSPAs ---------------------------
[SYS]                  | 0          | 1          | 2
[SYS] Error            | 0x00000000 | 0x00000000 | 0x00000000
[SYS] SYM WR           | 0x0000001e | N/A        | 0x0000000e
[SYS] SYM RD           | 0x0000001e | N/A        | 0x0000000e
[SYS] CMD WR           | 0x00000000 | 0x00000005 | 0x00000005
[SYS] CMD RD           | 0x00000000 | 0x00000005 | 0x00000005
[SYS] ------------------------ Info ----------------------------
[SYS]                  | Downlink           | Uplink
[SYS] RF / fine Gain   |     17 /   -1.7    | 0x42
[SYS] PwrAvg(dBFs/dBm) | N/A                | N/A
[SYS] PwrMax(dBFS)     | N/A                | N/A
[SYS] Showtime 160 seconds

[SYS] ------------------------ Data Direction -------------------
[SYS]                  | Downlink           | Uplink
[SYS] CPlane Total     | 0x0000000000000000 | 0x0000000000000000
[SYS] CPlane OnTime    | 0x0000000000000000 | 0x0000000000000000
[SYS] CPlane Early     | 0x0000000000000000 | 0x0000000000000000
[SYS] CPlane Late      | 0x0000000000000000 | 0x0000000000000000
[SYS] CPlane Corrupt   | 0x0000000000000000 | 0x0000000000000000
[SYS] UPlane Total     | 0x0000000000000000 | 0x0000000000000000
[SYS] UPlane OnTime    | 0x0000000000000000 | N/A
[SYS] UPlane Ealry     | 0x0000000000000000 | N/A
[SYS] UPlane Late      | 0x0000000000000000 | N/A
[SYS] UPlane Corrupt   | 0x0000000000000000 | N/A
[SYS] Eth Pkt Good     | 0x000008aa         | 0x000021f1
[SYS] Eth Pkt Drop     | 0x00000000         | 0x00000000
[SYS] AXIQ status      | 0x00000303         | 0x00010101
[SYS] ------------------------ Tasks ---------------------------
[SYS]                  | UP         | CP         | RT
[SYS] Error            | 0x00000000 | 0x00000000 | 0x00000000
[SYS] Heartbeats       | 0x03ede17c | N/A        | N/A
[SYS] Counts           | 0x00000000 | N/A        | 0x00000000
[SYS] Drops            | 0x00000000 | N/A        | 0x00000000
[SYS] ------------------------ VSPAs ---------------------------
[SYS]                  | 0          | 1          | 2
[SYS] Error            | 0x00000000 | 0x00000000 | 0x00000000
[SYS] SYM WR           | 0x0000001e | N/A        | 0x0000000e
[SYS] SYM RD           | 0x0000001e | N/A        | 0x0000000e
[SYS] CMD WR           | 0x00000000 | 0x00000005 | 0x00000005
[SYS] CMD RD           | 0x00000000 | 0x00000005 | 0x00000005
[SYS] ------------------------ Info ----------------------------
[SYS]                  | Downlink           | Uplink
[SYS] RF / fine Gain   |     17 /   -1.7    | 0x42
[SYS] PwrAvg(dBFs/dBm) | N/A                | N/A
[SYS] PwrMax(dBFS)     | N/A                | N/A
[SYS] Showtime 161 seconds

[SYS] ------------------------ Data Direction -------------------
[SYS]                  | Downlink           | Uplink
[SYS] CPlane Total     | 0x0000000000000000 | 0x0000000000000000
[SYS] CPlane OnTime    | 0x0000000000000000 | 0x0000000000000000
[SYS] CPlane Early     | 0x0000000000000000 | 0x0000000000000000
[SYS] CPlane Late      | 0x0000000000000000 | 0x0000000000000000
[SYS] CPlane Corrupt   | 0x0000000000000000 | 0x0000000000000000
[SYS] UPlane Total     | 0x0000000000000000 | 0x0000000000000000
[SYS] UPlane OnTime    | 0x0000000000000000 | N/A
[SYS] UPlane Ealry     | 0x0000000000000000 | N/A
[SYS] UPlane Late      | 0x0000000000000000 | N/A
[SYS] UPlane Corrupt   | 0x0000000000000000 | N/A
[SYS] Eth Pkt Good     | 0x000008ab         | 0x00002214
[SYS] Eth Pkt Drop     | 0x00000000         | 0x00000000
[SYS] AXIQ status      | 0x00000303         | 0x00010101
[SYS] ------------------------ Tasks ---------------------------
[SYS]                  | UP         | CP         | RT
[SYS] Error            | 0x00000000 | 0x00000000 | 0x00000000
[SYS] Heartbeats       | 0x03f41e46 | N/A        | N/A
[SYS] Counts           | 0x00000000 | N/A        | 0x00000000
[SYS] Drops            | 0x00000000 | N/A        | 0x00000000
[SYS] ------------------------ VSPAs ---------------------------
[SYS]                  | 0          | 1          | 2
[SYS] Error            | 0x00000000 | 0x00000000 | 0x00000000
[SYS] SYM WR           | 0x0000001e | N/A        | 0x0000000e
[SYS] SYM RD           | 0x0000001e | N/A        | 0x0000000e
[SYS] CMD WR           | 0x00000000 | 0x00000005 | 0x00000005
[SYS] CMD RD           | 0x00000000 | 0x00000005 | 0x00000005
[SYS] ------------------------ Info ----------------------------
[SYS]                  | Downlink           | Uplink
[SYS] RF / fine Gain   |     17 /   -1.7    | 0x42
[SYS] PwrAvg(dBFs/dBm) | N/A                | N/A
[SYS] PwrMax(dBFS)     | N/A                | N/A
[SYS] Showtime 162 seconds

[SYS] ------------------------ Data Direction -------------------
[SYS]                  | Downlink           | Uplink
[SYS] CPlane Total     | 0x0000000000000000 | 0x0000000000000000
[SYS] CPlane OnTime    | 0x0000000000000000 | 0x0000000000000000
[SYS] CPlane Early     | 0x0000000000000000 | 0x0000000000000000
[SYS] CPlane Late      | 0x0000000000000000 | 0x0000000000000000
[SYS] CPlane Corrupt   | 0x0000000000000000 | 0x0000000000000000
[SYS] UPlane Total     | 0x0000000000000000 | 0x0000000000000000
[SYS] UPlane OnTime    | 0x0000000000000000 | N/A
[SYS] UPlane Ealry     | 0x0000000000000000 | N/A
[SYS] UPlane Late      | 0x0000000000000000 | N/A
[SYS] UPlane Corrupt   | 0x0000000000000000 | N/A
[SYS] Eth Pkt Good     | 0x000008ad         | 0x00002238
[SYS] Eth Pkt Drop     | 0x00000000         | 0x00000000
[SYS] AXIQ status      | 0x00000303         | 0x00010101
[SYS] ------------------------ Tasks ---------------------------
[SYS]                  | UP         | CP         | RT
[SYS] Error            | 0x00000000 | 0x00000000 | 0x00000000
[SYS] Heartbeats       | 0x03fa592d | N/A        | N/A
[SYS] Counts           | 0x00000000 | N/A        | 0x00000000
[SYS] Drops            | 0x00000000 | N/A        | 0x00000000
[SYS] ------------------------ VSPAs ---------------------------
[SYS]                  | 0          | 1          | 2
[SYS] Error            | 0x00000000 | 0x00000000 | 0x00000000
[SYS] SYM WR           | 0x0000001e | N/A        | 0x0000000e
[SYS] SYM RD           | 0x0000001e | N/A        | 0x0000000e
[SYS] CMD WR           | 0x00000000 | 0x00000005 | 0x00000005
[SYS] CMD RD           | 0x00000000 | 0x00000005 | 0x00000005
[SYS] ------------------------ Info ----------------------------
[SYS]                  | Downlink           | Uplink
[SYS] RF / fine Gain   |     17 /   -1.7    | 0x42
[SYS] PwrAvg(dBFs/dBm) | N/A                | N/A
[SYS] PwrMax(dBFS)     | N/A                | N/A
[SYS] Showtime 163 seconds

[SYS] ------------------------ Data Direction -------------------
[SYS]                  | Downlink           | Uplink
[SYS] CPlane Total     | 0x0000000000000000 | 0x0000000000000000
[SYS] CPlane OnTime    | 0x0000000000000000 | 0x0000000000000000
[SYS] CPlane Early     | 0x0000000000000000 | 0x0000000000000000
[SYS] CPlane Late      | 0x0000000000000000 | 0x0000000000000000
[SYS] CPlane Corrupt   | 0x0000000000000000 | 0x0000000000000000
[SYS] UPlane Total     | 0x0000000000000000 | 0x0000000000000000
[SYS] UPlane OnTime    | 0x0000000000000000 | N/A
[SYS] UPlane Ealry     | 0x0000000000000000 | N/A
[SYS] UPlane Late      | 0x0000000000000000 | N/A
[SYS] UPlane Corrupt   | 0x0000000000000000 | N/A
[SYS] Eth Pkt Good     | 0x000008ae         | 0x0000225b
[SYS] Eth Pkt Drop     | 0x00000000         | 0x00000000
[SYS] AXIQ status      | 0x00000303         | 0x00010101
[SYS] ------------------------ Tasks ---------------------------
[SYS]                  | UP         | CP         | RT
[SYS] Error            | 0x00000000 | 0x00000000 | 0x00000000
[SYS] Heartbeats       | 0x04009429 | N/A        | N/A
[SYS] Counts           | 0x00000000 | N/A        | 0x00000000
[SYS] Drops            | 0x00000000 | N/A        | 0x00000000
[SYS] ------------------------ VSPAs ---------------------------
[SYS]                  | 0          | 1          | 2
[SYS] Error            | 0x00000000 | 0x00000000 | 0x00000000
[SYS] SYM WR           | 0x0000001e | N/A        | 0x0000000e
[SYS] SYM RD           | 0x0000001e | N/A        | 0x0000000e
[SYS] CMD WR           | 0x00000000 | 0x00000005 | 0x00000005
[SYS] CMD RD           | 0x00000000 | 0x00000005 | 0x00000005
[SYS] ------------------------ Info ----------------------------
[SYS]                  | Downlink           | Uplink
[SYS] RF / fine Gain   |     17 /   -1.7    | 0x42
[SYS] PwrAvg(dBFs/dBm) | N/A                | N/A
[SYS] PwrMax(dBFS)     | N/A                | N/A
[SYS] Showtime 164 seconds

[SYS] ------------------------ Data Direction -------------------
[SYS]                  | Downlink           | Uplink
[SYS] CPlane Total     | 0x0000000000000000 | 0x0000000000000000
[SYS] CPlane OnTime    | 0x0000000000000000 | 0x0000000000000000
[SYS] CPlane Early     | 0x0000000000000000 | 0x0000000000000000
[SYS] CPlane Late      | 0x0000000000000000 | 0x0000000000000000
[SYS] CPlane Corrupt   | 0x0000000000000000 | 0x0000000000000000
[SYS] UPlane Total     | 0x0000000000000000 | 0x0000000000000000
[SYS] UPlane OnTime    | 0x0000000000000000 | N/A
[SYS] UPlane Ealry     | 0x0000000000000000 | N/A
[SYS] UPlane Late      | 0x0000000000000000 | N/A
[SYS] UPlane Corrupt   | 0x0000000000000000 | N/A
[SYS] Eth Pkt Good     | 0x000008b0         | 0x0000227f
[SYS] Eth Pkt Drop     | 0x00000000         | 0x00000000
[SYS] AXIQ status      | 0x00000303         | 0x00010101
[SYS] ------------------------ Tasks ---------------------------
[SYS]                  | UP         | CP         | RT
[SYS] Error            | 0x00000000 | 0x00000000 | 0x00000000
[SYS] Heartbeats       | 0x0406d1ed | N/A        | N/A
[SYS] Counts           | 0x00000000 | N/A        | 0x00000000
[SYS] Drops            | 0x00000000 | N/A        | 0x00000000
[SYS] ------------------------ VSPAs ---------------------------
[SYS]                  | 0          | 1          | 2
[SYS] Error            | 0x00000000 | 0x00000000 | 0x00000000
[SYS] SYM WR           | 0x0000001e | N/A        | 0x0000000e
[SYS] SYM RD           | 0x0000001e | N/A        | 0x0000000e
[SYS] CMD WR           | 0x00000000 | 0x00000005 | 0x00000005
[SYS] CMD RD           | 0x00000000 | 0x00000005 | 0x00000005
[SYS] ------------------------ Info ----------------------------
[SYS]                  | Downlink           | Uplink
[SYS] RF / fine Gain   |     17 /   -1.7    | 0x42
[SYS] PwrAvg(dBFs/dBm) | N/A                | N/A
[SYS] PwrMax(dBFS)     | N/A                | N/A
[SYS] Showtime 165 seconds

[SYS] ------------------------ Data Direction -------------------
[SYS]                  | Downlink           | Uplink
[SYS] CPlane Total     | 0x0000000000000000 | 0x0000000000000000
[SYS] CPlane OnTime    | 0x0000000000000000 | 0x0000000000000000
[SYS] CPlane Early     | 0x0000000000000000 | 0x0000000000000000
[SYS] CPlane Late      | 0x0000000000000000 | 0x0000000000000000
[SYS] CPlane Corrupt   | 0x0000000000000000 | 0x0000000000000000
[SYS] UPlane Total     | 0x0000000000000000 | 0x0000000000000000
[SYS] UPlane OnTime    | 0x0000000000000000 | N/A
[SYS] UPlane Ealry     | 0x0000000000000000 | N/A
[SYS] UPlane Late      | 0x0000000000000000 | N/A
[SYS] UPlane Corrupt   | 0x0000000000000000 | N/A
[SYS] Eth Pkt Good     | 0x000008b1         | 0x000022a2
[SYS] Eth Pkt Drop     | 0x00000000         | 0x00000000
[SYS] AXIQ status      | 0x00000303         | 0x00010101
[SYS] ------------------------ Tasks ---------------------------
[SYS]                  | UP         | CP         | RT
[SYS] Error            | 0x00000000 | 0x00000000 | 0x00000000
[SYS] Heartbeats       | 0x040d0cd7 | N/A        | N/A
[SYS] Counts           | 0x00000000 | N/A        | 0x00000000
[SYS] Drops            | 0x00000000 | N/A        | 0x00000000
[SYS] ------------------------ VSPAs ---------------------------
[SYS]                  | 0          | 1          | 2
[SYS] Error            | 0x00000000 | 0x00000000 | 0x00000000
[SYS] SYM WR           | 0x0000001e | N/A        | 0x0000000e
[SYS] SYM RD           | 0x0000001e | N/A        | 0x0000000e
[SYS] CMD WR           | 0x00000000 | 0x00000005 | 0x00000005
[SYS] CMD RD           | 0x00000000 | 0x00000005 | 0x00000005
[SYS] ------------------------ Info ----------------------------
[SYS]                  | Downlink           | Uplink
[SYS] RF / fine Gain   |     17 /   -1.7    | 0x42
[SYS] PwrAvg(dBFs/dBm) | N/A                | N/A
[SYS] PwrMax(dBFS)     | N/A                | N/A
[SYS] Showtime 166 seconds

[SYS] ------------------------ Data Direction -------------------
[SYS]                  | Downlink           | Uplink
[SYS] CPlane Total     | 0x0000000000000000 | 0x0000000000000000
[SYS] CPlane OnTime    | 0x0000000000000000 | 0x0000000000000000
[SYS] CPlane Early     | 0x0000000000000000 | 0x0000000000000000
[SYS] CPlane Late      | 0x0000000000000000 | 0x0000000000000000
[SYS] CPlane Corrupt   | 0x0000000000000000 | 0x0000000000000000
[SYS] UPlane Total     | 0x0000000000000000 | 0x0000000000000000
[SYS] UPlane OnTime    | 0x0000000000000000 | N/A
[SYS] UPlane Ealry     | 0x0000000000000000 | N/A
[SYS] UPlane Late      | 0x0000000000000000 | N/A
[SYS] UPlane Corrupt   | 0x0000000000000000 | N/A
[SYS] Eth Pkt Good     | 0x000008b3         | 0x000022c6
[SYS] Eth Pkt Drop     | 0x00000000         | 0x00000000
[SYS] AXIQ status      | 0x00000303         | 0x00010101
[SYS] ------------------------ Tasks ---------------------------
[SYS]                  | UP         | CP         | RT
[SYS] Error            | 0x00000000 | 0x00000000 | 0x00000000
[SYS] Heartbeats       | 0x041347ba | N/A        | N/A
[SYS] Counts           | 0x00000000 | N/A        | 0x00000000
[SYS] Drops            | 0x00000000 | N/A        | 0x00000000
[SYS] ------------------------ VSPAs ---------------------------
[SYS]                  | 0          | 1          | 2
[SYS] Error            | 0x00000000 | 0x00000000 | 0x00000000
[SYS] SYM WR           | 0x0000001e | N/A        | 0x0000000e
[SYS] SYM RD           | 0x0000001e | N/A        | 0x0000000e
[SYS] CMD WR           | 0x00000000 | 0x00000005 | 0x00000005
[SYS] CMD RD           | 0x00000000 | 0x00000005 | 0x00000005
[SYS] ------------------------ Info ----------------------------
[SYS]                  | Downlink           | Uplink
[SYS] RF / fine Gain   |     17 /   -1.7    | 0x42
[SYS] PwrAvg(dBFs/dBm) | N/A                | N/A
[SYS] PwrMax(dBFS)     | N/A                | N/A
[SYS] Showtime 167 seconds

[SYS] CPlane Early     | 0x0000000000000000 | 0x0000000000000000
[SYS] UPlane Late      | 0x0000000000000000 | N/A
[SYS] SYM WR           | 0x00000012 | N/A        | 0x00000011
[SYS] ------------------------ VSPAs ---------------------------
[SYS] UPlane Total     | 0x00000000000c5c19 | 0x000000000000e7f2
[SYS] CMD WR           | 0x00000006 | 0x00000006 | 0x00000000
[SYS] CPlane Total     | 0x0000000000002f86 | 0x0000000000001a5e
[SYS]                  | UP         | CP         | RT
[SYS] SYM RD           | 0x00000016 | N/A        | 0x0000000a
[SYS] ------------------------ Tasks ---------------------------
[SYS]                  | Downlink           | Uplink
[SYS] UPlane OnTime    | 0x00000000001537f0 | N/A
[SYS] Heartbeats       | 0x0477f4dc | N/A        | N/A
[SYS] ------------------------ VSPAs ---------------------------
[SYS] CPlane Early     | 0x0000000000000000 | 0x0000000000000000
[SYS]                  | Downlink           | Uplink
